organisation,slug,body_type,govuk_status,parent,total_docs,relevant_docs,guidance,statutory_guidance,detailed_guide,manual_section,manual,policy_paper,decision,regulation,notice,research,independent_report,impact_assessment,corporate_report,consultation_outcome,government_response,other_relevant
Academy for Justice Commissioning,academy-for-justice-commissioning,Other,closed,,3,0,0,0,0,0,0,0,0,0,0,0,0,0,0,0,0,0
Academy for Social Justice,academy-for-social-justice,Other,live,ministry-of-justice,7,0,0,0,0,0,0,0,0,0,0,0,0,0,0,0,0,0
Academy for Social Justice Commissioning,academy-for-social-justice-commissioning,Other,closed,,5,0,0,0,0,0,0,0,0,0,0,0,0,0,0,0,0,0
Accelerated Access Review,accelerated-access-review,Other,closed,department-of-health-and-social-care,41,10,1,0,0,0,0,0,0,0,0,0,9,0,0,0,0,0
Accelerated Capability Environment,accelerated-capability-environment,Sub organisation,live,home-office,57,4,0,0,0,0,0,0,0,0,0,0,0,0,4,0,0,0
Active Travel England,active-travel-england,Executive agency,exempt,department-for-transport,77,28,12,1,1,0,0,4,0,0,0,3,0,0,7,0,0,0
Administration of Radioactive Substances Advisory Committee,administration-of-radioactive-substances-advisory-committee,Other,live,department-of-health-and-social-care,11,4,1,0,3,0,0,0,0,0,0,0,0,0,0,0,0,0
Administrative Court,administrative-court,Court,live,hm-courts-and-tribunals-service,4,0,0,0,0,0,0,0,0,0,0,0,0,0,0,0,0,0
Administrative Justice and Tribunals Council,administrative-justice-and-tribunals-council,Advisory non-departmental public body,closed,ministry-of-justice,4,1,0,0,0,0,0,0,0,0,0,0,0,0,1,0,0,0
Administrative Justice and Tribunals Council Welsh Committee,administrative-justice-and-tribunals-council-welsh-committee,Other,closed,,3,1,0,0,0,0,0,0,0,0,0,0,0,0,1,0,0,0
Admiralty Court,admiralty-court,Court,live,hm-courts-and-tribunals-service,2,0,0,0,0,0,0,0,0,0,0,0,0,0,0,0,0,0
Adult Learning Inspectorate,adult-learning-inspectorate,Other,closed,,4,2,0,0,0,0,0,0,0,0,0,0,0,0,2,0,0,0
Advanced Research and Invention Agency,advanced-research-and-invention-agency,Executive non-departmental public body,exempt,department-for-science-innovation-and-technology,14,5,0,0,0,0,0,1,0,0,1,0,0,0,3,0,0,0
Advantage West Midlands,advantage-west-midlands,Executive agency,closed,,7,5,0,0,0,0,0,0,0,0,0,0,0,0,5,0,0,0
Advisory Committee for Social Science,advisory-committee-for-social-science,Other,joining,food-standards-agency,1,0,0,0,0,0,0,0,0,0,0,0,0,0,0,0,0,0
Advisory Committee on Animal Feedingstuffs,advisory-committee-on-animal-feedingstuffs,Other,joining,food-standards-agency,2,0,0,0,0,0,0,0,0,0,0,0,0,0,0,0,0,0
Advisory Committee on Business Appointments,advisory-committee-on-business-appointments,Advisory non-departmental public body,live,cabinet-office,713,586,1,0,0,0,0,0,571,0,0,0,0,0,14,0,0,0
Advisory Committee on Clinical Excellence Awards,advisory-committee-on-clinical-excellence-awards,Advisory non-departmental public body,closed,department-of-health-and-social-care,95,44,27,0,0,0,0,1,0,0,0,0,0,0,14,2,0,0
Advisory Committee on Clinical Impact Awards,advisory-committee-on-clinical-impact-awards,Advisory non-departmental public body,live,department-of-health-and-social-care,60,32,21,0,6,0,0,0,0,0,0,0,0,0,4,1,0,0
Advisory Committee on Conscientious Objectors,advisory-committee-on-conscientious-objectors,Advisory non-departmental public body,live,ministry-of-defence,6,1,0,0,0,0,0,0,0,0,0,0,0,0,1,0,0,0
Advisory Committee on Novel Foods and Processes,advisory-committee-on-novel-foods-and-processes,Other,joining,food-standards-agency,2,0,0,0,0,0,0,0,0,0,0,0,0,0,0,0,0,0
Advisory Committee on Pesticides,advisory-committee-on-pesticides,Advisory non-departmental public body,closed,department-for-environment-food-rural-affairs,4,2,0,0,0,0,0,0,0,0,0,0,0,0,2,0,0,0
Advisory Committee on Releases to the Environment,advisory-committee-on-releases-to-the-environment,Advisory non-departmental public body,live,department-for-environment-food-rural-affairs,62,56,0,0,0,0,0,0,0,0,0,40,0,0,15,0,0,1
Advisory Committee on the Microbiological Safety of Food,advisory-committee-on-the-microbiological-safety-of-food,Other,joining,food-standards-agency,2,0,0,0,0,0,0,0,0,0,0,0,0,0,0,0,0,0
Advisory Committees on Justices of the Peace,advisory-committees-on-justices-of-the-peace,Advisory non-departmental public body,exempt,ministry-of-justice,2,0,0,0,0,0,0,0,0,0,0,0,0,0,0,0,0,0
Advisory Council on the Misuse of Drugs,advisory-council-on-the-misuse-of-drugs,Advisory non-departmental public body,live,home-office,326,107,8,0,0,0,0,21,0,0,0,37,10,0,31,0,0,0
Advisory Group on Military and Emergency Response Medicine,advisory-group-on-military-medicine,Other,live,ministry-of-defence,5,1,0,0,0,0,0,0,0,0,0,0,0,0,1,0,0,0
Advisory Panel on Public Sector Information,advisory-panel-on-public-sector-information,Advisory non-departmental public body,closed,ministry-of-justice,3,1,0,0,0,0,0,0,0,0,0,0,0,0,1,0,0,0
"Advisory, Conciliation and Arbitration Service",acas,Executive non-departmental public body,exempt,department-for-business-and-trade,65,25,2,0,0,0,0,0,0,0,0,0,0,1,22,0,0,0
Agri-Food and Biosciences Institute (Northern Ireland),agri-food-and-biosciences-institute,Executive non-departmental public body,exempt,department-of-agriculture-environment-and-rural-affairs-northern-ireland,38,0,0,0,0,0,0,0,0,0,0,0,0,0,0,0,0,0
Agricultural Dwelling House Advisory Committees (x16),agricultural-dwelling-house-advisory-committees-x16,Advisory non-departmental public body,closed,department-for-environment-food-rural-affairs,2,0,0,0,0,0,0,0,0,0,0,0,0,0,0,0,0,0
Agricultural Wages Committee,agricultural-wages-committee-x13,Executive non-departmental public body,closed,department-for-environment-food-rural-affairs,2,0,0,0,0,0,0,0,0,0,0,0,0,0,0,0,0,0
Agriculture and Horticulture Development Board,agriculture-and-horticulture-development-board,Executive non-departmental public body,exempt,department-for-environment-food-rural-affairs,43,17,0,0,0,0,0,0,0,0,0,0,0,0,17,0,0,0
AI Safety Institute,ai-safety-institute,Sub organisation,closed,department-for-science-innovation-and-technology,26,9,1,0,0,0,0,1,0,0,3,1,3,0,0,0,0,0
AI Security Institute,ai-security-institute,Sub organisation,exempt,department-for-science-innovation-and-technology,16,3,1,0,0,0,0,0,0,0,1,1,0,0,0,0,0,0
Air Accidents Investigation Branch,air-accidents-investigation-branch,Other,live,department-for-transport,12287,11732,21,0,1,0,0,9,0,16,0,0,342,0,1,0,0,11342
Airports Commission,airports-commission,Other,closed,department-for-transport,93,54,6,0,0,0,0,3,0,0,0,24,15,0,0,6,0,0
Alcohol Education and Research Council,alcohol-education-and-research-council,Other,closed,,9,7,0,0,0,0,0,0,0,0,0,0,0,0,7,0,0,0
Ancient Monuments Board for Scotland,ancient-monuments-board-for-scotland,Other,closed,,4,2,0,0,0,0,0,0,0,0,0,0,0,0,2,0,0,0
Animal and Plant Health Agency,animal-and-plant-health-agency,Executive agency,live,department-for-environment-food-rural-affairs,3722,643,207,20,246,0,0,18,0,0,0,113,0,0,36,3,0,0
Animal Health,animal-health,Executive agency,closed,,6,4,0,0,0,0,0,0,0,0,0,0,0,0,4,0,0,0
Animal Health and Veterinary Laboratories Agency,animal-health-and-veterinary-laboratories-agency,Executive agency,closed,department-for-environment-food-rural-affairs,13,6,0,0,0,0,0,0,0,0,0,0,0,0,5,1,0,0
Animal Procedures Committee,animal-procedures-committee,Other,closed,,17,15,0,0,0,0,0,2,0,0,0,0,0,0,13,0,0,0
Animals in Science Committee,animals-in-science-committee,Advisory non-departmental public body,live,home-office,124,44,6,0,0,0,0,4,0,0,0,10,0,0,24,0,0,0
Appeals Service Agency,appeals-service-agency,Executive agency,closed,,3,1,0,0,0,0,0,0,0,0,0,0,0,0,1,0,0,0
Architects Registration Board,architects-registration-board,Public corporation,exempt,ministry-of-housing-communities-local-government,11,9,0,0,1,0,0,0,0,0,0,0,0,0,8,0,0,0
Armagh Observatory and Planetarium,armagh-observatory-and-planetarium,Other,closed,,4,2,0,0,0,0,0,0,0,0,0,0,0,0,2,0,0,0
Armed Forces Covenant Fund Trust,armed-forces-covenant-fund-trust,Executive non-departmental public body,exempt,ministry-of-defence,2,0,0,0,0,0,0,0,0,0,0,0,0,0,0,0,0,0
Armed Forces' Pay Review Body,armed-forces-pay-review-body,Advisory non-departmental public body,live,ministry-of-defence,85,48,0,0,0,0,0,3,0,0,0,25,19,0,1,0,0,0
Armed Forces Personnel Administration Agency,armed-forces-personnel-administration-agency,Executive agency,closed,,9,7,0,0,0,0,0,0,0,0,0,0,0,0,7,0,0,0
Army Base Repair Organisation,army-base-repair-organisation,Executive agency,closed,,4,2,0,0,0,0,0,0,0,0,0,0,0,0,2,0,0,0
Arts and Humanities Research Council,arts-and-humanities-research-council,Sub organisation,exempt,uk-research-and-innovation,33,21,0,0,0,0,0,1,0,0,0,0,0,0,20,0,0,0
Arts Council England,arts-council-england,Executive non-departmental public body,exempt,department-for-culture-media-and-sport,197,33,0,0,1,0,0,1,0,0,0,1,0,0,29,0,0,1
Arts Council of Northern Ireland,arts-council-of-northern-ireland,Other,exempt,department-for-communities-northern-ireland,21,10,0,0,0,0,0,0,0,0,0,0,0,0,10,0,0,0
Arts Council of Wales,arts-council-of-wales,Other,exempt,welsh-government,23,21,0,0,0,0,0,0,0,0,0,0,0,0,21,0,0,0
Ashington Education Action Zone,ashington-education-action-zone,Other,closed,,3,1,0,0,0,0,0,0,0,0,0,0,0,0,1,0,0,0
Asset Protection Agency,asset-protection-agency,Executive agency,closed,,6,4,0,0,0,0,0,0,0,0,0,0,0,0,4,0,0,0
Assets Recovery Agency,assets-recovery-agency,Executive agency,closed,,6,4,0,0,0,0,0,0,0,0,0,0,0,0,4,0,0,0
Atomic Weapons Establishment,atomic-weapons-establishment,Executive non-departmental public body,closed,ministry-of-defence,11,4,0,0,0,0,0,0,0,0,1,0,0,0,3,0,0,0
Attorney General's Office,attorney-generals-office,Ministerial department,live,,1325,104,29,5,19,0,0,10,0,0,1,0,2,0,29,6,1,2
Audit Commission,audit-commission,Public corporation,closed,ministry-of-housing-communities-and-local-government-2018-2021,19,13,3,0,0,0,0,1,0,0,0,0,0,0,9,0,0,0
AWE Nuclear Security Technologies,awe-nuclear-security-technologies,Executive non-departmental public body,exempt,ministry-of-defence,4,0,0,0,0,0,0,0,0,0,0,0,0,0,0,0,0,0
Azelle Rodney Inquiry,azelle-rodney-inquiry,Other,closed,,4,2,0,0,0,0,0,0,0,0,0,0,2,0,0,0,0,0
Baha Mousa Inquiry,baha-mousa-inquiry,Other,closed,,3,1,0,0,0,0,0,0,0,0,0,0,1,0,0,0,0,0
Bank of England,bank-of-england,Other,exempt,treasury-solicitor-s-department,21,5,0,0,0,0,0,2,0,0,1,0,0,0,2,0,0,0
Barker Review of Land Use Planning,barker-review-of-land-use-planning,Other,closed,,3,1,0,0,0,0,0,0,0,0,0,0,1,0,0,0,0,0
Barrow Education Action Zone,barrow-education-action-zone,Other,closed,,5,3,0,0,0,0,0,0,0,0,0,0,0,0,3,0,0,0
BBC,bbc,Public corporation,exempt,department-for-culture-media-and-sport,28,16,1,0,0,0,0,0,0,0,0,0,0,0,15,0,0,0
BBC World Service,bbc-world-service,Other,exempt,,4,0,0,0,0,0,0,0,0,0,0,0,0,0,0,0,0,0
Bedford Education Action Zone,bedford-education-action-zone,Other,closed,,3,1,0,0,0,0,0,0,0,0,0,0,0,0,1,0,0,0
Behavioural Insights Team,behavioural-insights-team,Other,closed,,12,8,0,0,0,0,0,5,0,0,0,3,0,0,0,0,0,0
Better Regulation Delivery Office,better-regulation-delivery-office,Other,closed,department-for-business-innovation-skills,71,41,6,0,0,0,0,3,0,0,0,7,11,0,9,5,0,0
Big Lottery Fund,big-lottery-fund,Executive non-departmental public body,closed,department-for-digital-culture-media-sport,24,15,0,0,0,0,0,0,0,0,0,0,0,0,14,0,0,1
Billy Wright Inquiry,billy-wright-inquiry,Other,closed,,3,1,0,0,0,0,0,0,0,0,0,0,1,0,0,0,0,0
Biometrics and Forensics Ethics Group,biometrics-and-forensics-ethics-group,Advisory non-departmental public body,closed,home-office,53,16,2,0,0,0,0,0,0,0,0,4,0,0,10,0,0,0
Biometrics and Surveillance Camera Commissioner,biometrics-and-surveillance-camera-commissioner,Independent monitoring body,live,home-office,148,49,15,0,1,0,0,18,0,0,0,7,0,1,4,2,0,1
Biometrics Commissioner,biometrics-commissioner,Other,closed,home-office,39,9,0,0,0,0,0,0,0,0,0,1,0,0,8,0,0,0
Biotechnology and Biological Sciences Research Council,biotechnology-biological-sciences-research-council,Sub organisation,exempt,uk-research-and-innovation,48,32,1,0,0,0,0,0,0,0,0,1,0,0,30,0,0,0
Bloody Sunday Inquiry,bloody-sunday-inquiry,Other,closed,,3,1,0,0,0,0,0,0,0,0,0,0,1,0,0,0,0,0
Board of Banking Supervision,board-of-banking-supervision,Other,closed,,3,1,0,0,0,0,0,0,0,0,0,0,1,0,0,0,0,0
Board of Inland Revenue,board-of-inland-revenue,Other,closed,,8,6,0,0,0,0,0,0,0,0,0,0,0,0,6,0,0,0
Board of Trustees of the Royal Botanic Gardens Kew,board-of-trustees-of-the-royal-botanic-gardens-kew,Executive non-departmental public body,exempt,department-for-environment-food-rural-affairs,37,23,0,0,1,0,0,0,0,0,0,0,0,0,22,0,0,0
Bolton Education Action Zone,bolton-education-action-zone,Other,closed,,4,2,0,0,0,0,0,0,0,0,0,0,0,0,2,0,0,0
Bona Vacantia,bona-vacantia,Sub organisation,live,government-legal-department,199,18,1,0,16,0,0,1,0,0,0,0,0,0,0,0,0,0
Border Force,border-force,Sub organisation,live,home-office,603,85,30,0,3,0,0,40,1,0,1,2,4,0,3,1,0,0
Border Security Command,border-security-command,Sub organisation,live,home-office,72,3,0,0,0,0,0,2,0,0,0,0,0,0,0,0,1,0
Boundary Commission for England,boundary-commission-for-england,Advisory non-departmental public body,exempt,ministry-of-housing-communities-local-government,27,24,0,0,0,0,0,0,0,0,0,0,5,0,19,0,0,0
Boundary Commission for Northern Ireland,boundary-commission-for-northern-ireland,Advisory non-departmental public body,exempt,northern-ireland-office,4,2,0,0,0,0,0,0,0,0,0,0,1,0,1,0,0,0
Boundary Commission for Scotland,boundary-commission-for-scotland,Advisory non-departmental public body,exempt,scotland-office,8,3,0,0,0,0,0,0,0,0,0,0,1,0,2,0,0,0
Boundary Commission for Wales,boundary-commission-for-wales,Advisory non-departmental public body,exempt,ministry-of-housing-communities-local-government,5,3,0,0,0,0,0,0,0,0,0,0,2,0,1,0,0,0
BPDTS Ltd,bpdts-ltd,Other,closed,department-for-work-pensions,31,9,0,0,0,0,0,0,0,0,0,0,0,0,9,0,0,0
BRB (Residuary) Ltd,brb-residuary-ltd,Public corporation,closed,department-for-transport,5,2,0,0,0,0,0,1,0,0,0,0,0,0,1,0,0,0
Bridgwater Education Action Zone,bridgwater-education-action-zone,Other,closed,,3,1,0,0,0,0,0,0,0,0,0,0,0,0,1,0,0,0
Bristol Education Action Zone,bristol-education-action-zone,Other,closed,,4,2,0,0,0,0,0,0,0,0,0,0,0,0,2,0,0,0
British Business Bank,british-business-bank,Other,exempt,department-for-business-and-trade,20,1,0,0,0,0,0,0,0,0,0,0,0,0,1,0,0,0
British Cattle Movement Service,british-cattle-movement-service,Sub organisation,live,rural-payments-agency,45,30,6,0,24,0,0,0,0,0,0,0,0,0,0,0,0,0
British Council,british-council,Executive non-departmental public body,exempt,foreign-commonwealth-development-office,38,6,1,0,0,0,0,4,0,0,0,0,0,0,1,0,0,0
British Educational Communications and Technology Agency,british-educational-communications-and-technology-agency,Executive agency,closed,,5,3,0,0,0,0,0,0,0,0,0,0,0,0,3,0,0,0
British Film Institute,british-film-institute,Executive non-departmental public body,exempt,department-for-culture-media-and-sport,117,7,0,0,0,0,0,0,0,0,0,0,0,0,7,0,0,0
British Forces Post Office,british-forces-post-office,Other,closed,,4,1,0,0,0,0,0,0,0,0,0,0,0,0,1,0,0,0
British Hallmarking Council,british-hallmarking-council,Executive non-departmental public body,live,department-for-business-and-trade,109,72,21,0,6,0,0,5,0,0,0,1,0,0,38,1,0,0
British Library,british-library,Executive non-departmental public body,exempt,department-for-culture-media-and-sport,40,18,0,0,0,0,0,0,0,0,0,0,0,0,17,0,0,1
British Museum,british-museum,Executive non-departmental public body,exempt,department-for-culture-media-and-sport,41,20,0,0,0,0,0,0,0,0,0,0,0,0,20,0,0,0
British Pharmacopoeia Commission,british-pharmacopoeia,Advisory non-departmental public body,exempt,department-of-health-and-social-care,4,2,0,0,0,0,0,0,0,0,0,0,0,0,2,0,0,0
British Potato Council,british-potato-council,Other,closed,,5,3,0,0,0,0,0,0,0,0,0,0,0,0,3,0,0,0
British Technology Investments Ltd,british-technology-investments-ltd,Other,exempt,department-for-science-innovation-and-technology,2,0,0,0,0,0,0,0,0,0,0,0,0,0,0,0,0,0
British Transport Police Authority,british-transport-police-authority,Executive non-departmental public body,exempt,department-for-transport,170,34,0,0,0,0,0,1,0,0,0,1,10,0,22,0,0,0
British Wool,british-wool,Other,exempt,department-for-environment-food-rural-affairs,4,1,0,0,0,0,0,0,0,0,0,0,0,0,1,0,0,0
Broadcasting Standards Commission,broadcasting-standards-commission,Other,closed,,3,1,0,0,0,0,0,0,0,0,0,0,0,0,1,0,0,0
Broadmoor Hospital investigation,investigation-into-the-role-of-jimmy-savile-at-broadmoor-hospital,Sub organisation,closed,department-of-health-and-social-care,8,1,0,0,0,0,0,0,0,0,0,0,1,0,0,0,0,0
Broads Authority,broads-authority,Other,exempt,department-for-environment-food-rural-affairs,3,0,0,0,0,0,0,0,0,0,0,0,0,0,0,0,0,0
Building Control Independent Panel,building-control-independent-panel,Ad-hoc advisory group,live,ministry-of-housing-communities-local-government,6,3,2,0,0,0,0,0,0,0,0,0,1,0,0,0,0,0
Building Digital UK,building-digital-uk,Sub organisation,live,department-for-science-innovation-and-technology,244,170,13,0,45,0,0,17,0,0,0,23,0,5,7,56,0,4
Building Regulations Advisory Committee,building-regulations-advisory-committee,Advisory non-departmental public body,closed,department-for-levelling-up-housing-and-communities,14,8,1,0,0,0,0,2,0,0,0,0,0,0,5,0,0,0
Building Research Establishment,building-research-establishment,Executive agency,closed,,3,1,0,0,0,0,0,0,0,0,0,0,0,0,1,0,0,0
Building Safety Regulator,building-safety-regulator,Executive non-departmental public body,live,ministry-of-housing-communities-local-government,98,74,13,0,34,0,0,6,0,0,0,16,0,0,4,0,0,1
Business Development Service,business-development-service,Other,closed,,3,1,0,0,0,0,0,0,0,0,0,0,0,0,1,0,0,0
Buying Solutions,buying-solutions,Other,closed,,5,3,0,0,0,0,0,0,0,0,0,0,0,0,3,0,0,0
Cabinet Office,cabinet-office,Ministerial department,live,,7668,2758,845,6,109,0,0,1012,57,0,27,135,80,13,357,77,20,20
Cabinet Office Board,cabinet-office-board,Sub organisation,live,cabinet-office,2,0,0,0,0,0,0,0,0,0,0,0,0,0,0,0,0,0
Cafcass,children-and-family-court-advisory-and-support-service,Executive non-departmental public body,exempt,ministry-of-justice,45,20,0,0,0,0,0,0,0,0,0,1,0,0,19,0,0,0
"Camborne, Pool and Redruth Education Action Zone",camborne-pool-and-redruth-education-action-zone,Other,closed,,3,1,0,0,0,0,0,0,0,0,0,0,0,0,1,0,0,0
Cambridge Growth Company,cambridge-growth-company,Other,exempt,ministry-of-housing-communities-local-government,1,0,0,0,0,0,0,0,0,0,0,0,0,0,0,0,0,0
Capacitybuilders,capacitybuilders,Other,closed,,5,3,0,0,0,0,0,0,0,0,0,0,0,0,3,0,0,0
Capital for Enterprise Limited,capital-for-enterprise-ltd,Executive non-departmental public body,closed,department-for-business-innovation-skills,2,0,0,0,0,0,0,0,0,0,0,0,0,0,0,0,0,0
Care Quality Commission,care-quality-commission,Executive non-departmental public body,exempt,department-of-health-and-social-care,161,87,19,0,1,0,0,9,0,0,0,18,0,0,36,4,0,0
Careers Wales,careers-wales,Other,exempt,welsh-government,5,0,0,0,0,0,0,0,0,0,0,0,0,0,0,0,0,0
Central Advisory Committee on Compensation,central-advisory-committee-on-compensation,Other,live,ministry-of-defence,2,0,0,0,0,0,0,0,0,0,0,0,0,0,0,0,0,0
Central Advisory Committee on Pensions and Compensation ,central-advisory-committee-on-pensions-and-compensation,Advisory non-departmental public body,closed,ministry-of-defence,3,1,0,0,0,0,0,0,0,0,0,0,0,0,1,0,0,0
Central Arbitration Committee,central-arbitration-committee,Tribunal,live,department-for-business-and-trade,1019,964,5,0,27,0,0,0,929,0,1,0,0,0,2,0,0,0
Central Digital and Data Office,central-digital-and-data-office,Sub organisation,closed,department-for-science-innovation-and-technology,176,148,35,0,94,0,0,6,0,0,0,3,1,0,1,2,0,6
Central Office of Information,central-office-of-information,Other,closed,,14,12,0,0,0,0,0,0,0,0,0,0,0,0,12,0,0,0
Central Police Training and Development Authority,central-police-training-and-development-authority,Other,closed,,4,2,0,0,0,0,0,0,0,0,0,0,0,0,2,0,0,0
Central Science Laboratory,central-science-laboratory,Executive agency,closed,,6,4,0,0,0,0,0,0,0,0,0,0,0,0,4,0,0,0
Centre for Climate and Health Security,the-centre-for-climate-health-security,Sub organisation,live,uk-health-security-agency,101,89,2,0,87,0,0,0,0,0,0,0,0,0,0,0,0,0
Centre for Connected and Autonomous Vehicles ,centre-for-connected-and-autonomous-vehicles,Sub organisation,live,department-for-transport,96,34,6,0,2,0,0,3,0,0,0,16,0,0,0,6,0,1
Centre for Data Ethics and Innovation,centre-for-data-ethics-and-innovation,Sub organisation,closed,department-for-science-innovation-and-technology,70,44,2,0,4,0,0,5,0,0,0,11,22,0,0,0,0,0
Centre for Defence Enterprise,centre-for-defence-enterprise,Sub organisation,closed,defence-science-and-technology-laboratory,215,29,0,0,0,0,0,0,0,0,28,0,0,0,0,1,0,0
"Centre for Environment, Fisheries and Aquaculture Science",centre-for-environment-fisheries-and-aquaculture-science,Executive agency,live,department-for-environment-food-rural-affairs,340,163,42,0,25,0,0,5,0,0,1,62,3,0,24,1,0,0
Centre for the Protection of National Infrastructure,centre-for-the-protection-of-national-infrastructure,Other,closed,the-security-service-mi5,8,3,2,0,0,0,0,0,0,0,1,0,0,0,0,0,0,0
Certification Officer,certification-officer,Other,live,department-for-business-and-trade,1795,1587,6,0,11,0,0,0,525,0,0,0,0,0,1045,0,0,0
CESG,cesg,Sub organisation,closed,government-communications-headquarters,6,2,1,0,1,0,0,0,0,0,0,0,0,0,0,0,0,0
Chancery Division of the High Court,chancery-division-of-the-high-court,Court,live,hm-courts-and-tribunals-service,2,0,0,0,0,0,0,0,0,0,0,0,0,0,0,0,0,0
Channel 4,channel-4,Public corporation,exempt,department-for-culture-media-and-sport,3,1,1,0,0,0,0,0,0,0,0,0,0,0,0,0,0,0
Chemical and Biological Defence Establishment,chemical-and-biological-defence-establishment,Other,closed,,3,1,0,0,0,0,0,0,0,0,0,0,0,0,1,0,0,0
Chevening Scholarship Programme ,chevening-foundation,Other,exempt,,15,3,0,0,1,0,0,1,0,0,0,0,0,0,1,0,0,0
Chief Fire and Rescue Adviser,chief-fire-and-rescue-adviser-unit,Sub organisation,closed,home-office,22,7,0,0,0,0,0,2,0,0,0,3,1,0,0,1,0,0
Child Maintenance and Enforcement Commission,child-maintenance-and-enforcement-commission,Other,closed,,9,5,0,0,0,0,0,0,0,0,0,0,0,0,5,0,0,0
Child Safeguarding Practice Review Panel,child-safeguarding-practice-review-panel,Other,exempt,department-for-education,48,21,2,0,1,0,0,0,0,0,0,11,2,0,5,0,0,0
Children's Workforce Development Council,childrens-workforce-development-council,Other,closed,,6,4,0,0,0,0,0,0,0,0,0,0,0,0,4,0,0,0
Churches Conservation Trust,churches-conservation-trust,Other,exempt,department-for-culture-media-and-sport,6,4,0,0,0,0,0,0,0,0,0,0,0,0,4,0,0,0
Circuit Commercial Court,commercial-circuit-court,Court,live,hm-courts-and-tribunals-service,2,0,0,0,0,0,0,0,0,0,0,0,0,0,0,0,0,0
Civil Aviation Authority,civil-aviation-authority,Public corporation,exempt,department-for-transport,186,94,10,2,8,0,0,9,0,0,2,2,4,0,4,32,0,21
Civil Justice Council,civil-justice-council,Advisory non-departmental public body,exempt,ministry-of-justice,10,1,0,0,0,0,0,0,0,0,0,0,0,0,0,1,0,0
Civil Nuclear Constabulary,civil-nuclear-constabulary,Sub organisation,live,civil-nuclear-police-authority,1578,31,1,0,1,0,0,0,0,0,2,0,0,0,26,1,0,0
Civil Nuclear Police Authority,civil-nuclear-police-authority,Executive non-departmental public body,live,department-for-energy-security-and-net-zero,1505,29,1,0,1,0,0,0,0,0,2,0,0,0,25,0,0,0
Civil Procedure Rule Committee,civil-procedure-rules-committee,Advisory non-departmental public body,live,ministry-of-justice,108,71,55,0,2,0,0,0,0,0,0,0,0,0,7,0,0,7
Civil Service,civil-service,Civil service,live,cabinet-office,172,84,47,1,1,0,0,10,0,0,0,8,0,0,14,2,0,1
Civil Service Board,civil-service-board,Sub organisation,closed,civil-service,2,0,0,0,0,0,0,0,0,0,0,0,0,0,0,0,0,0
Civil Service Commission,civil-service-commission,Executive non-departmental public body,exempt,cabinet-office,12,8,0,0,0,0,0,0,0,0,0,0,0,0,8,0,0,0
Civil Service Fast Stream,civil-service-fast-stream,Sub organisation,exempt,civil-service-resourcing,13,5,0,0,0,0,0,0,0,0,0,1,0,0,4,0,0,0
Civil Service Fast Track Apprenticeship,civil-service-fast-track-apprenticeship,Sub organisation,closed,cabinet-office,8,4,1,0,1,0,0,0,0,0,0,0,0,0,2,0,0,0
Civil Service Group,civil-service-group,Sub organisation,joining,cabinet-office,1,0,0,0,0,0,0,0,0,0,0,0,0,0,0,0,0,0
Civil Service HR,civil-service-hr,Sub organisation,closed,cabinet-office,2,0,0,0,0,0,0,0,0,0,0,0,0,0,0,0,0,0
Civil Service Reform,civil-service-reform,Sub organisation,closed,civil-service,18,9,1,0,0,0,0,3,0,0,0,0,1,0,4,0,0,0
Civil Service Resourcing,civil-service-resourcing,Sub organisation,closed,civil-service,40,30,4,0,24,0,0,0,0,0,0,0,0,0,2,0,0,0
Clacton and Harwich Education Action Zone,clacton-and-harwich-education-action-zone,Other,closed,,3,1,0,0,0,0,0,0,0,0,0,0,0,0,1,0,0,0
CO2Sense,co2sense,Other,closed,,6,4,0,0,0,0,0,0,0,0,0,0,0,0,4,0,0,0
Coal Authority,the-coal-authority,Executive non-departmental public body,closed,department-for-energy-security-and-net-zero,429,122,42,0,8,0,0,1,1,0,8,22,0,1,39,0,0,0
College of Policing,college-of-policing,Other,exempt,home-office,44,20,3,1,1,0,0,0,0,0,0,0,0,0,6,1,0,8
Commercial Court,commercial-court,Court,live,hm-courts-and-tribunals-service,2,0,0,0,0,0,0,0,0,0,0,0,0,0,0,0,0,0
Commission for Architecture and the Built Environment (CABE),commission-for-architecture-and-the-built-environment-cabe,Advisory non-departmental public body,closed,,9,7,0,0,0,0,0,0,0,0,0,0,0,0,7,0,0,0
Commission for Countering Extremism,commission-for-countering-extremism,Other,live,home-office,85,49,2,0,0,0,0,1,0,0,0,34,7,0,5,0,0,0
Commission for Health Improvement,commission-for-health-improvement,Other,closed,,3,1,0,0,0,0,0,0,0,0,0,0,0,0,1,0,0,0
Commission for Patient and Public Involvement in Health,commission-for-patient-and-public-involvement-in-health,Other,closed,,5,3,0,0,0,0,0,0,0,0,0,0,0,0,3,0,0,0
Commission for Racial Equality,commission-for-racial-equality,Other,closed,,7,5,0,0,0,0,0,0,0,0,0,0,0,0,5,0,0,0
Commission for Rural Communities,commission-for-rural-communities,Other,closed,,9,7,0,0,0,0,0,0,0,0,0,0,0,0,7,0,0,0
Commission for Social Care Inspection,commission-for-social-care-inspection,Other,closed,,6,4,0,0,0,0,0,0,0,0,0,0,0,0,4,0,0,0
Commission for the Compact,commission-for-the-compact,Other,closed,,5,3,0,0,0,0,0,0,0,0,0,0,0,0,3,0,0,0
Commission on Human Medicines,commission-on-human-medicines,Advisory non-departmental public body,live,department-of-health-and-social-care,37,19,0,0,0,0,0,0,0,0,0,6,5,0,5,2,1,0
Commission on Race and Ethnic Disparities,commission-on-race-and-ethnic-disparities,Other,closed,cabinet-office,15,4,0,0,0,0,0,1,0,0,0,1,1,0,1,0,0,0
Commissioner for Public Appointments,commissioner-for-public-appointments,Other,exempt,cabinet-office,8,2,0,0,0,0,0,1,0,0,0,0,0,0,0,0,1,0
Commissioner for Shale Gas,shale-commissioner,Other,closed,department-for-business-energy-and-industrial-strategy,2,0,0,0,0,0,0,0,0,0,0,0,0,0,0,0,0,0
Committee on Climate Change,committee-on-climate-change,Executive non-departmental public body,exempt,department-for-energy-security-and-net-zero,30,15,0,0,0,0,0,3,0,0,0,0,0,0,12,0,0,0
Committee on Fuel Poverty,committee-on-fuel-poverty,Other,live,,92,50,0,0,0,0,0,30,0,0,0,7,0,0,12,1,0,0
"Committee on Mutagenicity of Chemicals in Food, Consumer Products and the Environment",committee-on-mutagenicity-of-chemicals-in-food-consumer-products-and-the-environment,Advisory non-departmental public body,live,department-of-health-and-social-care,19,13,13,0,0,0,0,0,0,0,0,0,0,0,0,0,0,0
Committee on Radioactive Waste Management,committee-on-radioactive-waste-management,Other,live,,211,86,6,0,1,0,0,25,0,0,0,8,22,0,23,1,0,0
Committee on Standards in Public Life,the-committee-on-standards-in-public-life,Advisory non-departmental public body,closed,cabinet-office,604,179,3,0,0,0,0,48,0,0,1,70,31,1,18,3,2,2
"Committee on Toxicity of Chemicals in Food, Consumer Products and the Environment",committee-on-toxicity-of-chemicals-in-food-consumer-products-and-the-environment,Other,joining,food-standards-agency,4,2,0,0,0,0,0,0,0,0,0,0,2,0,0,0,0,0
Commonwealth Scholarship Commission in the UK,commonwealth-scholarship-commission-in-the-uk,Executive non-departmental public body,live,foreign-commonwealth-development-office,58,52,10,0,1,0,0,2,0,0,0,0,1,0,38,0,0,0
Community Development Foundation,community-development-foundation,Other,closed,,9,7,0,0,0,0,0,0,0,0,0,0,0,0,7,0,0,0
Community Fund,community-fund,Other,closed,,4,2,0,0,0,0,0,0,0,0,0,0,0,0,2,0,0,0
Companies House,companies-house,Executive agency,live,department-for-business-and-trade,1420,231,67,1,56,0,0,8,1,2,0,10,0,2,77,7,0,0
Companies List,companies-list,Court,live,hm-courts-and-tribunals-service,2,0,0,0,0,0,0,0,0,0,0,0,0,0,0,0,0,0
Company Names Tribunal,company-names-tribunal,Other,live,intellectual-property-office,2315,2302,6,0,1,0,0,0,2287,0,8,0,0,0,0,0,0,0
Compensation Agency,compensation-agency,Executive agency,closed,,4,2,0,0,0,0,0,0,0,0,0,0,0,0,2,0,0,0
Competition and Markets Authority,competition-and-markets-authority,Non-ministerial department,live,department-for-business-and-trade,6314,916,305,0,28,0,0,39,6,0,12,108,31,11,174,193,2,7
Competition Appeal Tribunal,competition-appeal-tribunal,Tribunal,exempt,department-for-business-and-trade,17,10,0,0,0,0,0,0,0,0,0,0,0,0,10,0,0,0
Competition Commission,competition-commission,Executive non-departmental public body,closed,department-for-business-innovation-skills,35,16,2,0,0,0,0,0,0,0,0,1,0,0,10,3,0,0
Competition Service,competition-service,Executive non-departmental public body,exempt,department-for-business-and-trade,16,9,0,0,0,0,0,0,0,0,0,0,0,0,9,0,0,0
"Conflict, Stability and Security Fund",conflict-stability-and-security-fund,Sub organisation,closed,cabinet-office,226,202,0,0,1,0,0,172,0,0,0,0,0,0,29,0,0,0
Construction Industry Training Board,construction-industry-training-board,Executive non-departmental public body,exempt,department-for-work-pensions,31,22,0,0,0,0,0,0,0,0,0,0,0,0,22,0,0,0
Consumer Council for Postal Services,consumer-council-for-postal-services,Other,closed,,6,4,0,0,0,0,0,0,0,0,0,0,0,0,4,0,0,0
Consumer Council for Water,consumer-council-for-water,Executive non-departmental public body,exempt,department-for-environment-food-rural-affairs,30,20,0,0,0,0,0,0,0,0,0,0,0,0,20,0,0,0
Consumer Futures,consumer-focus,Executive non-departmental public body,closed,department-for-business-innovation-skills,8,6,0,0,0,0,0,0,0,0,0,0,0,0,6,0,0,0
Cooksey Review,cooksey-review,Other,closed,,3,1,0,0,0,0,0,0,0,0,0,0,1,0,0,0,0,0
Copyright Tribunal,copyright-tribunal,Tribunal,live,department-for-science-innovation-and-technology,13,4,0,0,2,0,0,0,1,0,1,0,0,0,0,0,0,0
Corby Education Action Zone,corby-education-action-zone,Other,closed,,3,1,0,0,0,0,0,0,0,0,0,0,0,0,1,0,0,0
Corporate Officers of the House of Commons,corporate-officers-of-the-house-of-commons,Executive non-departmental public body,live,cabinet-office,2,0,0,0,0,0,0,0,0,0,0,0,0,0,0,0,0,0
Corporate Officers of the House of Lords,corporate-officers-of-the-house-of-lords,Executive non-departmental public body,live,cabinet-office,2,0,0,0,0,0,0,0,0,0,0,0,0,0,0,0,0,0
Council for Catholic Maintained Schools,council-for-catholic-maintained-schools,Other,closed,,3,1,0,0,0,0,0,0,0,0,0,0,0,0,1,0,0,0
Council for Healthcare Regulatory Excellence,council-for-healthcare-regulatory-excellence,Other,closed,,13,11,0,0,0,0,0,0,0,0,0,0,0,0,11,0,0,0
Council for Science and Technology,council-for-science-and-technology,Other,live,,127,27,0,0,0,0,0,2,0,0,1,15,0,0,9,0,0,0
Council for the Central Laboratory of the Research Councils,council-for-the-central-laboratory-of-the-research-councils,Other,closed,,4,2,0,0,0,0,0,0,0,0,0,0,0,0,2,0,0,0
Council on Tribunals,council-on-tribunals,Tribunal,closed,,5,3,0,0,0,0,0,0,0,0,0,0,0,0,3,0,0,0
Counter Fraud and Security Management Service,counter-fraud-and-security-management-service,Sub organisation,closed,nhs-business-services-authority,2,1,0,0,0,0,0,0,0,0,0,0,0,0,1,0,0,0
Countryside Agency,countryside-agency,Executive agency,closed,,4,2,0,0,0,0,0,0,0,0,0,0,0,0,2,0,0,0
Court of Appeal Civil Division,court-of-appeal-civil-division,Court,live,hm-courts-and-tribunals-service,2,0,0,0,0,0,0,0,0,0,0,0,0,0,0,0,0,0
Court of Appeal Criminal Division,court-of-appeal-criminal-division,Court,live,hm-courts-and-tribunals-service,2,0,0,0,0,0,0,0,0,0,0,0,0,0,0,0,0,0
Court of Judicature of Northern Ireland,court-of-judicature-of-northern-ireland,Other,closed,,15,13,0,0,0,0,0,0,0,0,0,0,0,0,13,0,0,0
Court of Protection,court-of-protection,Court,live,hm-courts-and-tribunals-service,2,0,0,0,0,0,0,0,0,0,0,0,0,0,0,0,0,0
Covent Garden Market Authority,covent-garden-market-authority,Other,exempt,department-for-environment-food-rural-affairs,14,12,0,0,0,0,0,0,0,0,0,0,0,0,12,0,0,0
Coventry Education Action Zone,coventry-education-action-zone,Other,closed,,3,1,0,0,0,0,0,0,0,0,0,0,0,0,1,0,0,0
Creative Scotland,creative-scotland,Other,closed,,7,5,0,0,0,0,0,0,0,0,0,0,0,0,5,0,0,0
Criminal Cases Review Commission,criminal-cases-review-commission,Executive non-departmental public body,exempt,ministry-of-justice,18,7,0,0,0,0,0,0,0,0,0,0,0,0,7,0,0,0
Criminal Injuries Compensation Appeals Panel,criminal-injuries-compensation-appeals-panel,Other,closed,,3,1,0,0,0,0,0,0,0,0,0,0,0,0,1,0,0,0
Criminal Injuries Compensation Appeals Panel for Northern Ireland,criminal-injuries-compensation-appeals-panel-for-northern-ireland,Executive agency,closed,,5,3,0,0,0,0,0,0,0,0,0,0,0,0,3,0,0,0
Criminal Injuries Compensation Authority,criminal-injuries-compensation-authority,Executive agency,live,ministry-of-justice,109,49,4,0,10,0,0,1,0,0,0,0,0,0,33,1,0,0
Criminal Justice Inspection Northern Ireland,criminal-justice-inspection-northern-ireland,Other,closed,,9,7,0,0,0,0,0,0,0,0,0,0,0,0,7,0,0,0
Criminal Procedure Rule Committee,criminal-procedure-rule-committee,Advisory non-departmental public body,live,ministry-of-justice,170,15,0,0,5,0,0,0,0,0,10,0,0,0,0,0,0,0
Criminal Records Bureau,criminal-records-bureau,Other,closed,,13,9,1,0,0,0,0,0,0,0,0,0,0,0,8,0,0,0
Crossrail International,crossrail-international,Public corporation,exempt,department-for-transport,5,0,0,0,0,0,0,0,0,0,0,0,0,0,0,0,0,0
Crown Agents Holding and Realisation Board,crown-agents-holding-and-realisation-board,Other,closed,,7,5,0,0,0,0,0,0,0,0,0,0,0,0,5,0,0,0
Crown Commercial Service,crown-commercial-service,Executive agency,closed,cabinet-office,193,116,77,0,15,0,0,7,0,0,1,0,0,0,13,3,0,0
Crown Prosecution Service,crown-prosecution-service,Non-ministerial department,exempt,attorney-generals-office,109,82,2,0,2,0,0,41,0,0,0,1,2,0,32,1,0,1
Cyber & Specialist Operations Command,cyber-and-specialist-operations-command,Sub organisation,live,ministry-of-defence,31,7,3,0,4,0,0,0,0,0,0,0,0,0,0,0,0,0
Dartmoor National Park Authority,dartmoor-national-park-authority,Other,exempt,department-for-environment-food-rural-affairs,5,1,0,0,0,0,0,0,0,0,0,0,0,0,0,1,0,0
Deepcut Review,deepcut-review,Other,closed,,4,2,0,0,0,0,0,0,0,0,0,0,2,0,0,0,0,0
Defence Academy of the United Kingdom,defence-academy,Sub organisation,exempt,ministry-of-defence,11,1,0,0,0,0,0,0,0,0,0,1,0,0,0,0,0,0
Defence Analytical Services Agency,defence-analytical-services-agency,Executive agency,closed,,6,4,0,0,0,0,0,0,0,0,0,0,0,0,4,0,0,0
Defence and Security Accelerator,defence-and-security-accelerator,Sub organisation,closed,ministry-of-defence,627,176,38,0,9,0,0,0,0,0,114,2,0,0,13,0,0,0
Defence and Security Media Advisory Committee,defence-and-security-media-advisory-committee,Other,exempt,ministry-of-defence,2,0,0,0,0,0,0,0,0,0,0,0,0,0,0,0,0,0
Defence Aviation Repair Agency,defence-aviation-repair-agency,Executive agency,closed,,6,4,0,0,0,0,0,0,0,0,0,0,0,0,4,0,0,0
Defence Bills Agency,defence-bills-agency,Executive agency,closed,,3,1,0,0,0,0,0,0,0,0,0,0,0,0,1,0,0,0
Defence Communication Services Agency,defence-communication-services-agency,Executive agency,closed,,4,2,0,0,0,0,0,0,0,0,0,0,0,0,2,0,0,0
Defence Equipment and Support,defence-equipment-and-support,Executive agency,live,ministry-of-defence,593,97,34,0,9,0,0,2,0,0,2,0,3,1,45,1,0,0
Defence Estates,defence-estates,Other,closed,,5,3,0,0,0,0,0,0,0,0,0,0,0,0,3,0,0,0
Defence Infrastructure Organisation,defence-infrastructure-organisation,Sub organisation,live,ministry-of-defence,707,207,176,0,10,0,0,2,0,0,0,1,3,0,9,2,1,3
Defence Intelligence and Security Centre,defence-intelligence-and-security-centre,Other,closed,,3,1,0,0,0,0,0,0,0,0,0,0,0,0,1,0,0,0
Defence Medical Education and Training Agency,defence-medical-education-and-training-agency,Executive agency,closed,,5,3,0,0,0,0,0,0,0,0,0,0,0,0,3,0,0,0
Defence Nuclear Enterprise,defence-nuclear-enterprise,Sub organisation,live,ministry-of-defence,4,1,1,0,0,0,0,0,0,0,0,0,0,0,0,0,0,0
Defence Nuclear Organisation,defence-nuclear-organisation,Sub organisation,live,ministry-of-defence,29,16,3,0,3,0,0,4,0,0,0,0,0,0,6,0,0,0
Defence Nuclear Safety Expert Committee,defence-nuclear-safety-committee,Other,live,ministry-of-defence,5,3,1,0,0,0,0,0,0,0,0,0,0,0,2,0,0,0
Defence Procurement Agency,defence-procurement-agency,Executive agency,closed,,4,2,0,0,0,0,0,0,0,0,0,0,0,0,2,0,0,0
Defence Safety Authority,defence-safety-authority,Sub organisation,live,ministry-of-defence,70,59,15,0,1,0,0,1,0,3,0,0,0,0,37,1,0,1
Defence Science and Technology Laboratory,defence-science-and-technology-laboratory,Executive agency,live,ministry-of-defence,1126,200,34,0,25,17,2,1,0,0,76,11,2,0,31,1,0,0
Defence Scientific Advisory Council,defence-scientific-advisory-council,Advisory non-departmental public body,closed,ministry-of-defence,8,4,0,0,0,0,0,0,0,0,0,0,2,0,2,0,0,0
Defence Sixth Form College,defence-sixth-form-college,Sub organisation,exempt,ministry-of-defence,2,0,0,0,0,0,0,0,0,0,0,0,0,0,0,0,0,0
Defence Storage and Distribution Agency,defence-storage-and-distribution-agency,Executive agency,closed,,6,4,0,0,0,0,0,0,0,0,0,0,0,0,4,0,0,0
Defence Support Group,defence-support-group,Executive agency,closed,ministry-of-defence,9,7,0,0,0,0,0,0,0,0,0,0,0,0,7,0,0,0
Defence Transport and Movements Agency,defence-transport-and-movements-agency,Executive agency,closed,,4,2,0,0,0,0,0,0,0,0,0,0,0,0,2,0,0,0
Defence Vetting Agency,defence-vetting-agency,Executive agency,closed,,7,5,0,0,0,0,0,0,0,0,0,0,0,0,5,0,0,0
"Defence, Press and Broadcasting Advisory Committee",defence-press-and-broadcasting-advisory-committee,Other,closed,ministry-of-defence,2,0,0,0,0,0,0,0,0,0,0,0,0,0,0,0,0,0
Defra's Science Advisory Council,science-advisory-council,Advisory non-departmental public body,live,department-for-environment-food-rural-affairs,27,19,1,0,0,0,0,1,0,0,0,6,1,0,9,0,0,1
Dental Practice Board,dental-practice-board,Other,closed,,3,1,0,0,0,0,0,0,0,0,0,0,0,0,1,0,0,0
Dental Vocational Training Authority,dental-vocational-training-authority,Other,closed,,3,1,0,0,0,0,0,0,0,0,0,0,0,0,1,0,0,0
Department for Business and Trade,department-for-business-and-trade,Ministerial department,live,,4133,2031,588,29,301,16,2,335,40,0,219,281,49,16,53,53,5,44
"Department for Business, Energy & Industrial Strategy",department-for-business-energy-and-industrial-strategy,Ministerial department,closed,,7019,2399,379,8,129,0,0,259,171,1,233,609,65,11,177,320,16,21
"Department for Business, Enterprise and Regulatory Reform",department-for-business-enterprise-and-regulatory-reform,Ministerial department,closed,,36,27,0,0,0,0,0,8,0,0,0,0,0,2,17,0,0,0
"Department for Business, Innovation & Skills",department-for-business-innovation-skills,Ministerial department,closed,,6029,1666,19,0,4,0,0,415,2,0,8,719,57,92,135,188,8,19
"Department for Children, Schools and Families",department-for-children-schools-and-families,Ministerial department,closed,,28,25,1,0,0,0,0,10,0,0,0,0,1,0,13,0,0,0
Department for Communities (Northern Ireland),department-for-communities-northern-ireland,Other,exempt,northern-ireland-executive,477,10,0,0,0,0,0,0,0,0,0,0,0,0,10,0,0,0
Department for Constitutional Affairs,department-for-constitutional-affairs,Ministerial department,closed,,53,49,3,0,0,0,0,31,0,0,0,0,0,0,15,0,0,0
"Department for Culture, Media and Sport",department-for-culture-media-and-sport,Ministerial department,live,,2477,1316,229,9,155,0,0,317,0,1,37,352,76,23,76,27,0,14
"Department for Digital, Culture, Media & Sport",department-for-digital-culture-media-sport,Ministerial department,closed,,7420,2068,301,7,139,0,0,411,9,4,36,290,93,30,517,181,12,38
Department for Education,department-for-education,Ministerial department,live,,11075,4038,1048,82,281,165,15,322,174,0,2,1233,133,93,114,301,37,38
Department for Education and Skills,department-for-education-and-skills,Ministerial department,closed,,33,26,0,0,0,0,0,13,0,0,0,0,1,0,12,0,0,0
Department for Employment and Learning,department-for-employment-and-learning,Ministerial department,closed,,20,1,0,0,0,0,0,0,0,0,0,0,0,0,1,0,0,0
Department for Energy Security and Net Zero,department-for-energy-security-and-net-zero,Ministerial department,live,,4839,2766,392,13,96,9,1,243,683,0,407,645,34,10,56,128,1,48
"Department for Environment, Food & Rural Affairs",department-for-environment-food-rural-affairs,Ministerial department,live,,21049,4630,752,132,799,9,1,1006,181,0,21,528,132,15,200,504,74,276
Department for Exiting the European Union,department-for-exiting-the-european-union,Ministerial department,closed,,485,119,7,1,0,0,0,100,0,0,0,1,0,0,6,0,4,0
Department for Infrastructure (Northern Ireland),department-for-infrastructure-northern-ireland,Other,exempt,northern-ireland-executive,323,0,0,0,0,0,0,0,0,0,0,0,0,0,0,0,0,0
"Department for Innovation, Universities and Skills",department-for-innovation-universities-and-skills,Ministerial department,closed,,16,14,0,0,0,0,0,9,0,0,0,0,0,0,5,0,0,0
Department for International Development,department-for-international-development,Ministerial department,closed,,5621,2073,167,0,46,0,0,737,0,0,2,93,596,19,373,6,33,1
Department for International Trade,department-for-international-trade,Other,closed,,2795,759,202,2,118,0,0,108,19,0,139,111,3,13,20,18,5,1
Department for International Trade Defence & Security Organisation,department-for-international-trade-defence-and-security-organisation,Sub organisation,closed,department-for-international-trade,53,2,0,0,0,0,0,2,0,0,0,0,0,0,0,0,0,0
"Department for Levelling Up, Housing and Communities ",department-for-levelling-up-housing-and-communities,Other,closed,,3321,1324,408,29,363,0,0,208,4,0,1,128,65,6,11,80,0,21
Department for Regional Development (Northern Ireland),department-for-regional-development,Other,closed,,20,1,0,0,0,0,0,0,0,0,0,0,0,0,1,0,0,0
"Department for Science, Innovation and Technology",department-for-science-innovation-and-technology,Ministerial department,live,,2718,1306,217,5,144,5,1,300,0,3,119,349,78,12,42,13,4,14
Department for Social Development,department-for-social-development,Ministerial department,closed,,52,6,0,0,0,0,0,0,0,0,0,0,0,0,6,0,0,0
Department for the Economy (Northern Ireland),department-for-the-economy-northern-ireland,Other,exempt,northern-ireland-executive,210,5,0,0,0,0,0,3,0,0,0,2,0,0,0,0,0,0
Department for Transport,department-for-transport,Ministerial department,live,,10528,3078,709,52,109,62,2,368,142,0,41,678,114,19,274,446,21,41
Department for Work and Pensions,department-for-work-pensions,Ministerial department,live,,10821,2847,518,13,115,28,1,318,2,0,1,887,180,181,320,246,14,23
Department of Agriculture and Rural Development,department-of-agriculture-and-rural-development,Ministerial department,closed,,92,3,0,0,0,0,0,0,0,0,0,0,0,0,3,0,0,0
"Department of Agriculture, Environment and Rural Affairs (Northern Ireland)",department-of-agriculture-environment-and-rural-affairs-northern-ireland,Other,exempt,northern-ireland-executive,669,37,1,1,6,0,0,13,0,0,0,0,0,0,1,15,0,0
Department of Constitutional Affairs,department-of-constitutional-affairs,Ministerial department,closed,,2,0,0,0,0,0,0,0,0,0,0,0,0,0,0,0,0,0
"Department of Culture, Arts and Leisure",department-of-culture-arts-and-leisure,Ministerial department,closed,,3,1,0,0,0,0,0,0,0,0,0,0,0,0,1,0,0,0
Department of Education (Northern Ireland),department-of-education,Other,exempt,northern-ireland-executive,135,10,0,0,0,0,0,3,0,0,0,0,0,0,7,0,0,0
Department of Energy & Climate Change,department-of-energy-climate-change,Ministerial department,closed,,5098,1466,142,2,2,0,0,398,2,3,1,323,50,49,213,234,24,23
"Department of Enterprise, Trade and Investment (Northern Ireland)",department-of-enterprise-trade-and-investment,Ministerial department,closed,,8,5,0,0,0,0,0,0,0,0,0,0,0,0,5,0,0,0
Department of Finance (Northern Ireland),department-of-finance-northern-ireland,Other,exempt,northern-ireland-executive,531,2,0,0,0,0,0,2,0,0,0,0,0,0,0,0,0,0
Department of Finance and Personnel for Northern Ireland,department-of-finance-and-personnel-for-northern-ireland,Ministerial department,closed,,31,13,0,0,0,0,0,2,0,0,0,0,0,0,11,0,0,0
Department of Health (Northern Ireland),department-of-health-northern-ireland,Other,exempt,northern-ireland-executive,905,11,0,0,0,0,0,4,0,0,0,1,0,0,0,4,0,2
Department of Health and Social Care,department-of-health-and-social-care,Ministerial department,live,,10641,3753,1205,69,85,34,1,1062,5,1,9,210,400,101,182,280,54,55
"Department of Health, Social Services and Public Safety",department-of-health-social-services-and-public-safety,Ministerial department,closed,,159,6,0,0,0,0,0,0,0,0,0,0,1,0,5,0,0,0
Department of Inland Revenue,department-of-inland-revenue,Ministerial department,closed,,4,2,0,0,0,0,0,0,0,0,0,0,0,0,2,0,0,0
Department of Justice (Northern Ireland),department-of-justice-northern-ireland,Other,exempt,northern-ireland-executive,725,24,0,1,0,0,0,2,0,0,0,0,20,0,0,1,0,0
Department of National Heritage,department-of-national-heritage,Other,closed,,4,2,0,0,0,0,0,1,0,0,0,0,0,0,1,0,0,0
Department of Social Security,department-of-social-security,Ministerial department,closed,,11,9,0,0,0,0,0,5,0,0,0,0,0,0,4,0,0,0
Department of the Environment (Northern Ireland),department-of-the-environment,Ministerial department,closed,,129,82,1,68,1,0,0,2,0,0,0,0,1,0,8,1,0,0
"Department of the Environment, Transport and the Regions",department-of-the-environment-transport-and-the-regions,Other,closed,,4,2,0,0,0,0,0,0,0,0,0,0,0,0,2,0,0,0
Department of Trade and Industry,department-of-trade-and-industry,Ministerial department,closed,,63,58,0,0,0,0,0,10,0,0,0,0,2,0,46,0,0,0
Deputy Prime Minister's Office,deputy-prime-ministers-office,Executive office,closed,cabinet-office,811,92,2,0,0,0,0,85,0,0,0,1,0,0,1,2,1,0
Derby North East Education Action Zone,derby-north-east-education-action-zone,Other,closed,,4,2,0,0,0,0,0,0,0,0,0,0,0,0,2,0,0,0
Design Council,design-council,Other,closed,,8,6,0,0,0,0,0,0,0,0,0,0,0,0,6,0,0,0
DfT OLR Holdings Limited,dft-olr-holdings-limited,Public corporation,closed,department-for-transport,29,17,4,0,0,0,0,2,0,0,1,0,1,0,9,0,0,0
DfT Operator Limited,dft-operator-limited,Public corporation,live,department-for-transport,41,8,2,0,1,0,0,1,0,0,0,1,0,0,3,0,0,0
"Digital, Data and Technology Profession",digital-data-and-technology-profession,Sub organisation,closed,civil-service,15,11,8,0,3,0,0,0,0,0,0,0,0,0,0,0,0,0
Dingle Granby Toxteth Education Action Zone,dingle-granby-toxteth-education-action-zone,Other,closed,,3,1,0,0,0,0,0,0,0,0,0,0,0,0,1,0,0,0
Directly Operated Railways Limited,directly-operated-railways-limited,Executive non-departmental public body,closed,department-for-transport,14,0,0,0,0,0,0,0,0,0,0,0,0,0,0,0,0,0
Disability and Carers Service,disability-and-carers-service,Executive agency,closed,,5,3,0,0,0,0,0,0,0,0,0,0,0,0,3,0,0,0
Disability Rights Commission,disability-rights-commission,Other,closed,,5,3,0,0,0,0,0,0,0,0,0,0,0,0,3,0,0,0
Disability Unit,disability-unit,Sub organisation,live,cabinet-office,99,53,8,0,0,0,0,23,0,0,0,15,1,0,3,2,0,1
Disabled People’s Employment Corporation (GB) Ltd,disabled-peoples-employment-corporation,Executive non-departmental public body,closed,department-for-work-pensions,6,4,0,0,0,0,0,0,0,0,0,0,0,0,4,0,0,0
Disabled Persons Transport Advisory Committee,disabled-persons-transport-advisory-committee,Other,live,department-for-transport,54,28,12,0,0,0,0,0,0,0,0,1,5,0,8,2,0,0
Disclosure and Barring Service,disclosure-and-barring-service,Executive non-departmental public body,live,home-office,287,133,52,0,24,0,0,13,0,0,1,0,1,3,39,0,0,0
Disposal Services Agency,disposal-services-agency,Executive agency,closed,,4,2,0,0,0,0,0,0,0,0,0,0,0,0,2,0,0,0
District Valuer Services,district-valuer-services-dvs,Sub organisation,live,hm-revenue-customs,18,12,5,0,3,0,0,0,0,0,0,3,0,0,1,0,0,0
Dounreay ,dounreay,Other,closed,nuclear-decommissioning-authority,369,34,1,0,2,0,0,1,0,0,0,0,0,1,25,4,0,0
Downham and Bellingham Education Action Zone,downham-and-bellingham-education-action-zone,Other,closed,,3,1,0,0,0,0,0,0,0,0,0,0,0,0,1,0,0,0
Driver and Vehicle Licensing Agency,driver-and-vehicle-licensing-agency,Executive agency,live,department-for-transport,1189,199,40,2,35,0,0,11,0,0,0,21,0,5,66,18,0,1
Driver and Vehicle Standards Agency,driver-and-vehicle-standards-agency,Executive agency,live,department-for-transport,1303,652,239,5,112,138,13,6,0,0,0,45,1,25,40,24,1,3
Driver and Vehicle Testing Agency,driver-and-vehicle-testing-agency,Executive agency,closed,,3,1,0,0,0,0,0,0,0,0,0,0,0,0,1,0,0,0
Driving Standards Agency,driving-standards-agency,Executive agency,closed,department-for-transport,707,43,0,0,0,0,0,0,0,0,0,11,0,6,18,8,0,0
Dudley Education Action Zone,dudley-education-action-zone,Other,closed,,3,1,0,0,0,0,0,0,0,0,0,0,0,0,1,0,0,0
Easington and Seaham Education Action Zone,easington-and-seaham-education-action-zone,Other,closed,,3,1,0,0,0,0,0,0,0,0,0,0,0,0,1,0,0,0
East Cleveland Education Action Zone,east-cleveland-education-action-zone,Other,closed,,3,1,0,0,0,0,0,0,0,0,0,0,0,0,1,0,0,0
East Manchester Education Action Zone,east-manchester-education-action-zone,Other,closed,,4,2,0,0,0,0,0,0,0,0,0,0,0,0,2,0,0,0
East Midlands Development Agency (emda),east-midlands-development-agency-emda,Executive agency,closed,,7,5,0,0,0,0,0,0,0,0,0,0,0,0,5,0,0,0
East of England Development Agency,east-of-england-development-agency,Executive agency,closed,,7,5,0,0,0,0,0,0,0,0,0,0,0,0,5,0,0,0
East West Railway Company Limited,east-west-railway-company,Executive non-departmental public body,exempt,department-for-transport,19,7,0,1,0,0,0,0,1,0,0,1,0,0,2,1,0,1
Eastern Health and Social Services Board,eastern-health-and-social-services-board,Other,closed,,4,2,0,0,0,0,0,0,0,0,0,0,0,0,2,0,0,0
Ebbsfleet Development Corporation,ebbsfleet-development-corporation,Executive non-departmental public body,exempt,ministry-of-housing-communities-local-government,6,4,0,0,0,0,0,0,0,0,0,0,0,0,4,0,0,0
Economic and Social Research Council,economic-and-social-research-council,Sub organisation,exempt,uk-research-and-innovation,36,22,0,0,0,0,0,0,0,0,1,0,0,0,21,0,0,0
Education and Skills Funding Agency,education-and-skills-funding-agency,Executive agency,closed,department-for-education,668,116,65,0,21,0,0,2,4,0,1,6,0,1,13,3,0,0
Education Funding Agency,education-funding-agency,Executive agency,closed,department-for-education,191,17,1,0,1,0,0,0,0,0,1,1,0,0,9,3,1,0
Efficiency and Reform Group,efficiency-and-reform-group,Sub organisation,closed,cabinet-office,202,88,46,0,2,0,0,25,0,0,0,0,3,0,11,0,1,0
Electricity Settlements Company,electricity-settlements-company,Other,exempt,department-for-energy-security-and-net-zero,3,0,0,0,0,0,0,0,0,0,0,0,0,0,0,0,0,0
Eliasch Review,eliasch-review,Other,closed,,3,1,0,0,0,0,0,0,0,0,0,0,1,0,0,0,0,0
Ellesmere Port Education Action Zone,ellesmere-port-education-action-zone,Other,closed,,3,1,0,0,0,0,0,0,0,0,0,0,0,0,1,0,0,0
Employment Agency Standards Inspectorate,employment-agency-standards-inspectorate,Sub organisation,closed,department-for-business-and-trade,44,31,7,0,2,0,0,3,0,0,3,1,0,0,13,2,0,0
Employment Appeal Tribunal,employment-appeal-tribunal,Tribunal,live,hm-courts-and-tribunals-service,2564,0,0,0,0,0,0,0,0,0,0,0,0,0,0,0,0,0
Employment Tribunal,employment-tribunal,Tribunal,live,hm-courts-and-tribunals-service,131688,2,1,0,0,0,0,0,0,0,0,0,0,0,1,0,0,0
Engineering and Physical Sciences Research Council,engineering-and-physical-sciences-research-council,Sub organisation,exempt,uk-research-and-innovation,47,23,1,0,0,0,0,0,0,0,0,2,0,0,20,0,0,0
Engineering Construction Industry Training Board,engineering-construction-industry-training-board,Executive non-departmental public body,exempt,department-for-work-pensions,25,18,0,0,0,0,0,0,0,0,0,0,0,0,18,0,0,0
English Heritage,english-heritage,Executive non-departmental public body,closed,department-for-digital-culture-media-sport,36,14,0,0,0,0,0,2,0,0,0,1,0,0,10,1,0,0
English Institute of Sport,english-institute-of-sport,Other,exempt,uk-sport,12,11,0,0,0,0,0,0,0,0,0,0,0,0,11,0,0,0
English Nature,english-nature,Executive agency,closed,,3,1,0,0,0,0,0,0,0,0,0,0,0,0,1,0,0,0
English Partnerships,english-partnerships,Executive agency,closed,,5,3,0,0,0,0,0,0,0,0,0,0,0,0,3,0,0,0
English Sports Council,english-sports-council,Other,closed,,4,1,0,0,0,0,0,0,0,0,0,0,0,0,1,0,0,0
Enterprise Ulster,enterprise-ulster,Other,closed,,3,1,0,0,0,0,0,0,0,0,0,0,0,0,1,0,0,0
Environment Agency,environment-agency,Executive non-departmental public body,live,department-for-environment-food-rural-affairs,11443,7639,483,186,465,184,19,421,330,0,3981,1008,3,2,134,132,11,280
Environment and Heritage Service,environment-and-heritage-service,Executive agency,closed,,4,2,0,0,0,0,0,0,0,0,0,0,0,0,2,0,0,0
Equal Opportunities Commission,equal-opportunities-commission,Other,closed,,7,5,0,0,0,0,0,0,0,0,0,0,0,0,5,0,0,0
Equality 2025,equality-2025,Advisory non-departmental public body,closed,department-for-work-pensions,3,1,0,0,0,0,0,0,0,0,0,0,1,0,0,0,0,0
Equality and Human Rights Commission,equality-and-human-rights-commission,Executive non-departmental public body,exempt,cabinet-office,64,28,4,0,1,0,0,4,0,0,0,8,0,0,11,0,0,0
Equality Commission for Northern Ireland,equality-commission-for-northern-ireland,Other,closed,,5,3,0,0,0,0,0,0,0,0,0,2,0,0,1,0,0,0
Equality Hub,the-equality-hub,Other,closed,cabinet-office,92,30,12,0,0,0,0,4,0,0,0,9,1,0,1,1,0,2
Equitable Life Inquiry,equitable-life-inquiry,Other,closed,,3,1,0,0,0,0,0,0,0,0,0,0,1,0,0,0,0,0
Estyn,estyn,Other,exempt,,3,0,0,0,0,0,0,0,0,0,0,0,0,0,0,0,0,0
Ethics and Integrity Commission,ethics-and-integrity-commission,Advisory non-departmental public body,exempt,cabinet-office,2,0,0,0,0,0,0,0,0,0,0,0,0,0,0,0,0,0
Evaluation Task Force,evaluation-task-force,Other,live,cabinet-office,61,38,14,0,2,0,0,0,0,0,1,14,0,0,6,0,0,1
Examination team on child care procedures and practice in North Wales,examination-team-on-child-care-procedures-and-practice-in-north-wales,Other,closed,,3,1,0,0,0,0,0,0,0,0,0,0,1,0,0,0,0,0
Exchequer and Audit Department,exchequer-and-audit-department,Ministerial department,closed,,8,6,0,0,0,0,0,0,0,0,0,0,0,0,6,0,0,0
Exmoor National Park Authority,exmoor-national-park-authority,Other,exempt,department-for-environment-food-rural-affairs,3,0,0,0,0,0,0,0,0,0,0,0,0,0,0,0,0,0
Export Control Joint Unit,export-control-joint-unit,Sub organisation,live,department-for-business-and-trade,497,373,96,31,53,0,0,0,0,0,182,3,0,0,8,0,0,0
Export Guarantees Advisory Council,export-guarantees-advisory-council,Other,live,uk-export-finance,25,17,0,0,0,0,0,0,0,0,0,0,0,0,16,1,0,0
Fair Work Agency,fair-work-agency,Executive agency,live,department-for-business-and-trade,44,33,13,0,10,0,0,3,1,0,3,1,1,0,1,0,0,0
Family Division of the High Court,family-division-of-the-high-court,Court,live,hm-courts-and-tribunals-service,2,0,0,0,0,0,0,0,0,0,0,0,0,0,0,0,0,0
Family Health Services Appeal Authority,family-health-services-appeal-authority,Other,closed,,3,1,0,0,0,0,0,0,0,0,0,0,0,0,1,0,0,0
Family Justice Council,family-justice-council,Advisory non-departmental public body,exempt,ministry-of-justice,4,1,0,0,0,0,0,0,0,0,0,0,0,0,0,1,0,0
Family Procedure Rule Committee,family-procedure-rule-committee,Advisory non-departmental public body,live,ministry-of-justice,51,33,16,0,4,0,0,0,0,0,4,0,0,0,2,2,0,5
FCDO Services ,fcdo-services,Executive agency,joining,foreign-commonwealth-development-office,370,5,0,0,0,0,0,0,0,0,0,0,0,0,5,0,0,0
FCO Services,fco-services,Other,closed,foreign-commonwealth-office,343,14,0,0,0,0,0,0,0,0,0,0,0,0,14,0,0,0
Financial Conduct Authority,financial-conduct-authority,Other,exempt,hm-treasury,56,36,3,0,0,0,0,9,0,0,1,8,0,0,10,2,0,3
Financial Remedies Court,financial-remedies-court,Court,joining,hm-courts-and-tribunals-service,2,0,0,0,0,0,0,0,0,0,0,0,0,0,0,0,0,0
Financial Reporting Council,financial-reporting-council,Executive non-departmental public body,exempt,department-for-business-and-trade,28,16,0,0,0,0,0,0,0,0,1,0,1,0,14,0,0,0
Financial Services Organisation,financial-services-organisation,Sub organisation,closed,uk-trade-investment,14,1,0,0,0,0,0,1,0,0,0,0,0,0,0,0,0,0
Financial Services Trade and Investment Board,financial-services-trade-and-investment-board,Sub organisation,closed,hm-treasury,12,5,0,0,0,0,0,0,0,0,0,0,0,0,5,0,0,0
Fire Authority for Northern Ireland,fire-authority-for-northern-ireland,Other,closed,,3,1,0,0,0,0,0,0,0,0,0,0,0,0,1,0,0,0
Fire Service College,fire-service-college,Other,exempt,,10,6,0,0,0,0,0,0,0,0,0,0,0,0,6,0,0,0
Firearms Consultative Committee,firearms-consultative-committee,Other,closed,,13,11,0,0,0,0,0,0,0,0,0,0,0,0,11,0,0,0
Firebuy,firebuy,Other,closed,,4,2,0,0,0,0,0,0,0,0,0,0,0,0,2,0,0,0
First-tier Tribunal (Asylum Support),first-tier-tribunal-asylum-support,Tribunal,live,hm-courts-and-tribunals-service,104,101,0,0,0,0,0,0,0,0,0,0,0,0,0,0,0,101
First-tier Tribunal (Care Standards),first-tier-tribunal-care-standards,Tribunal,live,hm-courts-and-tribunals-service,2,0,0,0,0,0,0,0,0,0,0,0,0,0,0,0,0,0
First-tier Tribunal (Criminal Injuries Compensation),first-tier-tribunal-criminal-injuries-compensation,Tribunal,live,hm-courts-and-tribunals-service,2,0,0,0,0,0,0,0,0,0,0,0,0,0,0,0,0,0
First-tier Tribunal (General Regulatory Chamber),first-tier-tribunal-general-regulatory-chamber,Tribunal,live,hm-courts-and-tribunals-service,2,0,0,0,0,0,0,0,0,0,0,0,0,0,0,0,0,0
First-tier Tribunal (Immigration and Asylum),first-tier-tribunal-immigration-and-asylum,Tribunal,live,hm-courts-and-tribunals-service,2,0,0,0,0,0,0,0,0,0,0,0,0,0,0,0,0,0
First-tier Tribunal (Mental Health),first-tier-tribunal-mental-health,Tribunal,live,hm-courts-and-tribunals-service,2,0,0,0,0,0,0,0,0,0,0,0,0,0,0,0,0,0
First-tier Tribunal (Property Chamber),first-tier-tribunal-property-chamber,Tribunal,live,hm-courts-and-tribunals-service,16898,0,0,0,0,0,0,0,0,0,0,0,0,0,0,0,0,0
First-tier Tribunal (Social Security and Child Support),first-tier-tribunal-social-security-and-child-support,Tribunal,live,hm-courts-and-tribunals-service,2,0,0,0,0,0,0,0,0,0,0,0,0,0,0,0,0,0
First-tier Tribunal (Special Educational Needs and Disability),first-tier-tribunal-special-educational-needs-and-disability,Tribunal,live,hm-courts-and-tribunals-service,2,0,0,0,0,0,0,0,0,0,0,0,0,0,0,0,0,0
First-tier Tribunal (Tax),first-tier-tribunal-tax,Tribunal,live,hm-courts-and-tribunals-service,2,0,0,0,0,0,0,0,0,0,0,0,0,0,0,0,0,0
First-tier Tribunal (War Pensions and Armed Forces Compensation),first-tier-tribunal-war-pensions-and-armed-forces-compensation,Tribunal,live,hm-courts-and-tribunals-service,2,0,0,0,0,0,0,0,0,0,0,0,0,0,0,0,0,0
Fisheries Conservancy Board for Northern Ireland,fisheries-conservancy-board-for-northern-ireland,Other,closed,,3,1,0,0,0,0,0,0,0,0,0,0,0,0,1,0,0,0
Fleet Air Arm Museum ,fleet-air-arm-museum,Sub organisation,exempt,ministry-of-defence,10,7,0,0,0,0,0,0,0,0,0,0,0,0,7,0,0,0
Flood and Coastal Erosion Risk Management Research and Development Programme,flood-and-coastal-erosion-risk-management-research-and-development-programme,Sub organisation,live,department-for-environment-food-rural-affairs,439,402,1,0,2,0,0,0,0,0,0,2,0,0,0,0,0,397
Flood Forecasting Centre,flood-forecasting-centre,Other,live,met-office,33,11,4,0,0,0,0,0,0,0,0,0,0,0,7,0,0,0
Flood Re,flood-re,Other,exempt,department-for-environment-food-rural-affairs,7,4,0,0,0,0,0,0,0,0,0,0,0,0,4,0,0,0
Food from Britain,food-from-britain,Other,closed,,12,10,0,0,0,0,0,0,0,0,0,0,0,0,10,0,0,0
Food Safety Promotion Board,food-safety-promotion-board,Other,closed,,3,1,0,0,0,0,0,0,0,0,0,0,0,0,1,0,0,0
Food Standards Agency,food-standards-agency,Non-ministerial department,exempt,,290,93,3,0,17,0,0,9,0,0,0,8,1,1,49,1,0,4
Football Licensing Authority,football-licensing-authority,Other,closed,,8,6,0,0,0,0,0,0,0,0,0,0,0,0,6,0,0,0
Foreign & Commonwealth Office,foreign-commonwealth-office,Ministerial department,closed,,16523,2204,816,0,68,0,0,406,0,0,8,442,20,5,390,20,27,2
Foreign Compensation Commission,foreign-compensation-commission,Tribunal,closed,,10,7,0,0,1,0,0,0,0,0,0,0,0,0,6,0,0,0
"Foreign, Commonwealth & Development Office",foreign-commonwealth-development-office,Ministerial department,live,,48187,3189,1505,39,508,0,0,769,9,0,8,91,9,10,167,0,71,3
Forensic Science Northern Ireland,forensic-science-northern-ireland,Executive agency,closed,,8,6,0,0,0,0,0,0,0,0,0,0,0,0,6,0,0,0
Forensic Science Regulator,forensic-science-regulator,Other,live,home-office,253,157,99,0,0,0,0,2,0,0,0,12,2,0,15,23,0,4
Forensic Science Service,forensic-science-service,Other,closed,,3,1,0,0,0,0,0,0,0,0,0,0,0,0,1,0,0,0
Forest Research,forest-research,Executive agency,exempt,forestry-commission,48,21,0,0,0,0,0,1,0,0,0,0,0,0,20,0,0,0
Forest Service,forest-service,Other,closed,,3,1,0,0,0,0,0,0,0,0,0,0,0,0,1,0,0,0
Forestry Commission,forestry-commission,Non-ministerial department,live,department-for-environment-food-rural-affairs,1171,444,134,4,89,12,1,19,1,0,2,8,0,0,162,12,0,0
Forestry England,forest-enterprise-england,Executive agency,exempt,forestry-commission,28,14,1,0,0,0,0,0,0,0,0,0,0,0,13,0,0,0
Fuel Poverty Advisory Group,the-fuel-poverty-advisory-group,Advisory non-departmental public body,closed,department-of-energy-climate-change,8,5,0,0,0,0,0,0,0,0,0,0,0,0,4,1,0,0
Further and Higher Education Funding Councils for Wales,further-and-higher-education-funding-councils-for-wales,Other,closed,,3,1,0,0,0,0,0,0,0,0,0,0,0,0,1,0,0,0
Further Education Commissioner,further-education-commissioner,Sub organisation,live,department-for-education,20,13,4,0,3,0,0,0,1,0,0,0,0,0,5,0,0,0
Gambling Commission,gambling-commission,Executive non-departmental public body,exempt,department-for-culture-media-and-sport,109,26,1,0,0,0,0,0,0,0,0,1,0,0,22,2,0,0
Gaming Board for Great Britain,gaming-board-for-great-britain,Other,closed,,20,18,0,0,0,0,0,0,0,0,0,0,0,0,18,0,0,0
Gangmasters and Labour Abuse Authority,gangmasters-and-labour-abuse-authority,Executive non-departmental public body,closed,home-office,19,12,0,0,0,0,0,2,0,0,0,0,1,0,8,1,0,0
Gangmasters Licensing Appeals,gangmasters-licensing-appeals,Tribunal,live,hm-courts-and-tribunals-service,2,0,0,0,0,0,0,0,0,0,0,0,0,0,0,0,0,0
Gangmasters Licensing Authority,gangmasters-licensing-authority,Executive non-departmental public body,closed,home-office,22,12,0,0,0,0,0,0,0,0,0,0,0,0,11,0,0,1
Gas and Electricity Consumer Council (Energywatch),gas-and-electricity-consumer-council-energywatch,Other,closed,,7,5,0,0,0,0,0,0,0,0,0,0,0,0,5,0,0,0
General Advisory Committee on Science,general-advisory-committee-on-science,Advisory non-departmental public body,closed,food-standards-agency,2,0,0,0,0,0,0,0,0,0,0,0,0,0,0,0,0,0
General Consumer Council for Northern Ireland,general-consumer-council-for-northern-ireland,Other,closed,,3,1,0,0,0,0,0,0,0,0,0,0,0,0,1,0,0,0
General Social Care Council,general-social-care-council,Other,closed,,11,9,0,0,0,0,0,0,0,0,0,0,0,0,9,0,0,0
General Teaching Council for England,general-teaching-council-for-england,Executive agency,closed,,10,8,0,0,0,0,0,0,0,0,0,0,0,0,8,0,0,0
Geospatial Commission,geospatial-commission,Sub organisation,closed,department-for-science-innovation-and-technology,152,81,14,0,4,0,0,16,0,0,0,7,6,0,33,1,0,0
Gloucester Education Action Zone,gloucester-education-action-zone,Other,closed,,3,1,0,0,0,0,0,0,0,0,0,0,0,0,1,0,0,0
Gov Facility Services Limited,gov-facility-services-limited,Sub organisation,live,ministry-of-justice,60,8,1,0,0,0,0,0,0,0,0,0,0,0,7,0,0,0
Government Actuary's Department,government-actuarys-department,Non-ministerial department,live,hm-treasury,704,254,91,0,5,0,0,2,0,1,0,81,25,0,46,3,0,0
Government Analysis Function,government-analysis-function,Sub organisation,live,civil-service,46,8,3,0,4,0,0,0,0,0,0,0,0,0,0,0,0,1
Government Car and Despatch Agency,government-car-and-despatch-agency,Executive agency,closed,,10,8,0,0,0,0,0,0,0,0,0,0,0,0,8,0,0,0
Government Chemist,government-chemist,Sub organisation,live,department-for-science-innovation-and-technology,406,123,1,0,2,0,0,3,0,0,0,75,18,0,24,0,0,0
Government Commercial Agency,government-commercial-agency,Executive agency,live,cabinet-office,25,14,4,0,1,0,0,3,0,0,1,0,0,0,5,0,0,0
Government Commercial Function,government-commercial-function,Sub organisation,live,civil-service,52,42,29,0,3,0,0,6,0,0,0,0,0,0,3,0,0,1
Government Communication Service,civil-service-government-communication-service,Sub organisation,live,civil-service,6,1,1,0,0,0,0,0,0,0,0,0,0,0,0,0,0,0
Government Communications Headquarters,government-communications-headquarters,Other,exempt,foreign-commonwealth-development-office,32,9,2,0,0,0,0,4,0,0,1,0,0,0,2,0,0,0
Government Corporate Finance Profession,civil-service-corporate-finance-profession-cfp,Sub organisation,live,uk-government-investments,2,0,0,0,0,0,0,0,0,0,0,0,0,0,0,0,0,0
Government Cyber Profession,government-cyber-profession,Sub organisation,joining,department-for-science-innovation-and-technology,2,0,0,0,0,0,0,0,0,0,0,0,0,0,0,0,0,0
Government Data Quality Hub,government-data-quality-hub,Sub organisation,live,office-for-national-statistics,30,2,2,0,0,0,0,0,0,0,0,0,0,0,0,0,0,0
Government Debt Management Function,government-debt-management-function,Other,live,hm-treasury,6,5,3,0,1,0,0,0,0,0,0,0,0,0,0,0,0,1
Government Digital Service,government-digital-service,Sub organisation,live,department-for-science-innovation-and-technology,1408,819,100,0,176,0,0,25,0,0,1,12,5,0,9,4,0,487
Government Economic Service,civil-service-government-economic-service,Sub organisation,live,civil-service,30,11,4,0,4,0,0,0,0,0,0,0,0,0,2,1,0,0
Government Equalities Office,government-equalities-office,Other,closed,cabinet-office,789,294,64,1,3,0,0,60,0,0,0,77,31,15,24,15,1,3
Government Estates Management,government-estates-management,Other,live,cabinet-office,2,0,0,0,0,0,0,0,0,0,0,0,0,0,0,0,0,0
Government Finance Function,government-finance-function,Sub organisation,live,civil-service,14,10,6,0,1,0,0,0,0,0,0,0,0,0,2,0,0,1
Government Finance Profession,civil-service-government-finance-profession,Sub organisation,closed,civil-service,2,0,0,0,0,0,0,0,0,0,0,0,0,0,0,0,0,0
Government Geography Profession,government-geography-profession,Sub organisation,live,civil-service,27,11,1,0,9,0,0,1,0,0,0,0,0,0,0,0,0,0
Government Internal Audit Agency,government-internal-audit-agency,Executive agency,live,hm-treasury,123,57,12,0,1,0,0,5,0,0,0,0,0,0,38,0,0,1
Government IT Profession,civil-service-government-it-profession,Sub organisation,closed,civil-service,1,0,0,0,0,0,0,0,0,0,0,0,0,0,0,0,0,0
Government Knowledge & Information Management Profession,civil-service-government-knowledge-information-management-profession,Sub organisation,live,civil-service,2,0,0,0,0,0,0,0,0,0,0,0,0,0,0,0,0,0
Government Legal Department,government-legal-department,Non-ministerial department,live,attorney-generals-office,497,126,58,0,17,0,0,1,0,0,0,0,0,0,47,1,2,0
Government Legal Profession,civil-service-government-legal-profession,Sub organisation,live,civil-service,41,4,0,0,4,0,0,0,0,0,0,0,0,0,0,0,0,0
Government Legal Service,civil-service-government-legal-service,Sub organisation,closed,civil-service,9,3,0,0,3,0,0,0,0,0,0,0,0,0,0,0,0,0
Government Occupational Psychology Profession ,civil-service-government-occupational-psychology-profession,Sub organisation,live,civil-service,2,0,0,0,0,0,0,0,0,0,0,0,0,0,0,0,0,0
Government Office for Science,government-office-for-science,Other,live,department-for-science-innovation-and-technology,805,537,57,0,2,0,0,2,0,0,10,429,1,19,14,2,1,0
Government Office for Technology Transfer,government-office-for-technology-transfer,Sub organisation,live,department-for-science-innovation-and-technology,49,21,11,0,2,0,0,0,0,0,2,1,1,0,4,0,0,0
Government Operational Research Service,civil-service-government-operational-research-service,Sub organisation,live,civil-service,12,8,1,0,7,0,0,0,0,0,0,0,0,0,0,0,0,0
Government Partnerships International,government-partnerships-international,Sub organisation,joining,stabilisation-unit,1,0,0,0,0,0,0,0,0,0,0,0,0,0,0,0,0,0
Government People Function,government-people-function,Other,live,civil-service,4,2,1,0,0,0,0,0,0,0,0,0,0,0,1,0,0,0
Government People Group,government-people-group,Sub organisation,live,cabinet-office,30,24,5,0,12,0,0,3,0,0,0,0,0,0,4,0,0,0
Government Planning Inspectors,civil-service-government-planning-inspectors,Sub organisation,live,civil-service,2,0,0,0,0,0,0,0,0,0,0,0,0,0,0,0,0,0
Government Planning Profession,civil-service-the-government-planning-profession,Sub organisation,live,civil-service,2,0,0,0,0,0,0,0,0,0,0,0,0,0,0,0,0,0
Government Procurement Service,government-procurement-service,Executive agency,closed,,5,3,0,0,0,0,0,0,0,0,0,0,0,0,3,0,0,0
Government Project Delivery,government-project-delivery,Sub organisation,live,civil-service,6,4,1,0,0,0,0,1,0,0,0,0,0,0,1,0,0,1
Government Property Agency,government-property-agency,Executive agency,live,cabinet-office,143,19,13,0,0,0,0,0,0,0,0,0,0,0,6,0,0,0
Government Property Function,government-property-function,Sub organisation,live,civil-service,26,19,12,0,0,0,0,0,0,0,0,0,0,0,5,0,0,2
Government Property Profession,civil-service-government-property-profession,Sub organisation,closed,civil-service,7,4,2,0,0,0,0,1,0,0,0,0,0,0,1,0,0,0
Government Recruitment Service,government-recruitment-service,Sub organisation,live,government-people-group,7,4,0,0,4,0,0,0,0,0,0,0,0,0,0,0,0,0
Government Science & Engineering Profession,civil-service-government-science-engineering,Sub organisation,live,civil-service,47,20,11,0,0,0,0,0,0,0,0,1,0,0,8,0,0,0
Government Security Profession,government-security-profession,Sub organisation,live,civil-service,16,12,11,0,0,0,0,1,0,0,0,0,0,0,0,0,0,0
Government Skills,government-skills,Sub organisation,live,cabinet-office,102,44,3,0,24,0,0,0,0,0,1,14,0,0,2,0,0,0
Government Skills and Curriculum Unit,government-skills-and-curriculum-unit,Sub organisation,closed,cabinet-office,15,8,3,0,0,0,0,1,0,0,0,1,0,0,3,0,0,0
Government Social Research Profession,civil-service-government-social-research-profession,Sub organisation,live,civil-service,63,57,16,0,4,0,0,0,0,0,0,29,0,0,6,2,0,0
Government Statistical Service,civil-service-government-statistical-service,Sub organisation,exempt,civil-service,3,0,0,0,0,0,0,0,0,0,0,0,0,0,0,0,0,0
Government Tax Profession,civil-service-government-tax-profession,Sub organisation,live,civil-service,2,0,0,0,0,0,0,0,0,0,0,0,0,0,0,0,0,0
Government Veterinary Services ,civil-service-government-veterinary-services,Sub organisation,live,civil-service,10,3,2,0,0,0,0,0,0,0,0,0,0,0,1,0,0,0
Gowers Review of Intellectual Property,gowers-review-of-intellectual-property,Other,closed,,3,1,0,0,0,0,0,0,0,0,0,0,1,0,0,0,0,0
Great Britain-China Centre,great-britain-china-centre,Executive non-departmental public body,exempt,foreign-commonwealth-development-office,23,20,0,0,0,0,0,1,0,0,0,0,0,0,19,0,0,0
Great British Energy,great-british-energy,Other,exempt,department-for-energy-security-and-net-zero,28,5,0,0,0,0,0,4,0,0,1,0,0,0,0,0,0,0
Great British Energy – Nuclear,great-british-energy-nuclear,Executive non-departmental public body,live,department-for-energy-security-and-net-zero,38,14,6,0,1,0,0,3,0,0,1,0,0,0,3,0,0,0
Great British Nuclear,great-british-nuclear,Executive non-departmental public body,closed,department-for-energy-security-and-net-zero,30,13,4,0,1,0,0,3,0,0,2,0,0,0,3,0,0,0
Great Yarmouth Education Action Zone,great-yarmouth-education-action-zone,Other,closed,,3,1,0,0,0,0,0,0,0,0,0,0,0,0,1,0,0,0
Greenwich Education Action Zone,greenwich-education-action-zone,Other,closed,,4,2,0,0,0,0,0,0,0,0,0,0,0,0,2,0,0,0
Groceries Code Adjudicator,groceries-code-adjudicator,Other,live,department-for-business-and-trade,316,49,10,1,0,0,0,7,2,0,4,0,0,0,23,2,0,0
H.M. Customs and Excise,hm-customs-and-excise,Other,closed,,3,1,0,0,0,0,0,0,0,0,0,0,0,0,1,0,0,0
H.M. Inspectorate of Court Administration,hm-inspectorate-of-court-administration,Other,closed,,7,5,0,0,0,0,0,0,0,0,0,0,0,0,5,0,0,0
H.M. Inspectorate of Explosives for Northern Ireland,hm-inspectorate-of-explosives-for-northern-ireland,Other,closed,,4,2,0,0,0,0,0,0,0,0,0,0,0,0,2,0,0,0
Hackney Education Action Zone,hackney-education-action-zone,Other,closed,,3,1,0,0,0,0,0,0,0,0,0,0,0,0,1,0,0,0
Hamilton Oxford Education Action Zone,hamilton-oxford-education-action-zone,Other,closed,,4,2,0,0,0,0,0,0,0,0,0,0,0,0,2,0,0,0
Hastings and St Leonards Education Action Zone,hastings-and-st-leonards-education-action-zone,Other,closed,,4,2,0,0,0,0,0,0,0,0,0,0,0,0,2,0,0,0
Health and Safety Executive,health-and-safety-executive,Executive non-departmental public body,exempt,department-for-work-pensions,318,83,3,0,10,0,0,11,1,0,0,12,3,2,30,3,0,8
Health and Social Care Information Centre,health-and-social-care-information-centre,Executive non-departmental public body,closed,department-of-health-and-social-care,721,7,1,0,0,0,0,0,0,0,0,0,0,0,5,0,1,0
Health Education England,health-education-england,Executive non-departmental public body,closed,department-of-health-and-social-care,43,40,0,0,1,0,0,25,0,0,0,1,0,0,12,1,0,0
Health Equity in Health Protection Initiative,health-equity-in-health-protection-initiative,Sub organisation,live,uk-health-security-agency,5,0,0,0,0,0,0,0,0,0,0,0,0,0,0,0,0,0
Health Protection Agency,health-protection-agency,Executive agency,closed,,10,8,0,0,0,0,0,0,0,0,0,0,0,0,8,0,0,0
Health Research Authority,health-research-authority,Executive non-departmental public body,exempt,department-of-health-and-social-care,18,15,0,0,0,0,0,1,0,0,0,0,0,0,14,0,0,0
Health Services Safety Investigations Body,health-services-safety-investigations-body,Executive non-departmental public body,exempt,department-of-health-and-social-care,6,5,0,2,0,0,0,1,0,0,0,0,0,0,2,0,0,0
Healthcare Commission,healthcare-commission,Other,closed,,8,6,0,0,0,0,0,0,0,0,0,0,0,0,6,0,0,0
Hearing Aid Council,hearing-aid-council,Other,closed,,6,4,0,0,0,0,0,0,0,0,0,0,0,0,4,0,0,0
Heart of Slough Education Action Zone,heart-of-slough-education-action-zone,Other,closed,,3,1,0,0,0,0,0,0,0,0,0,0,0,0,1,0,0,0
Her Majesty's Magistrates Courts Service Inspectorate,her-majestys-magistrates-courts-service-inspectorate,Other,closed,ministry-of-justice,3,1,0,0,0,0,0,0,0,0,0,0,0,0,1,0,0,0
Heritage Lottery Fund (administered by the NHMF),heritage-lottery-fund,Executive non-departmental public body,closed,department-for-digital-culture-media-sport,26,12,0,0,0,0,0,1,0,0,0,0,0,0,11,0,0,0
High Speed Two (HS2) Limited,high-speed-two-limited,Executive non-departmental public body,live,department-for-transport,2437,1380,141,3,2,0,0,211,2,0,3,64,81,759,68,46,0,0
Higher Education Funding Council for England,higher-education-funding-council-for-england,Executive non-departmental public body,closed,department-for-education,35,20,0,0,0,0,0,1,0,0,0,0,2,0,17,0,0,0
Higher Education Statistics Agency,higher-education-statistical-agency,Other,exempt,department-for-business-innovation-skills,116,1,0,0,0,0,0,0,0,0,0,0,0,0,0,1,0,0
Highways Agency,highways-agency,Executive agency,closed,department-for-transport,1242,127,1,1,0,0,0,7,0,0,0,18,1,1,51,22,16,9
Highways England,highways-england,Other,closed,department-for-transport,1883,220,47,0,5,0,0,5,1,0,18,52,0,0,71,20,1,0
Hillsborough Independent Panel,hillsborough-independent-panel,Other,closed,,3,1,0,0,0,0,0,0,0,0,0,0,1,0,0,0,0,0
Historic England,historic-england,Executive non-departmental public body,exempt,department-for-culture-media-and-sport,39,7,0,0,0,0,0,2,0,0,0,0,0,0,5,0,0,0
Historic Royal Palaces,historic-royal-palaces,Public corporation,exempt,department-for-culture-media-and-sport,17,6,0,0,0,0,0,0,0,0,0,0,0,0,6,0,0,0
HM Courts & Tribunals Service,hm-courts-and-tribunals-service,Executive agency,live,ministry-of-justice,156942,2534,181,1,126,0,0,7,1,0,1,19,2,0,52,12,12,2120
HM Courts Service,hm-court-service,Executive agency,closed,,22,19,0,0,0,0,0,1,0,0,0,0,0,0,18,0,0,0
HM Crown Prosecution Service Inspectorate,hm-crown-prosecution-service-inspectorate,Other,exempt,attorney-generals-office,195,18,2,0,0,0,0,0,0,0,0,0,0,0,14,0,0,2
HM Government Communications Centre,hm-government-communications-centre,Other,exempt,foreign-commonwealth-development-office,4,0,0,0,0,0,0,0,0,0,0,0,0,0,0,0,0,0
HM Inspectorate of Constabulary,hm-inspectorate-of-constabulary,Other,closed,home-office,42,22,4,0,0,0,0,0,0,0,0,2,2,0,8,3,0,3
HM Inspectorate of Constabulary and Fire & Rescue Services,hm-inspectorate-of-constabulary-and-fire-rescue-services,Other,exempt,home-office,87,50,9,0,1,0,0,5,0,0,0,7,7,0,9,11,0,1
HM Inspectorate of Prisons,hm-inspectorate-of-prisons,Other,exempt,ministry-of-justice,56,39,3,0,0,0,0,1,0,0,0,4,0,0,27,2,0,2
HM Inspectorate of Probation,hm-inspectorate-of-probation,Other,exempt,ministry-of-justice,40,18,7,0,1,0,0,0,0,0,0,6,0,0,2,1,0,1
HM Land Registry,land-registry,Non-ministerial department,live,ministry-of-housing-communities-local-government,1849,328,123,5,144,0,0,1,0,0,0,1,0,0,49,5,0,0
HM Nautical Almanac Office,hm-nautical-almanac-office,Sub organisation,live,uk-hydrographic-office,17,4,4,0,0,0,0,0,0,0,0,0,0,0,0,0,0,0
HM Passport Office,hm-passport-office,Sub organisation,live,home-office,673,394,371,0,0,0,0,3,0,0,0,4,0,2,13,1,0,0
HM Prison and Probation Service,hm-prison-and-probation-service,Executive agency,live,ministry-of-justice,1571,1016,235,0,440,0,0,221,0,0,1,24,14,0,76,5,0,0
HM Prison Service,hm-prison-service,Sub organisation,live,hm-prison-and-probation-service,114,44,9,1,13,0,0,2,0,0,0,0,1,0,18,0,0,0
HM Revenue & Customs,hm-revenue-customs,Non-ministerial department,live,,100281,8487,1611,76,2047,924,66,1905,10,0,73,766,4,100,454,336,23,92
HM Treasury,hm-treasury,Ministerial department,live,,9657,3359,603,19,26,0,0,1291,0,0,15,146,59,9,755,359,4,73
Home Office,home-office,Ministerial department,live,,13921,3943,1277,47,123,101,1,1162,2,0,17,357,194,68,305,246,11,32
Home-Grown Cereals Authority,home-grown-cereals-authority,Other,closed,,6,4,0,0,0,0,0,0,0,0,0,0,0,0,4,0,0,0
Homes and Communities Agency,homes-and-communities-agency,Executive non-departmental public body,closed,ministry-of-housing-communities-and-local-government-2018-2021,299,24,4,0,1,0,0,7,0,0,0,0,0,0,2,9,0,1
Homes England,homes-england,Executive non-departmental public body,live,ministry-of-housing-communities-local-government,649,228,89,0,68,32,2,5,0,0,1,12,0,0,19,0,0,0
Horniman Public Museum and Public Park Trust,horniman-museum,Executive non-departmental public body,exempt,department-for-culture-media-and-sport,8,1,0,0,0,0,0,0,0,0,0,0,0,0,1,0,0,0
Horserace Betting Levy Board,horserace-betting-levy-board,Executive non-departmental public body,exempt,department-for-culture-media-and-sport,21,13,0,0,0,0,0,0,0,0,0,0,0,0,13,0,0,0
Horticultural Development Council,horticultural-development-council,Other,closed,,3,1,0,0,0,0,0,0,0,0,0,0,0,0,1,0,0,0
House of Lords Appointments Commission,house-of-lords-appointments-commission,Advisory non-departmental public body,exempt,cabinet-office,6,1,0,0,0,0,0,1,0,0,0,0,0,0,0,0,0,0
Housing Corporation,housing-corporation,Executive agency,closed,,6,4,0,0,0,0,0,0,0,0,0,0,0,0,4,0,0,0
Housing Ombudsman,housing-ombudsman,Executive non-departmental public body,exempt,ministry-of-housing-communities-local-government,18,12,0,0,1,0,0,0,0,0,0,0,0,0,10,1,0,0
HSC Business Services Organisation (Northern Ireland),hsc-business-services-organisation-northern-ireland,Executive non-departmental public body,exempt,department-of-health-northern-ireland,207,0,0,0,0,0,0,0,0,0,0,0,0,0,0,0,0,0
Human Fertilisation and Embryology Authority,human-fertilisation-and-embryology-authority,Executive non-departmental public body,exempt,department-of-health-and-social-care,28,23,0,0,0,0,0,1,0,0,0,0,0,0,22,0,0,0
Human Resources Profession,civil-service-human-resources-profession,Sub organisation,closed,civil-service,1,0,0,0,0,0,0,0,0,0,0,0,0,0,0,0,0,0
Human Tissue Authority,human-tissue-authority,Executive non-departmental public body,exempt,department-of-health-and-social-care,23,21,0,0,0,0,0,1,0,0,0,0,0,0,20,0,0,0
Hybu Cig Cymru - Meat Promotion Wales,hybu-cig-cymru-meat-promotion-wales,Other,closed,,7,5,0,0,0,0,0,0,0,0,0,0,0,0,5,0,0,0
ICL Inquiry,icl-inquiry,Other,closed,,3,1,0,0,0,0,0,0,0,0,0,0,1,0,0,0,0,0
Identity and Passport Service,identity-and-passport-service,Other,closed,,11,8,1,0,0,0,0,0,0,0,0,0,0,0,7,0,0,0
Immigration Advice Authority,immigration-advice-authority,Executive non-departmental public body,live,home-office,157,81,57,6,10,0,0,1,0,1,0,1,0,0,5,0,0,0
Immigration Enforcement,immigration-enforcement,Sub organisation,live,home-office,606,190,94,1,0,0,0,77,0,0,0,9,0,3,2,2,0,2
Imperial War Museum,imperial-war-museum,Executive non-departmental public body,exempt,department-for-culture-media-and-sport,38,22,0,0,0,0,0,0,0,0,0,0,0,0,22,0,0,0
Incubator for Artificial Intelligence,incubator-for-artificial-intelligence,Other,closed,department-for-science-innovation-and-technology,2,0,0,0,0,0,0,0,0,0,0,0,0,0,0,0,0,0
Incubator for Automation and Innovation,incubator-for-automation-and-innovation,Other,closed,cabinet-office,2,0,0,0,0,0,0,0,0,0,0,0,0,0,0,0,0,0
Independent Adviser on Ministerial Standards,independent-adviser-on-ministers-interests,Other,live,cabinet-office,58,45,1,0,0,0,0,0,34,0,0,0,10,0,0,0,0,0
Independent Advisory Panel on Deaths in Custody,independent-advisory-panel-on-deaths-in-custody,Advisory non-departmental public body,exempt,ministry-of-justice,9,0,0,0,0,0,0,0,0,0,0,0,0,0,0,0,0,0
Independent Agricultural Appeals Panel,independent-agricultural-appeals-panel,Advisory non-departmental public body,live,department-for-environment-food-rural-affairs,2,0,0,0,0,0,0,0,0,0,0,0,0,0,0,0,0,0
Independent Anti-slavery Commissioner,independent-anti-slavery-commissioner,Independent monitoring body,exempt,home-office,11,8,0,0,0,0,0,3,0,0,0,0,0,0,5,0,0,0
Independent Case Examiner,independent-case-examiner,Other,live,department-for-work-pensions,34,27,2,0,1,0,0,0,0,0,0,0,0,0,24,0,0,0
Independent Chief Inspector of Borders and Immigration ,independent-chief-inspector-of-borders-and-immigration,Independent monitoring body,live,home-office,521,261,5,0,0,0,0,1,0,0,0,1,227,0,27,0,0,0
Independent Commission for Aid Impact,independent-commission-for-aid-impact,Advisory non-departmental public body,exempt,foreign-commonwealth-development-office,7,1,0,0,0,0,0,1,0,0,0,0,0,0,0,0,0,0
Independent Commission on Civil Aviation Noise,independent-commission-on-civil-aviation-noise,Advisory non-departmental public body,closed,department-for-transport,4,1,0,0,0,0,0,0,0,0,0,1,0,0,0,0,0,0
Independent Commission on Freedom of Information,independent-commission-on-freedom-of-information,Advisory non-departmental public body,closed,,19,7,0,0,0,0,0,1,0,0,0,4,1,0,1,0,0,0
Independent Complaints Reviewer,independent-complaints-reviewer,Other,exempt,,2,0,0,0,0,0,0,0,0,0,0,0,0,0,0,0,0,0
Independent Dormant Assets Commission ,dormant-assets-commission,Advisory non-departmental public body,closed,,7,2,0,0,0,0,0,2,0,0,0,0,0,0,0,0,0,0
Independent Family Returns Panel,independent-family-returns-panel,Other,live,home-office,23,12,0,0,0,0,0,3,0,0,0,9,0,0,0,0,0,0
Independent Football Regulator,independent-football-regulator,Executive non-departmental public body,exempt,department-for-culture-media-and-sport,6,0,0,0,0,0,0,0,0,0,0,0,0,0,0,0,0,0
Independent Living Fund,independent-living-fund,Executive non-departmental public body,closed,department-for-work-pensions,132,62,2,0,0,0,0,1,0,0,0,1,0,42,16,0,0,0
Independent Medical Expert Group,independent-medical-expert-group,Other,live,ministry-of-defence,17,12,2,0,0,0,0,0,0,0,0,0,0,0,10,0,0,0
Independent Monitoring Authority for the Citizens’ Rights Agreements,independent-monitoring-authority-for-the-citizens-rights-agreements,Executive non-departmental public body,exempt,ministry-of-justice,19,10,0,0,0,0,0,2,0,0,0,0,1,0,7,0,0,0
Independent Monitoring Boards,independent-monitoring-boards-of-prisons-immigration-removal-centres-and-short-term-holding-rooms,Other,exempt,ministry-of-justice,8,1,0,0,0,0,0,1,0,0,0,0,0,0,0,0,0,0
Independent Monitoring Commission,independent-monitoring-commission,Other,closed,,23,21,0,0,0,0,0,0,0,0,0,0,21,0,0,0,0,0
Independent Office for Police Conduct,independent-office-for-police-conduct,Executive non-departmental public body,exempt,home-office,45,9,0,0,1,0,0,0,0,0,0,0,0,0,8,0,0,0
Independent Parliamentary Standards Authority ,independent-parliamentary-standards-authority,Executive non-departmental public body,exempt,,1,0,0,0,0,0,0,0,0,0,0,0,0,0,0,0,0,0
Independent Police Complaints Commission,independent-police-complaint-commission,Executive non-departmental public body,closed,home-office,43,20,0,0,0,0,0,1,0,0,0,0,4,0,15,0,0,0
Independent Reconfiguration Panel,independent-reconfiguration-panel,Advisory non-departmental public body,live,department-of-health-and-social-care,77,62,3,0,0,0,0,0,0,0,0,0,53,0,5,1,0,0
Independent Review Mechanism,independent-review-mechanism,Other,live,department-for-education,9,5,0,0,4,0,0,0,0,0,0,0,0,0,1,0,0,0
Independent Review of Police Officer and Staff Remuneration and Conditions,independent-review-of-police-officer-and-staff-remuneration-and-conditions,Other,closed,,4,2,0,0,0,0,0,0,0,0,0,0,2,0,0,0,0,0
Independent Review of the UK Postal Services Sector,independent-review-of-the-uk-postal-services-sector,Other,closed,,3,1,0,0,0,0,0,0,0,0,0,0,1,0,0,0,0,0
Independent Reviewer of Terrorism Legislation,independent-reviewer-of-terrorism-legislation,Other,exempt,home-office,34,28,0,0,0,0,0,1,0,0,0,0,26,0,1,0,0,0
Independent Safeguarding Authority,independent-safeguarding-authority,Other,closed,,7,4,0,0,0,0,0,0,0,0,0,0,0,0,4,0,0,0
Independent Television Commission,independent-television-commission,Other,closed,,3,1,0,0,0,0,0,0,0,0,0,0,0,0,1,0,0,0
Independent Water Commission,independent-water-commission,Other,live,,15,5,0,0,0,0,0,1,0,0,3,0,1,0,0,0,0,0
Industrial Development Advisory Board,industrial-development-advisory-board,Other,live,,11,1,0,0,0,0,0,0,0,0,0,0,0,0,1,0,0,0
Industrial Injuries Advisory Council,industrial-injuries-advisory-council,Advisory non-departmental public body,live,department-for-work-pensions,166,135,2,0,0,0,0,0,0,0,1,2,111,0,19,0,0,0
Industrial Strategy Advisory Council,industrial-strategy-advisory-council,Other,live,,21,1,0,0,0,0,0,0,0,0,0,1,0,0,0,0,0,0
Infected Blood Compensation Authority,infected-blood-compensation-authority,Other,exempt,,74,15,2,0,2,0,0,7,0,0,0,0,2,0,1,1,0,0
Infected Blood Memorial Committee,the-infected-blood-memorial-committee,Other,live,cabinet-office,19,2,2,0,0,0,0,0,0,0,0,0,0,0,0,0,0,0
Information Commissioner's Office,information-commissioner-s-office,Executive non-departmental public body,exempt,department-for-science-innovation-and-technology,69,44,6,0,2,0,0,6,0,0,0,3,6,0,18,2,0,1
Information Services Division (Scotland),information-services-division-scotland,Other,closed,,18,0,0,0,0,0,0,0,0,0,0,0,0,0,0,0,0,0
Infrastructure and Projects Authority,infrastructure-and-projects-authority,Other,closed,cabinet-office,280,99,56,0,6,0,0,26,0,0,0,4,1,1,4,1,0,0
Infrastructure Planning Commission,infrastructure-planning-commission,Other,closed,,5,3,0,0,0,0,0,0,0,0,0,0,0,0,3,0,0,0
Infrastructure UK,infrastructure-uk,Sub organisation,closed,hm-treasury,72,19,1,0,0,0,0,15,0,0,0,1,0,0,1,1,0,0
Innovate UK,innovate-uk,Sub organisation,exempt,uk-research-and-innovation,1099,64,7,0,0,0,0,5,0,0,43,5,2,0,0,1,1,0
Inquiry into the supervision of the Bank of Credit and Commerce International,inquiry-into-the-supervision-of-the-bank-of-credit-and-commerce-international,Other,closed,,3,1,0,0,0,0,0,0,0,0,0,0,1,0,0,0,0,0
Insolvency List,insolvency-list,Court,live,hm-courts-and-tribunals-service,2,0,0,0,0,0,0,0,0,0,0,0,0,0,0,0,0,0
Insolvency Practitioners Tribunal,insolvency-practitioners-tribunal,Tribunal,closed,department-for-business-energy-and-industrial-strategy,2,0,0,0,0,0,0,0,0,0,0,0,0,0,0,0,0,0
Insolvency Rules Committee,insolvency-rules-committee,Advisory non-departmental public body,live,ministry-of-justice,11,0,0,0,0,0,0,0,0,0,0,0,0,0,0,0,0,0
Institute for Apprenticeships ,institute-for-apprenticeships,Executive non-departmental public body,closed,department-for-education,15,5,0,0,1,0,0,0,0,0,0,0,0,0,2,2,0,0
Institute for Apprenticeships and Technical Education,institute-for-apprenticeships-and-technical-education,Executive non-departmental public body,closed,department-for-education,13,11,1,0,1,0,0,0,0,0,1,0,0,0,8,0,0,0
Intellectual Property Enterprise Court,intellectual-property-enterprise-court,Court,live,hm-courts-and-tribunals-service,2,0,0,0,0,0,0,0,0,0,0,0,0,0,0,0,0,0
Intellectual Property Office,intellectual-property-office,Executive agency,live,department-for-science-innovation-and-technology,2754,1742,158,78,130,434,7,9,441,0,135,145,0,1,23,44,0,137
Intelligence Analysis ,civil-service-intelligence-analysis-profession,Sub organisation,live,civil-service,5,3,3,0,0,0,0,0,0,0,0,0,0,0,0,0,0,0
Intelligence Services Commissioner,intelligence-services-commissioner,Other,closed,home-office,16,14,0,0,0,0,0,0,0,0,0,0,0,0,14,0,0,0
Interception of Communications Commissioner,interception-of-communications-commissioner,Other,closed,home-office,19,17,0,0,0,0,0,0,0,0,0,0,0,0,17,0,0,0
Internal Audit Profession,civil-service-internal-audit-profession,Sub organisation,live,civil-service,6,3,2,0,0,0,0,0,0,0,0,0,0,0,0,0,0,1
Invest Northern Ireland,invest-northern-ireland,Other,exempt,department-for-the-economy-northern-ireland,9,0,0,0,0,0,0,0,0,0,0,0,0,0,0,0,0,0
Investigatory Powers Commissioner's Office,investigatory-powers-commissioners-office,Other,exempt,home-office,5,0,0,0,0,0,0,0,0,0,0,0,0,0,0,0,0,0
Investigatory Powers Tribunal,investigatory-powers-tribunal,Tribunal,exempt,home-office,2,0,0,0,0,0,0,0,0,0,0,0,0,0,0,0,0,0
Investors in People UK,investors-in-people-uk,Other,closed,,6,4,0,0,0,0,0,0,0,0,0,0,0,0,4,0,0,0
Iraq Inquiry,iraq-inquiry,Other,exempt,,4,1,0,0,0,0,0,0,0,0,0,0,1,0,0,0,0,0
jHub Defence Innovation,jhub-defence-innovation,Sub organisation,live,ministry-of-defence,18,1,1,0,0,0,0,0,0,0,0,0,0,0,0,0,0,0
Joint Forces Command,joint-forces-command,Sub organisation,closed,ministry-of-defence,53,5,3,0,2,0,0,0,0,0,0,0,0,0,0,0,0,0
Joint Nature Conservation Committee,joint-nature-conservation-committee,Executive non-departmental public body,exempt,department-for-environment-food-rural-affairs,207,28,0,0,0,0,0,6,0,0,0,0,0,0,20,2,0,0
Judicial Appointments and Conduct Ombudsman,judicial-appointments-and-conduct-ombudsman,Other,live,ministry-of-justice,37,30,1,0,2,0,0,2,0,0,0,0,0,0,25,0,0,0
Judicial Appointments Commission,judicial-appointments-commission,Executive non-departmental public body,exempt,ministry-of-justice,38,16,0,0,0,0,0,0,0,0,0,0,0,0,16,0,0,0
Judicial Office,judicial-office,Other,exempt,ministry-of-justice,12,2,0,0,0,0,0,0,0,0,0,0,0,0,0,2,0,0
Kent and Somerset Education Action Zone,kent-and-somerset-education-action-zone,Other,closed,,3,1,0,0,0,0,0,0,0,0,0,0,0,0,1,0,0,0
Kerr / Haslam Inquiry,kerr-haslam-inquiry,Other,closed,,3,1,0,0,0,0,0,0,0,0,0,0,1,0,0,0,0,0
King's Bench Division of the High Court,kings-bench-division-of-the-high-court,Court,live,hm-courts-and-tribunals-service,2,0,0,0,0,0,0,0,0,0,0,0,0,0,0,0,0,0
King's Harbour Master,kings-harbour-master,Sub organisation,live,ministry-of-defence,3,0,0,0,0,0,0,0,0,0,0,0,0,0,0,0,0,0
Kitts Green and Shard End Education Action Zone,kitts-green-and-shard-end-education-action-zone,Other,closed,,3,1,0,0,0,0,0,0,0,0,0,0,0,0,1,0,0,0
Labour Market Evidence Group,labour-market-evidence-group,Ad-hoc advisory group,live,home-office,7,0,0,0,0,0,0,0,0,0,0,0,0,0,0,0,0,0
Labour Relations Agency (Northern Ireland),labour-relations-agency,Other,exempt,department-for-the-economy-northern-ireland,4,2,0,0,0,0,0,0,0,0,0,0,0,0,2,0,0,0
Lake District National Park Authority,lake-district-national-park-authority,Other,exempt,department-for-environment-food-rural-affairs,7,1,0,0,0,0,0,0,0,0,0,0,0,0,0,1,0,0
Lammy Review,lammy-review,Other,closed,,17,1,0,0,0,0,0,0,0,0,0,1,0,0,0,0,0,0
Land Registers of Northern Ireland,land-registers-of-northern-ireland,Executive agency,closed,,4,2,0,0,0,0,0,0,0,0,0,0,0,0,1,1,0,0
Land Registration Rule Committee,land-registration-rule-committee,Other,live,ministry-of-housing-communities-local-government,5,0,0,0,0,0,0,0,0,0,0,0,0,0,0,0,0,0
Law Commission,law-commission,Advisory non-departmental public body,exempt,ministry-of-justice,192,179,0,0,0,0,0,15,0,0,0,113,21,0,29,1,0,0
Leadership College for Government,leadership-college-for-government,Sub organisation,live,cabinet-office,13,11,4,0,1,0,0,0,0,0,0,6,0,0,0,0,0,0
Learning and Skills Council,learning-and-skills-council,Executive agency,closed,,8,6,0,0,0,0,0,0,0,0,0,0,0,0,6,0,0,0
Leasehold Advisory Service,leasehold-advisory-service,Executive non-departmental public body,exempt,ministry-of-housing-communities-local-government,5,2,0,0,0,0,0,0,0,0,0,0,0,0,2,0,0,0
Legal Aid Agency,legal-aid-agency,Executive agency,live,ministry-of-justice,1303,200,80,2,59,0,0,0,1,0,1,2,3,0,46,5,0,1
Legal Aid Board,legal-aid-board,Other,closed,,3,1,0,0,0,0,0,0,0,0,0,0,0,0,1,0,0,0
Legal Services Agency (Northern Ireland),legal-services-agency-northern-ireland,Executive agency,exempt,department-of-justice-northern-ireland,7,0,0,0,0,0,0,0,0,0,0,0,0,0,0,0,0,0
Legal Services Board,legal-services-board,Executive non-departmental public body,exempt,ministry-of-justice,34,16,0,0,0,0,0,0,0,0,0,0,0,0,16,0,0,0
Legal Services Commission,legal-services-commission,Executive agency,closed,ministry-of-justice,14,12,0,0,0,0,0,1,0,0,0,0,0,0,11,0,0,0
Leigh Park Education Action Zone,leigh-park-education-action-zone,Other,closed,,3,1,0,0,0,0,0,0,0,0,0,0,0,0,1,0,0,0
Leitch Review of Skills,leitch-review-of-skills,Other,closed,,3,1,0,0,0,0,0,0,0,0,0,0,1,0,0,0,0,0
Leveson Inquiry,leveson-inquiry,Other,closed,,4,2,0,0,0,0,0,0,0,0,0,0,2,0,0,0,0,0
LGBT Veterans Independent Review,lgbt-veterans-independent-review,Other,live,,11,3,2,0,0,0,0,0,0,0,0,0,1,0,0,0,0,0
Life Sciences Organisation,life-sciences-organisation,Other,live,,22,13,12,0,1,0,0,0,0,0,0,0,0,0,0,0,0,0
Life Sentence Review Commissioners,life-sentence-review-commissioners,Other,closed,,4,2,0,0,0,0,0,0,0,0,0,0,0,0,2,0,0,0
Livestock and Meat Commission for Northern Ireland,livestock-and-meat-commission-for-northern-ireland,Executive non-departmental public body,exempt,department-of-agriculture-environment-and-rural-affairs-northern-ireland,5,2,0,0,0,0,0,0,0,0,0,0,0,0,2,0,0,0
Local Better Regulation Office,local-better-regulation-office,Other,closed,,6,4,0,0,0,0,0,0,0,0,0,0,0,0,4,0,0,0
Local Government and Social Care Ombudsman,local-government-ombudsman,Other,exempt,ministry-of-housing-communities-local-government,28,21,0,0,0,0,0,1,0,0,0,0,1,0,19,0,0,0
LocatED,located,Executive non-departmental public body,exempt,department-for-education,12,9,0,0,0,0,0,0,0,0,0,0,0,0,9,0,0,0
London and Continental Railways Limited,london-and-continental-railways-ltd,Public corporation,closed,department-for-transport,3,0,0,0,0,0,0,0,0,0,0,0,0,0,0,0,0,0
London Thames Gateway Development Corporation,london-thames-gateway-development-corporation,Executive non-departmental public body,closed,ministry-of-housing-communities-and-local-government-2018-2021,9,7,0,0,0,0,0,0,0,0,0,0,0,0,7,0,0,0
Lord Chancellor's Department,lord-chancellors-department,Ministerial department,closed,,12,10,0,0,0,0,0,2,0,0,0,0,0,0,8,0,0,0
Loughs Agency,loughs-agency,Other,closed,,3,1,0,0,0,0,0,0,0,0,0,0,0,0,1,0,0,0
Low Carbon Contracts Company,low-carbon-contracts-company,Other,exempt,department-for-energy-security-and-net-zero,3,0,0,0,0,0,0,0,0,0,0,0,0,0,0,0,0,0
Low Level Waste Repository Ltd ,low-level-waste-repository-ltd,Other,closed,nuclear-decommissioning-authority,170,52,3,0,2,0,0,1,0,0,0,0,0,1,41,4,0,0
Low Pay Commission,low-pay-commission,Advisory non-departmental public body,live,department-for-business-and-trade,349,126,1,0,0,0,0,4,0,0,0,96,1,1,7,13,0,3
Lyons Inquiry into Local Government,lyons-inquiry-into-local-government,Other,closed,,6,4,0,0,0,0,0,1,0,0,0,0,3,0,0,0,0,0
Macur Review,macur-review,Other,closed,,6,1,0,0,0,0,0,0,0,0,1,0,0,0,0,0,0,0
Magnox Ltd,magnox-ltd,Other,closed,nuclear-decommissioning-authority,223,74,11,0,4,0,0,3,0,0,0,0,0,2,50,4,0,0
Marine Accident Investigation Branch,marine-accident-investigation-branch,Other,live,department-for-transport,1695,1320,12,0,0,0,0,8,0,0,0,175,0,0,26,3,0,1096
Marine Fisheries Agency,marine-fisheries-agency,Executive agency,closed,,6,4,0,0,0,0,0,0,0,0,0,0,0,0,4,0,0,0
Marine Management Organisation,marine-management-organisation,Executive non-departmental public body,live,department-for-environment-food-rural-affairs,2049,736,104,64,130,0,0,19,59,0,12,175,0,2,28,39,11,93
Maritime and Coastguard Agency,maritime-and-coastguard-agency,Executive agency,live,department-for-transport,1955,1220,825,43,91,11,2,8,0,0,3,26,7,2,47,130,0,25
Marshall Aid Commemoration Commission,marshall-aid-commemoration-commission,Executive non-departmental public body,exempt,foreign-commonwealth-development-office,54,45,1,0,1,0,0,1,0,0,0,0,0,0,42,0,0,0
Meat and Livestock Commission,meat-and-livestock-commission,Independent monitoring body,closed,,3,1,0,0,0,0,0,0,0,0,0,0,0,0,1,0,0,0
Meat Hygiene Service,meat-hygiene-service,Executive agency,closed,,6,4,0,0,0,0,0,0,0,0,0,0,0,0,4,0,0,0
Medical Profession,civil-service-medical-profession,Sub organisation,live,civil-service,2,0,0,0,0,0,0,0,0,0,0,0,0,0,0,0,0,0
Medical Research Council,medical-research-council,Sub organisation,exempt,uk-research-and-innovation,53,27,0,0,0,0,0,0,0,0,0,0,0,0,27,0,0,0
Medical Supplies Agency,medical-supplies-agency,Executive agency,closed,,3,1,0,0,0,0,0,0,0,0,0,0,0,0,1,0,0,0
Medicines and Healthcare products Regulatory Agency,medicines-and-healthcare-products-regulatory-agency,Executive agency,live,department-of-health-and-social-care,4464,943,233,1,158,0,0,7,346,1,4,42,4,0,58,51,7,31
Mental Health Act Commission,mental-health-act-commission,Other,closed,,7,5,0,0,0,0,0,0,0,0,0,0,0,0,5,0,0,0
Met Office,met-office,Executive agency,exempt,department-for-science-innovation-and-technology,102,45,17,0,0,0,0,0,0,0,2,1,0,0,22,0,0,3
Mid Staffordshire NHS Foundation Trust Public Inquiry 2010,mid-staffordshire-nhs-foundation-trust-public-inquiry-2010,Other,closed,,3,1,0,0,0,0,0,0,0,0,0,0,1,0,0,0,0,0
Mid Staffordshire NHS Foundation Trust Public Inquiry 2013,mid-staffordshire-nhs-foundation-trust-public-inquiry,Other,closed,,3,1,0,0,0,0,0,0,0,0,0,0,1,0,0,0,0,0
Migration Advisory Committee,migration-advisory-committee,Advisory non-departmental public body,live,home-office,211,109,7,0,1,0,0,4,0,0,0,14,58,0,19,6,0,0
Military Aviation Authority,military-aviation-authority,Sub organisation,live,ministry-of-defence,753,687,62,0,0,0,0,0,0,603,0,1,2,0,19,0,0,0
Military Engineering Experimental Establishment,military-engineering-experimental-establishment,Other,exempt,,1,0,0,0,0,0,0,0,0,0,0,0,0,0,0,0,0,0
Milk Development Council,milk-development-council,Other,closed,,5,3,0,0,0,0,0,0,0,0,0,0,0,0,3,0,0,0
Millennium Commission,millennium-commission,Other,closed,,5,3,0,0,0,0,0,0,0,0,0,0,0,0,3,0,0,0
Mining Remediation Authority,mining-remediation-authority,Executive non-departmental public body,live,department-for-energy-security-and-net-zero,141,45,26,0,7,0,0,0,1,0,4,0,0,0,7,0,0,0
Ministry of Defence,ministry-of-defence,Ministerial department,live,,14840,3611,1032,3,244,0,0,288,0,608,29,160,82,10,538,85,7,525
Ministry of Defence Police and Guarding Agency,ministry-of-defence-police-and-guarding-agency,Executive agency,closed,,3,1,0,0,0,0,0,0,0,0,0,0,0,0,1,0,0,0
"Ministry of Housing, Communities & Local Government (2018 to 2021)",ministry-of-housing-communities-and-local-government-2018-2021,Ministerial department,closed,,10849,2504,698,35,120,0,0,635,5,0,2,228,91,106,94,372,88,30
"Ministry of Housing, Communities and Local Government",ministry-of-housing-communities-local-government,Ministerial department,live,,3254,1753,709,50,411,110,10,120,10,0,2,162,49,4,12,55,0,49
Ministry of Justice,ministry-of-justice,Ministerial department,live,,8026,2509,470,9,480,12,2,582,1,0,9,343,65,15,300,175,8,38
Modernisation and Reform,modernisation-and-reform,Sub organisation,live,cabinet-office,24,9,3,0,0,0,0,2,0,0,1,0,3,0,0,0,0,0
Money and Pensions Service,single-financial-guidance-body,Executive non-departmental public body,exempt,department-for-work-pensions,24,8,0,0,0,0,0,0,0,0,0,0,0,0,8,0,0,0
Monitor,monitor,Executive non-departmental public body,closed,department-of-health-and-social-care,1007,269,69,24,18,0,0,6,4,0,5,43,21,1,44,24,0,10
Monopolies and Mergers Commission,monopolies-and-mergers-commission,Other,closed,,36,34,0,0,0,0,0,1,0,0,0,13,0,0,20,0,0,0
Morecambe Bay Investigation,morecambe-bay-investigation,Other,closed,department-of-health-and-social-care,36,24,1,0,0,0,0,1,0,0,0,0,22,0,0,0,0,0
Mull of Kintyre Review,mull-of-kintyre-review,Other,closed,,3,1,0,0,0,0,0,0,0,0,0,0,1,0,0,0,0,0
Museum of the Home,geffrye-museum,Executive non-departmental public body,exempt,department-for-culture-media-and-sport,21,14,0,0,0,0,0,0,0,0,0,0,0,0,14,0,0,0
"Museums, Libraries and Archives Council",museums-libraries-and-archives-council,Other,closed,,6,4,0,0,0,0,0,0,0,0,0,0,0,0,4,0,0,0
National Army Museum,national-army-museum,Executive non-departmental public body,exempt,ministry-of-defence,6,4,0,0,0,0,0,0,0,0,0,0,0,0,4,0,0,0
National Biological Standards Board,national-biological-standards-board,Executive agency,closed,,8,6,0,0,0,0,0,0,0,0,0,0,0,0,6,0,0,0
National Blood Authority,national-blood-authority,Other,closed,,3,1,0,0,0,0,0,0,0,0,0,0,0,0,1,0,0,0
National Care Standards Commission,national-care-standards-commission,Other,closed,,4,2,0,0,0,0,0,0,0,0,0,0,0,0,2,0,0,0
National Citizen Service,national-citizen-service,Other,closed,department-for-culture-media-and-sport,18,12,0,0,1,0,0,0,0,0,0,0,0,0,11,0,0,0
National College for School Leadership,national-college-for-school-leadership,Executive agency,closed,department-for-education,4,2,0,0,0,0,0,0,0,0,0,0,0,0,2,0,0,0
National College for Teaching and Leadership,national-college-for-teaching-and-leadership,Executive agency,closed,department-for-education,214,146,22,0,8,0,0,0,1,0,0,94,2,0,17,2,0,0
National Counter Terrorism Security Office,national-counter-terrorism-security-office,Other,exempt,home-office,5,0,0,0,0,0,0,0,0,0,0,0,0,0,0,0,0,0
National Crime Agency,national-crime-agency,Non-ministerial department,exempt,,168,98,1,0,0,0,0,68,0,0,0,6,8,0,15,0,0,0
National Crime Agency Remuneration Review Body ,national-crime-agency-remuneration-review-body,Other,live,home-office,58,18,0,0,0,0,0,1,0,0,0,6,11,0,0,0,0,0
National Crime Squad,national-crime-squad,Other,closed,,4,2,0,0,0,0,0,0,0,0,0,0,0,0,2,0,0,0
National Criminal Intelligence Service,national-criminal-intelligence-service,Executive agency,closed,,4,2,0,0,0,0,0,0,0,0,0,0,0,0,2,0,0,0
National Cyber Force,national-cyber-force,Sub organisation,live,ministry-of-defence,8,1,1,0,0,0,0,0,0,0,0,0,0,0,0,0,0,0
National Cyber Security Centre,national-cyber-security-centre,Sub organisation,exempt,government-communications-headquarters,85,14,2,0,1,0,0,8,0,0,1,0,0,0,1,0,1,0
National Data Guardian,national-data-guardian,Other,live,department-of-health-and-social-care,109,33,3,0,0,0,0,5,0,0,0,2,4,0,16,3,0,0
National DNA Database Ethics Group,national-dna-database-ethics-group,Advisory non-departmental public body,closed,home-office,27,15,1,0,0,0,0,1,0,0,0,0,0,0,12,1,0,0
National Employer Advisory Board,national-employer-advisory-board,Advisory non-departmental public body,closed,ministry-of-defence,4,1,0,0,0,0,0,0,0,0,0,0,0,0,1,0,0,0
National Employment Savings Trust (NEST) Corporation,national-employment-savings-trust,Public corporation,exempt,department-for-work-pensions,24,17,0,0,0,0,0,0,0,0,0,0,1,0,14,2,0,0
"National Endowment for Science, Technology and the Arts",national-endowment-for-science-technology-and-the-arts,Other,closed,,11,8,0,0,0,0,0,0,0,0,0,0,0,0,8,0,0,0
National Energy System Operator,national-energy-system-operator,Public corporation,exempt,department-for-energy-security-and-net-zero,10,3,0,0,0,0,0,2,0,0,1,0,0,0,0,0,0,0
National Forest Company,national-forest-company,Other,exempt,department-for-environment-food-rural-affairs,23,20,0,0,0,0,0,0,0,0,0,0,0,0,19,0,0,1
National Fraud Authority,national-fraud-authority,Executive agency,closed,home-office,50,16,0,0,0,0,0,5,0,0,0,2,0,0,9,0,0,0
National Gallery,national-gallery,Executive non-departmental public body,exempt,department-for-culture-media-and-sport,33,18,0,0,0,0,0,0,0,0,0,0,0,0,18,0,0,0
National Guardian's Office,national-guardians-office,Sub organisation,exempt,care-quality-commission,8,6,0,0,0,0,0,0,0,0,0,0,0,0,6,0,0,0
National Heritage Memorial Fund,national-heritage-memorial-fund,Executive non-departmental public body,exempt,department-for-culture-media-and-sport,27,20,0,0,0,0,0,0,0,0,0,0,0,0,20,0,0,0
National Highways,national-highways,Executive non-departmental public body,exempt,department-for-transport,195,73,8,4,1,0,0,1,0,0,44,0,0,0,14,1,0,0
National Housing Bank,national-housing-bank,Other,live,homes-england,39,18,2,0,14,0,0,2,0,0,0,0,0,0,0,0,0,0
National Information Board,national-information-board,Other,closed,department-of-health-and-social-care,49,9,1,0,0,0,0,6,0,0,0,0,0,0,2,0,0,0
National Infrastructure and Service Transformation Authority,national-infrastructure-and-service-transformation-authority,Other,live,cabinet-office,39,20,18,0,0,0,0,1,0,0,0,0,0,0,1,0,0,0
National Infrastructure Commission,national-infrastructure-commission,Executive agency,closed,hm-treasury,67,30,3,0,0,0,0,11,0,0,0,5,1,0,6,4,0,0
National Institute for Health and Care Excellence,national-institute-for-clinical-excellence,Executive non-departmental public body,exempt,department-of-health-and-social-care,36,25,1,0,1,0,0,0,0,0,0,0,0,0,21,1,0,1
National Leadership Centre,national-leadership-centre,Sub organisation,closed,cabinet-office,7,5,0,0,0,0,0,0,0,0,0,5,0,0,0,0,0,0
National Lottery Heritage Fund,national-lottery-heritage-fund,Other,exempt,national-heritage-memorial-fund,18,4,0,0,0,0,0,0,0,0,0,0,0,0,4,0,0,0
National Measurement and Regulation Office,national-measurement-and-regulation-office,Executive agency,closed,better-regulation-delivery-office,40,18,0,0,0,0,0,0,0,0,0,5,0,0,11,2,0,0
National Measurement Office,national-measurement-office,Executive agency,closed,department-for-business-innovation-skills,31,11,0,0,0,0,0,0,0,0,0,2,0,0,8,1,0,0
National Museum of the Royal Navy,royal-naval-museum,Executive non-departmental public body,exempt,ministry-of-defence,19,15,0,0,0,0,0,0,0,0,0,0,0,0,15,0,0,0
National Museums and Galleries of Northern Ireland,national-museums-and-galleries-of-northern-ireland,Other,closed,,6,3,0,0,0,0,0,0,0,0,0,0,0,0,3,0,0,0
National Museums Liverpool,national-museums-liverpool,Executive non-departmental public body,exempt,department-for-culture-media-and-sport,26,17,0,0,0,0,0,0,0,0,0,0,0,0,17,0,0,0
National Museums of Scotland,national-museums-of-scotland,Other,closed,,3,1,0,0,0,0,0,0,0,0,0,0,0,0,1,0,0,0
National Nuclear Laboratory,national-nuclear-laboratory,Public corporation,closed,department-for-energy-security-and-net-zero,4,0,0,0,0,0,0,0,0,0,0,0,0,0,0,0,0,0
National Offender Management Service,national-offender-management-service,Executive agency,closed,ministry-of-justice,159,63,13,1,1,0,0,4,0,0,0,22,0,0,21,1,0,0
National Patient Safety Agency,national-patient-safety-agency,Executive agency,closed,,9,7,0,0,0,0,0,0,0,0,0,0,0,0,7,0,0,0
National Physical Laboratory,national-physical-laboratory,Public corporation,exempt,department-for-science-innovation-and-technology,8,1,0,0,0,0,0,0,0,0,0,0,0,0,1,0,0,0
National Policing Improvement Agency,national-policing-improvement-agency,Executive agency,closed,,10,8,2,0,0,0,0,0,0,0,0,0,0,0,6,0,0,0
National Portrait Gallery,national-portrait-gallery,Executive non-departmental public body,exempt,department-for-culture-media-and-sport,31,18,0,0,0,0,0,0,0,0,0,0,0,0,18,0,0,0
National Protective Security Authority,national-protective-security-authority,Sub organisation,exempt,the-security-service-mi5,5,0,0,0,0,0,0,0,0,0,0,0,0,0,0,0,0,0
National Radiological Protection Board,national-radiological-protection-board,Other,closed,,3,1,0,0,0,0,0,0,0,0,0,0,0,0,1,0,0,0
National Records of Scotland,national-records-of-scotland,Other,closed,,158,0,0,0,0,0,0,0,0,0,0,0,0,0,0,0,0,0
National School of Government,national-school-of-government,Other,closed,,7,5,0,0,0,0,0,0,0,0,0,0,0,0,5,0,0,0
National Security and Intelligence,national-security,Sub organisation,live,cabinet-office,94,72,13,0,0,0,0,25,0,0,0,2,9,0,23,0,0,0
National Security Technology and Innovation Exchange,national-security-technology-and-innovation-exchange,Other,closed,,6,1,0,0,0,0,0,1,0,0,0,0,0,0,0,0,0,0
National Space Operations Centre,national-space-operations-centre,Sub organisation,live,ministry-of-defence,34,1,0,0,0,0,0,0,0,0,0,1,0,0,0,0,0,0
National Treatment Agency for Substance Misuse,national-treatment-agency-for-substance-misuse,Executive agency,closed,,10,7,0,0,0,0,0,0,0,0,0,0,0,0,7,0,0,0
National Wealth Fund,national-wealth-fund,Executive non-departmental public body,live,hm-treasury,5,2,0,0,0,0,0,2,0,0,0,0,0,0,0,0,0,0
National Weights and Measures Laboratory,national-weights-and-measures-laboratory,Other,closed,,8,6,0,0,0,0,0,0,0,0,0,0,0,0,6,0,0,0
Natural England,natural-england,Executive non-departmental public body,live,department-for-environment-food-rural-affairs,2581,1189,239,58,141,0,0,32,52,0,144,11,0,1,106,363,1,41
Natural Environment Research Council,natural-environment-research-council,Sub organisation,exempt,uk-research-and-innovation,34,22,0,0,0,0,0,0,0,0,1,1,0,0,20,0,0,0
Natural History Museum,natural-history-museum,Executive non-departmental public body,exempt,department-for-culture-media-and-sport,32,17,0,0,0,0,0,0,0,0,0,0,0,0,17,0,0,0
Natural Resources Institute,natural-resources-institute,Other,closed,,3,1,0,0,0,0,0,0,0,0,0,0,0,0,1,0,0,0
Natural Resources Wales,natural-resources-wales,Other,exempt,welsh-government,78,60,10,1,18,0,0,1,7,0,0,20,0,0,1,2,0,0
Nature Conservancy Council,nature-conservancy-council,Other,closed,,3,1,0,0,0,0,0,0,0,0,0,0,0,0,1,0,0,0
Network Rail,network-rail,Executive non-departmental public body,exempt,department-for-transport,35,7,0,0,0,0,0,2,1,0,0,0,1,0,1,2,0,0
New Forest National Park Authority,new-forest-national-park-authority,Other,exempt,department-for-environment-food-rural-affairs,3,0,0,0,0,0,0,0,0,0,0,0,0,0,0,0,0,0
New Opportunities Fund,new-opportunities-fund,Other,closed,,4,2,0,0,0,0,0,0,0,0,0,0,0,0,2,0,0,0
NHS Appointments Commission,nhs-appointments-commission,Other,closed,,9,7,0,0,0,0,0,0,0,0,0,0,0,0,7,0,0,0
NHS Blood and Transplant,nhs-blood-and-transplant,Special health authority,exempt,department-of-health-and-social-care,26,20,0,0,0,0,0,1,0,0,0,1,0,0,18,0,0,0
NHS Business Services Authority,nhs-business-services-authority,Special health authority,exempt,department-of-health-and-social-care,46,35,2,0,0,0,0,1,0,0,0,0,0,0,31,1,0,0
NHS Counter Fraud Authority,nhs-counter-fraud-authority,Special health authority,exempt,department-of-health-and-social-care,11,9,0,0,0,0,0,1,0,0,0,0,0,0,8,0,0,0
NHS Digital,nhs-digital,Executive non-departmental public body,closed,department-of-health-and-social-care,2554,10,0,0,0,0,0,0,0,0,0,1,0,0,9,0,0,0
NHS Direct National Health Service Trust,nhs-direct-national-health-service-trust,Other,closed,,11,9,0,0,0,0,0,0,0,0,0,0,0,0,9,0,0,0
NHS England,nhs-england,Executive non-departmental public body,exempt,department-of-health-and-social-care,3588,503,360,6,33,0,0,22,0,0,0,32,1,1,35,8,0,5
NHS Estates,nhs-estates,Other,closed,,3,1,0,0,0,0,0,0,0,0,0,0,0,0,1,0,0,0
NHS Improvement,nhs-improvement,Executive non-departmental public body,closed,department-of-health-and-social-care,15,10,0,0,0,0,0,1,0,0,0,0,0,0,9,0,0,0
NHS Information Centre,nhs-information-centre,Other,closed,,2,0,0,0,0,0,0,0,0,0,0,0,0,0,0,0,0,0
NHS Institute for Innovation and Improvement,nhs-institute-for-innovation-and-improvement,Other,closed,,10,8,0,0,0,0,0,0,0,0,0,0,0,0,8,0,0,0
NHS Litigation Authority,nhs-litigation-authority,Executive non-departmental public body,closed,department-of-health-and-social-care,13,11,0,0,0,0,0,0,0,0,0,0,0,0,11,0,0,0
NHS Logistics Authority,nhs-logistics-authority,Other,closed,,3,1,0,0,0,0,0,0,0,0,0,0,0,0,1,0,0,0
NHS Pay Review Body,nhs-pay-review-body,Advisory non-departmental public body,live,department-of-health-and-social-care,78,29,1,0,0,0,0,4,0,0,0,8,16,0,0,0,0,0
NHS Pensions Agency,nhs-pensions-agency,Executive agency,closed,,8,6,0,0,0,0,0,0,0,0,0,0,0,0,6,0,0,0
NHS Professionals,nhs-professionals,Other,closed,,6,4,0,0,0,0,0,0,0,0,0,0,0,0,4,0,0,0
NHS Purchasing and Supply Agency,nhs-purchasing-and-supply-agency,Executive agency,closed,,8,6,0,0,0,0,0,0,0,0,0,0,0,0,6,0,0,0
NHS Resolution,nhs-resolution,Special health authority,exempt,department-of-health-and-social-care,10,8,0,0,0,0,0,1,0,0,0,0,0,0,7,0,0,0
NHS Trust Development Authority,nhs-trust-development-authority,Executive non-departmental public body,closed,department-of-health-and-social-care,58,25,3,0,1,0,0,1,0,0,1,6,1,0,10,2,0,0
NHS Wales Informatics Service,nhs-wales-informatics-service,Other,exempt,,2,0,0,0,0,0,0,0,0,0,0,0,0,0,0,0,0,0
Nimrod Review,nimrod-review,Other,closed,,3,1,0,0,0,0,0,0,0,0,0,0,1,0,0,0,0,0
North East Derbyshire Coalfields Education Action Zone,north-east-derbyshire-coalfields-education-action-zone,Other,closed,,3,1,0,0,0,0,0,0,0,0,0,0,0,0,1,0,0,0
North East Education and Library Board,north-east-education-and-library-board,Other,closed,,4,2,0,0,0,0,0,0,0,0,0,0,0,0,2,0,0,0
North Gillingham Education Action Zone,north-gillingham-education-action-zone,Other,closed,,3,1,0,0,0,0,0,0,0,0,0,0,0,0,1,0,0,0
North Islington Education Action Zone,north-islington-education-action-zone,Other,closed,,3,1,0,0,0,0,0,0,0,0,0,0,0,0,1,0,0,0
North Sea Transition Authority,north-sea-transition-authority,Executive non-departmental public body,exempt,department-for-energy-security-and-net-zero,12,6,0,0,0,0,0,0,0,0,0,1,0,0,5,0,0,0
North Stockton Education Action Zone,north-stockton-education-action-zone,Other,closed,,3,1,0,0,0,0,0,0,0,0,0,0,0,0,1,0,0,0
North West Development Agency,north-west-development-agency,Executive agency,closed,,3,1,0,0,0,0,0,0,0,0,0,0,0,0,1,0,0,0
North West Shropshire Education Action Zone,north-west-shropshire-education-action-zone,Other,closed,,4,2,0,0,0,0,0,0,0,0,0,0,0,0,2,0,0,0
North York Moors National Park Authority,north-york-moors-national-park,Other,exempt,department-for-environment-food-rural-affairs,5,0,0,0,0,0,0,0,0,0,0,0,0,0,0,0,0,0
Northern Health and Social Services Board,northern-health-and-social-services-board,Other,closed,,3,1,0,0,0,0,0,0,0,0,0,0,0,0,1,0,0,0
Northern Ireland Audit Office,northern-ireland-audit-office,Other,closed,northern-ireland-executive,3,1,0,0,0,0,0,0,0,0,0,0,0,0,1,0,0,0
Northern Ireland Authority for Energy Regulation,northern-ireland-authority-for-energy-regulation,Other,closed,,4,2,0,0,0,0,0,0,0,0,0,0,0,0,2,0,0,0
Northern Ireland Cancer Registry,northern-ireland-cancer-registry,Other,exempt,department-of-health-northern-ireland,3,0,0,0,0,0,0,0,0,0,0,0,0,0,0,0,0,0
Northern Ireland Child Support Agency,northern-ireland-child-support-agency,Executive agency,closed,,3,1,0,0,0,0,0,0,0,0,0,0,0,0,1,0,0,0
Northern Ireland Commissioner for Children and Young People,northern-ireland-commissioner-for-children-and-young-people,Other,closed,,4,2,0,0,0,0,0,0,0,0,0,0,0,0,2,0,0,0
"Northern Ireland Council for the Curriculum, Examinations and Assessment",northern-ireland-council-for-the-curriculum-examinations-and-assessment,Executive non-departmental public body,exempt,department-of-education,9,6,2,0,0,0,0,0,0,0,1,0,0,0,3,0,0,0
Northern Ireland Courts and Tribunals Service,northern-ireland-court-service,Executive agency,exempt,department-of-justice-northern-ireland,440,5,0,0,0,0,0,0,0,0,0,0,0,0,5,0,0,0
Northern Ireland Executive,northern-ireland-executive,Devolved government,exempt,,241,46,0,0,0,0,0,33,0,0,0,2,0,0,5,3,0,3
Northern Ireland Health and Social Services Estates Agency,northern-ireland-health-and-social-services-estates-agency,Other,closed,,3,1,0,0,0,0,0,0,0,0,0,0,0,0,1,0,0,0
Northern Ireland Housing Executive,northern-ireland-housing-executive,Executive non-departmental public body,exempt,department-for-communities-northern-ireland,43,0,0,0,0,0,0,0,0,0,0,0,0,0,0,0,0,0
Northern Ireland Human Rights Commission,northern-ireland-human-rights-commission,Executive non-departmental public body,exempt,northern-ireland-office,14,11,0,0,0,0,0,0,0,0,0,0,0,0,11,0,0,0
Northern Ireland Judicial Appointments Commission,northern-ireland-judicial-appointments-commission,Other,closed,,7,5,0,0,0,0,0,0,0,0,0,0,0,0,5,0,0,0
Northern Ireland Judicial Appointments Ombudsman,northern-ireland-judicial-appointments-ombudsman,Other,closed,,3,1,0,0,0,0,0,0,0,0,0,0,0,0,1,0,0,0
Northern Ireland Law Commission,northern-ireland-law-commission,Other,closed,,5,3,0,0,0,0,0,0,0,0,0,0,0,0,3,0,0,0
Northern Ireland Legal Services Commission,northern-ireland-legal-services-commission,Other,closed,,11,9,0,0,0,0,0,0,0,0,0,0,0,0,9,0,0,0
Northern Ireland Local Government Officers' Superannuation Committee,northern-ireland-local-government-officers-superannuation-committee,Other,closed,,4,2,0,0,0,0,0,0,0,0,0,0,0,0,2,0,0,0
Northern Ireland Office,northern-ireland-office,Ministerial department,live,,2298,314,21,6,4,0,0,75,1,0,2,3,19,0,140,14,16,13
Northern Ireland Ombudsman,northern-ireland-ombudsman,Other,closed,,4,2,0,0,0,0,0,0,0,0,0,0,0,0,2,0,0,0
Northern Ireland Police Fund,northern-ireland-police-fund,Other,closed,,5,3,0,0,0,0,0,0,0,0,0,0,0,0,3,0,0,0
Northern Ireland Policing Board,northern-ireland-policing-board,Executive non-departmental public body,exempt,department-of-justice-northern-ireland,22,8,0,0,0,0,0,0,0,0,0,0,0,0,8,0,0,0
Northern Ireland Practice and Education Council,northern-ireland-practice-and-education-council,Other,closed,,3,1,0,0,0,0,0,0,0,0,0,0,0,0,1,0,0,0
Northern Ireland Prison Service,northern-ireland-prison-service,Executive agency,exempt,department-of-justice-northern-ireland,33,12,0,0,0,0,0,1,0,0,0,0,8,0,3,0,0,0
Northern Ireland Social Care Council,northern-ireland-social-care-council,Other,closed,,3,1,0,0,0,0,0,0,0,0,0,0,0,0,1,0,0,0
Northern Ireland Social Security Agency,northern-ireland-social-security-agency,Executive agency,closed,,6,4,0,0,0,0,0,0,0,0,0,0,0,0,4,0,0,0
Northern Ireland Statistics and Research Agency,northern-ireland-statistics-and-research-agency,Executive agency,exempt,department-of-finance-northern-ireland,5982,16,0,0,0,0,0,0,0,0,0,5,0,0,11,0,0,0
Northern Ireland Tourist Board,northern-ireland-tourist-board,Other,closed,,3,1,0,0,0,0,0,0,0,0,0,0,0,0,1,0,0,0
Northern Lighthouse Board,northern-lighthouse-board,Executive non-departmental public body,exempt,department-for-transport,112,27,0,0,0,0,0,3,0,0,0,0,0,0,24,0,0,0
Northumberland National Park Authority,northumberland-national-park-authority,Other,exempt,department-for-environment-food-rural-affairs,3,0,0,0,0,0,0,0,0,0,0,0,0,0,0,0,0,0
Northwest Business Link,northwest-business-link,Executive agency,closed,,6,4,0,0,0,0,0,0,0,0,0,0,0,0,4,0,0,0
Northwest Regional Development Agency,northwest-regional-development-agency,Executive agency,closed,,6,4,0,0,0,0,0,0,0,0,0,0,0,0,4,0,0,0
NS&I,ns-i,Non-ministerial department,exempt,hm-treasury,37,31,0,0,0,0,0,1,0,0,0,0,0,0,30,0,0,0
Nuclear Decommissioning Authority,nuclear-decommissioning-authority,Executive non-departmental public body,live,department-for-energy-security-and-net-zero,994,308,17,0,4,0,0,4,0,0,4,6,3,5,245,19,0,1
Nuclear Liabilities Financing Assurance Board,nuclear-liabilities-financing-assurance-board,Advisory non-departmental public body,live,,9,3,0,0,0,0,0,1,0,0,1,0,0,0,1,0,0,0
Nuclear Research Advisory Committee,nuclear-research-advisory-committee,Other,live,ministry-of-defence,2,0,0,0,0,0,0,0,0,0,0,0,0,0,0,0,0,0
Nuclear Research Advisory Council,nuclear-research-advisory-council,Advisory non-departmental public body,closed,ministry-of-defence,3,1,0,0,0,0,0,0,0,0,0,0,0,0,1,0,0,0
Nuclear Restoration Services,nuclear-restoration-services,Other,live,nuclear-decommissioning-authority,129,34,8,0,1,0,0,0,0,0,0,0,0,0,22,3,0,0
Nuclear Waste Services,nuclear-waste-services,Other,live,nuclear-decommissioning-authority,363,247,22,0,89,0,0,0,0,0,1,14,0,0,118,3,0,0
Oak National Academy,oak-national-academy,Executive non-departmental public body,exempt,department-for-education,7,5,0,0,0,0,0,1,0,0,0,0,0,0,4,0,0,0
Ofcom,ofcom,Other,exempt,department-for-science-innovation-and-technology,384,71,6,0,5,0,0,5,0,0,3,2,3,0,46,1,0,0
Office for Artificial Intelligence,office-for-artificial-intelligence,Sub organisation,closed,department-for-science-innovation-and-technology,50,26,10,0,4,0,0,2,0,0,1,8,1,0,0,0,0,0
Office for Budget Responsibility,office-for-budget-responsibility,Executive non-departmental public body,exempt,hm-treasury,61,47,1,0,0,0,0,13,0,0,0,2,23,0,8,0,0,0
Office for Civil Society,office-for-civil-society,Sub organisation,closed,department-for-digital-culture-media-sport,116,11,0,0,0,0,0,0,0,0,0,3,0,0,3,5,0,0
Office for Communications Data Authorisations,office-for-communications-data-authorisations,Other,closed,home-office,3,0,0,0,0,0,0,0,0,0,0,0,0,0,0,0,0,0
Office for Criminal Justice Reform,office-for-criminal-justice-reform,Other,closed,,4,2,1,0,0,0,0,1,0,0,0,0,0,0,0,0,0,0
Office for Digital Identities and Attributes,office-for-digital-identities-and-attributes,Sub organisation,live,department-for-science-innovation-and-technology,37,31,12,0,13,0,0,0,0,0,0,6,0,0,0,0,0,0
Office for Disability Issues,office-for-disability-issues,Sub organisation,closed,department-for-work-pensions,62,21,5,0,0,0,0,10,0,0,0,3,1,0,0,2,0,0
Office for Environmental Protection,office-for-environmental-protection,Executive non-departmental public body,exempt,department-for-environment-food-rural-affairs,16,12,0,0,0,0,0,5,0,0,0,0,1,0,6,0,0,0
Office for Equality and Opportunity,office-for-equality-and-opportunity,Other,live,cabinet-office,107,71,30,0,1,0,0,19,0,0,0,16,1,0,3,1,0,0
Office for Fair Access,office-for-fair-access,Executive non-departmental public body,closed,department-for-education,21,13,0,0,0,0,0,1,0,0,0,0,0,0,12,0,0,0
Office for Health Improvement and Disparities,office-for-health-improvement-and-disparities,Sub organisation,live,department-of-health-and-social-care,1006,277,93,0,99,0,0,2,0,0,0,53,20,0,3,5,0,2
Office for Investment,office-for-investment,Sub organisation,live,department-for-business-and-trade,31,1,0,0,0,0,0,0,0,0,0,1,0,0,0,0,0,0
Office for Investment: Financial Services,office-for-investment-financial-services,Sub organisation,live,office-for-investment,2,0,0,0,0,0,0,0,0,0,0,0,0,0,0,0,0,0
Office for Life Sciences,office-for-life-sciences,Sub organisation,live,department-of-health-and-social-care,113,44,3,0,1,0,0,9,0,0,2,24,4,0,0,0,0,1
Office for Local Government,office-for-local-government,Sub organisation,closed,ministry-of-housing-communities-local-government,15,4,1,0,0,0,0,1,0,0,0,0,0,0,1,0,0,1
Office for Low Emission Vehicles,office-for-low-emission-vehicles,Sub organisation,closed,department-for-transport,128,29,9,0,0,0,0,5,0,0,0,7,4,0,0,4,0,0
Office for National Statistics,office-for-national-statistics,Other,exempt,uk-statistics-authority,11177,65,3,0,3,0,0,4,0,0,0,13,1,0,10,21,1,9
Office for Nuclear Regulation,office-for-nuclear-regulation,Public corporation,exempt,department-for-work-pensions,72,50,3,0,1,0,0,0,4,0,0,2,0,0,40,0,0,0
Office for Place,office-for-place,Executive non-departmental public body,closed,ministry-of-housing-communities-local-government,29,12,3,0,7,0,0,0,0,0,0,1,0,0,1,0,0,0
Office for Product Safety and Standards,office-for-product-safety-and-standards,Sub organisation,live,department-for-business-and-trade,3982,319,79,26,107,0,0,11,0,1,0,75,4,0,8,5,0,3
Office for Responsible Business Conduct,office-for-responsible-business-conduct,Sub organisation,joining,department-for-business-and-trade,76,70,5,0,3,0,0,1,57,0,0,0,0,0,4,0,0,0
Office for Students,office-for-students,Executive non-departmental public body,exempt,department-for-education,40,15,0,0,1,0,0,0,0,0,0,0,0,0,8,6,0,0
Office for Tenants and Social Landlords,office-for-tenants-and-social-landlords,Executive agency,closed,,4,2,0,0,0,0,0,0,0,0,0,0,0,0,2,0,0,0
Office for the Independent Examiner of Complaints,office-for-the-independent-examiner-of-complaints,Sub organisation,live,home-office,8,4,0,0,1,0,0,0,0,0,0,0,0,0,3,0,0,0
Office for the Internal Market,office-for-the-internal-market,Sub organisation,live,competition-and-markets-authority,40,28,3,0,1,0,0,0,0,0,0,17,0,0,3,4,0,0
Office for the Pay Review Bodies,office-for-the-pay-review-bodies,Sub organisation,live,department-for-business-and-trade,262,196,2,0,0,0,0,1,0,0,0,37,144,0,12,0,0,0
Office for Veterans' Affairs,office-for-veterans-affairs,Sub organisation,live,ministry-of-defence,297,49,9,0,24,0,0,4,0,0,0,8,0,0,1,3,0,0
Office for Zero Emission Vehicles,office-for-zero-emission-vehicles,Sub organisation,live,department-for-transport,135,60,19,0,18,0,0,6,0,0,0,6,0,0,0,9,0,2
Office of Fair Trading,office-of-fair-trading,Non-ministerial department,closed,department-for-business-innovation-skills,49,26,5,0,0,0,0,0,0,0,0,0,0,0,17,4,0,0
Office of Financial Sanctions Implementation,office-of-financial-sanctions-implementation,Sub organisation,live,hm-treasury,239,207,101,35,16,0,0,4,0,0,17,0,0,0,32,2,0,0
Office of HM Paymaster General,office-of-hm-paymaster-general,Other,closed,,3,1,0,0,0,0,0,1,0,0,0,0,0,0,0,0,0,0
Office of Manpower Economics,office-of-manpower-economics,Sub organisation,closed,department-for-business-and-trade,340,178,1,0,0,0,0,10,0,0,0,36,113,0,17,0,0,1
Office of Rail and Road,office-of-rail-and-road,Non-ministerial department,exempt,department-for-transport,744,161,3,1,0,0,0,5,0,0,0,2,0,0,29,110,0,11
Office of Rail Regulation,office-of-rail-regulation,Non-ministerial department,closed,department-for-transport,77,35,2,1,0,0,0,2,0,0,0,0,0,0,10,3,0,17
Office of Surveillance Commissioners,office-of-surveillance-commissioners,Tribunal,closed,home-office,17,12,0,0,0,0,0,0,0,0,0,0,0,0,12,0,0,0
Office of Tax Simplification,office-of-tax-simplification,Independent monitoring body,closed,hm-treasury,222,100,0,0,0,0,0,69,0,0,0,12,0,0,10,9,0,0
Office of Telecommunications,office-of-telecommunications,Other,closed,,4,2,0,0,0,0,0,0,0,0,0,1,0,0,1,0,0,0
Office of the Advocate General for Scotland,office-of-the-advocate-general-for-scotland,Ministerial department,live,,805,36,6,0,0,0,0,5,0,0,0,3,0,0,18,2,1,1
Office of the Chief Electoral Officer for Northern Ireland,office-of-the-chief-electoral-officer-for-northern-ireland,Other,exempt,,23,19,0,0,0,0,0,0,0,0,0,0,0,0,18,1,0,0
Office of the Children's Commissioner,office-of-the-children-s-commissioner,Executive non-departmental public body,exempt,department-for-education,24,13,0,0,0,0,0,0,0,0,0,0,2,0,11,0,0,0
Office of the Commissioner for Protection Against Unlawful Industrial Action,office-of-the-commissioner-for-protection-against-unlawful-industrial-action,Other,closed,,4,2,0,0,0,0,0,0,0,0,0,0,0,0,2,0,0,0
Office of the Commissioner for the Rights of Trade Union Members,office-of-the-commissioner-for-the-rights-of-trade-union-members,Other,closed,,3,1,0,0,0,0,0,0,0,0,0,0,0,0,1,0,0,0
Office of the Data Protection Registrar,office-of-the-data-protection-registrar,Other,closed,,4,2,0,0,0,0,0,0,0,0,0,0,0,0,2,0,0,0
Office of the First Minister and Deputy First Minister,office-of-the-first-minister-and-deputy-first-minister,Other,closed,,13,2,0,0,0,0,0,0,0,0,0,0,0,0,2,0,0,0
Office of the Health Professions Adjudicator,office-of-the-health-professions-adjudicator,Other,closed,,6,4,0,0,0,0,0,0,0,0,0,0,0,0,4,0,0,0
Office of the Identity Commissioner,office-of-the-identity-commissioner,Other,closed,,3,1,0,0,0,0,0,0,0,0,0,0,0,0,1,0,0,0
Office of the Immigration Services Commissioner,office-of-the-immigration-services-commissioner,Executive non-departmental public body,closed,home-office,198,114,60,5,4,0,0,1,0,1,0,0,0,0,34,8,0,1
Office of the Independent Prevent Commissioner,office-of-the-independent-prevent-commissioner,Other,live,home-office,11,3,0,0,1,0,0,1,0,0,0,0,1,0,0,0,0,0
Office of the Lay Observer,office-of-the-lay-observer,Other,closed,,5,1,0,0,0,0,0,0,0,0,0,0,0,0,1,0,0,0
Office of the Leader of the House of Commons,the-office-of-the-leader-of-the-house-of-commons,Ministerial department,live,cabinet-office,152,89,2,0,0,0,0,85,0,0,0,0,0,0,1,1,0,0
Office of the Leader of the House of Lords,office-of-the-leader-of-the-house-of-lords,Ministerial department,live,cabinet-office,21,1,1,0,0,0,0,0,0,0,0,0,0,0,0,0,0,0
Office of the Legal Services Complaints Commissioner,office-of-the-legal-services-complaints-commissioner,Other,closed,,9,7,0,0,0,0,0,0,0,0,0,0,0,0,7,0,0,0
Office of the Legal Services Ombudsman,office-of-the-legal-services-ombudsman,Other,closed,,11,9,0,0,0,0,0,0,0,0,0,0,0,0,9,0,0,0
Office of the Oversight Commissioner,office-of-the-oversight-commissioner,Other,closed,,7,5,0,0,0,0,0,0,0,0,0,0,0,0,5,0,0,0
Office of the Parliamentary Counsel,office-of-the-parliamentary-counsel,Sub organisation,live,cabinet-office,35,17,14,0,0,0,0,0,0,0,0,2,0,0,0,1,0,0
Office of the Police Ombudsman for Northern Ireland,office-of-the-police-ombudsman-for-northern-ireland,Other,exempt,department-of-justice-northern-ireland,61,6,0,0,0,0,0,0,0,0,0,0,0,0,6,0,0,0
Office of the Public Guardian,office-of-the-public-guardian,Executive agency,live,ministry-of-justice,178,96,39,0,22,0,0,4,1,0,0,1,0,0,27,2,0,0
Office of the Registrar of Consultant Lobbyists,office-of-the-registrar-of-consultant-lobbyists,Other,exempt,cabinet-office,13,11,1,0,0,0,0,0,0,0,0,0,0,0,10,0,0,0
Office of the Regulator of Community Interest Companies,office-of-the-regulator-of-community-interest-companies,Other,live,department-for-business-and-trade,174,57,9,0,0,0,0,15,0,3,0,1,0,0,28,1,0,0
Office of the Schools Adjudicator,office-of-the-schools-adjudicator,Other,live,department-for-education,2230,2217,0,0,3,0,0,0,2213,0,0,0,0,0,1,0,0,0
Office of the Secretary of State for Scotland,office-of-the-secretary-of-state-for-scotland,Ministerial department,closed,,2549,185,11,0,0,0,0,56,0,0,0,36,2,1,73,2,3,1
Office of the Secretary of State for Wales,office-of-the-secretary-of-state-for-wales,Ministerial department,closed,,2700,110,3,0,2,0,0,54,0,0,0,2,8,2,34,2,2,1
Office of the Windrush Commissioner,office-of-the-windrush-commissioner,Independent monitoring body,exempt,home-office,3,1,1,0,0,0,0,0,0,0,0,0,0,0,0,0,0,0
Office of Trade Sanctions Implementation,office-of-trade-sanctions-implementation,Sub organisation,live,department-for-business-and-trade,41,34,10,8,13,0,0,2,0,0,0,0,0,0,1,0,0,0
Official Solicitor and Public Trustee,official-solicitor-and-public-trustee,Other,live,ministry-of-justice,44,21,8,0,1,0,0,0,0,0,0,0,0,0,12,0,0,0
Offshore Petroleum Regulator for Environment and Decommissioning,offshore-petroleum-regulator-for-environment-and-decommissioning,Sub organisation,live,department-for-energy-security-and-net-zero,98,79,1,0,13,0,0,1,45,0,1,11,0,1,0,4,0,2
Ofgem,ofgem,Non-ministerial department,exempt,department-for-energy-security-and-net-zero,136,85,4,0,8,0,0,20,1,0,3,3,0,0,34,10,1,1
Ofqual,ofqual,Non-ministerial department,live,department-for-education,2068,1059,182,79,22,43,4,2,40,148,100,221,2,0,62,150,0,4
Ofsted,ofsted,Non-ministerial department,live,department-for-education,1996,695,116,0,92,13,1,6,0,0,0,306,5,2,100,48,4,2
Oftel,oftel,Other,closed,,11,9,0,0,0,0,0,0,0,0,0,0,0,0,9,0,0,0
OGCbuyingsolutions,ogcbuyingsolutions,Other,closed,,5,3,0,0,0,0,0,0,0,0,0,0,0,0,3,0,0,0
Oil and Gas Authority,oil-and-gas-authority,Other,closed,department-for-business-energy-and-industrial-strategy,24,14,0,0,0,0,0,0,0,0,0,2,0,0,12,0,0,0
Olympic Delivery Authority,olympic-delivery-authority,Executive non-departmental public body,closed,department-for-digital-culture-media-sport,117,37,1,0,0,0,0,0,0,0,0,0,0,0,36,0,0,0
One North East,one-north-east,Executive agency,closed,,7,5,0,0,0,0,0,0,0,0,0,0,0,0,5,0,0,0
Online Procedure Rule Committee,online-procedure-rule-committee,Advisory non-departmental public body,live,ministry-of-justice,6,2,0,0,0,0,0,0,0,0,0,0,0,0,0,0,0,2
Open Innovation Team,open-innovation-team,Other,live,,21,5,2,0,3,0,0,0,0,0,0,0,0,0,0,0,0,0
Open Public Services,open-public-services,Sub organisation,live,cabinet-office,16,10,2,0,0,0,0,6,0,0,0,1,1,0,0,0,0,0
Operational Delivery Profession,civil-service-operational-delivery-profession,Sub organisation,live,civil-service,6,2,0,0,2,0,0,0,0,0,0,0,0,0,0,0,0,0
Ordnance Survey,ordnance-survey,Public corporation,exempt,department-for-science-innovation-and-technology,31,22,0,0,0,0,0,0,0,0,0,2,0,0,20,0,0,0
Ordnance Survey of Northern Ireland,ordnance-survey-of-northern-ireland,Executive agency,closed,,3,1,0,0,0,0,0,0,0,0,0,0,0,0,1,0,0,0
PackUK,packuk,Other,live,,38,16,4,0,4,0,0,5,0,0,0,0,0,0,3,0,0,0
Parades Commission for Northern Ireland,parades-commission-for-northern-ireland,Executive non-departmental public body,exempt,northern-ireland-office,12,10,0,0,0,0,0,0,0,0,0,0,0,0,10,0,0,0
Parliamentary Contributory Pension Fund,parliamentary-contributory-pension-fund,Other,exempt,,12,10,0,0,0,0,0,0,0,0,0,0,0,0,10,0,0,0
Parole Board,parole-board,Executive non-departmental public body,live,ministry-of-justice,405,213,81,1,7,0,0,3,72,0,0,1,0,0,39,0,0,9
Parole Commissioners for Northern Ireland,parole-commissioners-for-northern-ireland,Other,closed,,4,2,0,0,0,0,0,0,0,0,0,0,0,0,2,0,0,0
Particle Physics and Astronomy Research Council,particle-physics-and-astronomy-research-council,Other,closed,,3,1,0,0,0,0,0,0,0,0,0,0,0,0,1,0,0,0
Passenger Focus,passenger-focus,Executive non-departmental public body,closed,department-for-transport,36,14,2,0,0,0,0,2,0,0,0,0,0,0,10,0,0,0
Patents Court,patents-court,Court,live,hm-courts-and-tribunals-service,2,0,0,0,0,0,0,0,0,0,0,0,0,0,0,0,0,0
Patrick Finucane Review,patrick-finucane-review,Other,closed,,3,1,0,0,0,0,0,0,0,0,0,0,1,0,0,0,0,0
Payment Systems Regulator,payment-systems-regulator,Other,exempt,hm-treasury,18,15,1,0,0,0,0,3,0,0,0,1,0,0,10,0,0,0
Peak District National Park Authority,peak-district-national-park,Other,exempt,department-for-environment-food-rural-affairs,9,4,0,0,0,0,0,0,0,0,0,0,0,0,0,4,0,0
Pension Protection Fund,pension-protection-fund,Public corporation,exempt,department-for-work-pensions,25,20,0,0,0,0,0,0,0,0,0,0,0,0,20,0,0,0
Pension Service,pension-service,Executive agency,closed,,5,3,0,0,0,0,0,0,0,0,0,0,0,0,3,0,0,0
"Pension, Disability and Carers Service",pension-disability-and-carers-service,Executive agency,closed,,5,3,0,0,0,0,0,0,0,0,0,0,0,0,3,0,0,0
"People, Pay and Pensions Agency",people-pay-and-pensions-agency,Executive agency,closed,,7,5,0,0,0,0,0,0,0,0,0,0,0,0,5,0,0,0
Personal Accounts Delivery Authority,personal-accounts-delivery-authority,Other,closed,,5,3,0,0,0,0,0,0,0,0,0,0,0,0,3,0,0,0
Pesticides Safety Directorate,pesticides-safety-directorate,Other,closed,,4,2,0,0,0,0,0,0,0,0,0,0,0,0,2,0,0,0
Peterlee Education Action Zone,peterlee-education-action-zone,Other,closed,,3,1,0,0,0,0,0,0,0,0,0,0,0,0,1,0,0,0
Phoenix Sports,phoenix-sports,Other,closed,,4,2,0,0,0,0,0,0,0,0,0,0,0,0,2,0,0,0
Phone-paid Services Authority,phone-paid-services-authority,Other,closed,department-for-science-innovation-and-technology,6,4,0,0,0,0,0,0,0,0,0,0,0,0,4,0,0,0
Planning Court,planning-court,Court,live,hm-courts-and-tribunals-service,2,0,0,0,0,0,0,0,0,0,0,0,0,0,0,0,0,0
Planning Inspectorate,planning-inspectorate,Executive agency,live,ministry-of-housing-communities-local-government,843,340,94,0,223,0,0,1,1,0,4,1,0,0,15,1,0,0
Planning Service,planning-service,Other,closed,,4,2,0,0,0,0,0,0,0,0,0,0,0,0,2,0,0,0
Plant Varieties and Seeds Tribunal,plant-varieties-and-seeds-tribunal,Tribunal,live,department-for-environment-food-rural-affairs,4,0,0,0,0,0,0,0,0,0,0,0,0,0,0,0,0,0
Platform4,platform4,Public corporation,exempt,network-rail,3,0,0,0,0,0,0,0,0,0,0,0,0,0,0,0,0,0
Plymouth Education Action Zone,plymouth-education-action-zone,Other,closed,,3,1,0,0,0,0,0,0,0,0,0,0,0,0,1,0,0,0
Police Advisory Board for England and Wales,police-advisory-board-for-england-and-wales,Advisory non-departmental public body,live,home-office,26,15,3,0,0,0,0,0,0,0,0,0,0,0,12,0,0,0
Police Arbitration Tribunal,police-arbitration-tribunal,Tribunal,closed,home-office,2,0,0,0,0,0,0,0,0,0,0,0,0,0,0,0,0,0
Police Complaints Authority,police-complaints-authority,Other,closed,,3,1,0,0,0,0,0,0,0,0,0,0,0,0,1,0,0,0
Police Discipline Appeals Tribunal,police-discipline-appeals-tribunal,Tribunal,live,home-office,2,0,0,0,0,0,0,0,0,0,0,0,0,0,0,0,0,0
Police Information Technology Organisation,police-information-technology-organisation,Executive agency,closed,,4,2,0,0,0,0,0,0,0,0,0,0,0,0,2,0,0,0
Police Negotiating Board,police-negotiating-board,Advisory non-departmental public body,closed,home-office,6,1,0,0,0,0,0,0,0,0,0,0,0,0,1,0,0,0
Police Remuneration Review Body,police-remuneration-review-body,Advisory non-departmental public body,live,home-office,89,32,0,0,0,0,0,10,0,0,0,0,22,0,0,0,0,0
Police Service of Northern Ireland,police-service-of-northern-ireland,Executive non-departmental public body,exempt,department-of-justice-northern-ireland,980,7,0,0,0,0,0,0,0,0,0,0,0,0,7,0,0,0
Policy Lab,policy-lab,Other,joining,,6,0,0,0,0,0,0,0,0,0,0,0,0,0,0,0,0,0
Policy Profession,civil-service-policy-profession,Sub organisation,live,civil-service,7,5,5,0,0,0,0,0,0,0,0,0,0,0,0,0,0,0
Polytechnics and Colleges Funding Council,polytechnics-and-colleges-funding-council,Other,closed,,3,1,0,0,0,0,0,0,0,0,0,0,0,0,1,0,0,0
Porton Biopharma Limited,porton-biopharma-limited,Other,exempt,department-of-health-and-social-care,2,0,0,0,0,0,0,0,0,0,0,0,0,0,0,0,0,0
Post Office,post-office,Public corporation,exempt,department-for-business-and-trade,35,12,5,0,0,0,0,1,0,0,0,0,2,0,2,1,1,0
Postal Services Commission,postal-services-commission,Other,closed,,13,11,0,0,0,0,0,0,0,0,0,0,0,0,11,0,0,0
Postgraduate Medical Education and Training Board,postgraduate-medical-education-and-training-board,Other,closed,,9,7,0,0,0,0,0,0,0,0,0,0,0,0,7,0,0,0
Prescription Pricing Authority,prescription-pricing-authority,Other,closed,,3,1,0,0,0,0,0,0,0,0,0,0,0,0,1,0,0,0
Preventing Sexual Violence in Conflict Initiative,preventing-sexual-violence-in-conflict-initiative,Sub organisation,live,foreign-commonwealth-development-office,76,22,4,0,4,0,0,10,0,0,0,0,1,0,3,0,0,0
"Prime Minister's Office, 10 Downing Street",prime-ministers-office-10-downing-street,Executive office,live,cabinet-office,9014,347,8,0,1,0,0,314,0,0,0,5,3,0,4,1,11,0
Prison Service Pay Review Body,prison-services-pay-review-body,Advisory non-departmental public body,live,ministry-of-justice,130,56,0,0,0,0,0,10,0,0,0,19,21,0,6,0,0,0
Prisons and Probation Ombudsman,prisons-and-probation-ombudsman,Other,exempt,ministry-of-justice,24,18,0,0,0,0,0,2,0,0,0,0,0,0,16,0,0,0
Privy Council Office,privy-council-office,Other,exempt,cabinet-office,10,2,0,0,0,0,0,0,0,0,0,0,0,0,2,0,0,0
Probation Board for Northern Ireland,probation-board-for-northern-ireland,Other,exempt,department-of-justice-northern-ireland,32,6,0,0,0,0,0,0,0,0,0,0,0,0,6,0,0,0
Probation Service,probation-service,Sub organisation,live,hm-prison-and-probation-service,386,335,10,0,287,0,0,15,0,0,0,1,0,0,21,1,0,0
Procurement profession,civil-service-procurement-profession,Sub organisation,closed,civil-service,2,0,0,0,0,0,0,0,0,0,0,0,0,0,0,0,0,0
Professional Oversight Board,professional-oversight-board,Other,closed,,8,6,0,0,0,0,0,0,0,0,0,0,0,0,6,0,0,0
Professional Standards Authority for Health and Social Care,professional-standards-authority-for-health-and-social-care,Other,exempt,,24,22,0,0,0,0,0,0,0,0,0,0,0,0,22,0,0,0
Project Delivery Function,project-delivery-function,Sub organisation,closed,civil-service,2,0,0,0,0,0,0,0,0,0,0,0,0,0,0,0,0,0
Project Delivery Profession,civil-service-project-delivery-profession,Sub organisation,closed,civil-service,2,0,0,0,0,0,0,0,0,0,0,0,0,0,0,0,0,0
Public Accounts Commission,public-accounts-commission,Other,closed,,9,7,0,0,0,0,0,0,0,0,0,0,0,0,7,0,0,0
Public Health Agency (Northern Ireland),public-health-agency-northern-ireland,Other,exempt,department-of-health-northern-ireland,17,1,0,0,0,0,0,1,0,0,0,0,0,0,0,0,0,0
Public Health England,public-health-england,Executive agency,closed,department-of-health-and-social-care,5598,2457,996,0,159,0,0,50,0,0,0,1018,53,5,131,33,0,12
Public Health Laboratory Service Board,public-health-laboratory-service-board,Executive agency,closed,,5,3,0,0,0,0,0,0,0,0,0,0,0,0,3,0,0,0
Public Health Wales,public-health-wales,Other,exempt,,25,3,0,0,0,0,0,1,0,0,0,2,0,0,0,0,0,0
Public Lending Right Office,public-lending-right-office,Other,closed,,12,10,0,0,0,0,0,0,0,0,0,0,0,0,9,0,0,1
Public Prosecution Service for Northern Ireland,public-prosecution-service-for-northern-ireland,Other,exempt,northern-ireland-executive,51,3,0,0,0,0,0,0,0,0,0,0,0,0,3,0,0,0
Public Sector Fraud Authority,public-sector-fraud-authority,Sub organisation,live,cabinet-office,75,52,23,2,4,0,0,11,0,0,0,0,0,0,9,3,0,0
Public Services Ombudsman for Wales,public-services-ombudsman-for-wales,Other,exempt,,2,0,0,0,0,0,0,0,0,0,0,0,0,0,0,0,0,0
Pubs Code Adjudicator,pubs-code-adjudicator,Other,exempt,department-for-business-and-trade,94,28,0,0,1,0,0,0,0,0,0,0,0,0,27,0,0,0
Qualifications and Curriculum Authority,qualifications-and-curriculum-authority,Executive agency,closed,,12,10,0,0,0,0,0,0,0,0,0,4,0,0,6,0,0,0
Qualifications and Curriculum Development Agency,qualifications-and-curriculum-development-agency,Executive agency,closed,,4,2,0,0,0,0,0,0,0,0,0,0,0,0,2,0,0,0
Queen Elizabeth II Conference Centre,queen-elizabeth-ii-conference-centre,Executive agency,exempt,ministry-of-housing-communities-local-government,73,20,0,0,0,0,0,0,0,0,0,0,0,0,19,0,1,0
Race Disparity Unit,race-disparity-unit,Sub organisation,closed,cabinet-office,76,40,4,0,1,0,0,8,0,0,0,21,2,0,1,3,0,0
Race Equality Unit,race-equality-unit,Sub organisation,live,cabinet-office,16,10,2,0,0,0,0,0,0,0,0,7,0,0,0,1,0,0
Radioactive Waste Management,radioactive-waste-management,Other,closed,nuclear-decommissioning-authority,188,37,2,0,3,0,0,2,0,0,0,8,0,0,14,8,0,0
Rail Accident Investigation Branch,rail-accident-investigation-branch,Other,live,department-for-transport,1068,791,11,0,1,0,0,10,0,0,0,28,122,0,23,0,0,596
Rail Safety and Standards Board,rail-safety-and-standards-board,Other,exempt,,5,1,0,0,0,0,0,1,0,0,0,0,0,0,0,0,0,0
Railway Heritage Committee,railway-heritage-committee,Executive non-departmental public body,closed,department-for-transport,2,0,0,0,0,0,0,0,0,0,0,0,0,0,0,0,0,0
Reclaim Fund Ltd,reclaim-fund-ltd,Executive non-departmental public body,live,hm-treasury,6,4,0,0,0,0,0,2,0,0,0,0,0,0,2,0,0,0
Redfern Inquiry,redfern-inquiry,Other,closed,,4,2,0,0,0,0,0,0,0,0,0,0,2,0,0,0,0,0
Regeneration Investment Organisation,regeneration-investment-organisation,Sub organisation,closed,uk-trade-investment,3,0,0,0,0,0,0,0,0,0,0,0,0,0,0,0,0,0
Regional Department for Education (DfE) Directors ,regional-department-for-education-dfe-directors,Sub organisation,live,department-for-education,112,0,0,0,0,0,0,0,0,0,0,0,0,0,0,0,0,0
Regional Schools Commissioners,regional-schools-commissioners,Sub organisation,closed,department-for-education,9,0,0,0,0,0,0,0,0,0,0,0,0,0,0,0,0,0
Regulator of Social Housing,regulator-of-social-housing,Executive non-departmental public body,live,ministry-of-housing-communities-local-government,1162,645,42,0,68,0,0,6,344,0,4,140,0,1,15,12,0,13
Regulatory Delivery,regulatory-delivery,Other,closed,,26,12,2,0,0,0,0,4,0,0,0,1,1,0,2,2,0,0
Regulatory Horizons Council,regulatory-horizons-council,Other,closed,department-for-science-innovation-and-technology,30,21,0,0,0,0,0,3,0,0,0,4,14,0,0,0,0,0
Regulatory Innovation Office,regulatory-innovation-office,Sub organisation,live,department-for-science-innovation-and-technology,22,10,3,0,0,0,0,3,0,0,2,1,1,0,0,0,0,0
Regulatory Policy Committee,regulatory-policy-committee,Advisory non-departmental public body,live,department-for-business-and-trade,816,797,19,0,0,0,0,0,0,0,0,776,1,0,1,0,0,0
Remploy Ltd,remploy-ltd,Executive non-departmental public body,closed,department-for-work-pensions,6,4,0,0,0,0,0,0,0,0,0,0,0,0,4,0,0,0
Remploy Pension Scheme Trustees Ltd ,remploy-pension-scheme-trustees-ltd,Other,exempt,department-for-work-pensions,2,0,0,0,0,0,0,0,0,0,0,0,0,0,0,0,0,0
Renewable Fuels Agency,renewable-fuels-agency,Executive agency,closed,,8,6,0,0,0,0,0,0,0,0,0,0,0,0,6,0,0,0
Rent Service,rent-service,Executive agency,closed,,4,2,0,0,0,0,0,0,0,0,0,0,0,0,2,0,0,0
Research Collaboration Advice Team,research-collaboration-advice-team,Sub organisation,live,department-for-science-innovation-and-technology,7,4,1,0,0,0,0,0,0,0,1,0,0,0,2,0,0,0
Research England,research-england,Sub organisation,exempt,uk-research-and-innovation,1,0,0,0,0,0,0,0,0,0,0,0,0,0,0,0,0,0
Reserve Forces' and Cadets' Associations (RFCA),reserve-forces-and-cadets-associations,Other,live,ministry-of-defence,14703,24,3,0,14,0,0,0,0,0,0,0,1,0,6,0,0,0
Reserve Forces Appeal Tribunal,reserve-forces-appeal-tribunal,Tribunal,live,hm-courts-and-tribunals-service,2,0,0,0,0,0,0,0,0,0,0,0,0,0,0,0,0,0
Revenue and Customs Prosecutions Office,revenue-and-customs-prosecutions-office,Other,closed,,6,4,0,0,0,0,0,0,0,0,0,0,0,0,4,0,0,0
Review Board for Government Contracts,review-board-for-government-contracts,Advisory non-departmental public body,closed,ministry-of-defence,5,3,0,0,0,0,0,0,0,0,0,0,1,0,2,0,0,0
Review Body for Nursing and Other Health Professions,review-body-for-nursing-and-other-health-professions,Other,closed,,4,2,0,0,0,0,0,0,0,0,0,2,0,0,0,0,0,0
Review Body on Doctors' and Dentists' Remuneration,review-body-on-doctors-and-dentists-remuneration,Advisory non-departmental public body,live,department-of-health-and-social-care,75,32,0,0,0,0,0,4,0,0,0,8,17,0,2,1,0,0
Rivers Agency,rivers-agency,Executive agency,closed,,5,3,0,0,0,0,0,0,0,0,0,0,0,0,3,0,0,0
Roads Service,roads-service,Other,closed,,3,1,0,0,0,0,0,0,0,0,0,0,0,0,1,0,0,0
Rosemary Nelson Inquiry,rosemary-nelson-inquiry,Other,closed,,3,1,0,0,0,0,0,0,0,0,0,0,1,0,0,0,0,0
Royal Air Force Museum,royal-air-force-museum,Executive non-departmental public body,exempt,ministry-of-defence,14,11,0,0,0,0,0,0,0,0,0,0,0,0,11,0,0,0
Royal Armouries Museum,royal-armouries-museum,Executive non-departmental public body,exempt,department-for-culture-media-and-sport,30,19,0,0,0,0,0,0,0,0,0,0,0,0,19,0,0,0
Royal Commission on Criminal Justice,royal-commission-on-criminal-justice,Other,closed,,3,1,0,0,0,0,0,0,0,0,0,0,1,0,0,0,0,0
Royal Commission on Environmental Pollution,royal-commission-on-environmental-pollution,Other,closed,,7,5,0,0,0,0,0,1,0,0,0,0,4,0,0,0,0,0
Royal Liverpool Childrens Inquiry,royal-liverpool-childrens-inquiry,Other,closed,,4,2,0,0,0,0,0,0,0,0,0,0,2,0,0,0,0,0
Royal Mail,royal-mail,Public corporation,closed,,9,7,0,0,0,0,0,0,0,0,0,0,0,0,7,0,0,0
Royal Marines Museum,royal-marines-museum,Sub organisation,exempt,ministry-of-defence,10,7,0,0,0,0,0,0,0,0,0,0,0,0,7,0,0,0
Royal Mint,royal-mint,Other,exempt,hm-treasury,32,19,0,0,0,0,0,1,0,0,0,0,0,0,18,0,0,0
Royal Mint Advisory Committee,royal-mint-advisory-committee,Advisory non-departmental public body,live,hm-treasury,9,0,0,0,0,0,0,0,0,0,0,0,0,0,0,0,0,0
Royal Museums Greenwich,royal-museums-greenwich,Executive non-departmental public body,exempt,department-for-culture-media-and-sport,27,17,0,0,0,0,0,0,0,0,0,0,0,0,17,0,0,0
Royal Navy Submarine Museum,royal-navy-submarine-museum,Sub organisation,exempt,ministry-of-defence,10,7,0,0,0,0,0,0,0,0,0,0,0,0,7,0,0,0
Royal Parks,royal-parks,Public corporation,exempt,department-for-culture-media-and-sport,21,8,0,0,0,0,0,0,0,0,0,0,0,0,8,0,0,0
Royal Trustees' Office,royal-trustees-office,Other,closed,,7,5,0,0,0,0,0,0,0,0,0,0,0,0,5,0,0,0
Rural Development Programme for England Network,rural-development-programme-for-england-network,Sub organisation,closed,department-for-environment-food-rural-affairs,1,0,0,0,0,0,0,0,0,0,0,0,0,0,0,0,0,0
Rural Payments Agency,rural-payments-agency,Executive agency,live,department-for-environment-food-rural-affairs,3444,1256,918,4,135,100,9,8,0,0,45,2,0,0,33,2,0,0
S4C,s4c,Other,exempt,department-for-culture-media-and-sport,19,7,0,0,0,0,0,0,0,0,0,0,2,0,5,0,0,0
Salix Finance Ltd,salix-finance-ltd,Executive non-departmental public body,exempt,department-for-energy-security-and-net-zero,3,1,0,0,0,0,0,0,0,0,0,0,0,0,1,0,0,0
School Food Trust,school-food-trust,Other,closed,,6,4,0,0,0,0,0,0,0,0,0,0,0,0,4,0,0,0
School Teachers' Review Body,school-teachers-review-body,Advisory non-departmental public body,live,department-for-education,79,30,0,0,0,0,0,2,0,0,0,13,15,0,0,0,0,0
Schools Commissioners Group,schools-commissioners-group,Sub organisation,closed,department-for-education,1,0,0,0,0,0,0,0,0,0,0,0,0,0,0,0,0,0
Science Advisory Committees,science-advisory-committees,Executive non-departmental public body,joining,food-standards-agency,1,0,0,0,0,0,0,0,0,0,0,0,0,0,0,0,0,0
Science and Technology Ethics Advisory Committee,science-and-technology-ethics-advisory-committee,Advisory non-departmental public body,live,home-office,17,6,1,0,0,0,0,0,0,0,0,4,0,0,1,0,0,0
Science and Technology Facilities Council,science-and-technology-facilities-council,Sub organisation,exempt,uk-research-and-innovation,38,19,0,0,0,0,0,0,0,0,1,0,0,0,18,0,0,0
Science Council,science-council,Other,joining,food-standards-agency,1,0,0,0,0,0,0,0,0,0,0,0,0,0,0,0,0,0
Science Museum Group,science-museum-group,Executive non-departmental public body,exempt,department-for-culture-media-and-sport,34,20,0,0,0,0,0,0,0,0,0,0,0,0,20,0,0,0
Scientific Advisory Committee on the Medical Implications of Less-Lethal Weapons,science-advisory-committee-on-the-medical-implications-of-less-lethal-weapons,Advisory non-departmental public body,closed,ministry-of-defence,8,5,1,0,0,0,0,0,0,0,0,0,0,0,4,0,0,0
Scientific Advisory Group for Emergencies,scientific-advisory-group-for-emergencies,Other,live,,1158,1010,3,0,0,0,0,2,0,0,0,1003,1,0,1,0,0,0
Scotland Office,scotland-office,Ministerial department,live,,209,12,1,0,0,0,0,6,0,0,0,0,0,0,4,0,1,0
Scottish Arts Council,scottish-arts-council,Other,closed,,7,5,0,0,0,0,0,0,0,0,0,0,0,0,5,0,0,0
Scottish Hospital Trust,scottish-hospital-trust,Other,closed,,3,1,0,0,0,0,0,0,0,0,0,0,0,0,1,0,0,0
Scottish Law Commission,scottish-law-commission,Other,closed,,18,16,0,0,0,0,0,0,0,0,0,11,1,0,4,0,0,0
Scottish Office,scottish-office,Ministerial department,closed,,36,27,1,0,0,0,0,11,0,0,0,0,4,0,11,0,0,0
Scottish Screen,scottish-screen,Other,closed,,10,8,0,0,0,0,0,0,0,0,0,0,0,0,8,0,0,0
Scottish Sports Council,scottish-sports-council,Executive agency,closed,,14,12,0,0,0,0,0,0,0,0,0,0,0,0,12,0,0,0
Seafish,seafish,Executive non-departmental public body,exempt,department-for-environment-food-rural-affairs,24,14,1,0,0,0,0,2,0,0,0,2,0,0,9,0,0,0
Secret Intelligence Service,secret-intelligence-service,Other,exempt,foreign-commonwealth-development-office,17,5,0,0,0,0,0,0,0,0,1,0,0,0,4,0,0,0
Security Industry Authority,security-industry-authority,Executive non-departmental public body,live,home-office,904,167,23,1,48,0,0,4,0,0,0,8,0,2,75,3,1,2
Security Vetting Appeals Panel,security-vetting-appeals-panel,Advisory non-departmental public body,live,cabinet-office,16,6,5,0,0,0,0,0,0,0,0,0,0,0,1,0,0,0
Sellafield Ltd,sellafield-ltd,Other,live,nuclear-decommissioning-authority,915,199,23,3,9,0,0,1,0,0,0,10,0,1,145,7,0,0
Senior Courts Costs Office,senior-courts-costs-office,Court,live,hm-courts-and-tribunals-service,3,1,1,0,0,0,0,0,0,0,0,0,0,0,0,0,0,0
Senior Salaries Review Body ,review-body-on-senior-salaries,Advisory non-departmental public body,live,cabinet-office,149,71,1,0,0,0,0,9,0,0,0,16,28,0,15,0,0,2
Sentence Review Commissioners,sentence-review-commissioners,Other,closed,,11,9,0,0,0,0,0,0,0,0,0,0,0,0,9,0,0,0
Sentencing Council for England and Wales,the-sentencing-council-for-england-and-wales,Advisory non-departmental public body,exempt,ministry-of-justice,20,5,0,0,0,0,0,0,0,0,0,0,0,0,0,0,0,5
Serious Fraud Office,serious-fraud-office,Non-ministerial department,live,attorney-generals-office,225,57,19,2,1,0,0,6,0,0,2,0,0,1,26,0,0,0
Serious Organised Crime Agency,serious-organised-crime-agency,Executive non-departmental public body,closed,home-office,15,8,0,0,0,0,0,0,0,0,0,0,0,0,8,0,0,0
Service Children's Education,service-children-s-education,Executive agency,closed,ministry-of-defence,8,6,0,0,0,0,0,0,0,0,0,0,0,0,6,0,0,0
Service Complaints Commissioner,service-complaints-commissioner,Other,closed,ministry-of-defence,3,0,0,0,0,0,0,0,0,0,0,0,0,0,0,0,0,0
Service Complaints Ombudsman ,service-complaints-ombudsman,Other,exempt,ministry-of-defence,3,0,0,0,0,0,0,0,0,0,0,0,0,0,0,0,0,0
Service Personnel and Veterans Agency,service-personnel-and-veterans-agency,Executive agency,closed,ministry-of-defence,5,2,0,0,0,0,0,0,0,0,0,0,0,0,2,0,0,0
Service Prosecuting Authority,service-prosecuting-authority,Other,transitioning,ministry-of-defence,3,1,1,0,0,0,0,0,0,0,0,0,0,0,0,0,0,0
Sheffield Forgemasters International Ltd,sheffield-forgemasters-international-ltd,Public corporation,exempt,ministry-of-defence,6,2,0,0,0,0,0,0,0,0,0,0,0,0,2,0,0,0
Shipman Inquiry,shipman-inquiry,Other,closed,,4,2,0,0,0,0,0,0,0,0,0,0,2,0,0,0,0,0
Single Source Regulations Office,single-source-regulations-office,Executive non-departmental public body,exempt,ministry-of-defence,433,245,54,18,9,0,0,1,0,0,0,44,20,0,56,41,0,2
Sir John Soane's Museum,sir-john-soane-s-museum,Executive non-departmental public body,exempt,department-for-culture-media-and-sport,21,19,0,0,0,0,0,0,0,0,0,0,0,0,19,0,0,0
SITPRO,sitpro,Other,closed,,4,2,0,0,0,0,0,0,0,0,0,0,0,0,2,0,0,0
Skills England,skills-england,Executive agency,live,department-for-work-pensions,50,29,12,1,4,0,0,0,0,0,0,10,0,0,1,0,0,1
Skills Funding Agency,skills-funding-agency,Executive agency,closed,department-for-education,151,32,2,0,0,0,0,2,0,0,0,20,1,0,7,0,0,0
Small Business Commissioner,small-business-commissioner,Executive non-departmental public body,live,department-for-business-and-trade,33,8,0,0,0,0,0,0,1,0,0,0,0,0,6,0,0,1
Social Mobility and Child Poverty Commission,social-mobility-and-child-poverty-commission,Advisory non-departmental public body,closed,department-for-education,60,29,0,0,0,0,0,7,0,0,0,20,0,0,0,2,0,0
Social Mobility Commission,social-mobility-commission,Advisory non-departmental public body,exempt,cabinet-office,168,79,7,0,0,0,0,0,0,0,0,64,0,0,8,0,0,0
Social Science Research Committee,social-science-research-committee,Advisory non-departmental public body,exempt,food-standards-agency,2,0,0,0,0,0,0,0,0,0,0,0,0,0,0,0,0,0
Social Security Advisory Committee,social-security-advisory-committee,Advisory non-departmental public body,live,department-for-work-pensions,263,125,0,0,0,0,0,16,0,0,0,1,73,0,17,17,0,1
Social Security Agency,social-security-agency,Executive agency,closed,northern-ireland-executive,3,1,0,0,0,0,0,0,0,0,0,0,0,0,1,0,0,0
Social Work England,social-work-england,Executive non-departmental public body,exempt,department-for-education,11,9,0,0,0,0,0,0,0,0,0,0,0,0,8,1,0,0
South Bradford Education Action Zone,south-bradford-education-action-zone,Other,closed,,3,1,0,0,0,0,0,0,0,0,0,0,0,0,1,0,0,0
South Downs National Park Authority,south-downs-national-park-authority,Other,exempt,department-for-environment-food-rural-affairs,5,2,0,0,0,0,0,0,0,0,0,1,0,0,0,1,0,0
South East England Development Agency,south-east-england-development-agency,Executive agency,closed,,7,5,0,0,0,0,0,0,0,0,0,0,0,0,5,0,0,0
South East England Virtual Education Action Zone,south-east-england-virtual-education-action-zone,Other,closed,,3,1,0,0,0,0,0,0,0,0,0,0,0,0,1,0,0,0
South East Sheffield Education Action Zone,south-east-sheffield-education-action-zone,Other,closed,,3,1,0,0,0,0,0,0,0,0,0,0,0,0,1,0,0,0
South Eastern Education and Library Board,south-eastern-education-and-library-board,Other,closed,,4,2,0,0,0,0,0,0,0,0,0,0,0,0,2,0,0,0
South West of England Regional Development Agency,south-west-of-england-regional-development-agency,Executive agency,closed,,7,5,0,0,0,0,0,0,0,0,0,0,0,0,5,0,0,0
Southend Education Action Zone,southend-education-action-zone,Other,closed,,3,1,0,0,0,0,0,0,0,0,0,0,0,0,1,0,0,0
Southern Health and Social Services Board,southern-health-and-social-services-board,Other,closed,,3,1,0,0,0,0,0,0,0,0,0,0,0,0,1,0,0,0
Special EU Programmes Body,special-eu-programmes-body,Other,closed,,4,2,0,0,0,0,0,0,0,0,0,0,0,0,2,0,0,0
Speke Garston Education Action Zone,speke-garston-education-action-zone,Other,closed,,4,2,0,0,0,0,0,0,0,0,0,0,0,0,2,0,0,0
Sport England,sport-england,Executive non-departmental public body,exempt,department-for-culture-media-and-sport,80,34,1,0,0,0,0,1,0,0,0,1,0,0,31,0,0,0
Sport Northern Ireland (Sports Council for Northern Ireland),sports-council-for-northern-ireland,Other,exempt,department-for-communities-northern-ireland,16,14,0,0,0,0,0,0,0,0,0,0,0,0,14,0,0,0
Sports Council for Wales,sports-council-for-wales,Other,exempt,welsh-government,23,20,0,0,0,0,0,0,0,0,0,0,0,0,20,0,0,0
Sports Grounds Safety Authority,sports-grounds-safety-authority,Executive non-departmental public body,exempt,department-for-culture-media-and-sport,21,10,1,0,0,0,0,0,0,0,0,0,0,0,9,0,0,0
Stabilisation Unit,stabilisation-unit,Other,closed,,80,53,15,0,0,0,0,11,0,0,0,8,2,0,17,0,0,0
Staff Commission for Education and Library Boards,staff-commission-for-education-and-library-boards,Other,closed,,4,2,0,0,0,0,0,0,0,0,0,0,0,0,2,0,0,0
Standards and Testing Agency,standards-and-testing-agency,Executive agency,live,department-for-education,218,159,95,16,24,0,0,1,0,0,0,1,3,0,17,2,0,0
Standards Board for England,standards-board-for-england,Other,closed,,8,6,0,0,0,0,0,0,0,0,0,0,0,0,6,0,0,0
State Veterinary Service,state-veterinary-service,Other,closed,,4,2,0,0,0,0,0,0,0,0,0,0,0,0,2,0,0,0
Statistics Commission,statistics-commission,Other,closed,,4,2,0,0,0,0,0,0,0,0,0,0,0,0,2,0,0,0
Stoke Education Action Zone,stoke-education-action-zone,Other,closed,,3,1,0,0,0,0,0,0,0,0,0,0,0,0,1,0,0,0
Strategic Command,strategic-command,Sub organisation,closed,ministry-of-defence,194,14,4,0,2,0,0,6,0,0,0,1,0,0,1,0,0,0
Strategic Rail Authority,strategic-rail-authority,Other,closed,,4,2,0,0,0,0,0,0,0,0,0,0,0,0,2,0,0,0
Student Loans Company,student-loans-company,Executive non-departmental public body,live,department-for-education,1120,170,53,3,46,0,0,0,0,0,0,0,0,0,67,1,0,0
Submarine Delivery Agency,submarine-delivery-agency,Executive agency,live,ministry-of-defence,49,15,4,0,1,0,0,0,0,0,0,0,0,0,10,0,0,0
Subsidy Advice Unit,subsidy-advice-unit,Sub organisation,live,competition-and-markets-authority,97,92,2,0,1,0,0,0,0,0,1,0,86,0,0,2,0,0
Sunderland Education Action Zone,sunderland-education-action-zone,Other,closed,,3,1,0,0,0,0,0,0,0,0,0,0,0,0,1,0,0,0
Supreme Court of the United Kingdom,supreme-court-of-the-united-kingdom,Non-ministerial department,exempt,,15,13,0,0,0,0,0,0,0,0,0,0,0,0,13,0,0,0
Surveillance Camera Commissioner,surveillance-camera-commissioner,Other,closed,home-office,81,13,4,1,0,0,0,0,0,0,0,0,0,0,7,1,0,0
Sutherland Inquiry,sutherland-inquiry,Other,closed,,3,1,0,0,0,0,0,0,0,0,0,0,1,0,0,0,0,0
Tate,tate,Executive non-departmental public body,exempt,department-for-culture-media-and-sport,30,18,0,0,0,0,0,0,0,0,0,0,0,0,18,0,0,0
Teaching Regulation Agency,teaching-regulation-agency,Executive agency,live,department-for-education,1672,1663,8,0,6,0,0,0,1639,0,0,0,0,0,10,0,0,0
Technical Advisory Board,technical-advisory-board,Advisory non-departmental public body,live,home-office,27,14,0,0,0,0,0,0,0,0,0,0,0,0,14,0,0,0
Technology and Construction Court,technology-and-construction-court,Court,live,hm-courts-and-tribunals-service,2,0,0,0,0,0,0,0,0,0,0,0,0,0,0,0,0,0
Technology Strategy Board,technology-strategy-board,Executive non-departmental public body,closed,department-for-business-innovation-skills,42,9,0,0,0,0,0,0,0,0,0,0,1,0,8,0,0,0
Telford and Wrekin Education Action Zone,telford-and-wrekin-education-action-zone,Other,closed,,3,1,0,0,0,0,0,0,0,0,0,0,0,0,1,0,0,0
Tenant Services Authority,tenant-services-authority,Executive agency,closed,,4,2,0,0,0,0,0,0,0,0,0,0,0,0,2,0,0,0
The Adjudicator’s Office,the-adjudicator-s-office,Other,live,hm-revenue-customs,35,23,3,0,9,0,0,0,0,0,0,0,0,0,11,0,0,0
The Advisory Council on National Records and Archives,the-advisory-council-on-national-records-and-archives,Advisory non-departmental public body,exempt,department-for-culture-media-and-sport,10,0,0,0,0,0,0,0,0,0,0,0,0,0,0,0,0,0
The Business and Property Courts,the-business-and-property-courts,Court,live,hm-courts-and-tribunals-service,2,0,0,0,0,0,0,0,0,0,0,0,0,0,0,0,0,0
The Business List,the-business-list,Court,live,hm-courts-and-tribunals-service,2,0,0,0,0,0,0,0,0,0,0,0,0,0,0,0,0,0
The Charity Commission,charity-commission,Non-ministerial department,live,department-for-culture-media-and-sport,1087,460,94,5,82,0,0,55,76,0,0,57,1,1,70,9,10,0
The Competition List,the-competition-list,Court,live,hm-courts-and-tribunals-service,2,0,0,0,0,0,0,0,0,0,0,0,0,0,0,0,0,0
The Crown Estate,the-crown-estate,Other,exempt,hm-treasury,40,32,0,0,0,0,0,1,0,0,0,0,0,0,31,0,0,0
The Electoral Commission,the-electoral-commission,Independent monitoring body,exempt,,25,4,2,0,1,0,0,1,0,0,0,0,0,0,0,0,0,0
The Executive Office (Northern Ireland),the-executive-office-northern-ireland,Other,exempt,northern-ireland-executive,91,2,0,0,0,0,0,1,0,0,0,1,0,0,0,0,0,0
The Financial List,the-financial-list,Court,live,hm-courts-and-tribunals-service,2,0,0,0,0,0,0,0,0,0,0,0,0,0,0,0,0,0
The Food and Environment Research Agency,the-food-and-environment-research-agency,Executive agency,closed,department-for-environment-food-rural-affairs,14,6,0,0,0,0,0,0,0,0,0,0,0,0,6,0,0,0
The Independent Commission for Reconciliation and Information Recovery,the-independent-commission-for-reconciliation-and-information-recovery,Executive non-departmental public body,exempt,northern-ireland-office,3,0,0,0,0,0,0,0,0,0,0,0,0,0,0,0,0,0
The Insolvency Service,insolvency-service,Executive agency,live,department-for-business-and-trade,1617,448,75,2,95,92,2,2,13,2,2,18,1,0,127,13,1,3
The Intellectual Property List,the-intellectual-property-list,Court,live,hm-courts-and-tribunals-service,2,0,0,0,0,0,0,0,0,0,0,0,0,0,0,0,0,0
The Jeffrey Review,jeffrey-review,Other,closed,ministry-of-justice,4,1,0,0,0,0,0,0,0,0,0,0,1,0,0,0,0,0
The Legal Ombudsman,the-legal-ombudsman,Other,exempt,ministry-of-justice,7,5,0,0,0,0,0,0,0,0,0,0,0,0,5,0,0,0
The McKay Commission,mckay-commission,Other,closed,cabinet-office,2,0,0,0,0,0,0,0,0,0,0,0,0,0,0,0,0,0
The National Archives,the-national-archives,Non-ministerial department,exempt,department-for-culture-media-and-sport,52,33,6,0,1,0,0,1,0,0,0,0,1,1,22,0,0,1
The National Lottery Community Fund,the-national-lottery-community-fund,Executive non-departmental public body,exempt,department-for-culture-media-and-sport,24,12,0,0,2,0,0,2,0,0,0,1,0,0,7,0,0,0
The National Shipbuilding Office,the-national-shipbuilding-office,Other,joining,,1,0,0,0,0,0,0,0,0,0,0,0,0,0,0,0,0,0
The Oil and Pipelines Agency,oil-and-pipelines-agency,Public corporation,live,ministry-of-defence,31,21,4,0,1,0,0,1,0,0,0,0,0,0,15,0,0,0
The Parliamentary and Health Service Ombudsman ,the-parliamentary-and-health-service-ombudsman,Other,exempt,,131,123,0,0,0,0,0,1,0,0,0,4,35,0,83,0,0,0
The Pension Protection Fund Ombudsman,pension-protection-fund-ombudsman,Tribunal,exempt,department-for-work-pensions,23,18,0,0,0,0,0,0,0,0,0,0,0,0,18,0,0,0
The Pensions Advisory Service,the-pensions-advisory-service,Executive non-departmental public body,closed,department-for-work-pensions,20,11,0,0,0,0,0,0,0,0,0,0,0,0,11,0,0,0
The Pensions Ombudsman,pensions-ombudsman,Tribunal,exempt,department-for-work-pensions,33,19,0,0,0,0,0,0,0,0,0,0,0,0,18,1,0,0
The Pensions Regulator,the-pensions-regulator,Executive non-departmental public body,exempt,department-for-work-pensions,83,33,9,0,0,0,0,2,0,0,0,0,0,0,21,1,0,0
"The Property, Trusts and Probate List",the-property-trusts-and-probate-list,Court,live,hm-courts-and-tribunals-service,2,0,0,0,0,0,0,0,0,0,0,0,0,0,0,0,0,0
The Queen Elizabeth Memorial Committee,the-queen-elizabeth-memorial-committee,Ad-hoc advisory group,live,cabinet-office,18,1,0,0,0,0,0,0,0,0,0,0,1,0,0,0,0,0
The Revenue List,the-revenue-list,Court,live,hm-courts-and-tribunals-service,2,0,0,0,0,0,0,0,0,0,0,0,0,0,0,0,0,0
The Reviewing Committee on the Export of Works of Art and Objects of Cultural Interest,the-reviewing-committee-on-the-export-of-works-of-art-and-objects-of-cultural-interest,Advisory non-departmental public body,exempt,department-for-culture-media-and-sport,39,4,0,0,0,0,0,0,0,0,0,0,0,0,4,0,0,0
The Scottish Government,the-scottish-government,Devolved government,exempt,,753,187,1,69,7,0,0,60,0,0,2,6,1,0,5,30,0,6
The Security Service,the-security-service-mi5,Other,exempt,home-office,15,6,0,0,0,0,0,1,0,0,1,0,0,0,4,0,0,0
The Shareholder Executive,the-shareholder-executive,Other,closed,department-for-business-innovation-skills,51,29,0,0,0,0,0,12,0,0,0,3,3,2,7,2,0,0
The Theatres Trust,the-theatres-trust,Advisory non-departmental public body,exempt,department-for-culture-media-and-sport,16,0,0,0,0,0,0,0,0,0,0,0,0,0,0,0,0,0
The Water Services Regulation Authority ,the-water-services-regulation-authority,Non-ministerial department,exempt,department-for-environment-food-rural-affairs,78,41,6,0,0,0,0,5,0,0,0,1,0,0,29,0,0,0
Third Party Campaigning Review,third-party-campaigning-review,Other,closed,cabinet-office,7,3,0,0,0,0,0,1,0,0,0,0,1,0,0,1,0,0
Thurrock Thames Gateway Development Corporation,thurrock-thames-gateway-development-corporation,Other,closed,,8,6,0,0,0,0,0,0,0,0,0,0,0,0,6,0,0,0
Trade and Agriculture Commission,trade-and-agriculture-commission,Other,live,,18,6,1,0,0,0,0,0,0,0,0,0,5,0,0,0,0,0
Trade Remedies Authority,trade-remedies-authority,Executive non-departmental public body,live,department-for-business-and-trade,269,45,22,0,0,0,0,1,0,0,0,6,0,0,16,0,0,0
Trade Remedies Investigations Directorate,trade-remedies-investigations-directorate,Sub organisation,closed,department-for-international-trade,9,1,0,0,0,0,0,0,0,0,1,0,0,0,0,0,0,0
Traffic Commissioners for Great Britain,traffic-commissioners,Tribunal,live,department-for-transport,1386,1105,19,16,35,0,0,2,837,0,0,0,2,0,15,14,0,165
Training and Development Agency for Schools,training-and-development-agency-for-schools,Executive agency,closed,,9,7,0,0,0,0,0,0,0,0,0,0,0,0,7,0,0,0
Transport Focus,transport-focus,Executive non-departmental public body,exempt,department-for-transport,87,7,1,0,0,0,0,1,0,0,0,2,0,0,3,0,0,0
Treasure Valuation Committee,treasure-valuation-committee,Advisory non-departmental public body,exempt,department-for-culture-media-and-sport,11,0,0,0,0,0,0,0,0,0,0,0,0,0,0,0,0,0
Treasury Solicitor’s Department,treasury-solicitor-s-department,Non-ministerial department,closed,attorney-generals-office,158,8,0,0,1,0,0,0,0,0,0,0,0,0,7,0,0,0
Tribunal Procedure Committee,tribunal-procedure-committee,Advisory non-departmental public body,live,ministry-of-justice,51,44,2,0,0,0,0,0,0,8,0,0,0,0,3,25,1,5
Trinity House,trinity-house,Executive non-departmental public body,exempt,department-for-transport,115,29,0,0,0,0,0,3,0,0,0,0,0,0,24,2,0,0
Trust ports,trust-ports,Other,closed,department-for-transport,2,0,0,0,0,0,0,0,0,0,0,0,0,0,0,0,0,0
UK Anti-Doping,uk-anti-doping,Executive non-departmental public body,exempt,department-for-culture-media-and-sport,28,15,0,0,0,0,0,0,0,0,0,0,0,0,14,1,0,0
UK Asset Resolution Limited,uk-asset-resolution-limited,Other,exempt,hm-treasury,2,0,0,0,0,0,0,0,0,0,0,0,0,0,0,0,0,0
UK Atomic Energy Authority,uk-atomic-energy-authority,Executive non-departmental public body,live,department-for-energy-security-and-net-zero,204,40,10,0,0,0,0,1,0,0,0,1,0,0,28,0,0,0
UK Border Agency,uk-border-agency,Executive agency,closed,home-office,87,11,0,0,0,0,0,4,0,0,0,0,0,0,5,1,1,0
UK Co-ordinating Body,uk-co-ordinating-body,Other,closed,department-for-environment-food-rural-affairs,20,16,0,0,1,0,0,1,0,0,0,0,0,0,14,0,0,0
UK Commission for Employment and Skills,uk-commission-for-employment-and-skills,Executive non-departmental public body,closed,department-for-education,387,227,27,0,1,0,0,0,0,0,0,183,1,0,13,2,0,0
UK Commission on Covid Commemoration,uk-commission-on-covid-commemoration,Other,live,cabinet-office,18,3,0,0,0,0,0,1,0,0,0,0,1,0,0,1,0,0
UK Council for Internet Safety,uk-council-for-internet-safety,Sub organisation,live,department-for-education,19,14,11,0,0,0,0,1,0,0,0,2,0,0,0,0,0,0
UK Debt Management Office,uk-debt-management-office,Executive agency,exempt,hm-treasury,92,81,0,0,0,0,0,8,0,0,0,0,0,0,72,1,0,0
UK Defence and Security Exports,uk-defence-and-security-exports,Sub organisation,live,department-for-business-and-trade,41,10,7,0,1,0,0,1,0,0,0,1,0,0,0,0,0,0
UK Defence Innovation,uk-defence-innovation,Sub organisation,live,ministry-of-defence,52,24,5,0,8,0,0,0,0,0,9,1,0,0,1,0,0,0
UK Export Finance,uk-export-finance,Ministerial department,live,,1405,268,26,0,31,0,0,10,0,0,114,7,1,1,72,6,0,0
UK Film Council,uk-film-council,Other,closed,,8,6,0,0,0,0,0,0,0,0,0,0,0,0,6,0,0,0
UK Financial Investments Limited,uk-financial-investments-limited,Other,closed,hm-treasury,4,1,0,0,0,0,0,0,0,0,0,0,0,0,1,0,0,0
UK Fusion Energy,uk-fusion-energy,Sub organisation,live,uk-atomic-energy-authority,9,1,0,0,0,0,0,1,0,0,0,0,0,0,0,0,0,0
UK Government Decontamination Service,uk-government-decontamination-service,Sub organisation,closed,the-food-and-environment-research-agency,6,1,0,0,1,0,0,0,0,0,0,0,0,0,0,0,0,0
UK Government Investments,uk-government-investments,Other,exempt,hm-treasury,48,22,1,0,0,0,0,2,0,0,0,1,0,0,17,1,0,0
UK Green Investment Bank,uk-green-investment-bank,Other,closed,department-for-business-energy-and-industrial-strategy,15,7,0,0,0,0,0,3,0,0,0,0,0,0,4,0,0,0
UK Health Security Agency,uk-health-security-agency,Executive agency,live,department-of-health-and-social-care,3564,1573,698,0,375,0,0,5,0,0,0,426,9,1,54,2,0,3
UK Holocaust Memorial Foundation,uk-holocaust-memorial-foundation,Other,live,ministry-of-housing-communities-local-government,52,2,0,0,2,0,0,0,0,0,0,0,0,0,0,0,0,0
UK Hydrographic Office,uk-hydrographic-office,Executive agency,live,ministry-of-defence,428,254,21,0,10,0,0,3,0,1,0,190,0,0,29,0,0,0
UK Industrial Fusion Solutions,uk-industrial-fusion-solutions,Sub organisation,closed,uk-atomic-energy-authority,23,0,0,0,0,0,0,0,0,0,0,0,0,0,0,0,0,0
UK Infrastructure Bank,uk-infrastructure-bank,Executive non-departmental public body,live,hm-treasury,9,6,0,0,0,0,0,4,0,0,0,0,0,0,2,0,0,0
UK Integrated Security Fund,uk-integrated-security-fund,Sub organisation,live,cabinet-office,89,83,3,0,1,0,0,76,0,0,0,0,0,0,3,0,0,0
UK National Authority for Counter-Eavesdropping,uk-national-authority-for-counter-eavesdropping,Sub organisation,joining,fcdo-services,3,0,0,0,0,0,0,0,0,0,0,0,0,0,0,0,0,0
UK National Contact Point,uk-national-contact-point,Sub organisation,live,department-for-business-and-trade,76,70,5,0,3,0,0,1,57,0,0,0,0,0,4,0,0,0
UK National Screening Committee,uk-national-screening-committee,Sub organisation,live,department-of-health-and-social-care,142,68,25,0,5,10,1,0,0,0,0,7,3,0,12,5,0,0
UK Passport Service,uk-passport-service,Other,closed,,5,2,0,0,0,0,0,0,0,0,0,0,0,0,2,0,0,0
UK Research and Innovation,uk-research-and-innovation,Executive non-departmental public body,exempt,department-for-science-innovation-and-technology,404,20,2,0,0,0,0,2,0,0,1,1,2,0,12,0,0,0
UK Resilience Academy,uk-resilience-academy,Sub organisation,live,cabinet-office,5,3,3,0,0,0,0,0,0,0,0,0,0,0,0,0,0,0
UK Shared Business Services Ltd,uk-shared-business-services-ltd,Other,exempt,department-for-science-innovation-and-technology,2,0,0,0,0,0,0,0,0,0,0,0,0,0,0,0,0,0
UK Space Agency,uk-space-agency,Sub organisation,live,department-for-science-innovation-and-technology,1012,349,49,2,15,0,0,20,0,0,152,25,3,10,67,4,0,2
UK Sport,uk-sport,Executive non-departmental public body,exempt,department-for-culture-media-and-sport,45,22,1,0,0,0,0,0,0,0,0,0,0,0,21,0,0,0
UK Statistics Authority,uk-statistics-authority,Non-ministerial department,exempt,cabinet-office,27,13,4,0,0,0,0,1,0,0,0,0,0,0,7,1,0,0
UK Trade & Investment,uk-trade-investment,Non-ministerial department,closed,,522,67,1,0,0,0,0,17,0,0,0,17,0,0,32,0,0,0
UK Transplant,uk-transplant,Other,closed,,3,1,0,0,0,0,0,0,0,0,0,0,0,0,1,0,0,0
UK Visas and Immigration,uk-visas-and-immigration,Sub organisation,live,home-office,2574,1416,955,4,50,0,0,321,0,0,1,32,6,20,12,10,0,5
UKTI Education,ukti-education,Sub organisation,closed,department-for-business-innovation-skills,2,0,0,0,0,0,0,0,0,0,0,0,0,0,0,0,0,0
UKTI Life Sciences Organisation,ukti-life-sciences-organisation,Sub organisation,closed,uk-trade-investment,5,0,0,0,0,0,0,0,0,0,0,0,0,0,0,0,0,0
United Kingdom Blood Transfusion Services,united-kingdom-blood-transfusion-services,Other,closed,,3,1,1,0,0,0,0,0,0,0,0,0,0,0,0,0,0,0
United Kingdom National Nuclear Laboratory,united-kingdom-national-nuclear-laboratory,Public corporation,exempt,department-for-energy-security-and-net-zero,4,1,0,0,0,0,0,0,0,0,0,0,0,0,1,0,0,0
United Kingdom Reserve Forces Association,united-kingdom-reserve-forces-association,Sub organisation,live,ministry-of-defence,2,0,0,0,0,0,0,0,0,0,0,0,0,0,0,0,0,0
United Kingdom Security Vetting,united-kingdom-security-vetting,Sub organisation,live,cabinet-office,35,20,12,0,8,0,0,0,0,0,0,0,0,0,0,0,0,0
Upper Tribunal (Administrative Appeals Chamber),upper-tribunal-administrative-appeals-chamber,Tribunal,live,hm-courts-and-tribunals-service,2022,2019,0,0,0,0,0,0,0,0,0,0,0,0,0,0,0,2019
Upper Tribunal (Immigration and Asylum Chamber),upper-tribunal-immigration-and-asylum-chamber,Tribunal,live,hm-courts-and-tribunals-service,2,0,0,0,0,0,0,0,0,0,0,0,0,0,0,0,0,0
Upper Tribunal (Lands Chamber),upper-tribunal-lands-chamber,Tribunal,live,hm-courts-and-tribunals-service,2,0,0,0,0,0,0,0,0,0,0,0,0,0,0,0,0,0
Upper Tribunal (Tax and Chancery Chamber),upper-tribunal-tax-and-chancery-chamber,Tribunal,live,hm-courts-and-tribunals-service,1407,0,0,0,0,0,0,0,0,0,0,0,0,0,0,0,0,0
Valuation and Lands Agency,valuation-and-lands-agency,Executive agency,closed,,4,2,0,0,0,0,0,0,0,0,0,0,0,0,2,0,0,0
Valuation Office Agency,valuation-office-agency,Executive agency,closed,hm-revenue-customs,1315,612,51,0,43,0,0,3,361,0,0,116,0,0,35,3,0,0
Valuation Tribunal for England ,valuation-tribunal-for-england,Tribunal,exempt,ministry-of-housing-communities-local-government,2,0,0,0,0,0,0,0,0,0,0,0,0,0,0,0,0,0
Valuation Tribunal Service,valuation-tribunal-service-for-england-valuation-tribunal-service,Executive non-departmental public body,exempt,ministry-of-housing-communities-local-government,18,16,0,0,0,0,0,0,0,0,0,0,0,0,16,0,0,0
Varney Review,varney-review,Other,closed,,3,1,0,0,0,0,0,0,0,0,0,0,1,0,0,0,0,0
Vehicle and Operator Services Agency,vehicle-and-operator-services-agency,Executive agency,closed,department-for-transport,229,28,0,0,0,0,0,0,0,0,0,5,0,0,20,3,0,0
Vehicle Certification Agency,vehicle-certification-agency,Executive agency,exempt,department-for-transport,235,33,2,0,0,0,0,0,0,0,0,0,0,0,29,2,0,0
Veterans Advisory and Pensions Committees,veterans-advisory-and-pensions-committees-x13,Advisory non-departmental public body,live,ministry-of-defence,88,50,39,0,1,0,0,2,0,0,0,0,0,1,7,0,0,0
Veterans UK,veterans-uk,Sub organisation,live,ministry-of-defence,435,176,26,0,39,0,0,4,0,0,0,106,0,0,0,0,0,1
Veterinary Laboratories Agency,veterinary-laboratories-agency,Executive agency,closed,,9,7,0,0,0,0,0,0,0,0,0,0,0,0,7,0,0,0
Veterinary Medicines Directorate,veterinary-medicines-directorate,Executive agency,live,department-for-environment-food-rural-affairs,872,260,19,0,106,34,4,8,0,0,35,27,0,0,22,3,0,2
Veterinary Products Committee,veterinary-products-committee,Advisory non-departmental public body,live,department-for-environment-food-rural-affairs,10,4,0,0,0,0,0,0,0,0,0,0,0,0,4,0,0,0
Veterinary Residues Committee,veterinary-residues-committee,Other,closed,department-for-environment-food-rural-affairs,3,1,0,0,0,0,0,0,0,0,0,0,0,0,1,0,0,0
Victims' Advisory Panel,victim-s-advisory-panel,Advisory non-departmental public body,closed,ministry-of-justice,2,0,0,0,0,0,0,0,0,0,0,0,0,0,0,0,0,0
Victims' Commissioner,victims-commissioner,Other,exempt,ministry-of-justice,3,0,0,0,0,0,0,0,0,0,0,0,0,0,0,0,0,0
Victoria and Albert Museum,victoria-and-albert-museum,Executive non-departmental public body,exempt,department-for-culture-media-and-sport,32,17,0,0,0,0,0,0,0,0,0,0,0,0,17,0,0,0
Victoria Climbié Inquiry,victoria-climbi_-inquiry,Other,closed,,3,1,0,0,0,0,0,0,0,0,0,0,1,0,0,0,0,0
VisitBritain,visitbritain,Executive non-departmental public body,exempt,department-for-culture-media-and-sport,86,17,0,0,0,0,0,1,0,0,0,1,0,0,15,0,0,0
VisitEngland,visitengland,Executive non-departmental public body,exempt,department-for-culture-media-and-sport,165,13,0,0,0,0,0,0,0,0,0,0,0,0,13,0,0,0
Wakefield Education Action Zone,wakefield-education-action-zone,Other,closed,,3,1,0,0,0,0,0,0,0,0,0,0,0,0,1,0,0,0
Wales Audit Office,wales-audit-office,Other,exempt,,2,0,0,0,0,0,0,0,0,0,0,0,0,0,0,0,0,0
Wales Office,wales-office,Ministerial department,live,,155,11,1,0,1,0,0,4,0,0,0,1,2,0,2,0,0,0
Wallace Collection,wallace-collection,Executive non-departmental public body,exempt,department-for-culture-media-and-sport,24,19,0,0,0,0,0,0,0,0,0,0,0,0,19,0,0,0
Warship Support Agency,warship-support-agency,Executive agency,closed,,3,1,0,0,0,0,0,0,0,0,0,0,0,0,1,0,0,0
Water Service (Northern Ireland),water-service-northern-ireland,Executive agency,closed,,4,2,0,0,0,0,0,0,0,0,0,0,0,0,2,0,0,0
Waterways Ireland,waterways-ireland,Other,closed,,3,1,0,0,0,0,0,0,0,0,0,0,0,0,1,0,0,0
Wave Hub,wave-hub,Other,closed,,2,0,0,0,0,0,0,0,0,0,0,0,0,0,0,0,0,0
Wednesbury Education Action Zone,wednesbury-education-action-zone,Other,closed,,4,2,0,0,0,0,0,0,0,0,0,0,0,0,2,0,0,0
Welsh Development Agency,welsh-development-agency,Other,closed,,3,1,0,0,0,0,0,0,0,0,0,0,0,0,1,0,0,0
Welsh Government,welsh-government,Devolved government,exempt,,1784,251,8,77,21,0,0,69,1,0,1,9,3,0,9,42,1,10
Welsh Language Commissioner,welsh-language-commissioner,Other,exempt,,6,1,1,0,0,0,0,0,0,0,0,0,0,0,0,0,0,0
Welsh Office,welsh-office,Other,closed,,15,5,0,0,0,0,0,1,0,0,0,0,0,0,4,0,0,0
West Northamptonshire Development Corporation,the-west-northamptonshire-development-corporation,Executive non-departmental public body,closed,ministry-of-housing-communities-and-local-government-2018-2021,12,10,0,0,0,0,0,0,0,0,0,0,0,0,10,0,0,0
Western Education and Library Board,western-education-and-library-board,Other,closed,,4,2,0,0,0,0,0,0,0,0,0,0,0,0,2,0,0,0
Western Health and Social Services Board,western-health-and-social-services-board,Other,closed,,3,1,0,0,0,0,0,0,0,0,0,0,0,0,1,0,0,0
Westminster Education Action Zone,westminster-education-action-zone,Other,closed,,4,2,0,0,0,0,0,0,0,0,0,0,0,0,2,0,0,0
Westminster Foundation for Democracy,westminster-foundation-for-democracy,Executive non-departmental public body,exempt,foreign-commonwealth-development-office,26,20,1,0,0,0,0,2,0,0,0,5,1,0,11,0,0,0
Wilton Park,wilton-park,Executive agency,exempt,foreign-commonwealth-development-office,36,25,1,0,0,0,0,3,0,0,0,0,0,0,21,0,0,0
Windrush Commemoration Committee,windrush-commemoration-committee,Sub organisation,live,ministry-of-housing-communities-local-government,13,2,0,0,2,0,0,0,0,0,0,0,0,0,0,0,0,0
Withernsea and Southern Holderness Education Action Zone,withernsea-and-southern-holderness-education-action-zone,Other,closed,,3,1,0,0,0,0,0,0,0,0,0,0,0,0,1,0,0,0
Wolverhampton Education Action Zone,wolverhampton-education-action-zone,Other,closed,,4,2,0,0,0,0,0,0,0,0,0,0,0,0,2,0,0,0
Women and Equalities Unit,women-and-equalities-unit,Sub organisation,live,cabinet-office,45,38,7,1,1,0,0,0,0,0,0,27,1,0,1,0,0,0
Working Ventures UK,working-ventures-uk,Other,closed,,4,2,0,0,0,0,0,0,0,0,0,0,0,0,2,0,0,0
Wythenshawe Education Action Zone,wythenshawe-education-action-zone,Other,closed,,3,1,0,0,0,0,0,0,0,0,0,0,0,0,1,0,0,0
Yorkshire Dales National Park Authority,yorkshire-dales-national-park-authority,Other,exempt,department-for-environment-food-rural-affairs,7,1,0,0,0,0,0,0,0,0,0,0,0,0,0,1,0,0
Yorkshire Forward,yorkshire-forward,Executive agency,closed,,8,6,0,0,0,0,0,0,0,0,0,0,0,0,6,0,0,0
Young People's Learning Agency,young-peoples-learning-agency,Executive agency,closed,,4,2,0,0,0,0,0,0,0,0,0,0,0,0,2,0,0,0
Youth Custody Service,youth-custody-service,Sub organisation,live,hm-prison-and-probation-service,62,20,8,0,3,0,0,5,0,0,0,0,1,0,3,0,0,0
Youth Justice Agency of Northern Ireland,youth-justice-agency-of-northern-ireland,Executive agency,exempt,department-of-justice-northern-ireland,25,6,0,0,0,0,0,0,0,0,0,0,0,0,6,0,0,0
Youth Justice Board for England and Wales,youth-justice-board-for-england-and-wales,Executive non-departmental public body,live,ministry-of-justice,268,112,23,1,10,13,1,3,0,0,0,18,1,0,41,1,0,0
Zahid Mubarek Inquiry,zahid-mubarek-inquiry,Other,closed,,3,1,0,0,0,0,0,0,0,0,0,0,1,0,0,0,0,0
