company_registration_number,donor_name_as_published,donation_rows,rows_that_would_become_signals,distinct_members,first_accepted,last_accepted,total_pence
01970855,"BAA Airports Ltd",245,142,142,2001-02-01,2009-03-17,121749000
12373468,"The Refugee, Asylum and Migration Policy Project (RAMP)",60,60,11,2020-07-01,2026-05-01,63767300
09562237,"Labour Friends of Israel Ltd",45,37,24,2013-09-29,2026-01-25,10347256
01960988,"Manchester Airport Plc",43,28,28,2001-06-30,2003-04-09,21044802
02890577,"Christine Lee & Co",26,25,1,2010-07-05,2020-02-28,43229254
05635995,"BM Creative Management Ltd",25,22,7,2007-05-30,2019-10-10,18475000
04987694,"The Cayzer Trust",30,21,4,2005-03-31,2024-05-08,17929000
06681477,"Aquind Limited",20,20,8,2018-09-07,2024-03-27,17756500
9630980,"Labour Together Limited",127,17,17,2020-04-21,2026-03-30,232565934
8114952,"Conservative Friends of Israel (CFI Ltd)",36,17,17,2014-10-16,2022-09-28,11677000
08114952,"Conservative Friends of Israel Limited",19,17,12,2013-11-10,2026-01-04,4890000
7213374,"MPM Connect Limited (a company controlled by Peter Hearn)",18,17,2,2020-03-26,2023-11-27,35221700
09630980,"Labour Together",15,14,7,2017-04-25,2024-08-01,26181413
00675216,"Timpson Ltd",14,14,1,2009-02-06,2017-04-05,85242303
06034381,"Spicer Haart",13,13,1,2015-09-24,2021-09-13,2922117
13425037,"Abraham Accords (UK) (Middle East Forum Ltd)",13,13,4,2022-01-08,2023-10-05,6313925
02865543,"Countywide Developments Limited",15,12,4,2003-04-29,2024-10-02,21257308
03201382,"OPD Group Ltd",13,12,3,2023-10-30,2026-02-06,30050000
04745677,"Mission Media Ltd",11,11,1,2014-08-28,2015-05-31,6000000
07213374,"MPM Connect Ltd",11,11,1,2020-01-15,2023-07-31,13950000
2255021,"Britania Ltd",11,11,1,2011-07-26,2014-09-02,2457572
5635995,"BM Creative Management Limited",49,10,8,2011-02-07,2022-03-07,17974000
OC412989,"Good Faith Partnership LLP",22,10,3,2018-02-05,2025-12-30,27729700
13763473,"Elnet UK Limited",13,9,8,2022-11-28,2026-02-16,5153672
03979826,"Grand Central Railway Ltd",11,9,8,2009-07-08,2014-08-22,3375600
4987694,"The Cayzer Trust Company Ltd",71,8,2,2011-06-06,2025-04-14,45485000
03010238,"Sun Mark Ltd",11,8,6,2009-12-10,2020-03-13,9885779
SC307960,"Kirklee Property Company (2) Ltd",10,8,1,2016-03-24,2019-11-20,4000000
03275808,"Brompton Capital Ltd",9,8,5,2008-03-14,2014-07-02,29600000
3408967,"Betterworld Limited",37,7,4,2007-10-18,2025-04-10,39775000
11870524,"David Kogan Ltd",8,7,5,2022-02-14,2024-05-13,3091000
8863041,"Energy & Climate Intelligence Unit",7,7,7,2023-12-08,2023-12-08,1063755
05754547,"Cambria Automobiles Ltd",7,7,1,2018-10-17,2023-06-09,4070000
11009144,"IX Wireless Limited",42,6,4,2021-01-26,2023-06-09,26960100
0,"Ruskin Hall Trustees Limited",7,6,3,2013-02-18,2018-02-19,2902574
05610658,"Pulsecheck Ltd",7,6,1,2010-04-21,2015-08-21,1182500
3718331,"Henley Homes",7,6,1,2013-11-04,2022-07-20,3111956
5699535,"Yalta European Strategy Ltd",6,6,6,2022-09-08,2022-09-08,1220034
82990,"Conservative Friends of Israel Ltd",6,6,6,2022-04-03,2022-04-03,2242000
00806669,"C. A. Church Ltd",6,6,1,2001-03-05,2005-05-12,8500000
7964746,"Satellite Applications Catapult Ltd",6,6,6,2020-02-03,2020-02-03,3960000
3979826,"Grand Central Railway Company Ltd",6,6,5,2009-07-01,2011-06-01,2590000
2471319,"Hotcourses Ltd",6,6,1,2005-05-27,2009-01-25,21271213
09010358,"Avre Partnership Ltd",6,6,3,2020-01-24,2024-04-29,2444083
08863041,"Energy & Climate Intelligence Unit",6,6,6,2025-11-09,2025-11-12,2223895
01600117,"Virgin Atlantic Airways Ltd",6,6,5,2011-08-30,2012-10-16,2073572
2865543,"Countrywide Developments Ltd",69,5,2,2012-06-13,2024-03-07,424176158
03408967,"Betterworld Foundation Ltd",32,5,4,2006-08-10,2026-07-14,20516666
1102932,"Berkeley Burke (Holdings) Ltd",19,5,1,2011-01-07,2017-06-09,22478475
3092306,"DCD Properties",17,5,3,2007-11-21,2025-09-15,33408212
03988618,"Pietas Ltd",9,5,3,2005-05-02,2019-08-12,3291290
02404081,"Commercial Estates Group Ltd",6,5,1,2016-06-28,2024-10-23,1777400
000000,"Harper Collins",6,5,4,2011-05-21,2016-04-04,2184450
03092306,"DCD Properties Ltd",6,5,2,2009-06-04,2016-07-06,3750000
CE005716,"Yachad",5,5,5,2024-02-14,2024-02-14,1219600
15872051,"The YIMBY Initiative Ltd",5,5,2,2025-06-30,2025-09-25,2266664
02533469,"CH2M",5,5,3,2012-03-30,2017-03-14,1620772
01423059,"Garavi Gujarat Publications Ltd",5,5,1,2011-04-29,2016-11-25,2390000
06364749,"ECM (London) Ltd",5,5,1,2007-11-01,2008-03-01,1500000
14198072,"Policy Focus Ltd",5,5,1,2022-07-11,2022-07-26,4217444
02608886,"Golden Tours",5,5,1,2014-06-23,2017-01-19,1100000
9010358,"Avre Partnership Limited",51,4,1,2015-03-01,2024-05-16,25526206
4517529,"Computer Service Centre Ltd",42,4,1,2014-02-01,2022-04-05,14052864
07046518,"Democracy Forum",24,4,1,2018-07-31,2023-12-06,6812100
2155845,"First Corporate Consultants Ltd",16,4,2,2008-05-19,2022-07-22,19000000
01207120,"Bestway Wholesale",11,4,2,2005-04-12,2024-08-21,10286255
04267560,"Gloucester Research Ltd",9,4,1,2007-07-09,2012-07-05,27949900
2896868,"DCD London & Mutual",9,4,3,2004-11-16,2020-08-01,3990000
03575908,"Armajaro Holdings",8,4,1,2004-05-10,2019-11-25,14999900
03829637,"Trust Reservations",8,4,3,2007-07-20,2021-04-20,4372440
01777777,"British Airways",5,4,4,2001-09-30,2013-05-04,1274400
2928711,"AA Homes and Housing",4,4,1,2015-07-09,2015-10-19,1990000
3247723,"Senator Press",4,4,1,2017-09-22,2020-09-11,1060900
04024808,"8hwe Ltd",4,4,1,2019-01-09,2022-06-08,1200000
3431388,"Bateman Groundworks Ltd",4,4,1,2018-11-20,2021-08-18,4200000
391886,"Road Haulage Association",4,4,1,2013-03-18,2015-01-12,3167500
2810840,"Keltbray Group (Holdings) Ltd",4,4,1,2013-05-29,2016-04-22,7000000
2761858,"Results UK",4,4,4,2017-08-20,2022-09-16,938405
06828274,"Hajj Baba Ltd",4,4,3,2019-08-24,2019-08-25,784000
02807934,"Westminster Drugs Project",4,4,1,2017-09-01,2020-01-01,2106500
11211970,"Heward Mills Ltd",4,4,3,2025-05-23,2025-05-23,1171576
2004967,"Nottingham City Transport",4,4,1,2017-12-08,2022-11-30,667000
13100371,"The Spott Fitness Ltd",4,4,1,2024-07-02,2024-09-17,10000000
1370124,"Castle Rising Holdings Ltd",4,4,1,2004-12-31,2007-12-31,2000000
SC184779,"Abbey Business Centres Ltd",51,3,3,2001-03-30,2010-05-31,126388710
SC224822,"United Wholesale (Scotland) Ltd",24,3,2,2009-02-04,2016-02-12,19686452
8572386,"Fostermco Limited",18,3,2,2013-10-01,2016-03-30,44281628
02261192,"Marcus Evans Limited",16,3,3,2006-09-30,2015-07-06,23291100
03722036,"Regent Family Office Ltd",10,3,3,2019-05-24,2024-07-25,13850000
02567156,"Piccadilly Greetings Group Ltd",10,3,1,2005-02-17,2011-11-09,2575000
2542406,"First Corporate Shipping Limited",10,3,2,2012-09-13,2024-04-16,6900000
01397169,"Prudential Plc",6,3,3,2013-03-09,2013-03-10,1828992
3829637,"Trust Reservations",6,3,3,2007-11-22,2022-06-06,3728584
09556732,"F T Estates",6,3,1,2023-05-03,2024-09-27,7740000
03820426,"Sovereign Strategy Limited",5,3,1,2007-09-21,2015-09-02,3058000
6330576,"Red Capital Ltd",5,3,3,2015-07-14,2023-10-30,1400000
0000000,"Qatar Airways",5,3,3,2011-05-21,2015-11-10,946400
03955434,"Centrax Industries Ltd",4,3,1,2014-07-15,2017-05-04,6020000
08810797,"Gallagher Developments Group Ltd",4,3,1,2019-09-06,2023-11-07,1746400
05035508,"Access Industries (UK) Limited",4,3,1,2024-07-24,2024-10-30,12000000
03227957,"JT Consultancy Limited",4,3,1,2018-10-04,2024-06-19,9971000
3514128,"Estates UK",4,3,1,2007-02-15,2023-07-13,1380000
497227,"Partners & Limited",3,3,1,2022-04-11,2024-05-28,3000000
03784476,"Asian Marketing Group",3,3,1,2001-12-30,2003-12-30,750000
01524815,"Tratos (UK)) Ltd.",3,3,3,2019-07-29,2025-10-21,1585624
03782700,"Eggborough Power Limited",3,3,1,2012-10-27,2014-09-30,2121578
02580377,"Addaction",3,3,1,2017-09-01,2019-01-01,1568600
01694712,"Blenheim",3,3,1,2017-09-01,2019-01-01,1568600
08860726,"Informa Plc",3,3,2,2025-06-03,2026-06-09,2070124
Room 74,"AA Homes and Housing",3,3,1,2015-06-01,2015-08-01,2069173
03861858,"Calverts Carpets Ltd",3,3,1,2014-07-30,2018-07-16,2550000
2506007,"United Biscuits",3,3,1,2016-12-12,2021-11-26,600000
4045308,"Edwards Coaches Ltd",3,3,1,2016-07-21,2016-08-30,1585100
0 9425454,"UK 2020 Ltd",3,3,1,2016-07-26,2018-11-14,1490000
11008144,"IX Wireless Limited Company",3,3,2,2021-07-05,2022-09-09,950000
05074477,"Climate Parliament",3,3,2,2022-11-02,2025-11-02,974689
00573221,"Carlton Club (London) Ltd",3,3,3,2009-10-31,2023-01-20,2114000
BR000746,"JP Morgan",3,3,2,2009-09-18,2012-09-14,493279
03395681,"Aid Alliance",3,3,1,2024-11-04,2026-02-01,1040000
08080948,"BMJ Waste Ltd",3,3,1,2021-02-11,2023-07-03,3000000
9654873,"Momentum Campaign Ltd",3,3,2,2019-06-10,2020-02-05,12262336
12939207,"IPAC Global Limited",3,3,2,2023-02-16,2023-08-31,1017685
04822520,"Amara Mining PLC",3,3,2,2006-07-24,2013-02-14,1749900
1908230,"Center Parks Ltd",3,3,1,2020-02-19,2022-10-24,600000
14017048,"Sunbeam Consulting Ltd",3,3,1,2024-07-31,2024-09-17,3140000
00934004,"Dominion Press",3,3,1,2001-04-30,2001-12-13,1420000
04108747,"Persimmon Homes Ltd",3,3,2,2023-01-09,2026-03-06,900000
08494048,"London Tea Exchange",3,3,1,2015-04-13,2015-09-17,6935000
682651,"JCB Research",102,2,2,2006-07-14,2019-10-23,263996986
02736122,"Ministry of Sound Ltd",63,2,1,2006-03-02,2014-12-31,107011483
00682651,"JCB Research Ltd",44,2,1,2001-04-26,2014-12-13,169831407
6390883,"Offshore Group Newcastle Limited",39,2,2,2012-08-08,2015-12-15,46477500
6681477,"Aquind Limited",37,2,2,2018-05-02,2024-04-18,43294200
5204672,"Investors in Private Capital Ltd",22,2,2,2010-03-11,2022-09-07,105372012
02278367,"Harris Ventures Ltd",20,2,2,2001-12-06,2010-05-01,122147000
10922505,"Longrow Capital Ltd",13,2,2,2018-10-18,2025-10-14,13200000
05041587,"CC Property",8,2,2,2009-10-27,2019-09-12,13757651
573221,"Carlton Club (London) Limited",7,2,2,2014-12-23,2021-05-31,13292500
03430322,"Bloomberg UK",6,2,2,2001-05-29,2011-07-01,7283300
02542406,"FIRST CORPORATE SHIPPING LIMITED",5,2,2,2012-11-25,2024-03-08,4700000
01954085,"Arbuthnot Banking Group",5,2,2,2005-03-01,2019-03-01,22970370
9908188,"Nicolas James Ltd",4,2,1,2021-03-03,2022-03-28,14700000
5943538,"Charlie Parsons Creative Limited",4,2,2,2019-10-23,2024-05-23,35400000
00736066,"Annabel's (Berkeley Square) Ltd",4,2,1,2005-04-09,2010-07-30,3180000
9527278,"Intro Developments Ltd",4,2,2,2016-12-14,2024-03-04,1500000
07975061,"Prabodhan Ltd",3,2,1,2013-11-12,2018-03-29,620216
OC387589,"RCL Partners LLP",3,2,1,2019-06-19,2020-10-15,5000000
1535640,"Aventis Pharma Ltd (trading as Sanofi)",3,2,2,2004-11-03,2017-06-09,10143900
15311615,"Blue WV Ltd",3,2,1,2024-07-24,2024-08-13,6450000
04870331,"Ebury Court Residential Home Ltd",3,2,1,2022-12-19,2025-12-12,800000
06330576,"Red Capital Ltd",3,2,2,2016-04-14,2021-12-01,1750000
0683 2361,"Falcon and Associates International Ltd",3,2,2,2016-11-03,2016-11-03,1293900
01561802,"Sigma Pharmaceuticals PLC",3,2,1,2005-04-19,2018-02-11,847500
04229941,"Stonegrave Properties limited",3,2,1,2013-07-05,2015-07-07,712500
02896868,"DCD London and Mutual",3,2,1,2010-04-23,2023-06-15,1250000
6056821,"Quatro Public Relations Ltd",3,2,2,2014-10-20,2016-08-05,2652436
6244250,"IBROW LIMITED",3,2,1,2014-08-08,2017-03-31,1700000
09527278,"Intro Develpoments Ltd",3,2,1,2020-03-05,2021-12-18,2220000
03691917,"CQS Management Ltd",3,2,2,2005-03-09,2011-05-24,11169376
0730 6304,"IDTD Services Ltd",2,2,1,2016-09-19,2016-10-19,200000
01826833,"Central London Advice Service",2,2,1,2004-08-01,2005-04-01,1687500
09145823,"Galliard Holdings Limited",2,2,1,2015-03-20,2015-08-10,3000000
09231644,"Moulsford Capital Limited",2,2,1,2019-05-22,2019-07-01,1270603
414220,"PA Consulting Services Ltd",2,2,2,2015-03-02,2015-03-24,1940000
09394775,"The Perpetual Investco Ltd",2,2,1,2023-05-10,2024-05-14,2000000
5358089,"Butt and Hobbs Ltd",2,2,1,2021-09-22,2021-10-26,272000
15392819,"Community Unity Ltd",2,2,1,2024-10-30,2024-11-18,6313129
06390883,"Offshore Group Newcastle Ltd",2,2,2,2014-09-17,2014-12-15,1000000
02570704,"Education Action International",2,2,1,2002-10-01,2004-01-01,2025000
09813058,"Skeol Ltd",2,2,1,2018-04-06,2018-10-17,500000
10149826,"Public First",2,2,2,2024-02-20,2024-02-20,590000
04718196,"Toolkit Websites",2,2,1,2010-05-07,2013-05-07,1200000
10318390,"InvestUK (Group) Ltd",2,2,1,2022-04-14,2022-07-18,1500000
10494378,"The Concordia Network",2,2,1,2022-09-08,2023-10-12,675626
10799857,"R P Strategy",2,2,1,2019-03-01,2019-06-28,850000
02473403,"Blakeney Holdings Ltd",2,2,1,2019-06-06,2019-06-13,1000000
08267284,"Organise Consulting",2,2,1,2015-05-29,2015-08-21,2517000
11314346,"Innovation in Housing Ltd",2,2,2,2020-01-06,2020-01-28,1100000
11329370,"Crowne Associates Ltd (trading as This is Purpose)",2,2,1,2022-03-21,2022-05-10,209333
7649470,"Adamco Construction Ltd",2,2,1,2021-09-22,2021-10-21,159000
08582169,"The Common Sense Collective Ltd",2,2,1,2018-07-04,2018-11-19,786000
4734592,"Catholic Bishops' Conference England and Wales",2,2,2,2022-10-10,2022-10-10,3204670
00000000,"OPG Power",2,2,2,2015-10-10,2015-12-20,2734000
06832361,"Falcon and Associates International Ltd",2,2,2,2014-12-07,2016-11-03,581400
1169558,"Aziz Foundation",2,2,2,2023-09-11,2023-10-02,4171650
11724413,"Chester Finance & Leasing (Environmental) Limited",2,2,2,2024-09-30,2024-10-24,2000000
00253240,"National Car Parks Ltd",2,2,2,2007-11-14,2008-01-04,204227
11901593,"Latis Group Limited",2,2,1,2022-07-11,2024-07-29,650000
2567156,"Piccadilly Greetings Cards",2,2,1,2015-12-20,2017-12-10,587000
0775765,"Tees Components Ltd",2,2,1,2017-11-03,2019-10-01,1050000
2048608,"Serco UK (Serco Group PLC)",2,2,1,2021-08-01,2022-08-01,2248762
01323955,"Senator International Ltd",2,2,1,2020-04-01,2020-04-01,535400
04763083,"Editorial Intelligence",2,2,2,2010-02-28,2011-03-06,700000
9396683,"Latitude Croydon Ltd",2,2,1,2015-05-31,2015-07-01,240000
7843190,"Rima Ltd",2,2,1,2015-07-06,2015-08-24,220000
1600117,"Virgin Atlantic Airways",2,2,2,2008-11-30,2009-05-10,300100
4452809,"Dignity In Dying",2,2,1,2024-11-12,2024-11-25,270060
02928711,"AA Care Homes",2,2,1,2007-03-28,2007-06-23,316000
00968555,"Woods Coaches Ltd, part of National Express Transport Solutions",2,2,1,2023-02-20,2023-05-30,320000
01820492,"Humankind",2,2,1,2019-04-01,2020-01-01,933450
13331829,"Valary DTL Limited",2,2,1,2024-08-05,2024-08-21,2000000
08572386,"Fostermco Ltd",2,2,1,2014-12-05,2015-08-27,1000000
08560345,"Africa House Ltd",2,2,1,2017-11-06,2020-01-28,854600
1869543,"WYG plc",2,2,1,2016-05-06,2018-03-01,2500000
03206088,"D-Tec International",2,2,1,2025-02-01,2026-02-03,500000
03203859,"Nominet",2,2,2,2011-09-25,2011-09-25,660000
01446445,"Eagle Scientific Ltd",2,2,1,2011-09-26,2018-10-29,598484
06458593,"Unitas Communications",2,2,2,2023-10-12,2023-12-03,684200
653789,"BS Eaton Ltd",2,2,1,2017-11-10,2019-07-03,3000000
8993487,"Alliance for Public Awareness",2,2,1,2022-07-22,2023-07-01,338327
1393302,"Farr Vintners Ltd",2,2,1,2018-03-05,2019-01-31,5500000
1832141,"Ishida Europe Ltd",2,2,1,2018-02-09,2018-10-24,832116
14044449,"Celestine Management Limited",2,2,1,2025-03-03,2025-03-04,3500000
4106849,"Channel 4",2,2,2,2017-02-12,2017-02-12,368000
0164 1421,"Siemens Rail Automation",2,2,1,2016-08-23,2017-12-10,605500
5104786,"Simec Uskmouth Power Limited",2,2,1,2015-08-01,2016-03-29,1888500
05545094,"Key Locators Leyton Ltd",2,2,1,2014-09-11,2015-03-12,940800
05979693,"Barclay Bros CS Ltd",2,2,1,2012-02-01,2012-10-01,1619692
08831542,"Firefly Capital Limited",2,2,1,2024-04-30,2024-10-28,2000000
04191122,"Canary Wharf Group PLC",2,2,2,2012-01-03,2012-01-03,500000
05633036,"Realtime Analysis and News Ltd",2,2,1,2012-07-16,2012-12-20,1053000
4092696,"Tristar Tech Solutions Ltd",2,2,1,2024-03-12,2024-03-15,700000
02608087,"The Andrew Wainwright Reform Trust",2,2,2,2019-04-15,2019-05-13,1100000
00630473,"Caparo Industries PLC",2,2,1,2007-05-21,2007-06-25,4500000
12356990,"Godfrey Coaching Ltd",2,2,1,2024-10-02,2025-10-03,1570000
00640876,"Fergurson Blyth Ltd",2,2,1,2017-11-30,2018-11-30,750000
07774287,"The Varkey Foundation",2,2,2,2017-03-17,2018-03-16,1610616
1430799,"Stalbury Trustees",95,1,1,2008-09-30,2021-04-21,44383000
457188,"Association of Conservative Clubs Limited (The)",81,1,1,2011-04-28,2026-01-29,65696792
3010238,"Sun Mark Limited",76,1,1,2011-04-08,2021-10-12,141721478
6804256,"Huntswood Associates Limited",61,1,1,2018-06-13,2024-08-15,139924772
1207120,"Bestway Wholesale Ltd",48,1,1,2005-01-12,2025-07-31,134813270
4940414,"DURHAM GROUP ESTATES LIMITED",40,1,1,2014-11-20,2025-10-22,16284000
3456018,"IM Group Ltd",39,1,1,2008-09-08,2024-07-24,120001000
SC125363,"Dow Investments PLC",37,1,1,2010-03-19,2024-05-31,19706200
1798514,"Clerewell Limited",30,1,1,2010-02-08,2019-07-10,45800000
1524815,"Tratos (UK) Limited",27,1,1,2015-12-07,2026-03-02,36230311
1954085,"Arbuthnot Banking Group",24,1,1,2006-10-10,2022-07-13,32446700
01692312,"Growth Financial Services Limited",20,1,1,2005-09-15,2024-05-23,121050000
2089582,"Shore Capital Group Plc",16,1,1,2010-02-05,2022-06-06,52317000
2188605,"Residential Land",14,1,1,2012-02-21,2019-06-18,36368877
5150902,"Quinn Estates Ltd",14,1,1,2016-11-10,2022-03-07,10471000
OC333044,"Cavendish Corporate Finance LLP",12,1,1,2008-02-08,2015-09-18,9020000
01243071,"Nikeland Securities Ltd",12,1,1,2002-03-07,2010-03-17,16299999
OC303662,"Christofferson, Robb & Company (UK) LLP",11,1,1,2005-03-22,2011-09-21,14233165
9101090,"R&R ASSET MANAGEMENT LIMITED",10,1,1,2022-02-22,2024-03-14,7874367
2792424,"Tamares Real Estate Investments (UK) Ltd",10,1,1,2005-10-17,2016-03-02,13410000
3187173,"The Red House (Ashstead) Ltd",10,1,1,2019-09-13,2023-06-20,3750000
03340027,"Jersey House (Developments) Ltd",9,1,1,2005-06-30,2025-07-22,66165251
14849463,"New Conservatives Limited",9,1,1,2023-09-19,2024-05-13,4719579
235481,"Caledonia Investments PLC",9,1,1,2008-04-30,2009-04-28,5800000
00711858,"Boehringer Ingelheim Ltd",8,1,1,2002-02-20,2011-07-21,3240000
3299668,"Ministry of Sound Ltd",8,1,1,2012-08-28,2020-01-20,10333500
2553033,"Jayroma (London) Ltd",8,1,1,2005-08-20,2015-09-23,7689000
01104045,"Midland Food Group Ltd",8,1,1,2006-12-01,2018-02-20,5031952
01363570,"Techtest Limited",8,1,1,2001-05-15,2019-05-25,38450000
03249445,"Quantum Securities Ltd",7,1,1,2014-11-13,2024-09-05,2371900
03619340,"Opal Property Group",7,1,1,2006-02-27,2012-11-01,5942300
05204672,"Investors In Private Capital Ltd",7,1,1,2009-04-08,2025-12-02,21750000
02168125,"Anglo Scottish Properties Ltd",7,1,1,2002-06-26,2007-06-13,8750000
1576951,"Whitechurch Securities Ltd",7,1,1,2018-06-12,2019-11-01,4500000
4615342,"VM.AV Corporate Services Ltd",6,1,1,2019-04-15,2022-08-04,18000000
3841076,"Shore Capital Group Ltd",6,1,1,2013-09-20,2016-06-21,12295720
4590298,"C & C Alpha Group",6,1,1,2011-01-09,2019-10-11,38189252
01624297,"Microsoft Ltd",6,1,1,2006-03-28,2015-01-05,9267515
1531949,"Palmer Capital Partners Limited",6,1,1,2008-05-09,2019-09-03,3202235
04353067,"PCL Transport Limited",5,1,1,2019-08-12,2026-01-08,2910000
01798514,"Clerewell Limited",5,1,1,2006-12-22,2024-03-14,2250000
05187484,"Crombie Concessions Ltd",5,1,1,2010-06-30,2010-10-31,4614048
01505036,"T.J. Morris Ltd",5,1,1,2013-05-09,2024-03-04,6000000
03718331,"Henley Homes PLC",5,1,1,2013-02-25,2016-04-15,10430000
352679,"HC Whitehead Ltd",5,1,1,2018-07-17,2019-11-14,1000000
8264748,"Global Diversity Awards Limited",5,1,1,2014-12-08,2017-05-02,5750000
1976991,"Philip Mould Ltd",5,1,1,2005-10-26,2019-11-26,4600000
7196537,"CFT Partners Ltd",5,1,1,2011-12-09,2018-09-26,21934800
02048526,"Windsor Services Ltd",5,1,1,2004-08-03,2007-12-13,6000000
00710682,"S Wernick & Sons (Holdings) Ltd",5,1,1,2009-02-10,2026-02-26,8250000
02366852,"EDF Energy Limited",4,1,1,2003-10-08,2023-06-08,3800000
10162467,"Yoginvest Ltd",4,1,1,2019-07-24,2022-08-04,8000000
03221756,"Sir Rocco Forte Ltd",4,1,1,2005-04-08,2024-10-01,4250000
09101090,"R&R ASSET MANAGEMENT LIMITED",4,1,1,2024-02-14,2024-12-04,3131500
12542036,"Beyond 2050 Limited",4,1,1,2022-04-04,2024-05-20,4450000
04982959,"Charles McDowell Properties Ltd",4,1,1,2021-08-05,2023-11-20,1295214
07042898,"Allam House ltd",4,1,1,2014-05-28,2017-08-30,14500000
01253715,"Stockvale Ltd",4,1,1,2001-06-22,2014-03-27,1052600
SC180246,"Ballathie Estates Ltd",4,1,1,2001-03-01,2007-06-19,5040000
5707007,"Anne Street Partners Ltd",4,1,1,2014-04-25,2016-08-17,11500000
01004502,"Trailfinders Ltd",4,1,1,2018-10-29,2025-06-13,85000000
3952886,"Castle Villas Ltd",4,1,1,2017-08-09,2019-11-11,1800000
8124207,"Signature Living Hotels Ltd",4,1,1,2015-11-17,2018-09-28,2320000
04046934,"Carrousel Capital Limited",4,1,1,2005-02-05,2010-05-12,31000000
03611426,"ICAP PLC",4,1,1,2005-07-21,2015-12-15,1580794
00151415,"Thomas Goode & Co. Ltd",4,1,1,2004-06-09,2006-08-01,1610337
9690232,"Dsam Partners London Ltd",3,1,1,2020-03-04,2022-07-19,2425400
2956243,"FGS Global (UK) Limited",3,1,1,2024-05-29,2024-09-23,2996937
02735678,"Manrows Ltd",3,1,1,2009-07-31,2011-08-10,1360000
SC176032,"Holland House Property Investments Ltd",3,1,1,2009-01-05,2014-12-10,800000
1970855,"LHR AIrports Ltd",3,1,1,2004-02-28,2012-12-24,950000
02373675,"Motcomb Estates Ltd",3,1,1,2006-03-14,2024-08-28,2439000
00600419,"HOBBS ESTATES LTD",3,1,1,2009-10-29,2023-02-09,1125000
03736778,"Galaxy Asset Management Ltd",3,1,1,2004-03-26,2005-07-01,3000000
05539168,"Hepburn Bio Care Ltd",3,1,1,2024-06-26,2025-06-23,3500000
05696974,"IPA Consulting Limited",3,1,1,2006-03-07,2010-08-04,2200000
4663431,"Hauser and Wirth Gallery Limited",3,1,1,2016-02-25,2017-05-20,6000000
7306304,"IDTD SERVICES LIMITED",3,1,1,2017-01-11,2019-06-06,700000
04451975,"Henfield Lodge Aviation Limited",3,1,1,2005-05-03,2008-11-24,5834770
1423059,"Garavi Gujurat (Publications) Ltd",3,1,1,2015-12-16,2020-02-04,1667600
11196033,"Kayan Aviation Capital Ltd",3,1,1,2019-09-26,2021-08-20,3000000
13077795,"Donlow Fininvest",3,1,1,2024-06-17,2024-07-31,6500000
SC239570,"Phoenix Outdoor Advertising Ltd",3,1,1,2013-11-25,2015-06-03,1900000
04773051,"Brigam Ltd",3,1,1,2024-07-17,2024-09-10,1750000
3079647,"Winners Property Limited",2,1,1,2015-07-09,2023-03-14,1250000
04580937,"Madhu’s Ltd",2,1,1,2009-12-08,2014-06-16,1175000
1554968,"Teescraft Engineering Limited",2,1,1,2015-08-10,2024-05-29,750000
02974568,"Trans-Continental Group Ltd",2,1,1,2017-05-02,2017-06-08,1000000
8509310,"Melior Advisers Ltd",2,1,1,2017-01-30,2019-02-12,1188000
06292597,"Drillgreat Ltd",2,1,1,2009-08-07,2019-05-28,6000000
00811900,"Total Exploration and Production UK",2,1,1,2011-10-26,2011-10-26,391962
8873131,"Faculty Science Limited",2,1,1,2024-05-01,2024-06-28,7200000
05574458,"Backup Technology Ltd",2,1,1,2009-07-13,2009-07-16,550000
185609,"Dunchurch Lodge Stud Company",2,1,1,2017-04-27,2024-03-06,625000
-,"Direct News Private Limited",2,1,1,2023-12-21,2026-03-11,808630
1904912,"NH Case LTD",2,1,1,2017-04-23,2017-05-20,1000000
07012425,"Euro Packaging UK Ltd",2,1,1,2015-06-11,2021-11-02,1250000
13159981,"Fenlake Properties Limited",2,1,1,2023-10-30,2024-05-29,500000
13138411,"RCL Partners Ltd",2,1,1,2023-06-07,2025-12-08,764800
00985739,"Clinton Cards Plc",2,1,1,2002-08-22,2005-04-07,400000
06844972,"Audley Ltd",2,1,1,2016-03-23,2019-06-25,5500000
03298131,"St. Philips Care Limited",2,1,1,2013-02-18,2024-02-02,1000000
0001579016,"Privateer Holdings Inc",2,1,1,2018-04-09,2018-04-09,522788
n/a,"IMT International Tours",2,1,1,2023-08-13,2023-08-22,924791
000000000,"Thompson Solicitors",2,1,1,2015-09-20,2017-11-17,634036
02880543,"Keltruck Ltd",2,1,1,2005-11-03,2010-02-05,2000000
SC217026,"Carlton Rock Ltd",2,1,1,2016-05-16,2016-05-16,420000
02863882,"Slater Investments Limited",2,1,1,2005-07-01,2015-05-12,390000
226900,"GQ Magazine",2,1,1,2009-09-08,2009-09-08,360000
2276251,"The RH Group Limited",2,1,1,2019-12-21,2024-10-22,1500000
07053138,"Political Information Ltd",2,1,1,2010-10-01,2011-06-10,524680
07129564,"Purple Apple Management Limited",2,1,1,2010-08-09,2011-03-28,1500000
01623079,"Katisouris (Fresh Foods) Ltd",2,1,1,2001-11-28,2002-01-11,1165675
4732937,"RS Furbs Ltd",2,1,1,2022-03-15,2022-03-22,1040000
2646404,"Metropolitan International School Ltd",2,1,1,2008-05-22,2011-08-03,5000000
2675059,"Transeuro Amertrans Worldwide Relocations",2,1,1,2001-08-12,2001-08-12,250000
07222231,"Court Consultants Ltd",2,1,1,2016-08-15,2019-08-01,1032100
04242025,"Regent Square Estates Ltd",2,1,1,2005-06-20,2005-07-19,2000000
01435560,"Falfish Ltd",2,1,1,2014-12-16,2014-12-16,400000
08379673,"Montagu Investments Limited",2,1,1,2019-06-06,2020-10-14,450000
07285998,"Zahawi & Zahawi Limited",2,1,1,2024-07-03,2024-08-15,2500000
7160754,"Inv1.0 Ltd",2,1,1,2015-04-15,2015-08-05,2000000
3922731,"H&M Security Services Ltd",2,1,1,2017-05-17,2021-11-16,1200000
01392861,"Bestway Holdings Limited",2,1,1,2009-06-10,2019-11-18,764798
01389757,"Woodlands School",2,1,1,2010-01-11,2019-07-15,1900000
3468788,"Airbus Operations Limited",2,1,1,2018-01-08,2023-10-23,1260000
8322810,"Quantum Pacific Corporation UK Limited",2,1,1,2019-03-04,2024-08-28,4500000
05929619,"Falcon Communications",1,1,1,2012-10-30,2012-10-30,215200
05863533,"Home Retail Group plc",1,1,1,2013-01-18,2013-01-18,246480
05757208,"Heathrow Airport Holdings Limited",1,1,1,2013-04-30,2013-04-30,500000
0573221,"The Carlton Club",1,1,1,2024-05-24,2024-05-24,500000
05708871,"Global Health Partnerships",1,1,1,2025-10-12,2025-10-12,233732
05694978,"Sajid Patel",1,1,1,2024-09-15,2024-09-15,250000
05669451,"Countryside Alliance",1,1,1,2025-12-17,2025-12-17,350000
04364919,"Laing O’Rourke Services Ltd",1,1,1,2013-10-17,2013-10-17,300000
04379585,"Center Parcs (Operating Company) Limited",1,1,1,2022-12-28,2022-12-28,200000
05647630,"Bridgemere UK Limited",1,1,1,2024-09-20,2024-09-20,2500000
05632040,"Grosvenor UK Ltd",1,1,1,2014-08-06,2014-08-06,500000
05602112,"Cambridge Fire Research Ltd",1,1,1,2019-09-17,2019-09-17,500000
05599788,"Stagecoach South Western Trains Ltd",1,1,1,2008-01-08,2008-01-08,169250
04416864,"Bonus Ltd",1,1,1,2016-08-26,2016-08-26,3750000
05538700,"Care for Children",1,1,1,2023-09-28,2023-09-28,198800
05513400,"Growth Financial Services",1,1,1,2024-08-05,2024-08-05,1000000
05391240,"Aker Solutions Engineering and Technology Ltd",1,1,1,2012-06-21,2012-06-21,350000
05358216,"Albion Agencies Ltd",1,1,1,2019-06-19,2019-06-19,500000
05189729,"Teebah Foundation",1,1,1,2019-09-15,2019-09-15,171000
04479959,"Superior Roofing & Building Services Ltd",1,1,1,2016-10-31,2016-10-31,442633
05132646,"Longhill Environmental Ltd",1,1,1,2014-06-17,2014-06-17,250000
0498 7694,"The Cayzer Trust Company Ltd",1,1,1,2016-11-04,2016-11-04,500000
048939 470,"Buster Burke Ltd",1,1,1,2007-10-31,2007-10-31,2000004
04534216,"Carlton Care Homes Ltd",1,1,1,2019-09-09,2019-09-09,1000000
04886023,"Klassic Property Ltd",1,1,1,2019-02-28,2019-02-28,200000
04590689,"Results UK",1,1,1,2017-09-17,2017-09-17,198948
04824053,"DB Consultants Ltd",1,1,1,2009-09-28,2009-09-28,1000000
04598294,"Wheb Ventures",1,1,1,2005-07-04,2005-07-04,500000
04608227,"Arbuthnot Ltd",1,1,1,2005-10-27,2005-10-27,5000000
04783730,"Royal British Legion Trading Ltd",1,1,1,2025-06-04,2025-06-04,375000
00241882,"Fuller Smith & Turner PLC",1,1,1,2012-07-06,2012-07-06,200000
00247378,"Beeson and Sons Ltd",1,1,1,2019-08-21,2019-08-21,500000
SC037896,"Albert Bartlett",1,1,1,2023-11-24,2023-11-24,200000
RC000524,"Royal Society of Chemistry",1,1,1,2025-11-12,2025-11-12,373200
RC000101,"Chartered Institute of Public Finance and Accountancy",1,1,1,2020-06-10,2020-06-10,1000000
OC404188,"Simons Muirhead & Burton Solicitors",1,1,1,2017-07-19,2017-07-19,500000
00347103,"Arriva Plc",1,1,1,2006-09-01,2006-09-01,400000
OC327862,"Somerset Capital Management",1,1,1,2018-09-06,2018-09-06,183040
00384964,"Big Ben Films Ltd",1,1,1,2022-08-23,2022-08-23,1650000
00388051,"Pidom Export Limited",1,1,1,2007-11-28,2007-11-28,500000
OC 361119,"Patron Capital Advisors",1,1,1,2014-10-08,2014-10-08,200000
None - France based,"SCI Kerr",1,1,1,2021-08-02,2021-08-02,340000
N/A,"SCI Kerr",1,1,1,2021-08-02,2021-08-02,343066
0 2826785,"SAM Learning",1,1,1,2018-10-08,2018-10-08,1628500
IP16442R,"Shepherds Bush Housing Association",1,1,1,2012-06-22,2012-06-22,200000
0047802,"The Arts Club",1,1,1,2010-10-05,2010-10-05,300000
FC026760,"Allfunds Bank S.A.",1,1,1,2017-11-16,2017-11-16,200000
FC014326,"Skandinaviska Enskilda Banken AB (Publ)",1,1,1,2023-03-12,2023-03-12,863000
FC009916,"Gulf Air",1,1,1,2024-12-05,2024-12-05,485086
FC002099,"Zurich Insurance",1,1,1,2023-09-07,2023-09-07,222450
Company,"Karmarama Ltd",1,1,1,2017-02-23,2017-02-23,1750000
00015993,"London Chamber of Commerce",1,1,1,2013-05-12,2013-05-12,265409
937417,"Gallagher Developments",1,1,1,2017-05-25,2017-05-25,2000000
9239172,"Twiggs Grounds Maintenance Ltd",1,1,1,2022-02-11,2022-02-11,300000
9131128,"Caroline Hirons Ltd",1,1,1,2021-12-16,2021-12-16,1000000
91283,"Tangent Industries Ltd",1,1,1,2005-10-09,2005-10-09,1000000
8831542,"Firefly Capital Limited",1,1,1,2024-03-27,2024-03-27,500000
8804234,"PR Power Saving Solutions Ltd",1,1,1,2024-04-23,2024-04-23,1000000
00820148,"Lloyds (Animal) Feeds Ltd",1,1,1,2006-05-05,2006-05-05,1000000
8604368,"BHL (UK) Holdings Ltd",1,1,1,2015-03-10,2015-03-10,2000000
8560345,"Africa House London Ltd",1,1,1,2022-08-28,2022-08-28,389200
00840801,"Great Yarmouth Warehousing Co Ltd",1,1,1,2014-07-10,2014-07-10,250000
tbc,"Qatar Airways",1,1,1,2015-11-10,2015-11-10,200000
836513,"Henley Homes Plc",1,1,1,2014-08-13,2014-08-13,500000
8319509,"Cool Investments Ltd",1,1,1,2015-08-28,2015-08-28,1000000
(0)1446754,"JCB",1,1,1,2023-08-23,2023-08-23,200000
8189817,"Big Change Ltd",1,1,1,2020-01-08,2020-01-08,200000
8183937,"Commercial Services Design Ltd",1,1,1,2014-09-02,2014-09-02,480000
8149788,"Star Nebula Ltd",1,1,1,2022-08-03,2022-08-03,1000000
00939436,"C. J. O'Shea and Company Ltd",1,1,1,2019-06-14,2019-06-14,1000000
8106009,"YPO Gold London",1,1,1,2022-08-08,2022-08-08,500000
7811342,"La Morada Ltd",1,1,1,2015-07-03,2015-07-03,500000
7803392,"Green Bay Capital Ltd",1,1,1,2016-07-11,2016-07-11,500000
77247785,"Shriti Vadera Ltd",1,1,1,2013-12-05,2013-12-05,440200
7578118,"Collective Consulting Ltd",1,1,1,2024-09-16,2024-09-16,1000000
7577676,"Khalidoscope Services Ltd",1,1,1,2020-04-03,2020-04-03,300000
7533381,"McKenzie Intelligence Services",1,1,1,2024-02-05,2024-02-05,500000
01117511,"The Institute of Travel and Tourism",1,1,1,2018-06-05,2018-06-05,211200
7334504,"Queensway Admin Ltd",1,1,1,2022-08-19,2022-08-19,1000000
01125377,"T C Limited",1,1,1,2014-07-01,2014-07-01,750000
7271218,"No 1 Skip Hire",1,1,1,2018-05-14,2018-05-14,300000
7211825,"LionLike Management Ltd",1,1,1,2016-07-04,2016-07-04,1000000
687485,"David Nieper Limited",1,1,1,2019-07-04,2019-07-04,1000000
6828274,"Haji Baba Ltd",1,1,1,2015-08-28,2015-08-28,200000
6820074,"Andurand Ventures Ltd",1,1,1,2022-03-17,2022-03-17,10000000
6583080,"Rosenbauer UK plc",1,1,1,2015-11-06,2015-11-06,200000
6568503,"Employee Pulsecheck Ltd (trading as Karian and Box)",1,1,1,2020-01-06,2020-01-06,500000
01294885,"Metloc Printers",1,1,1,2002-08-22,2002-08-22,200000
6493688,"Curtain Superstore Blaydon Ltd",1,1,1,2015-10-02,2015-10-02,500000
6448206,"Talacom Ltd",1,1,1,2023-11-06,2023-11-06,600000
01327896,"Interpub Ltd",1,1,1,2023-06-22,2023-06-22,250000
62533469,"CH2M Hill",1,1,1,2013-10-11,2013-10-11,283911
608077,"Tulip Ltd",1,1,1,2017-12-05,2017-12-05,225000
6033060,"NSL Ltd",1,1,1,2016-07-18,2016-07-18,268644
(0)6281130,"The Harrison Foundation",1,1,1,2023-07-26,2023-07-26,200000
(0)9010358,"Avre Partnership Ltd",1,1,1,2022-11-18,2022-11-18,250000
5887997,"Cyprus Premier Holidays Ltd",1,1,1,2021-11-16,2021-11-16,200000
5768964,"Sysco Business Skills Academy",1,1,1,2016-06-21,2016-06-21,190000
01403332,"Waxman International Limited",1,1,1,2023-02-06,2023-02-06,400000
5764628,"Henley Homes",1,1,1,2021-02-22,2021-02-22,600000
5746000,"Grimes Finishings",1,1,1,2018-02-05,2018-02-05,500000
5741473,"VGC Group",1,1,1,2016-04-28,2016-04-28,180000
01426561,"International Transport Workers' Federation",1,1,1,2023-10-14,2023-10-14,316211
5676603,"Rosemount Financial Solutions Limited",1,1,1,2022-12-22,2022-12-22,500000
01486660,"Greenhill Plant Hire Ltd (trading as Men at Work)",1,1,1,2007-10-03,2007-10-03,350000
5668905,"Rosemount Financial Solutions (IFA) Limited",1,1,1,2023-12-22,2023-12-22,500000
566338,"Pasta Foods",1,1,1,2014-06-10,2014-06-10,500000
01493479,"Rinku Group PLC",1,1,1,2007-12-17,2007-12-17,250000
01513165,"Fibrelite Composites Limited",1,1,1,2013-07-05,2013-07-05,225000
5599788,"South West Trains",1,1,1,2009-01-16,2009-01-16,179000
5565720,"La Romantica Beds Ltd",1,1,1,2021-10-15,2021-10-15,420000
5526726,"Access Self Storage Ltd",1,1,1,2022-08-10,2022-08-10,1000000
01533774,"Channel 4",1,1,1,2017-02-11,2017-02-11,184000
5361822,"HFSSS Ltd",1,1,1,2020-03-03,2020-03-03,1000000
5322235,"Precision Marketing LTD",1,1,1,2023-09-06,2023-09-06,180000
5253446,"Vermont Contruction Ltd",1,1,1,2015-07-03,2015-07-03,500000
5162025,"NFC Homes (East) Ltd",1,1,1,2019-12-19,2019-12-19,500000
00041598,"Dignity Funerals Ltd",1,1,1,2018-10-15,2018-10-15,260000
4th Floor, York House, 23 Kingsway,"BM Creative Management Ltd",1,1,1,2020-03-09,2020-03-09,750000
01680058,"Foxtons Ltd",1,1,1,2012-06-19,2012-06-19,1200000
4982959,"Charles McDowell Properties",1,1,1,2021-03-01,2021-03-01,200000
4937325,"Vertigo Films Ltd",1,1,1,2015-09-01,2015-09-01,180947
4824053,"DB Consultants Limited",1,1,1,2015-06-06,2015-06-06,250000
01765250,"Farnborough International Limited",1,1,1,2013-06-17,2013-06-17,199600
01768127,"Wilkinson Star Ltd",1,1,1,2007-03-05,2007-03-05,1000000
01787329,"WaterAid UK",1,1,1,2023-09-17,2023-09-17,360234
4540649,"Starcross Building Ltd",1,1,1,2015-09-19,2015-09-19,1500000
4532510,"London School of Commerce",1,1,1,2009-12-15,2009-12-15,1000000
4529006,"Henley Homes",1,1,1,2015-08-05,2015-08-05,500000
451921,"Crockett & Jones Ltd",1,1,1,2014-07-21,2014-07-21,200000
01878923,"Dawney Day International Ltd",1,1,1,2008-03-17,2008-03-17,1000000
4392069,"Bond Wolfe Estates Ltd",1,1,1,2015-06-08,2015-06-08,1339842
4355070,"Boeing United Kingdom Ltd",1,1,1,2022-05-16,2022-05-16,540462
01935786,"Abbott Mead Vickers BBDO Ltd",1,1,1,2007-05-05,2007-05-05,980000
4316055,"Eldersfield Consulting Ltd",1,1,1,2005-10-27,2005-10-27,1000000
01956881,"Catherine Wantling Etonbrook Ltd",1,1,1,2026-05-19,2026-05-19,500000
01959704,"Tetra Tech Limited",1,1,1,2023-01-11,2023-01-11,750000
423930,"Legal & General Group PLC",1,1,1,2006-10-14,2006-10-14,188600
4177350,"Sager House (Almeida) Limited",1,1,1,2015-08-07,2015-08-07,2000000
4047630,"G4S Risk Consulting Ltd",1,1,1,2022-04-08,2022-04-08,192000
4033128,"Magnetic North Interactive Ltd",1,1,1,2020-02-05,2020-02-05,320000
4018281,"Flanagan Group Ltd",1,1,1,2015-10-02,2015-10-02,250000
3979726,"Grand Central Trains",1,1,1,2011-09-28,2011-09-28,300000
02039252,"Construction Industry Solutions Limited",1,1,1,2019-06-15,2019-06-15,1000000
02051360,"EMC Computer Systems UK Ltd",1,1,1,2012-06-26,2012-06-26,350000
3892420,"Firoka (Heythorp Park) Ltd",1,1,1,2005-10-26,2005-10-26,1000000
3881669,"Local Life",1,1,1,2005-09-01,2005-09-01,200000
3830322,"Crownhawk Properties Ltd",1,1,1,2020-02-10,2020-02-10,652180
02104942,"Buybest Ltd",1,1,1,2019-06-14,2019-06-14,500000
02108777,"Rockley Dene Homes Ltd",1,1,1,2009-12-21,2009-12-21,250000
02112932,"Christian Action Research and Education (CARE)",1,1,1,2023-10-16,2023-10-16,500000
3699618,"Caledonia Investments Plc",1,1,1,2008-04-10,2008-04-10,500000
3694213,"RAB Capital Limited",1,1,1,2013-07-10,2013-07-10,1000000
3676558,"Captain Cloud Ltd",1,1,1,2005-12-05,2005-12-05,1000000
3675632,"Smoked Salmon",1,1,1,2022-08-01,2022-08-01,1000000
3604904,"Adnaan Iqbal Mohamed Consulting Ltd",1,1,1,2024-06-10,2024-06-10,1009026
3597043,"DMQA Holdings",1,1,1,2007-04-17,2007-04-17,250000
02215654,"Camira Fabrics Ltd",1,1,1,2014-09-17,2014-09-17,356500
3497865,"MKM Building Supplies Ltd",1,1,1,2007-04-03,2007-04-03,250000
02243122,"Rhino Rugby Ltd",1,1,1,2007-12-17,2007-12-17,200000
SC402097,"Renaissance Care (No.1) Ltd",1,1,1,2022-07-18,2022-07-18,1000000
02353697,"Jardentome Ltd",1,1,1,2018-06-01,2018-06-01,1326000
00066558,"Tarmac Cement Ltd",1,1,1,2026-03-24,2026-03-24,320000
3235601,"Surescreen Diagnostics Ltd",1,1,1,2022-06-24,2022-06-24,2000000
3226403,"Essity UK Ltd",1,1,1,2021-12-03,2021-12-03,200000
0236 6852,"EDF Energy",1,1,1,2016-08-23,2016-08-23,250000
320998,"David Menzies Management Services",1,1,1,2015-07-15,2015-07-15,200000
02366623,"Thames Water Ltd",1,1,1,2012-07-06,2012-07-06,200000
3076445,"EDF Nuclear Generation LTD",1,1,1,2017-10-26,2017-10-26,355500
3059549,"Career Development Finance",1,1,1,2012-08-24,2012-08-24,3500000
300656,"Balmoral Tanks Ltd",1,1,1,2016-12-09,2016-12-09,200000
0250 4047,"CRU Publishing Ltd",1,1,1,2016-10-14,2016-10-14,400000
02506007,"Pladis (UK) Limited",1,1,1,2023-12-01,2023-12-01,200000
2909660,"London and Regional Properties Ltd",1,1,1,2005-10-28,2005-10-28,1000000
2884347,"Firstsite Ltd",1,1,1,2021-11-06,2021-11-06,360000
2880543,"Keltruck Limited",1,1,1,2008-07-16,2008-07-16,200000
288046,"Phonograhic Performance Ltd (PPL)",1,1,1,2010-01-29,2010-01-29,154000
2866474,"Jacksons Bournemouth Ltd",1,1,1,2005-11-03,2005-11-03,1000000
2861582,"Euro Property Investments Ltd",1,1,1,2020-02-14,2020-02-14,200000
2855006,"Secrets Ltd",1,1,1,2004-12-01,2004-12-01,407138
27922424,"Tamares Real Estate Investments UK Ltd",1,1,1,2005-11-03,2005-11-03,1000000
02596168,"Bestways PLC",1,1,1,2008-01-18,2008-01-18,1000000
2779199,"Association of Electricity Producers Ltd (trading as Energy UK)",1,1,1,2022-02-21,2022-02-21,179200
2736122,"Ministry of Sound Ltd",1,1,1,2020-02-19,2020-02-19,2232000
00075035,"Holmen Iggesund Paperboard Ltd",1,1,1,2022-10-04,2022-10-04,200000
02665157,"Hilbury Chaplain Surveyors Ltd",1,1,1,2002-08-22,2002-08-22,200000
26688R,"MHS Homes",1,1,1,2004-09-12,2004-09-12,500000
2648297,"Homeserve plc",1,1,1,2019-01-28,2019-01-28,569100
SC288903,"Cantle Consulting Ltd",1,1,1,2013-05-13,2013-05-13,295000
2600534,"The Best Connection Group Ltd",1,1,1,2017-02-20,2017-02-20,500000
2580377,"We Are With You (formerly Addaction)",1,1,1,2020-01-01,2020-01-01,537900
02707973,"Parking Places Ltd",1,1,1,2019-04-10,2019-04-10,300000
02720289,"GP Investments Ltd",1,1,1,2010-06-05,2010-06-05,240000
253240,"National Car Parks Limited",1,1,1,2008-11-17,2008-11-17,102127
2518720,"Meteor Parking Ltd",1,1,1,2003-01-15,2003-01-15,665600
02759529,"Czech, Moravian and Slovak Chemicals Ltd",1,1,1,2005-10-28,2005-10-28,500000
2479169,"Insinger de Beaufort",1,1,1,2005-10-17,2005-10-17,1000000
2435148,"Wykeland Group Ltd",1,1,1,2007-05-01,2007-05-01,250000
2423010,"Songlines Ltd",1,1,1,2007-06-20,2007-06-20,250000
02812352,"Alena Ltd",1,1,1,2008-01-31,2008-01-31,200000
2321869,"Aldi Stores Ltd`",1,1,1,2016-02-03,2016-02-03,500000
2275441,"Story Homes Ltd",1,1,1,2017-03-03,2017-03-03,200000
02869292,"Southwark Cathedral",1,1,1,2025-12-08,2025-12-08,666000
02878404,"Bansols Beta Ltd",1,1,1,2019-06-03,2019-06-03,1000000
02883980,"BSkyB Telecommunications Services Ltd",1,1,1,2012-07-06,2012-07-06,700000
2101769,"RJ Lewis Management Services Ltd",1,1,1,2016-06-09,2016-06-09,1000000
2069102,"Buxton Water",1,1,1,2009-07-18,2009-07-18,109800
02919227,"Lorian Properties Ltd",1,1,1,2007-05-30,2007-05-30,1000000
1996942,"St James's Company Ltd",1,1,1,2016-05-03,2016-05-03,717558
1973576,"Tufton Services Ltd",1,1,1,2005-11-01,2005-11-01,1000000
1777777,"British Airways",1,1,1,2011-09-01,2011-09-01,320900
02989338,"Elliott Advisers (UK) Limited",1,1,1,2008-02-08,2008-02-08,500000
1658222,"Anthony Best Dynamics Ltd",1,1,1,2017-10-27,2017-10-27,175000
03003963,"M&C Saatchi",1,1,1,2009-05-12,2009-05-12,228175
1620599,"Botanica Inc",1,1,1,2018-04-09,2018-04-09,197987
0012478,"Plexal (City) Limited",1,1,1,2020-10-27,2020-10-27,316800
16041317,"Smartphone Free Childhood Ltd",1,1,1,2024-10-01,2024-10-01,380000
03023052,"Beauchamp Estates Limited",1,1,1,2015-03-20,2015-03-20,200000
15777119,"QTS Data Centres",1,1,1,2026-02-06,2026-02-06,727600
1533774,"Channel Four Television Company Ltd",1,1,1,2017-02-11,2017-02-11,184000
15208364,"Neural Voice AI",1,1,1,2025-08-05,2025-08-05,300000
03088452,"Autohorn Fleet Services Ltd",1,1,1,2019-07-03,2019-07-03,1190000
148948463,"New Conservatives Ltd",1,1,1,2023-12-09,2023-12-09,500000
14857305,"Conservative Friends of Ukraine",1,1,1,2023-11-26,2023-11-26,1071012
14827846,"Baillieu Consulting Ltd",1,1,1,2024-09-24,2024-09-24,250000
14824731,"MYZI PR Ltd",1,1,1,2023-11-27,2023-11-27,180000
14739556,"Breedon Group plc",1,1,1,2025-04-29,2025-04-29,250000
03130330,"Crowne Plaza Hotel Stratford-upon-Avon (part of IHG Hotels and R",1,1,1,2026-03-02,2026-03-02,759650
14294995,"Palace Yard Events Ltd",1,1,1,2025-06-11,2025-06-11,3200000
14245166,"25 Seven Talent Solutions Limited",1,1,1,2026-03-11,2026-03-11,302400
03179012,"Bridgford Holdings Limited",1,1,1,2024-10-18,2024-10-18,500000
03187173,"The Red House (Ashtead) Limited",1,1,1,2023-03-08,2023-03-08,500000
13653688,"Chamber UK Services Ltd",1,1,1,2026-04-14,2026-04-14,720000
1362146,"Barnbrook Systems Ltd",1,1,1,2018-08-06,2018-08-06,440421
13332713,"Northcote Street Limited",1,1,1,2024-08-20,2024-08-20,1000000
13277004,"Cargo Solutions Ltd",1,1,1,2022-02-16,2022-02-16,156000
03261140,"R&D Glass Ltd",1,1,1,2019-06-13,2019-06-13,500000
0328 0551,"Aviva Employment Services Ltd",1,1,1,2016-10-10,2016-10-10,1163000
1293674,"Vascroft Contractors Ltd",1,1,1,2014-06-18,2014-06-18,350000
12801386,"RNIE Group LTD",1,1,1,2026-02-09,2026-02-09,1000000
12698296,"Michal Blance Limited",1,1,1,2024-05-02,2024-05-02,1000000
1253115,"Stockvale Plc",1,1,1,2006-06-01,2006-06-01,120000
12474011,"Bute Energy",1,1,1,2024-02-29,2024-02-29,300000
12333719,"Ethan R Wilkinson Ltd",1,1,1,2022-07-07,2022-07-07,200000
12273720,"The Office of Theresa May (company)",1,1,1,2022-11-13,2022-11-13,1055800
SC23097,"Border Harvesters Ltd",1,1,1,2005-10-13,2005-10-13,500000
12270590,"College Green Group",1,1,1,2023-10-01,2023-10-01,3500000
12262232,"Rent Empty Ltd",1,1,1,2020-03-30,2020-03-30,200000
12167840,"High Street Deal Ltd",1,1,1,2026-04-17,2026-04-17,300000
12110648,"SJJ Contracts Ltd",1,1,1,2022-07-22,2022-07-22,1500000
12047877,"Silk Road Consultancy",1,1,1,2024-02-12,2024-02-12,1000000
12042554,"Slate Tops Ltd",1,1,1,2019-10-01,2019-10-01,540000
11903096,"Humber Landlords Association",1,1,1,2022-06-04,2022-06-04,352865
03384650,"Law Abroad Ltd (trading as Underwoods Solicitors)",1,1,1,2019-08-01,2019-08-01,862500
11609987,"Bridge Consulting Ltd",1,1,1,2022-07-08,2022-07-08,319500
11571089,"GivEnergy Ltd",1,1,1,2024-03-01,2024-03-01,350000
03443510,"Bawtry Farms Ltd",1,1,1,2025-07-02,2025-07-02,500000
11318718,"Beth Begg Design Ltd",1,1,1,2023-10-03,2023-10-03,200000
03444899,"Cardinal Maritime Ltd",1,1,1,2022-09-30,2022-09-30,750000
SC2076648,"Scottish Racing",1,1,1,2011-01-17,2011-01-17,180000
11310159,"Tungsten West plc",1,1,1,2022-08-01,2022-08-01,405000
11203032,"Langstone Quays Ltd",1,1,1,2024-10-13,2024-10-13,490700
11165799,"Spartan Advisors",1,1,1,2019-05-28,2019-05-28,500000
03464388,"Language is Everything",1,1,1,2024-01-11,2024-01-11,250000
11098383,"Tate Group Ltd",1,1,1,2019-07-08,2019-07-08,160000
03481321,"Hakluyt and Company",1,1,1,2024-02-02,2024-02-02,275895
1100302,"Earth Resources Research",1,1,1,2011-09-21,2011-09-21,800000
10988419,"Grolar Developments Ltd",1,1,1,2022-07-18,2022-07-18,1500000
10984243,"MSG UK Investments Ltd",1,1,1,2024-10-08,2024-10-08,2000000
1098149,"Murphshore Ltd",1,1,1,2005-11-01,2005-11-01,500000
10978448,"High Life Investments Ltd",1,1,1,2022-07-19,2022-07-19,500000
10958237,"Bear Bros Limited",1,1,1,2024-02-12,2024-02-12,250000
10855286,"PQF Management Limited",1,1,1,2021-11-25,2021-11-25,200000
10814854,"Signify AI",1,1,1,2019-06-17,2019-06-17,508320
10808608,"Amstone Kingsgate",1,1,1,2020-03-30,2020-03-30,500000
10746952,"79 Borough Road Ltd (trading as 'The Ministry')",1,1,1,2019-08-30,2019-08-30,264000
10701446,"Poole Bay Holdings",1,1,1,2023-09-27,2023-09-27,1500000
10694816,"Labour First",1,1,1,2025-10-06,2025-10-06,392300
10556197,"Good Law Project Ltd",1,1,1,2026-01-12,2026-01-12,270000
10533767,"Global Counsel Ltd",1,1,1,2023-11-07,2023-11-07,3583500
03573832,"Sharkey Associates Ltd",1,1,1,2007-12-18,2007-12-18,500000
10403402,"Bradley Energy Ltd",1,1,1,2020-01-28,2020-01-28,200000
10393743,"Alan Johnson Books",1,1,1,2024-01-11,2024-01-11,250000
10340024,"Phelan and Partners",1,1,1,2024-09-18,2024-09-18,500000
10250856,"Dunmoore (West London) Ltd",1,1,1,2019-06-06,2019-06-06,1500000
10187396,"Open Society Foundation London",1,1,1,2017-09-19,2017-09-19,271325
10160881,"Cerus Engineering Ltd",1,1,1,2019-06-06,2019-06-06,500000
0C332505,"Steel & Shamash Solicitors",1,1,1,2014-12-09,2014-12-09,1666500
09919286,"Intelligent FS Ltd",1,1,1,2023-10-04,2023-10-04,300000
09734578,"Huyton Asphalt Civils Ltd",1,1,1,2023-10-06,2023-10-06,400000
03692079,"Kingmoor Park Properties Ltd",1,1,1,2022-11-01,2022-11-01,750000
09374595,"Green 360 Ltd",1,1,1,2019-07-19,2019-07-19,3500000
09284825,"NNB Generation Compnay (SZC) Ltd",1,1,1,2022-11-24,2022-11-24,200000
09268982,"Chrisp Street Development Ltd",1,1,1,2018-12-10,2018-12-10,700000
08999214,"London Hotel Group",1,1,1,2025-03-20,2025-03-20,375000
08638279,"Le Cercle",1,1,1,2025-07-10,2025-07-10,935317
08526386,"Icarus Pharmaceuticals Ltd",1,1,1,2014-11-21,2014-11-21,300000
08404707,"Saxon UK Developments Ltd",1,1,1,2019-03-01,2019-03-01,200000
08403284,"Gramsci Consulting",1,1,1,2020-02-05,2020-02-05,200000
08368792,"Roomone.com",1,1,1,2017-01-03,2017-01-03,935000
08364643,"Time Partners Limited",1,1,1,2013-11-11,2013-11-11,200000
08352214,"WPI Strategy",1,1,1,2023-01-18,2023-01-18,750000
08281817,"Signature Tax Ltd",1,1,1,2014-08-18,2014-08-18,250000
03865441,"Best 4 U Mortgages",1,1,1,2019-03-26,2019-03-26,160000
08225727,"Gusbourne PLC",1,1,1,2015-11-18,2015-11-18,1000000
08221077,"Maloja Ltd",1,1,1,2014-06-16,2014-06-16,200000
03901594,"Greenland Developments Ltd",1,1,1,2005-05-02,2005-05-02,225013
0811 4952,"Conservative Friends of Israel Limited",1,1,1,2013-11-10,2013-11-10,200000
08075740,"Discipline Media Ltd",1,1,1,2018-09-12,2018-09-12,600000
07893448,"The Truell Conservation Foundation",1,1,1,2021-10-14,2021-10-14,250000
07773717,"Construction and Property Solutions Ltd",1,1,1,2020-03-23,2020-03-23,500000
07692200,"Aberconwy Ltd",1,1,1,2014-11-26,2014-11-26,500000
07591302,"Pagis UK Ltd",1,1,1,2023-10-28,2023-10-28,200000
07567587,"Pegasus Grab Hire Ltd",1,1,1,2024-01-22,2024-01-22,500000
07567576,"ERO Solutions Limited",1,1,1,2024-09-16,2024-09-16,500000
07492050,"Brine Flow Properties & Handling Ltd",1,1,1,2013-12-11,2013-12-11,200000
07455308,"Team Forces Funding Ltd",1,1,1,2025-05-16,2025-05-16,4744218
07441549,"Worley Parsons UK Ltd",1,1,1,2012-07-13,2012-07-13,200000
04006763,"Fleming & Partners Ltd",1,1,1,2006-03-27,2006-03-27,250000
07392244,"Fox Brothers",1,1,1,2025-09-17,2025-09-17,250000
04018993,"Liberal Democrat Business Forum",1,1,1,2002-07-30,2002-07-30,590000
07385849,"MET Trading Ltd",1,1,1,2019-07-07,2019-07-07,500000
07353802,"K J Costa Advisory Ltd",1,1,1,2019-05-30,2019-05-30,1000000
07196537,"CTF Partners Limited",1,1,1,2018-12-21,2018-12-21,300000
07162436,"Bromsgrove Ltd",1,1,1,2024-08-15,2024-08-15,1000000
07123287,"Lance Mason Ltd",1,1,1,2014-07-17,2014-07-17,250000
04088738,"Hannafin Contractors",1,1,1,2019-04-29,2019-04-29,250000
06999589,"Simply Alliance Ltd",1,1,1,2015-06-02,2015-06-02,1530000
06931728,"Wightman International Limited",1,1,1,2023-02-19,2023-02-19,437572
0686 4132,"Quantum Special Effects",1,1,1,2016-09-19,2016-09-19,250000
06832414,"Midstream Energy",1,1,1,2011-03-24,2011-03-24,300000
04145789,"Canatxx Gas Storage Limited",1,1,1,2004-04-22,2004-04-22,300000
06829771,"Nu Generation Ltd",1,1,1,2018-06-21,2018-06-21,175000
04173535,"The Neighbourhood Services Company",1,1,1,2011-03-07,2011-03-07,379800
06770932,"Enough’s Enough",1,1,1,2011-04-13,2011-04-13,900000
06686870,"What Group Ltd",1,1,1,2014-06-28,2014-06-28,400000
06648679,"Malaria No More UK",1,1,1,2018-07-24,2018-07-24,160057
06546190,"Hubmate Ltd",1,1,1,2023-03-16,2023-03-16,200000
06510143,"G International Limited",1,1,1,2024-10-25,2024-10-25,3000000
06457858,"Appt Management Services Limited",1,1,1,2019-05-30,2019-05-30,1000000
04273754,"Morgan Sindall Construction and Infrastructure Limited",1,1,1,2023-04-21,2023-04-21,750000
06133927,"Avanti Communications Group plc",1,1,1,2018-04-03,2018-04-03,310000
04279892,"Head UK Ltd",1,1,1,2019-06-17,2019-06-17,1000000
06069791,"Nynet",1,1,1,2011-02-21,2011-02-21,341400
0604111,"Lighting Industry Association Limited",1,1,1,2011-07-01,2011-07-01,210000
05975726,"Buswhereto.com",1,1,1,2010-10-01,2010-10-01,468000
04295612,"Carpet & Flooring Megastore",1,1,1,2014-09-30,2014-09-30,200000
05973370,"Crohns and Colitis UK",1,1,1,2017-12-07,2017-12-07,630000
00709846,"Bearwood Corporate Services Ltd",165,0,0,2002-02-28,2010-06-30,265416756
31799,"HEREFORD AND COUNTY LIBERAL CLUB COMPANY LIMITED(THE)",153,0,0,2007-12-31,2026-03-10,76494200
470115,"Liberal Premises (St Albans) Limited",105,0,0,2008-12-31,2026-01-01,21039830
1492600,"Alan Bown (Margate) Ltd",102,0,0,2003-03-20,2009-05-20,46511021
93761,"Cloburn Quarry Company Ltd",86,0,0,2003-07-07,2006-06-30,102572594
7475795,"Movement for Change",84,0,0,2011-09-30,2015-09-30,24133050
01430799,"Stalbury Trustees",82,0,0,2001-04-04,2024-07-17,40283302
07760002,"Sovereign Draw Ltd",80,0,0,2013-01-07,2019-12-13,12344320
5389456,"ABERYSTWYTH LIBERAL ASSOCIATION LIMITED",71,0,0,2015-06-30,2026-03-18,6279700
SC93761,"Cloburn Quarry Company Limited",68,0,0,2003-04-29,2010-02-24,83678500
05389456,"Aberystwyth Liberal Association Limited",66,0,0,2005-03-31,2025-12-05,8567800
30027R,"Co-operative Party",65,0,0,2009-12-07,2019-02-15,8922900
00618180,"Crescent Properties (Hampstead) Ltd",65,0,0,2001-12-10,2010-09-29,40028407
4199316,"M & M Supplies (UK) PLC",60,0,0,2018-12-03,2024-12-18,48945400
4928440,"Bayford & Co Ltd",56,0,0,2018-04-12,2024-06-19,31677350
07581224,"Bown Properties Ltd",53,0,0,2013-01-09,2017-07-07,47676924
1377507,"KGL (Estates) Ltd",52,0,0,2011-09-27,2025-11-04,14593200
3955434,"Centrax Industries Ltd",51,0,0,2017-12-13,2026-03-11,48000000
4191122,"Canary Wharf Group plc",48,0,0,2003-10-20,2023-11-19,66463212
4318799,"DPK Contractors Limited",44,0,0,2013-09-20,2021-09-10,47858200
646115,"Riverfront Properties Ltd",42,0,0,2001-03-31,2017-04-22,10831800
IP21484R,"Weymouth Labour Club Ltd",42,0,0,2001-09-20,2007-09-20,3410000
5041587,"CC Property Company Ltd",42,0,0,2011-05-13,2023-06-23,88900000
7728574,"JOHN HEMMING TRADING LIMITED",41,0,0,2018-06-02,2026-03-31,12614800
5019078,"Redsky Wholesalers Ltd",41,0,0,2019-12-01,2023-12-18,5374366
1367372,"TWBA London Limited",39,0,0,2003-06-01,2015-02-28,81049100
2614362,"David Ord Ltd",38,0,0,2011-03-31,2023-08-31,144068323
4120606,"Rocktel Services Limited",37,0,0,2021-09-30,2025-12-18,38879000
21607,"Albert Buildings Ltd",37,0,0,2007-11-30,2016-08-22,15191384
10285790,"More United Ltd",36,0,0,2017-05-01,2019-12-13,19880000
4330671,"Highstone Group Ltd",35,0,0,2004-06-30,2014-06-05,220596656
24417,"Scarborough Constitutional Club Company Ltd",34,0,0,2008-05-22,2023-11-02,6050000
0592534,"TISUN Investments Limited",33,0,0,2025-01-07,2025-01-07,61300000
00483844,"Broadland Properties Ltd",32,0,0,2001-11-21,2026-02-27,105300000
SC193794,"Scottish Power Limited",32,0,0,2001-02-27,2024-10-09,21876250
NI640434,"STELLAR ENTERTAINMENT SOFTWARE LIMITED",32,0,0,2022-01-01,2024-08-01,7652000
IP00525,"Co-operative Group (CWS) Ltd",31,0,0,2009-10-29,2009-11-05,16495000
OE014559,"Dow Investments PLC",31,0,0,2013-12-09,2022-12-02,16640300
00021607,"Albert Buildings Ltd",31,0,0,2002-06-30,2010-12-31,10720000
205306,"HAMPDEN BUILDINGS LIMITED",31,0,0,2003-01-17,2021-01-28,8000000
3988618,"Pietas Ltd",31,0,0,2014-09-23,2019-11-27,21896812
00457188,"Association of Conservative Clubs Limited",30,0,0,2002-10-30,2018-01-12,56941799
4773051,"Brigam Limited",29,0,0,2019-11-26,2024-06-04,4500000
IP11159R,"Stroud Divisional Labour Club and Institute",29,0,0,2002-09-30,2022-12-15,6494491
3547158,"Gleeds Corporate Services Limited",29,0,0,2014-10-09,2025-10-21,20845539
98206,"THE CREDITON & DISTRICT LIBERAL DEMOCRAT COMPANY LIMITED",28,0,0,2001-12-31,2017-09-30,5820290
1269717,"International Motors Ltd",27,0,0,2008-06-30,2020-03-31,81827728
7084658,"PROCUREMENT ROUTES LTD",27,0,0,2021-01-13,2023-12-15,2700000
3275808,"Brompton Capital Limited",27,0,0,2011-06-04,2016-12-31,165912600
SC149191,"Dunalistair Estates Ltd",26,0,0,2002-09-30,2009-11-12,15255340
4351232,"Magdalen Hall Company Limited",26,0,0,2007-03-31,2018-11-27,6465800
3556095,"Bloomberg Tradebook Europe Ltd",26,0,0,2004-10-10,2017-08-30,99508323
6963R,"Yeovil Labour Institute Society Limited",25,0,0,2001-03-30,2009-09-30,3062500
00024417,"SCARBOROUGH CONSTITUTIONAL CLUB COMPANY LIMITED(THE)",25,0,0,2001-12-09,2024-02-21,5906956
3820426,"Sovereign Strategy Limited",24,0,0,2002-06-30,2022-01-17,13621200
3936122,"PJ Care Ltd",23,0,0,2014-12-31,2019-10-03,4967712
01835199,"IIR Ltd",23,0,0,2001-03-30,2005-05-19,234593674
IP00525R,"The Co-operative Group (CWS) Ltd",23,0,0,2007-01-29,2010-11-08,204989600
879589,"Rich Investments Ltd",23,0,0,2008-04-25,2023-01-23,33534487
2890577,"Christine Lee & Co (Solicitors) Ltd",23,0,0,2005-02-01,2019-10-01,23959434
223044,"GARMOYLE INSTITUTE LIMITED(THE)",23,0,0,2021-01-15,2026-03-01,4380000
472391,"Seabrook Crisps Ltd",22,0,0,2006-09-28,2007-07-01,22158595
00031799,"Hereford & County Liberal Club Co Ltd",22,0,0,2001-06-30,2010-06-30,8317650
00224705,"Chester & County Unionist Buildings Ltd",22,0,0,2001-05-16,2026-03-27,8600000
224705,"Chester & County Unionist Buildings Ltd",21,0,0,2008-04-09,2018-10-29,8540000
2147090,"H Bauer Publishing",21,0,0,2006-03-31,2010-03-31,18722405
5515857,"Genix Healthcare Ltd",21,0,0,2015-02-25,2023-12-14,16057500
1971312,"Canary Wharf PLC",20,0,0,2004-06-05,2016-11-03,28040000
9556732,"F T Estates Limited",20,0,0,2021-01-05,2024-07-24,20645400
2878404,"Bansols Beta Ltd",20,0,0,2011-11-29,2025-03-14,17337931
4599328,"Renewable Energy Partnerships Ltd",20,0,0,2014-11-06,2026-03-15,31670689
05960676,"Rock Services Limited",20,0,0,2014-10-07,2016-12-31,115375782
902920,"Fort Vale Engineering Limited",19,0,0,2012-01-20,2024-05-02,17385000
8494015,"Kanga Health",19,0,0,2022-05-03,2023-12-11,2000000
792807,"JCB Sales Ltd",19,0,0,2012-07-09,2025-08-05,64901220
03425284,"Barry Howard Homes Ltd",19,0,0,2004-04-23,2007-07-03,5505000
5903820,"Lycamobile UK Ltd",19,0,0,2011-09-30,2016-07-22,215471200
IP6963R,"Yeovil Labour Institute Society Limited",18,0,0,2008-06-30,2025-09-01,2251000
07571790,"KRYSTAL HOSTING LTD",18,0,0,2023-04-21,2024-10-02,16500000
1170304,"Emerson Developments (Holdings) Ltd",18,0,0,2008-06-19,2020-08-27,10060000
7278594,"Thakeham Homes Limited",18,0,0,2017-05-22,2022-10-31,91644022
6723237,"R Famous Limited",18,0,0,2022-02-22,2023-11-23,1910010
5337528,"Information Edge Ltd",17,0,0,2019-11-18,2025-11-20,2250000
3675061,"Warrington Liberal Democrat Trust Company Limited",17,0,0,2001-05-08,2026-02-20,7068878
IP11286R,"Southend-On-Sea Labour Club and Institute Society Limited",17,0,0,2005-03-30,2011-06-28,2308710
346359,"Sir Richard Sutton Limited",17,0,0,2014-10-06,2023-11-01,30110000
3283010,"William Cook Holdings Ltd",17,0,0,2008-05-21,2020-07-07,49283836
00045284,"Grange (Birkenhead) Property Company Ltd",17,0,0,2001-03-31,2010-04-07,1690000
6737476,"FIL Holdings (UK) Ltd",17,0,0,2012-05-02,2017-03-28,46000000
11737791,"Boar Estates Ltd (Formally Bacon Estates Ltd)",17,0,0,2022-01-05,2022-12-31,3251572
08372039,"Longstem Ltd",17,0,0,2021-03-16,2021-07-01,20792859
9296338,"Stonehaven Campaigns Limited",17,0,0,2019-09-13,2021-07-15,2881672
SC256809,"PG Paper Company Limited",16,0,0,2017-10-06,2025-12-23,39175798
3912122,"Westfield Europe Limited",16,0,0,2008-04-30,2017-06-14,54947000
106623,"READING LIBERAL CLUB COMPANY LIMITED",16,0,0,2005-03-31,2024-05-31,11421800
4883297,"Global Markets Consultants Ltd",16,0,0,2014-07-23,2016-06-30,11689947
00293147,"Panther Securities Plc",16,0,0,2004-07-08,2025-11-13,27600000
IP10143R,"Midlands Co-operative Society Limited",16,0,0,2007-03-22,2013-06-11,31741100
03556095,"BLOOMBERG TRADEBOOK EUROPE LIMITED",15,0,0,2005-10-14,2023-12-04,27326735
00106623,"Reading Liberal Club",15,0,0,2001-03-20,2011-12-31,6500000
04340350,"I.M. Properties (Coleshill) Ltd",15,0,0,2005-05-03,2008-10-02,27331064
NI015738,"Randox Laboratories Ltd",15,0,0,2010-04-23,2023-05-16,16220000
5870526,"Cygnet Group Ltd",15,0,0,2011-08-22,2018-12-03,3258000
00879589,"Rich Investments Ltd",15,0,0,2001-05-17,2018-02-20,15378521
01491878,"Langham Industries",15,0,0,2012-06-19,2016-04-29,5800000
120011,"ROMILEY LIBERAL CLUB AND HALL COMPANY LIMITED",14,0,0,2007-12-31,2025-10-02,20570000
00068098,"BARNOLDSWICK LIBERAL CLUB BUILDING COMPANY LIMITED(THE)",14,0,0,2002-06-30,2020-06-02,6904000
02349713,"FIL Investment Management Ltd",14,0,0,2004-04-23,2010-11-25,61550000
3722036,"Regent Family Office Ltd",14,0,0,2019-04-15,2023-12-04,12364300
8127121,"Trenchant Ltd",14,0,0,2013-03-22,2019-12-20,37236000
2495404,"J and H Sales International Ltd",14,0,0,2010-02-24,2015-11-13,26690000
1561575,"Harris and Sheldon Group Ltd",14,0,0,2001-03-14,2023-04-12,16000000
258706,"Wealdstone Labour Hall Limited",14,0,0,2010-03-01,2026-03-31,4063656
925267,"The Co-operative Group Ltd",14,0,0,2002-08-01,2006-11-30,9593000
5221802,"Ecology Grants Ltd",14,0,0,2006-05-01,2007-05-31,25828130
3657959,"New Century Media Ltd",14,0,0,2010-03-05,2020-03-03,18304000
481586,"J. T Leavesley Ltd",14,0,0,2012-12-23,2019-12-16,8221977
00791113,"TATTERSALLS LIMITED",14,0,0,2001-06-04,2026-03-13,12950000
2359259,"Coleman Bennett International Consultancy PLC",14,0,0,2014-11-10,2017-05-22,12330000
12295397,"ONECROSS PARTNERS LIMITED",13,0,0,2020-06-22,2024-05-28,10000000
3456919,"Printhouse Corporation Ltd",13,0,0,2011-10-05,2018-10-04,3236600
2164993,"J.S. Bloor (Services) Ltd",13,0,0,2015-02-24,2019-11-21,297400000
708974,"Qualtex UK Ltd",13,0,0,2011-03-15,2025-06-03,6777200
5971338,"The Dental Centre",13,0,0,2020-07-07,2023-07-10,1075000
6931728,"WIGHTMAN INTERNATIONAL LTD",13,0,0,2018-12-19,2023-08-31,13450000
1403177,"Resilient PLC",13,0,0,2011-10-25,2022-05-25,13448016
0031799,"Hereford Liberal Club",13,0,0,2005-02-28,2007-06-30,2845400
SC176982,"South of Scotland Power Ltd",13,0,0,2002-09-30,2003-12-31,2380629
SC267044,"Peak Scientific Holdings Limited",13,0,0,2014-09-10,2023-01-18,96500000
273400,"Longcliffe Quarries Ltd",13,0,0,2016-10-14,2026-03-01,10595000
IP19025R,"Midcounties Co-operative Ltd",13,0,0,2007-06-08,2010-06-04,19269367
9894362,"WESTCOMBE HOMES LIMITED",13,0,0,2021-11-19,2025-05-07,75574300
8415892,"Site Services & Security Ltd",13,0,0,2015-05-05,2023-08-04,4930000
02322042,"Seymour Manufacturing International Ltd",13,0,0,2004-03-13,2014-05-11,4191606
02421899,"The 33 Group Ltd",13,0,0,2001-12-31,2009-01-13,10111800
1082220,"Peter Giles and Co Ltd",13,0,0,2002-11-01,2007-12-31,3650000
04817628,"Waging Peace",12,0,0,2005-01-24,2005-05-03,1525000
2671533,"H H Associates Ltd",12,0,0,2003-04-01,2005-11-29,4721600
1330368,"International Group Limited",12,0,0,2014-11-20,2022-11-21,6020000
07722078,"NOW Advertising Limited",12,0,0,2017-05-03,2018-10-01,26469600
1765130,"Castle Point Heating and Gas Co. Limited",12,0,0,2001-05-11,2015-04-16,4035900
3456022,"IM Properties PLC",12,0,0,2009-12-03,2013-06-30,71256894
3930713,"Anderson Group Services Ltd",12,0,0,2015-03-23,2019-12-21,6865500
791113,"Tattersalls Ltd",12,0,0,2007-11-03,2021-01-29,11490000
5647630,"Bridgemere UK PLC",11,0,0,2019-12-05,2022-10-14,160000000
SC028156,"Prestonpans Trading Ltd",11,0,0,2002-09-25,2008-07-08,17168000
00205306,"HAMPDEN BUILDINGS LIMITED",11,0,0,2001-03-23,2025-04-02,3750000
7200539,"GCH Corporation Limited",11,0,0,2011-07-04,2019-03-15,11000000
SC149147,"Globus (Shetland) Limited",11,0,0,2016-02-22,2020-07-22,37552200
3747038,"Ace Plumbing Ltd",11,0,0,2003-09-30,2007-03-31,1680400
SC277480,"Balmoral Group Holdings Ltd",11,0,0,2013-02-01,2024-04-18,55750000
4077829,"THE PHOENIX PARTNERSHIP (LEEDS) LTD",11,0,0,2023-02-03,2024-05-17,1532220000
754042,"RUOBAL PROPERTIES LIMITED",11,0,0,2006-04-01,2017-12-19,16024305
SC268420,"Alchemist Estates Ltd",11,0,0,2010-03-29,2013-12-23,9400000
02874626,"Grosvenor Ltd",11,0,0,2001-06-01,2003-12-31,14786538
1362650,"Harvey Water Softeners Ltd",11,0,0,2012-11-23,2018-11-20,8020000
NI007665,"Norbrook Laboratories Ltd",11,0,0,2002-10-17,2014-12-04,30938000
01697461,"The British Private Equity and Venture Capital Association",11,0,0,2012-02-28,2016-10-21,5673000
151415,"THE RUMI ENDOWMENT COMPANY LIMITED",11,0,0,2017-06-02,2024-06-25,12742760
5124256,"Libra Capital Limited",11,0,0,2015-03-10,2017-08-08,12141000
1572392,"Grosvenor Securities Ltd",10,0,0,2014-06-10,2020-07-27,9290000
6892859,"Clive Jones Leisure Ltd",10,0,0,2014-07-31,2019-05-24,3268314
00869082,"Tranmere Conservative Club Ltd",10,0,0,2001-06-18,2007-04-27,1800000
07907606,"Quiet Storm",10,0,0,2019-05-01,2024-07-12,16780000
2271047,"Arromax Structures Ltd",10,0,0,2015-03-31,2017-06-30,2607872
3614124,"Country House Weddings Ltd",10,0,0,2009-12-15,2018-11-21,4577500
3601346,"Prima Hotels Ltd",10,0,0,2008-06-19,2014-10-16,2050000
3428184,"Unatrac Limited",10,0,0,2015-12-07,2020-01-17,60600000
7555829,"Higham View Consultancy Services Ltd",10,0,0,2013-02-20,2017-02-27,2350000
SC089248,"Homarna Limited",10,0,0,2012-12-31,2022-12-31,2132000
00235481,"Caledonia Investments PLC",10,0,0,2009-12-02,2010-03-02,5000000
06727336,"Bown Bags & Luggage Ltd",10,0,0,2010-04-03,2010-05-05,4215700
SC490193,"Cor Unum Ltd",10,0,0,2021-06-30,2025-04-01,2400000
97117,"Selfridges Retail Ltd",10,0,0,2011-01-07,2017-05-09,28100000
2240234,"A.B. Produce PLC",10,0,0,2007-10-12,2012-01-04,3270396
01269717,"International Motors Ltd",10,0,0,2001-06-30,2011-11-24,230654310
NI013472,"McDowell's Development Company Ltd",10,0,0,2010-03-16,2018-04-16,9900000
677835,"Monckton Properties Ltd",10,0,0,2016-01-19,2023-09-06,12012500
1692312,"Growth Financial Services Ltd",10,0,0,2007-12-14,2018-04-04,6500000
3551085,"Fergusons Transport Limited",10,0,0,2015-03-18,2022-02-09,6522200
7701126,"Morgan Crest Unlimited",10,0,0,2020-05-18,2025-10-02,15250000
03892154,"EUK Consulting Ltd",9,0,0,2006-04-06,2010-07-16,3835000
560074,"Lionel Cooke Memorial Fund",9,0,0,2001-03-16,2014-12-03,26000000
618180,"Crescent Properties (Hampstead) Ltd",9,0,0,2007-12-06,2009-06-23,12937783
4517621,"Delancey Real Estate Asset Management Ltd",9,0,0,2011-04-26,2016-04-18,25000000
2261192,"Marcus Evans Ltd",9,0,0,2007-10-31,2009-12-31,20080900
1274344,"Keltbray Ltd",9,0,0,2011-06-21,2021-01-29,17300000
1265287,"Brathew Ltd",9,0,0,2011-03-21,2016-05-12,7680000
3043412,"Ecotricity Limited",9,0,0,2021-03-23,2024-05-24,367300000
05671510,"Public Service Consultants",9,0,0,2023-07-31,2024-04-01,2483905
3817566,"THINK PUBLISHING LIMITED",9,0,0,2015-03-30,2019-11-15,8457334
01438339,"Merthyr Tydfil Car Auction Ltd",9,0,0,2006-05-08,2016-05-01,5267206
00983376,"Independent News and Media Ltd",9,0,0,2001-08-21,2007-09-30,6936905
3262015,"Crawford Healthcare Ltd",9,0,0,2016-05-31,2018-11-21,2000000
09641190,"Open Britain Limited",9,0,0,2019-11-26,2019-12-11,2400000
1496200,"Alan Bown - (Margate) Ltd",9,0,0,2007-10-04,2007-12-20,3703900
OC335989,"Wilbraham Securities LLP",9,0,0,2011-12-15,2016-12-28,7000000
7861787,"Fifth Capital London Ltd",9,0,0,2017-10-27,2022-04-20,2794000
1006592,"Ilchester Estates",9,0,0,2012-06-27,2019-12-10,7400000
IP11253R,"United Co-operatives Ltd",9,0,0,2004-10-14,2007-06-27,12126400
01561575,"Harris & Sheldon Group Ltd",9,0,0,2002-05-22,2010-04-13,8850000
1198007,"Ferring Pharmaceuticals Ltd",9,0,0,2014-03-12,2019-03-20,123900987
03101807,"GNER Holdings Ltd",9,0,0,2004-10-18,2005-10-04,2192900
4572849,"Toni & Guy Holdings",9,0,0,2013-04-30,2015-05-06,29000000
SC100188,"STOBO CASTLE HEALTH SPA LIMITED",9,0,0,2014-06-30,2021-02-15,19000000
00916634,"Toyota GB plc",9,0,0,2005-06-14,2016-07-07,4950000
981530,"Conservative Properties (Wavertree) Ltd",9,0,0,2011-02-24,2019-11-26,9900000
07084658 ?,"PROCUREMENT ROUTES LTD",8,0,0,2023-02-10,2023-09-05,800000
IP02783R,"Co-operatives UK Ltd",8,0,0,2005-09-30,2010-10-01,3837500
4693188,"Fortrus Limited",8,0,0,2020-06-17,2024-04-22,6108200
1894292,"Tustin Developments Ltd",8,0,0,2014-09-12,2016-05-06,1930595
1093531,"Rainham Steel Co Ltd",8,0,0,2007-10-10,2015-03-02,29775000
5470242,"Rosconn Group",8,0,0,2015-09-24,2019-06-10,3368800
05256810,"Jumbo Cruiser Ltd",8,0,0,2016-06-15,2017-05-22,4026542
01093531,"Rainham Steel Co Ltd",8,0,0,2006-06-08,2010-07-09,28850000
SC268758,"Chivas Brothers Limited",8,0,0,2010-02-25,2025-05-30,1800000
2565899,"Political Animal Lobby",8,0,0,2009-05-20,2017-05-08,28500000
4815273,"Broomwood Hall School Ltd",8,0,0,2014-09-23,2017-12-12,4150033
7046518,"Democracy Forum",8,0,0,2018-04-03,2019-06-28,1968479
05382541,"Providence Developments Limited",8,0,0,2025-04-29,2025-12-01,1600000
8368792,"Room One Ltd",8,0,0,2017-01-03,2018-10-20,10000000
1076848,"Golden Lane Securities Limited",8,0,0,2019-07-04,2025-08-04,40000000
OC307847,"DLA Piper LLP",8,0,0,2005-01-01,2021-12-31,10864878
10417641,"Britannia Financial Group Limited",8,0,0,2019-12-12,2022-06-22,55060400
03593600,"Education Data Surveys Ltd",8,0,0,2005-03-31,2005-12-31,3294826
273492,"John Cotton Group Ltd",8,0,0,2014-05-23,2023-11-07,8500000
5035508,"Access Industries (UK) Ltd",8,0,0,2011-07-27,2024-06-05,139445000
5113719,"PURE LEISURE GROUP LIMITED",8,0,0,2014-08-08,2025-11-21,11000000
14582203,"OLD BROAD STREET ACCOUNTANTS LIMITED",8,0,0,2024-06-03,2024-06-07,19999800
2873779,"Sofra International Ltd",8,0,0,2011-09-27,2012-09-27,7914000
6438997,"Lowry Trading Ltd",8,0,0,2014-10-10,2019-12-09,24050000
2886407,"Dawley Estates Ltd",8,0,0,2007-09-18,2011-03-31,2008220
SC052543,"Flamingo Land Limited",8,0,0,2014-01-02,2022-05-25,17749900
1145352,"Farmhouse Biscuits Ltd",8,0,0,2015-01-09,2019-11-12,1500000
05203222,"Hillingdon Greenprint Ltd",8,0,0,2010-04-20,2023-08-08,1388404
1382145,"Newship Group Limited",8,0,0,2015-11-19,2023-09-21,9750000
04120606,"Rocktel Services Limited",8,0,0,2024-05-29,2026-03-02,13000000
SC175368,"PEAK SCIENTIFIC INSTRUMENTS LIMITED",8,0,0,2014-09-09,2023-01-10,30500000
1327896,"Interpub Limited",8,0,0,2015-03-08,2024-06-25,3050000
7720342,"Attestor Services Limited",8,0,0,2019-12-16,2024-11-07,22120000
2366894,"Western Power",7,0,0,2002-11-01,2004-04-08,2068800
IP1008R,"Friends of Windsor Labour Hall Limited",7,0,0,2015-02-16,2015-03-15,1323400
01458205,"Sunley Holdings Limited",7,0,0,2003-02-02,2024-06-10,10640200
SC246739,"OGILVIE & COMPANY LIMITED",7,0,0,2010-12-31,2016-12-31,2935600
2349713,"FIL Investment Management Ltd",7,0,0,2007-10-22,2012-01-31,30000000
4426564,"Social Enterprise Coalition CIC",7,0,0,2022-09-23,2024-06-30,6271460
SC489495,"Dusty TLP Limited",7,0,0,2021-03-01,2022-01-20,86600000
11264657 ?,"IRONDUKE MANAGEMENT LIMITED",7,0,0,2023-03-14,2024-02-21,1571000
IP25095R,"Central Midland Estates Ltd",7,0,0,2004-09-30,2006-09-30,770000
14525R,"Chichester Labour Properties Ltd",7,0,0,2011-03-31,2020-12-31,1674300
45284,"Grange (Birkenhead) Property Company Ltd",7,0,0,2007-12-31,2015-04-01,1585000
01012146,"Vitabiotics Limited",7,0,0,2006-10-01,2014-10-28,5349000
2012715,"Pimlico Plumbers Ltd",7,0,0,2015-02-19,2017-07-18,6478601
3340027,"Jersey House (Developments) Ltd",7,0,0,2009-12-31,2019-10-31,91647551
1104045,"Midland Chilled Foods Ltd",7,0,0,2013-02-13,2017-05-18,6400000
13368617,"THURLEIGH INVESTMENTS LIMITED",7,0,0,2025-02-04,2026-02-26,31470000
SC012615,"Buccleuch Estates Ltd",7,0,0,2004-03-31,2010-04-26,4975000
04513462,"A. C. worldwide group ltd",7,0,0,2023-06-29,2025-05-09,7000000
2990055,"Orange Aero Ltd",7,0,0,2010-02-05,2024-07-01,23500000
7587965,"AMIRA G FOODS LIMITED",7,0,0,2019-09-25,2021-12-14,22210400
1392861,"Bestway (Holdings) Limited",7,0,0,2015-05-03,2019-07-29,10375000
358059,"KPMG UK Ltd",7,0,0,2002-12-31,2004-06-30,22500000
4900689,"A & H Developers Ltd",7,0,0,2017-09-01,2019-09-11,8948600
02155845,"First Corporate Consultants Limited",7,0,0,2009-06-22,2023-12-11,29000000
11190130,"GEW UV Holdings",7,0,0,2019-07-31,2019-12-31,10500000
5917132,"Marcus Cooper Property Consulting Ltd",7,0,0,2013-04-29,2017-05-05,42500000
3892154,"EUK Consulting",7,0,0,2004-07-07,2008-10-15,2291000
00273492,"John Cotton Group Limited",7,0,0,2005-04-06,2018-03-20,7750000
2590560,"National Express Group Plc",7,0,0,2006-10-01,2019-10-31,5100000
02614362,"David Ord Ltd",7,0,0,2005-02-08,2018-02-20,19800000
02029888,"Oceanic Jewellers Ltd",7,0,0,2004-05-25,2007-05-24,13305500
7371646,"D Contracts Limited",7,0,0,2019-12-16,2020-01-11,2200000
4151389,"Newship Ltd",7,0,0,2011-04-07,2022-03-22,8500000
IP14343R,"Dorking and District Labour Halls",7,0,0,2013-10-01,2016-06-30,1155000
IP01591R,"Southern Co-operatives Ltd",7,0,0,2007-03-06,2010-03-31,6945400
3496080,"IVS Group LTD",7,0,0,2013-05-16,2014-12-31,5708000
3117391,"Platon Medical Ltd",6,0,0,2007-10-24,2012-12-31,1341844
01262458,"Universal Products (Lytham) Manufacturing Ltd",6,0,0,2005-12-31,2007-07-09,625000
03580549,"KPMG UK Ltd",6,0,0,2002-06-18,2004-03-28,9735459
7042898,"Allamhouse Limited",6,0,0,2014-06-10,2019-11-22,63250000
2886410,"Dawley Estates Ltd",6,0,0,2009-01-31,2010-03-31,1674710
01237162,"Hi-Tec Finishers Ltd",6,0,0,2004-07-13,2007-07-30,700000
02565899,"Political Animal Lobby Limited",6,0,0,2001-04-20,2015-08-14,6458200
709846,"Bearwood Corporate Services Ltd",6,0,0,2008-09-30,2011-09-30,91512573
01136235,"Molyneux Management Services Ltd",6,0,0,2006-05-16,2010-04-06,10000000
2732069,"Stoke Park Limited",6,0,0,2014-12-12,2020-03-17,2300000
2657940,"InterMarine Offshore Services",6,0,0,2009-05-27,2015-04-01,1500000
2473840,"Airbus Group Ltd",6,0,0,2007-12-10,2017-11-28,5122500
IP14525R,"Chichester Labour Properties Ltd",6,0,0,2015-12-01,2022-12-31,1845500
01035457,"RH Group Ltd",6,0,0,2001-03-07,2005-02-18,5535000
2168125,"Anglo Scottish Properties PLC",6,0,0,2014-08-13,2017-06-05,6100000
2078273,"BIRMINGHAM AIRPORT LIMITED",6,0,0,2003-12-01,2014-12-27,2900000
2002335,"MPB Structures Ltd",6,0,0,2014-05-22,2024-06-25,2083400
LP002040,"BROOME & WELLINGTON",6,0,0,2023-08-10,2024-11-07,2800000
8137487,"JB DRAX HONORE (UK) LIMITED",6,0,0,2014-03-27,2026-03-30,23020000
170679,"Frederic Robinson Ltd",6,0,0,2012-05-09,2017-07-04,2900000
00120011,"Romiley Liberal Club & Hall Co Ltd",6,0,0,2001-11-01,2007-02-28,1300000
16359847,"MOU Operations Ltd",6,0,0,2025-11-13,2025-11-26,60000000
1604582,"Pelicans Manufacturing Co. LTD",6,0,0,2015-05-30,2021-03-16,5900000
OC30154,"KPMG LLP",6,0,0,2008-03-31,2010-06-30,4700316
8410598,"JPD PROPERTY SERVICES LIMITED",6,0,0,2017-06-11,2017-09-22,3277155
00340931,"Wates Group Services Ltd",6,0,0,2001-05-22,2010-11-23,15000000
OC402665,"Lancaster Knox LLP",6,0,0,2017-05-26,2019-06-06,22148000
08463155,"Internet Hit Ad Men Ltd",6,0,0,2019-11-04,2019-12-02,822242
03817566,"THINK PUBLISHING LIMITED",6,0,0,2022-09-27,2024-06-28,2905100
03203726,"Red Fig Ltd",6,0,0,2005-02-23,2005-04-04,1350000
9149322,"Akehurst Property Ltd",6,0,0,2017-03-28,2019-03-14,8885000
SC028024,"Charles Connell & Co Ltd",6,0,0,2006-05-19,2015-03-31,2794900
9641190,"Open Britain",6,0,0,2017-06-18,2019-08-13,7237500
SC173815,"THE PHOENIX CAR COMPANY LIMITED",6,0,0,2003-04-10,2010-03-09,2210600
00608819,"Camberford Law Plc",6,0,0,2005-02-14,2007-05-21,9774000
9836900,"TVT PRODUCTIONS LIMITED",6,0,0,2025-10-02,2026-03-05,1800000
9923259,"Tempcover Ltd",6,0,0,2016-09-01,2017-09-25,10500000
116945,"Unionist Buildings Ltd",6,0,0,2012-07-14,2015-04-21,2650000
00540304,"Maritime Orient & Neareast Agency Ltd",6,0,0,2003-11-18,2007-01-18,1506198
SC057524,"Skene Investments (Aberdeen) Ltd",6,0,0,2013-03-21,2015-05-30,4471753
5273179,"HBFS Financial Services Ltd",6,0,0,2013-10-10,2015-03-17,1568544
4817628,"Waging Peace",6,0,0,2005-02-25,2005-06-30,1275000
06804256,"HAVISHAM ASSOCIATES LIMITED",6,0,0,2024-01-29,2024-06-10,750000
4732465,"Infinergy Limited",6,0,0,2015-02-17,2018-08-25,1923560
5522961,"Max Studio (UK) Ltd",6,0,0,2010-02-24,2017-12-01,9325000
564955,"J.C.B. Services",6,0,0,2017-05-17,2022-07-29,274283300
03484457,"Express Taxation and Accountancy Services Ltd",6,0,0,2008-05-15,2015-05-15,4800000
4267560,"GR Software and Research Ltd",6,0,0,2008-06-11,2012-12-06,19840000
04199316 ?,"M & M Supplies (UK) PLC",6,0,0,2023-01-18,2025-03-01,2499600
01971312,"Canary Wharf Ltd",6,0,0,2004-06-14,2010-10-03,7782000
03514128,"Estates U.K. Limited",6,0,0,2007-06-30,2024-03-26,2350000
05800540,"Dignity in Dying",6,0,0,2024-02-09,2025-08-17,1989600
02090397,"Stringfellow Restaurants Ltd",6,0,0,2003-11-28,2005-04-19,3250000
5932753,"Veling Aviation (UK) Limited",6,0,0,2013-12-17,2017-02-28,7980900
3737233,"Urban Visions Limited (t/a Vision Twentyone)",6,0,0,2007-08-16,2009-12-31,1389368
SC619417,"TREEMAN ROCKAFELLA LIMITED",6,0,0,2023-12-12,2026-01-12,100000000
03531876,"Alpha Healthcare Ltd",6,0,0,2004-03-02,2010-04-23,49000000
3637007,"Ecotricity Group Limited",6,0,0,2014-11-06,2016-02-23,26000000
02171248,"Loxton Developments Ltd",6,0,0,2017-02-16,2024-06-30,3000000
600419,"E. Hobbs (Farms) Ltd",6,0,0,2011-03-04,2022-02-10,2500000
02234889,"Cavendish Corporate Finance (UK) Ltd",6,0,0,2002-03-13,2015-02-04,5480510
02240234,"A.B. Produce PLC",6,0,0,2007-06-22,2010-12-28,2270000
3437118,"Rigby Group PLC",6,0,0,2017-03-16,2024-03-14,22500000
3419984,"Lovell Consulting Ltd",6,0,0,2019-11-30,2023-11-23,6500000
340931,"Wates Group Services Ltd",6,0,0,2008-06-09,2017-02-08,30000000
01269006,"Lowe & Fletcher Ltd",6,0,0,2003-03-03,2007-02-19,1870000
4322682,"Tuxford Exports Ltd",5,0,0,2011-12-23,2018-09-29,3500000
7345733,"Chinook Urban Mining Ltd",5,0,0,2014-04-04,2015-06-12,7390000
1915531,"Consolidated Contractors International Ltd",5,0,0,2011-08-01,2017-09-14,4150000
SC080359,"Peoples Limited",5,0,0,2001-06-07,2016-05-06,1426417
04603075,"IC Technology UK Limited",5,0,0,2009-07-17,2014-05-14,8200000
2359982,"Realreed Limited",5,0,0,2011-01-27,2015-03-12,11658760
4268340,"Ayr Group Ltd",5,0,0,2010-01-26,2015-06-19,10330000
3249445,"Quantum Securities Ltd",5,0,0,2011-08-01,2015-04-13,3000000
02944429,"BIBA Medical Limited",5,0,0,2015-04-10,2015-09-30,1727600
01455685,"Springfast Limited",5,0,0,2005-09-27,2009-07-03,648500
4853169,"Auvian Limited",5,0,0,2011-03-31,2019-03-10,4500000
04199316,"M & M Supplies (UK) PLC",5,0,0,2020-01-13,2025-07-09,1749800
5690020,"Libra Group Services Ltd",5,0,0,2013-04-04,2014-10-24,4000000
324939,"The Christian Constitutional Trust",5,0,0,2007-07-05,2009-04-01,4650000
00096056,"Fujitsu Services Limited",5,0,0,2014-05-27,2018-03-15,8120000
14923656,"Flight Path Travel",5,0,0,2023-10-07,2023-10-07,1192103
2442501,"IPG DXTRA (UK) (Weber Shandwick)",5,0,0,2004-08-09,2023-03-07,10218000
2917073,"Caverncharm Limited",5,0,0,2019-11-11,2022-04-06,13000000
00258706,"Wealdstone Labour Hall Limited",5,0,0,2010-06-30,2016-02-28,1259200
1990269,"Tucan Investmemts PLC",5,0,0,2014-03-01,2014-12-31,1395000
4166416,"David Taylor Partnerships Limited",5,0,0,2014-07-01,2015-05-01,792000
00791700,"Holding & Barnes plc",5,0,0,2005-03-09,2010-01-25,1450000
4161889,"THE&PARTNERS LONDON LIMITED",5,0,0,2019-05-30,2019-08-31,14645200
IP01099R,"East of England Co-operative Society",5,0,0,2008-07-18,2010-05-20,6806482
7279578,"AIM HIRE GLOBAL LIMITED",5,0,0,2018-03-14,2018-06-30,1800000
2781W,"Ringland Labour Club",5,0,0,2008-03-31,2009-12-02,365000
4806292,"Sovereign Business Jets Ltd",5,0,0,2013-11-22,2015-05-06,19533448
02909660,"London and Regional Properties Ltd",5,0,0,2006-11-27,2012-08-21,13493000
09609018,"Better for the Country",5,0,0,2016-06-16,2017-02-09,11352300
5203222,"Hillingdon Green Print",5,0,0,2005-06-30,2009-05-20,407000
5723942,"Political Lobbying and Media Relations Limited",5,0,0,2023-12-28,2024-04-24,3610330
SC256809 ?,"PG Paper Company Ltd",5,0,0,2024-01-03,2024-03-26,1269999
2800972,"Edwardian London Management Services",5,0,0,2017-05-23,2019-11-14,17079000
3497029,"Park Garage Group PLC",5,0,0,2011-07-28,2019-11-01,2400184
01482891,"International Hospitals Group Ltd",5,0,0,2014-03-14,2015-05-26,5250000
2059RS,"Scottish Midland Co-operative Society Limited",5,0,0,2011-02-21,2011-03-25,1178500
2512002,"L.Lynch (Holdings) Limited",5,0,0,2014-03-04,2015-01-09,1783306
00519500,"Tesco Stores Ltd (Sponsorship)",5,0,0,2002-08-30,2007-09-30,2484250
SC466540,"DALRIADA ENERGY LIMITED",5,0,0,2015-08-14,2018-09-22,1950000
710682,"S Wernick & Sons (Holdings) Ltd",5,0,0,2019-07-29,2021-11-19,4200000
14657193,"CONQUER TECHNOLOGY LTD",5,0,0,2024-05-16,2024-09-24,5045000
NI051735,"CAF Rail UK Ltd",5,0,0,2018-11-20,2023-08-21,17500000
00116945,"Unionist Buildings Ltd",5,0,0,2010-01-18,2010-05-03,1600000
06046062,"Tompkins UK Ltd",5,0,0,2009-07-13,2010-12-22,13640000
7364156,"Hydro Industries Ltd",5,0,0,2015-02-10,2020-07-30,7100000
3287616,"Farmglade Limited",5,0,0,2023-06-12,2023-12-19,1500000
2542729,"The Halcyon Gallery",5,0,0,2012-02-29,2018-12-12,7750000
5812951,"Appt Corporation Ltd",5,0,0,2014-06-17,2018-05-31,1883263
3144922,"MECM Ltd",5,0,0,2010-02-05,2019-12-12,49300000
9936051,"Nex Services Ltd",5,0,0,2017-05-05,2017-05-05,2500000
02722448,"GLC Ltd",5,0,0,2010-04-12,2010-09-13,12700000
876255,"Philip J Davies Holdings PLC",5,0,0,2017-05-02,2018-12-17,14101048
4513462,"A.C. WORLDWIDE GROUP LTD",5,0,0,2025-07-10,2026-02-20,7000000
3393503,"Bristol Laboratories Ltd",5,0,0,2018-06-26,2023-12-07,4335000
09702039,"Competere Limited",5,0,0,2024-02-05,2024-12-06,1480900
0205306,"Hampden Buildings Ltd",5,0,0,2005-05-08,2007-06-30,1750000
12582946,"Nova Venture Holdings Ltd",5,0,0,2022-10-14,2025-01-16,11321000
1243071,"Nike Land Securities Ltd",5,0,0,2007-12-19,2013-04-08,5800000
00653789,"B S Eaton Limited",5,0,0,2001-06-22,2025-11-07,3400000
3366749,"Global Brands Limited",5,0,0,2011-03-31,2024-06-10,2800000
256314,"Multitone Electronics Plc",5,0,0,2011-07-13,2016-04-22,6500000
03287616,"Farmglade Limited",5,0,0,2015-07-17,2025-06-23,1350000
05580579,"Zouk Ltd",5,0,0,2014-04-13,2014-04-30,1382500
SC175219,"Philip Wilson (Grain) Ltd",5,0,0,2001-04-09,2007-04-20,55680000
950164,"Folkes Holdings Ltd",5,0,0,2009-11-25,2021-01-26,7240000
938798,"Citigate Public Affairs Limited",5,0,0,2002-10-18,2006-09-05,3766250
05073942,"5th Avenue Partners Ltd",5,0,0,2005-02-10,2005-05-06,244906480
7353802,"KJ Costa Advisory Limited",5,0,0,2014-11-21,2019-05-24,20550000
1219696,"McNiff Civil Engineering",5,0,0,2003-04-30,2004-10-30,962000
2575875,"Seamark PLC",5,0,0,2011-07-06,2015-02-25,2450000
8075740,"Disciple Media Ltd",5,0,0,2017-02-01,2022-02-01,3411400
SP2059RS,"Scottish Midland Co-operative Society Ltd",5,0,0,2008-04-04,2010-08-13,5311400
03456022,"IM Properties PLC",5,0,0,2009-05-12,2010-12-31,38356556
4507008,"Swansway Garages Ltd",5,0,0,2022-11-18,2026-02-10,9749900
7623348,"Bushell Investment Group ? Business Services Limited",5,0,0,2020-03-04,2023-05-09,7000000
3882699,"New Cross Nursing Group Ltd",5,0,0,2014-05-15,2019-11-01,5270000
03106243,"Carl Pickford Advertising Ltd",5,0,0,2004-10-11,2006-10-23,23640000
4434745,"Tempcover Ltd",5,0,0,2015-03-18,2017-12-11,31000000
11963328,"6 KNIGHTS LIMITED",5,0,0,2023-09-25,2024-01-30,1000000
2278367,"Harris Ventures Limited",5,0,0,2007-12-20,2024-05-31,8894089
2615001,"Topland Group PLC",5,0,0,2011-07-05,2015-06-16,7780000
00840103,"John Nicholls (Trading) Limited",5,0,0,2004-04-20,2006-10-27,364000
13643603 ?,"Valary Management Limited",5,0,0,2023-02-16,2024-03-26,5267000
06527058,"GADF HOLDINGS LIMITED",5,0,0,2024-02-26,2024-06-28,50000000
11808595,"Tamils for Labour Ltd",5,0,0,2023-01-27,2023-03-21,2595000
3258542,"Radnor Hills Mineral Water Co Ltd",5,0,0,2015-01-15,2023-01-10,2600000
231824,"Saatchi & Saatchi Group Ltd",5,0,0,2008-09-30,2010-03-31,51854654
05034556,"Torex Retail Plc",5,0,0,2004-03-12,2006-12-31,2300000
02956243,"Finsbury Ltd",5,0,0,2007-09-20,2015-05-07,5095190
02078273,"Birmingham Airport Ltd",4,0,0,2001-05-01,2015-04-01,2403500
04285055,"Vincos Ltd",4,0,0,2003-08-27,2010-12-16,11232192
04006527,"Eastern Atlantic Helicopters Ltd",4,0,0,2010-03-06,2015-04-08,7634417
02355448,"Midland Food Group Ltd",4,0,0,2001-05-04,2010-03-15,3400000
2606752,"Irwin Mitchell Solicitors Ltd",4,0,0,2003-07-22,2005-11-28,2525000
07368847,"HEALTHCARE PERSONNEL SOLUTIONS LTD",4,0,0,2012-11-05,2024-06-25,7280000
2646243,"Walsall Conservative Investments Limited",4,0,0,2020-09-23,2022-09-15,4750000
IP08644R,"Anglia Regional Co-operative Societty",4,0,0,2007-01-12,2010-09-04,3989765
05566516,"Euro RSCG Apex Communications Ltd",4,0,0,2009-09-14,2010-08-27,2614000
3807724,"Monze Properties Ltd",4,0,0,2019-07-19,2023-12-19,2113000
1000964,"Libra Textiles Limited",4,0,0,2013-06-03,2024-06-10,7000000
3761294,"Delamere Dairy Limited",4,0,0,2016-05-31,2017-05-02,750000
10097916,"Labour Tomorrow",4,0,0,2016-07-25,2016-08-15,11746000
IP10088R,"Friends of Windsor Labour Hall Limited",4,0,0,2017-04-20,2017-06-06,1255722
2671815,"Morley Hayes Leisure Ltd",4,0,0,2014-12-17,2020-01-22,896210
1043868,"Paul Sykes Group Ltd",4,0,0,2001-05-04,2001-06-05,56272390
10728451,"Harbour International Limited",4,0,0,2018-12-11,2019-12-19,11276760
07364818,"Daedalus Business Services Limited",4,0,0,2017-07-04,2021-06-10,675000
10712682,"Dena London Limited",4,0,0,2024-01-31,2024-06-10,1385330
06055013,"SOUTH LAKELAND BUILDERS LTD",4,0,0,2017-09-30,2023-02-28,1040000
7337481,"Pilot Group Services Limited",4,0,0,2017-03-02,2019-06-21,4600000
3665285,"Morgan Allen Moore Ltd",4,0,0,2005-03-02,2006-02-15,1478000
2708090,"Allam Marine Limited",4,0,0,2012-02-09,2019-11-27,13690000
690947,"George Hammond PLC",4,0,0,2008-06-13,2017-05-08,900000
2715837,"DM Electronics Ltd",4,0,0,2008-08-15,2009-12-31,300000
IP12719R,"Cannock Unionist Club Ltd",4,0,0,2010-04-03,2019-11-11,2000000
271584,"DM Electronics Ltd",4,0,0,2008-10-01,2008-12-31,314350
1067737,"Hampden Insurance Holdings",4,0,0,2011-03-30,2011-12-31,5460000
02634071,"Jeffrey Management Ltd",4,0,0,2002-03-26,2007-03-22,3200000
2747056,"Dransfield Properties Limited",4,0,0,2007-12-01,2017-05-02,957016
68499,"Stephenson Group Ltd",4,0,0,2017-06-07,2019-11-27,12542000
2783152,"The Harrodian School Ltd",4,0,0,2010-02-09,2015-04-29,4000000
3531467,"AT&T ISTEL",4,0,0,2014-09-03,2017-11-23,3912840
5988409,"Windsor Partners Ltd",4,0,0,2011-03-17,2012-11-07,4900000
SC093761,"Cloburn Quarry Company Limited",4,0,0,2010-04-19,2010-07-13,2800000
3504830,"Blackfriars Hotels Limited",4,0,0,2013-09-30,2015-05-29,20350000
2797120,"Ashley Commercial Finance Limited",4,0,0,2014-12-31,2015-07-04,1600000
01170304,"Emerson Developments (Holdings) Ltd",4,0,0,2005-04-20,2010-07-12,1600000
7222231,"Court Consultants Ltd",4,0,0,2016-04-08,2017-09-01,1794891
10188504,"Regents House Ltd",4,0,0,2017-05-02,2017-05-24,1100000
3101807,"GNER Holdings Ltd - Sponsorship",4,0,0,2005-07-10,2007-12-05,1111000
SC117120,"Scottish Power UK Plc",4,0,0,2010-12-31,2017-09-08,4840000
02402369,"The 1900 Club",4,0,0,2010-03-22,2010-03-31,1000000
1059042,"Besblock Limited",4,0,0,2017-05-01,2019-11-14,2100000
6293017,"Barnes and Richmond Labour Club",4,0,0,2007-12-31,2009-12-31,2051200
3446822,"Advinia Health Care Limited",4,0,0,2015-03-10,2021-04-26,2800000
3153391,"Vertex Data Science Ltd",4,0,0,2004-08-11,2005-11-28,2350050
6386232,"Broad Gallery Limited",4,0,0,2013-09-30,2018-08-23,3295000
SC302175,"Stridewell Estates Limited",4,0,0,2015-03-25,2015-12-08,1750000
2880390,"Springfield Park Properties Limited",4,0,0,2007-11-09,2019-11-28,1150000
3128558,"European Land and Property Limited",4,0,0,2015-12-23,2019-11-11,45000000
03601888,"Venco Ltd",4,0,0,2014-10-01,2015-01-28,7000000
02272966,"Ransome's Dock Ltd",4,0,0,2005-02-24,2014-11-07,2000000
6494521,"THE ART OF CONNECTION LIMITED",4,0,0,2023-10-08,2025-11-24,960000
957114,"Lousada Plc",4,0,0,2007-10-29,2011-06-21,4050000
03300992,"Westmont Management Limited",4,0,0,2021-10-08,2024-04-18,8020000
00162264,"Walsham Brothers & Co Ltd",4,0,0,2002-09-25,2005-04-22,4550000
SC030096,"Mackies Ltd",4,0,0,2007-06-30,2009-12-03,846950
2884191,"Value Retail Management Ltd",4,0,0,2016-03-21,2019-10-10,975000
9385456,"AMOS ELLIS CONSULTING LIMITED",4,0,0,2018-12-07,2024-05-31,2647500
915525,"Exeter Labour and Trades Unions Premises Ltd",4,0,0,2002-12-31,2015-04-21,1444400
03840675,"Redsmoke Limited",4,0,0,2017-05-25,2019-11-25,4000000
332765,"HALFWAY CONSERVATIVE INVESTMENTS LTD",4,0,0,2023-08-31,2024-05-23,650000
00738272,"PETERSHAM NURSERIES LIMITED",4,0,0,2019-05-23,2022-05-06,1150000
9116498,"IMMENSA MANAGEMENT LIMITED",4,0,0,2023-07-31,2024-05-26,1850000
SC050905,"Izzi Property Limited",4,0,0,2010-07-15,2011-05-31,1254665
1353767,"Unex Construction Ltd",4,0,0,2011-03-14,2014-09-25,7000000
906856,"Christopher Moran & Co Ltd",4,0,0,2012-01-27,2016-10-14,4106000
9020959,"Ultimate Sucession Planning Ltd",4,0,0,2014-07-09,2015-05-10,950000
1174439,"Wrightsure Services Ltd",4,0,0,2014-07-30,2015-03-31,800000
00591940,"J.A.Pye (Oxford) Ltd",4,0,0,2005-12-19,2006-12-07,264000
11734308,"H.R. Smith Group Limited",4,0,0,2021-08-25,2024-06-10,12000000
00775765,"Tees Components Ltd",4,0,0,2004-12-13,2014-12-12,1400000
3309834,"DJP International Limited",4,0,0,2017-05-31,2019-11-14,4500000
03939281,"Beachley Property Ltd",4,0,0,2003-01-15,2006-10-18,1998000
8952350,"Stellite Finance Limited",4,0,0,2015-10-26,2018-06-26,22900000
8847748,"Levary UK Limited",4,0,0,2016-02-23,2021-04-07,5000000
00526209,"Pfizer Ltd",4,0,0,2003-10-28,2005-09-20,4053750
8823586,"RMB Associates Ltd",4,0,0,2016-07-30,2025-12-07,3150000
8810797,"Gallagher Developments Holdco Limited",4,0,0,2018-05-18,2019-10-23,3334381
05015556?,"BENALLA LIMITED",4,0,0,2017-01-11,2018-12-29,2200000
1438339,"Merthyr Tydfil Car Auction Ltd",4,0,0,2008-04-19,2023-03-31,5700000
SC054793,"Patersons of Greenoakhill Ltd",4,0,0,2002-12-16,2021-04-09,4234300
02321900,"McDonalds Hamburgers Ltd - Sponsorship",4,0,0,2001-09-30,2004-10-10,3007170
11235987,"WESTCOMBE DEVELOPMENTS LIMITED",4,0,0,2025-08-08,2026-03-11,26500000
1480593,"Typepost Limited",4,0,0,2011-10-19,2013-06-06,3800000
5174034,"Labour Hall Ilford Limited",4,0,0,2014-10-01,2017-01-09,1469750
01606007,"Mutchmeats Limited",4,0,0,2005-12-30,2011-12-21,1750000
01630792,"Posterscope UK",4,0,0,2016-04-15,2018-10-01,29681168
5071388,"Select Property Group Ltd",4,0,0,2015-01-31,2016-03-08,11026126
00327397,"Craven(Builders)Ltd",4,0,0,2010-04-01,2026-03-02,1800000
OC361119,"Patron Capital Advisers LLP",4,0,0,2014-10-23,2015-04-30,800000
SC517100,"Arden Strategies Limited",4,0,0,2022-05-17,2024-05-20,1979002
8753991,"Meydan Asset Management Ltd",4,0,0,2018-10-31,2020-07-22,8485400
00074837,"William Cook Ltd",4,0,0,2005-05-12,2009-05-15,50000000
00044888,"Eddisbury Property Company Limited",4,0,0,2005-05-03,2024-06-10,810000
00346359,"Sir Richard Sutton's Settled Estates",4,0,0,2001-05-21,2010-11-19,2975000
8585320,"Tratos Limited",4,0,0,2016-10-28,2019-06-13,3150000
5358216,"Albion Agencies Ltd",4,0,0,2015-11-20,2020-08-11,7256317
8570350,"The London Cabaret Club Limited",4,0,0,2015-07-02,2019-03-14,12500000
1568433,"Roper Rhodes Ltd",4,0,0,2001-11-13,2019-09-30,11800000
15727785,"THE BATEMAN BROWN TRUSTEES LIMITED",4,0,0,2024-05-31,2026-02-04,1700376
29356,"SOUTHEND-ON-SEA LIBERAL CLUB (INVESTMENTS) LIMITED",4,0,0,2014-12-31,2024-11-25,1664929
003892154,"EUK Consulting Ltd",4,0,0,2004-04-08,2004-06-30,1743700
8363406,"Interior Architecture Landscape Ltd",4,0,0,2025-07-14,2025-08-05,10000000
4794773,"Hallmark Care Home Holdings Ltd",4,0,0,2018-05-31,2019-03-14,1153360
SC345527,"Rightdose Healthcare Limited",4,0,0,2014-10-09,2021-03-09,10100000
1621476,"Martek Contracts Ltd",4,0,0,2014-10-17,2018-04-16,1100000
00040017,"Scarborough Liberal Clubhouse Company Limited (THE)",4,0,0,2006-10-01,2019-11-17,2500000
01778942,"Norbrook Laboratories (GB Ltd)",4,0,0,2001-04-02,2004-06-08,104697675
8241751,"Green Network UK PLC",4,0,0,2017-06-06,2018-11-23,12450000
SC327356,"Quality Chess UK Ltd",4,0,0,2012-09-30,2014-08-27,1060000
4732371,"Hollyhedge Limited",4,0,0,2017-05-17,2021-07-06,15700000
804559,"Grantham Investments Limited",4,0,0,2015-04-04,2024-05-17,1700000
00957114,"Lousada Plc",4,0,0,2005-10-20,2006-11-03,4800000
327397,"Craven (Builders) Ltd",4,0,0,2015-01-23,2023-12-15,1200000
01805376,"St. Mary Abchurch Investments (1984) Ltd",4,0,0,2004-12-31,2005-05-12,5250000
791700,"Holding & Barnes plc",4,0,0,2011-03-14,2013-03-06,1200000
07079981,"COLLEGE STREET PARTNERS LIMITED",4,0,0,2022-08-11,2025-12-20,5000000
295846,"Walsall Unionist Holdings Limited",4,0,0,2017-06-05,2020-01-07,2200000
775765,"Tees Components Ltd",4,0,0,2012-01-16,2017-11-16,2050000
01840837,"Ivor Braka Ltd",4,0,0,2006-10-26,2010-04-26,26000000
7756651,"L Marks Limited",4,0,0,2015-05-11,2017-06-05,5650000
11010534,"Montagu Ventures International Ltd",4,0,0,2019-11-19,2022-02-25,4985400
00098206,"THE CREDITON & DISTRICT LIBERAL DEMOCRAT COMPANY LIMITED",4,0,0,2010-06-30,2022-10-04,1660000
SO302085,"Digby Brown",4,0,0,2011-02-10,2014-11-10,1130000
IP525R,"Co-operative Group Limited",4,0,0,2012-03-31,2013-01-21,6700000
00051702,"Daniel Thwaites Plc",4,0,0,2005-04-22,2005-05-29,600000
01480593,"Typepost Ltd",4,0,0,2010-03-24,2015-01-06,4900000
7710894,"Peter Dunphy Associates",4,0,0,2011-12-08,2012-06-30,1397899
4511141,"Simmerson Associates Ltd",4,0,0,2013-12-08,2016-06-01,3400000
758492,"Lewis trust Group Ltd",4,0,0,2008-04-05,2008-04-20,800000
2281209,"Coyle Personnel PLC",4,0,0,2016-04-06,2017-04-10,2190000
2341675,"Wolfe Property Services Limited",4,0,0,2011-01-27,2019-11-28,1885063
01932077,"Younger Homes (Northern) Ltd",4,0,0,2001-04-05,2004-05-31,1371218
2359111,"3R Construction Development Ltd",4,0,0,2015-01-30,2020-02-28,1800000
4265494,"Sussex Research Ltd",4,0,0,2010-03-16,2017-05-31,12500000
05570185,"London Secure Services Ltd",4,0,0,2006-12-01,2007-07-30,2499600
02792424,"Tamares Real Estate Investments (UK) Ltd",4,0,0,2006-03-20,2010-04-07,17000000
03584555,"Knight Security Ltd",4,0,0,2009-10-23,2011-12-01,983400
246071,"Poeton Industries Limited",4,0,0,2012-11-14,2024-05-16,2500000
416203,"AC Properties (Acton) Ltd",4,0,0,2010-10-02,2026-03-20,4500000
02773528,"Targetfollow Estates Limited",4,0,0,2007-03-28,2009-06-02,6400000
01988678,"Joint London Holdings Ltd",4,0,0,2003-11-13,2006-12-13,4200000
2478112,"Freud Communications Ltd",4,0,0,2005-04-01,2005-05-06,3697700
4115619,"Texkimp Ltd",4,0,0,2016-09-01,2017-08-25,750000
5746893,"Grimes Finishings Limited",4,0,0,2020-02-10,2023-08-03,418200
2509857,"Fieldbonds Limited",4,0,0,2011-06-08,2017-06-16,6400000
4067712,"Cend Limited",4,0,0,2014-10-31,2018-05-11,20000000
5788239,"Atlantic Recycling Limited",4,0,0,2018-10-28,2021-03-26,2950000
IP07486R,"Slough Labour Memorial Hall Limited",4,0,0,2021-04-08,2023-05-15,1395809
03511919,"Eligo International Ltd",4,0,0,2007-04-07,2009-08-14,3110000
7364818,"Daedalus Business Services Ltd",4,0,0,2019-01-08,2019-06-04,370000
578955,"ALAN FIRMIN LIMITED",4,0,0,2015-04-21,2024-05-30,1600000
00167591,"Slough Estates PLC",4,0,0,2001-05-02,2003-04-16,3100000
02451400,"Wheatcroft Land Ltd",4,0,0,2005-02-07,2006-06-29,4700000
5826264,"CONSILIUM CAPITAL LIMITED",4,0,0,2019-10-21,2019-11-22,419400
03559699,"Hanover Communications International Ltd",4,0,0,2006-08-21,2020-02-06,3840000
3905586,"National Express Airport Holdings Ltd",4,0,0,2004-02-26,2005-08-17,2900000
IP14052R,"Watford Labour Halls",4,0,0,2004-04-01,2005-12-31,375000
8311157,"Spring View Care Ltd.",3,0,0,2015-07-17,2021-12-10,341000
00028766,"The Godalming & District Constitutional Club",3,0,0,2004-07-13,2006-08-04,360000
00034239,"Brintons Ltd",3,0,0,2001-03-23,2006-05-08,2448790
00036515,"Oceana Investment Corp Ltd",3,0,0,2001-03-22,2004-09-14,3550000
00156663,"Helical Bar Plc",3,0,0,2001-04-02,2001-05-01,1250000
00413150,"Cringle Corporation Ltd",3,0,0,2006-03-31,2009-09-08,42558140
00467432,"Torquay Liberal Ass (1949) Ltd",3,0,0,2001-04-27,2003-09-30,550000
00481586,"J.T Leavesley Ltd",3,0,0,2004-12-31,2024-06-19,3325000
00540615,"General Commercial Agencies Ltd",3,0,0,2009-07-06,2010-07-20,1870000
00560074,"The Lionel Cooke Memorial Fund",3,0,0,2002-03-03,2016-01-20,12000000
00564955,"J.C.B. Service",3,0,0,2023-02-23,2023-09-12,52700000
00629619,"Trago Mills Ltd",3,0,0,2010-04-12,2015-02-11,2100000
00634680,"Arnold Estates Limited",3,0,0,2007-01-26,2010-04-19,1148560
00646115,"River Front Properties Ltd",3,0,0,2006-06-30,2007-03-30,892500
00693374,"Fulham Investment & Property Company Ltd",3,0,0,2003-01-15,2009-02-27,1360920
00693394,"Dashwood Finance Co Ltd",3,0,0,2001-05-18,2007-06-06,1500000
00758492,"Lewis Trust Group Ltd",3,0,0,2010-01-19,2010-03-31,2300000
00823312,"Bromfield Sand & Gravel Co. Limited",3,0,0,2005-02-10,2015-05-19,1400000
00868042,"Martin-Baker Aircraft Company Ltd",3,0,0,2006-10-17,2015-01-19,2250000
01007428,"Torex Plc",3,0,0,2003-04-01,2003-12-08,1040000
01102932,"Burkeley Burke Holdings Ltd",3,0,0,2002-05-03,2009-09-22,3686313
01134860,"Berkeley Burke & Co Ltd",3,0,0,2009-06-02,2010-04-26,2700000
01362650,"Harvey Water Softeners Ltd",3,0,0,2001-12-06,2010-04-30,1150000
01366132,"Air Foyle Ltd",3,0,0,2001-06-01,2002-05-30,2150000
01370124,"Castle Rising Holdings Ltd",3,0,0,2003-03-31,2005-09-19,5572233
01536502,"Normanby Estate Holdings Ltd",3,0,0,2005-04-21,2009-12-31,600000
01601171,"Fox Pitt Kelton Ltd",3,0,0,2009-11-27,2009-12-23,2400000
01611881,"Colmore Trust Ltd",3,0,0,2002-02-26,2004-03-26,3000000
01694059,"CLARENDON GATE LIMITED",3,0,0,2023-04-25,2024-05-31,2250000
01782005,"City & Provincial Properties Plc",3,0,0,2006-07-20,2009-11-19,1118500
01852206,"Midland Software Limited",3,0,0,2007-06-21,2009-12-15,650000
01866076,"Churchill Retirement (Group) Ltd",3,0,0,2010-09-30,2019-02-18,20925000
01894292,"Tustin Developments Ltd",3,0,0,2014-08-01,2014-11-07,2050000
02235957,"Home House & Ed Bonner Co Ltd",3,0,0,2001-06-30,2006-04-20,860000
02300415,"Foxbury Construction Ltd",3,0,0,2014-10-24,2016-05-25,700000
02324869,"Engineering Marine and Training Agency",3,0,0,2001-03-30,2001-09-20,1422500
02355925,"Cobra Beer Ltd",3,0,0,2003-05-15,2003-09-30,925600
02454455,"Echo Reasearch Ltd",3,0,0,2010-06-30,2010-06-30,2800000
02471319,"Hotcourses Ltd",3,0,0,2003-11-19,2005-07-04,12113281
02488264,"Bell Pottinger Public Affairs LTD",3,0,0,2009-03-17,2012-02-03,748000
02495404,"J & H Sales (International) Ltd",3,0,0,2010-06-23,2010-10-26,3780000
02553033,"Jayroma (London) Ltd",3,0,0,2006-10-05,2010-09-24,2757000
02641733,"North British Securities Ltd",3,0,0,2009-01-10,2012-04-30,1800000
02675585,"Bestway Northern Ltd",3,0,0,2007-05-29,2016-08-01,4000000
02700322,"Lizon Properties Ltd",3,0,0,2006-03-27,2009-05-21,15000000
02715837,"DM Electronics Limited",3,0,0,2009-03-31,2015-02-02,655000
02800972,"Edwardian London Management Services Limited",3,0,0,2020-05-06,2020-05-06,12000000
02845186,"James Taylor Construction Ltd",3,0,0,2020-02-05,2020-07-14,3900000
02889201,"Wharf Land Investments Ltd",3,0,0,2003-03-26,2005-03-30,3500000
02892233,"FCT Europe Ltd",3,0,0,2001-03-07,2001-05-17,5000000
02904597,"E.I.R.P Limited",3,0,0,2019-05-25,2025-12-24,29500000
02976538,"Tangerine Holdings Limited",3,0,0,2024-06-17,2025-01-13,10000000
02990055,"Orange Aero Ltd",3,0,0,2009-12-17,2009-12-17,8020000
03013551,"Abercorn School Ltd",3,0,0,2002-12-02,2003-07-01,1500000
03086282,"Sanders & Partners Ltd",3,0,0,2010-03-31,2010-09-30,600000
03116767,"Samworth Brothers Ltd",3,0,0,2002-05-03,2003-11-12,3200000
03117529,"Didgemere Consultants Ltd",3,0,0,2003-12-15,2005-04-13,2000000
03176892,"Sainty Hird & Partners Ltd",3,0,0,2009-12-10,2015-02-19,1499900
03187173 ?,"The Red House (Ashstead) Ltd",3,0,0,2023-01-26,2023-06-22,1500000
03283010,"William Cook Holdings Ltd",3,0,0,2007-07-31,2010-07-05,1651733
03311052,"Deloitte MCS Ltd",3,0,0,2004-06-30,2004-11-30,5103875
03321737,"Patron Capital Ltd",3,0,0,2009-04-28,2010-05-10,2150000
03368112,"Steep Investments Ltd",3,0,0,2006-12-01,2007-08-30,2375007
03385330,"Private Investor Capital Ltd",3,0,0,2004-01-12,2015-01-20,3850000
03446822?,"ADVINIA HEALTH CARE LIMITED",3,0,0,2023-02-09,2023-07-06,1226000
03513178,"KPMG",3,0,0,2001-03-17,2003-03-28,12400000
03675746,"Euro RSCG London Ltd",3,0,0,2009-09-30,2010-05-30,27997500
03703848,"M&M Investment Company PLC",3,0,0,2003-02-11,2019-08-12,5920000
03828594,"Bar & Kitchen Ltd",3,0,0,2018-09-27,2021-09-19,2375000
04265494,"Sussex Research Ltd",3,0,0,2010-04-28,2010-12-09,4750000
04295981,"Huawei Technologies (UK) Co. Ltd",3,0,0,2012-07-31,2013-08-16,2720000
04350067,"C & C Business Solutions",3,0,0,2004-03-02,2010-06-30,13500000
04351232,"Magdalen Hall Co Ltd",3,0,0,2007-06-30,2010-06-30,468650
04390604,"ECJ Investments Ltd",3,0,0,2002-10-23,2003-12-10,26870000
04470767,"London Diversified Fund Management (UK) Ltd",3,0,0,2006-03-22,2009-09-23,7500000
04663024,"Icici Bank UK Ltd (Sponsorship)",3,0,0,2006-03-31,2007-08-13,797000
05125750,"MINISTRY OF INNOVATION LTD",3,0,0,2023-02-16,2023-08-22,400000
05500765,"Beds and Bars Ltd",3,0,0,2017-05-18,2024-06-19,750000
05601850,"The Biz Club Limited",3,0,0,2006-05-03,2006-09-30,250000
05943538,"Charlie Parsons Creative Limited",3,0,0,2019-10-21,2019-11-01,600000
06278422,"Strandbrook Ltd",3,0,0,2023-01-24,2025-01-22,15000000
06317947 ?,"Dukehill Services Limited",3,0,0,2023-07-05,2025-08-04,3200000
06431946,"LONDON STONE PROPERTIES LIMITED",3,0,0,2017-06-01,2021-02-22,800000
06465299 ?,"GLASS EXPRESS MIDLANDS LTD",3,0,0,2024-09-26,2025-07-04,1950000
0709846,"Bearwood Corporate Services Ltd",3,0,0,2002-06-11,2003-01-06,1800000
07262428,"PARAGON CUSTOMER COMMUNICATIONS LIMITED",3,0,0,2023-08-10,2024-07-24,11240000
07278594,"Thakenham Homes Ltd",3,0,0,2023-03-21,2023-11-30,6073000
07606258,"ALLENBY COMMERCIAL (CONSTRUCTION) LIMITED",3,0,0,2023-04-20,2025-02-12,750000
07696967,"Century Capital Partners Limited",3,0,0,2025-01-22,2025-01-29,2500000
0806669,"C A Church Ltd",3,0,0,2013-08-09,2014-06-27,1500000
08363406,"Interior Architecture Landscape Ltd",3,0,0,2025-06-10,2025-06-25,10000000
08462306,"WHOLLY GRAPE LIMITED",3,0,0,2023-07-31,2023-09-25,203290
09019569,"Bloomberg Trading Facility Limited",3,0,0,2019-10-01,2024-05-01,31000000
09405401,"WINTERBROOK CAPITAL LIMITED",3,0,0,2025-10-23,2025-10-27,12500000
09462813,"WESTMINSTER DEVELOPMENT SERVICES",3,0,0,2024-05-30,2024-07-03,25000000
09593994,"GLYN HOPKIN HOLDINGS LIMITED",3,0,0,2024-04-09,2024-06-25,2309000
09799569?,"KH LONDON LIMITED",3,0,0,2017-06-01,2024-06-28,1000000
09819399,"Public Digital Limited",3,0,0,2024-01-08,2024-06-30,10368800
09985173,"Finito Education",3,0,0,2024-01-10,2024-05-17,1464235
10029261,"90 Up Limited",3,0,0,2023-12-04,2024-05-13,2130000
1012146,"Vitabiotics Limited",3,0,0,2004-12-15,2019-12-16,2200000
10174054,"Thompson Crosby & Co Ltd",3,0,0,2018-12-17,2019-12-01,4083200
1063450,"Regatta Ltd",3,0,0,2020-11-24,2023-01-23,7500000
10723430,"Global Education Holdings Ltd",3,0,0,2023-11-08,2026-04-13,6659300
10851000,"Southern Grove Pinfold Gate Limited",3,0,0,2018-07-02,2018-12-11,5165000
10949589,"Lazari Investments Limited",3,0,0,2019-04-02,2019-10-10,800000
11640625,"WESTMORLAND HOSPITALITY LIMITED",3,0,0,2021-03-08,2022-10-06,650000
12157895,"Activate Collective Ltd",3,0,0,2020-09-05,2021-04-29,1600000
12322967,"Real Change Lab Limited",3,0,0,2019-12-04,2019-12-11,8680000
12909694,"Workpermitcloud Limited",3,0,0,2023-11-17,2023-11-17,966714
1291023,"Lazari Investments Limited",3,0,0,2015-03-20,2017-08-01,750000
12952652 ?,"Sabre One Investments Ltd",3,0,0,2022-06-01,2025-03-14,2871584
13209849,"Bevan House (Cheltenham) Limited",3,0,0,2024-03-25,2024-06-05,900000
13391540,"Linchpin Private Equity Technology Services Limited",3,0,0,2023-01-31,2023-03-31,1824900
1363570,"Techtest Ltd",3,0,0,2008-04-18,2008-06-16,2500000
13697724,"Community Wind Power Limited",3,0,0,2025-01-05,2025-05-11,414000
1387774,"Conegate Limited",3,0,0,2014-12-15,2022-04-27,11250000
1402696,"T G Builders Merchants Ltd",3,0,0,2017-06-27,2021-12-08,1500000
1445081,"Adleyheath Limited",3,0,0,2019-08-30,2019-12-09,26000000
15504430,"DARNLEY CAPITAL LIMITED",3,0,0,2025-03-20,2025-12-03,3220000
1604821,"Heaton Holdingwws Ltd",3,0,0,2015-03-20,2019-11-21,2200000
1778942,"Norbrook Laboratories GB Ltd",3,0,0,2011-11-29,2012-06-14,17500000
1810877,"Memo Fashions Limited",3,0,0,2008-06-05,2019-08-22,800000
1869975,"Michael O'Mara Books Ltd",3,0,0,2019-08-08,2019-09-30,4000000
1932077,"Younger Homes (Northern) Ltd",3,0,0,2016-04-23,2017-12-31,527000
1988678,"Joint London Holdings Ltd",3,0,0,2007-12-07,2017-06-09,4500000
2006558,"Kerry London Ltd",3,0,0,2012-05-14,2012-05-17,2250000
201101,"IPGL Ltd",3,0,0,2008-12-11,2008-12-31,8821431
2033792,"FWS Carter and Sons Limited",3,0,0,2015-04-13,2019-11-28,750000
2090397,"Stringfellows Restaurants Ltd",3,0,0,2012-08-02,2015-06-11,565000
2122977,"Barnack Estates",3,0,0,2019-06-12,2021-05-11,1257701
2158998,"Galliard Homes Limited",3,0,0,2017-05-30,2019-12-06,1500000
2180612,"MF Freeman Ltd",3,0,0,2017-12-20,2019-03-14,590960
2362967,"THE SOMERSET CIDER BRANDY COMPANY LIMITED",3,0,0,2013-12-21,2015-11-28,1250000
23666,"Yorkshire Water Services Ltd",3,0,0,2011-06-08,2013-08-23,1500000
2366627,"Kelda Group plc - Sponsorship",3,0,0,2005-11-30,2008-06-13,1250000
2503270,"Knight Developments Ltd",3,0,0,2012-11-14,2014-07-23,1235000
2504047,"CRU Publishing Limited",3,0,0,2014-09-30,2016-06-30,11000000
2513251,"William Lamb Footwear Ltd",3,0,0,2008-05-02,2015-01-14,4500000
2571173,"MGN Limited",3,0,0,2002-11-22,2011-03-09,545000
2605194,"Anderson Construction Limited",3,0,0,2015-04-07,2019-07-24,1780000
2645035,"PAYMENT SYSTEMS EUROPE LIMITED",3,0,0,2016-12-13,2019-06-30,1500000
2700322,"Lizon Properties Ltd",3,0,0,2014-08-11,2019-11-21,950000
2707973,"Parking Places Limited",3,0,0,2017-05-22,2018-09-07,1000000
2714213,"Ashcorn Estates Limited",3,0,0,2017-11-03,2019-11-08,2700000
2756516,"Glyn Hopkin Limited",3,0,0,2013-09-27,2015-10-22,700000
2791967,"Cable (Cannock) Limited",3,0,0,2014-09-19,2021-03-31,750000
2805550,"Martek Joinery Ltd",3,0,0,2017-04-05,2019-11-15,840000
281384,"Thornhill Estates Limited",3,0,0,2009-06-25,2017-04-26,1000000
2829272,"MSG Commercial",3,0,0,2011-12-16,2019-11-06,2431400
2889070,"MSG Sandhurst Limited",3,0,0,2007-11-18,2021-11-25,2096485
2938988,"English Welsh and Scottish Railway Limited - Sponsorship",3,0,0,2005-07-20,2007-10-19,2700000
3039051,"ACIS Ltd - Sponsorship",3,0,0,2008-04-21,2008-06-30,840000
3063418,"Good Demolition Ltd",3,0,0,2017-05-08,2019-12-21,1100000
3080899,"Moundsley Hall Nursing Home",3,0,0,2013-05-17,2015-11-07,1352500
3107217,"Park Lane Properties (Leeds) Ltd",3,0,0,2005-03-15,2017-06-29,1800000
3123199,"Club La Costa (UK) PLC",3,0,0,2015-03-27,2019-12-09,6921800
3125671,"London & Bath Estates Group Ltd",3,0,0,2008-04-25,2012-07-12,2000000
3222384,"Chigwell (London) Ltd",3,0,0,2014-10-23,2019-12-21,2050000
3244215,"Scythian Ltd",3,0,0,2012-01-03,2013-07-26,3500000
3275554,"Extel Limited",3,0,0,2015-02-26,2019-11-01,439000
3488210,"Redwood Care Homes Ltd",3,0,0,2014-01-22,2014-10-22,550000
3841036,"Babyway International Limited",3,0,0,2011-03-02,2012-03-23,10160000
3923327,"XLCR Vehicle Management Ltd",3,0,0,2015-02-28,2019-06-11,1518741
40017,"Scarborough Liberal Club House Cmpany",3,0,0,2007-10-07,2011-09-19,1335000
4042865,"Evolution Fasteners (UK) ltd",3,0,0,2019-10-22,2024-05-31,1745500
41194,"Kingston Liberal Club Company Limited (The)",3,0,0,2008-06-30,2017-06-18,665000
4231841,"Northglen Investments Ltd",3,0,0,2019-11-14,2021-03-05,15500000
4250076,"(AQ) Networks Ltd",3,0,0,2022-12-19,2023-06-02,7500000
4351230,"Magdalen Hall Company Ltd",3,0,0,2009-03-31,2010-03-31,468750
4379769,"India First Ltd",3,0,0,2014-07-12,2014-12-31,1118800
443554,"Hartley Property Trust Ltd",3,0,0,2008-09-30,2009-09-30,1462500
4462966,"EIMS Ltd",3,0,0,2013-02-04,2016-08-22,1200000
4649177,"Second State Pizza Company Ltd",3,0,0,2014-03-06,2014-10-27,1361208
4955555,"SKILLS MATTER LIMITED",3,0,0,2017-12-08,2019-09-26,2284500
5153873,"Comfort Care Services UK Ltd",3,0,0,2014-11-12,2017-10-27,600000
5162052,"NFC Homes (East) Ltd",3,0,0,2019-11-07,2019-11-29,1300000
5195765,"UNEX GROUP HOLDINGS LIMITED",3,0,0,2017-06-02,2023-04-14,3500000
5297376,"B&S Property Ltd",3,0,0,2013-10-31,2014-07-10,3600000
5399187,"Square Peg Media",3,0,0,2013-05-25,2013-10-01,1010000
5539168,"HEPBURN BIO CARE UK LIMITED",3,0,0,2024-04-12,2024-07-01,4000000
570951,"Gough Bailey Wright Limited",3,0,0,2015-06-11,2018-09-07,558000
5887591,"Criterion Capital Ltd",3,0,0,2016-03-31,2017-05-27,5500000
5990548,"Quinn Wilson Estates (1) Ltd",3,0,0,2015-05-20,2019-12-21,2267205
6012066,"Regenesis Developments Ltd",3,0,0,2011-09-26,2012-06-07,2500000
6057433,"Europa Worldwide Group Limited",3,0,0,2021-08-24,2023-04-27,10750000
6260373,"Churchill Retirement Living Ltd",3,0,0,2015-02-25,2019-11-11,17250000
629619,"C Robertson Development Ltd",3,0,0,2004-06-13,2007-02-06,3014917
6413329,"Metro Living (London) Limited",3,0,0,2015-04-13,2017-04-27,1500000
6418541,"SKS BUSINESS SERVICES LTD",3,0,0,2018-04-11,2018-11-04,1500000
64585,"Morco Products Ltd",3,0,0,2015-01-26,2024-06-10,1350000
6473841,"Rainy City Investments Limited",3,0,0,2016-03-08,2017-05-10,37500000
6775786,"RST Residential Investments Ltd",3,0,0,2014-02-17,2017-04-24,1450000
6789840,"TFS BUYING LIMITED",3,0,0,2023-02-16,2023-11-01,3750000
6794647,"Future Management Services Limited",3,0,0,2015-03-10,2017-05-17,10840000
693394,"Dashwood Finance Company Ltd",3,0,0,2015-04-23,2017-07-07,2425000
7005644,"Sapinda UK Ltd",3,0,0,2011-05-18,2013-09-25,5550000
7238787,"Events Bars & Catering Limited",3,0,0,2015-02-27,2025-09-26,583264
7593021,"JFB Management Ltd",3,0,0,2015-04-01,2016-04-15,600000
7814568,"THE CITY PUB GROUP PLC",3,0,0,2019-11-29,2024-03-14,3000000
7834825,"Bright Spark Advertising",3,0,0,2014-05-22,2014-10-15,951000
7930476,"Brightfield Innovation Ltd",3,0,0,2014-12-23,2015-07-29,600000
8311613,"Imperial London Hotels Limited",3,0,0,2015-03-20,2017-06-02,1179900
8494048,"London Tea Exchange Ltd",3,0,0,2014-07-18,2015-03-17,2107500
864461,"Evans Hart Ltd",3,0,0,2012-08-03,2018-10-29,623740
8656212,"Tide Construction Ltd",3,0,0,2017-04-25,2019-11-28,700000
9019569,"Bloomberg Trading Facility Limited",3,0,0,2018-12-27,2022-06-30,20000000
9308098,"Aria Properties Limited",3,0,0,2017-05-09,2019-02-18,14000000
939109,"The A & S Leisure Group Ltd",3,0,0,2010-01-11,2012-01-18,7500000
955770,"Heligan Developments Ltd",3,0,0,2013-02-25,2014-09-12,1600000
958404,"Electoral Reform Society",3,0,0,2022-02-24,2023-10-01,2636580
958970,"Boston Consultancy Group Ltd",3,0,0,2008-07-17,2009-12-31,8970556
96056,"Fujitsu Services Ltd",3,0,0,2015-04-24,2019-06-25,5131700
9765900,"BrandIN Limited",3,0,0,2021-11-05,2022-06-16,1169732
IP00973R,"Chelmsford Star Co-operative Society Ltd",3,0,0,2008-09-15,2010-09-11,800000
IP09167R,"Wimbledon Labour Hall Co-operative Society Limited",3,0,0,2019-09-12,2025-12-31,1079200
IP10591R,"Southern Co-operatives Ltd",3,0,0,2008-05-29,2010-12-31,1998365
IP19007R,"Plymouth and South West Co-operative Society Ltd",3,0,0,2007-05-01,2008-07-24,4257100
IP19445R,"Conservative Club (Hatfield) Ltd",3,0,0,2002-12-04,2005-02-09,706000
NI30646,"Flagship Media Group Ltd",3,0,0,2003-03-27,2003-07-31,429355
OC311501,"King Sturge LLP",3,0,0,2008-05-30,2009-07-17,432500
OC357682,"SMITH SQUARE PARTNERS LLP",3,0,0,2022-05-03,2022-11-24,1620000
OC378396,"The Trinity Column Partners LLP",3,0,0,2017-06-22,2018-09-07,690380
OC395428 ?,"KNARESBOROUGH AVIATION LLP",3,0,0,2022-04-04,2022-05-28,3374269
SC045551,"Natwest Group PLC",3,0,0,2022-06-28,2022-08-28,1380166
SC051290,"OMNEGATHERUM PROPERTIES & INVESTMENTS LIMITED",3,0,0,2012-12-31,2015-08-01,1150000
SC098411,"John Clark (Holdings) Ltd",3,0,0,2005-05-15,2015-04-07,1297500
SC10541,"Strathvale Holdings",3,0,0,2002-12-01,2003-06-01,810000
SC105491,"Strathvale Holdings",3,0,0,2003-07-01,2010-02-11,470000
SC110660,"SCOTT-MONCRIEFF LIMITED",3,0,0,2016-12-31,2018-12-31,980000
SC134404,"W.M.Donnelly & Co.",3,0,0,2006-11-30,2008-08-31,240000
SC136365,"Hartmann Media",3,0,0,2013-02-28,2013-04-10,1005900
SC214505,"Hospital Ambulance Car Service Ltd",3,0,0,2009-11-12,2021-04-09,2850000
SC226766,"Airport Park and Ride Ltd",3,0,0,2009-04-30,2011-04-20,3695608
SC301809,"Balmoral Comtec Limited",3,0,0,2015-05-07,2017-06-14,2500000
SC301819,"Balmoral Comtec Ltd",3,0,0,2016-03-17,2017-11-23,4100000
SC475583,"Castle Water",3,0,0,2018-01-15,2019-01-15,1500000
SC586287,"Hero Brands Limited",3,0,0,2021-04-06,2026-01-15,17000000
SC646539,"Mister Singhs UK Limited",3,0,0,2025-12-04,2025-12-04,595000
2506998,"Sunstar Group Ltd",2,0,0,2014-05-24,2014-11-15,2210000
03763413 ?,"Andrew Brown Leisure Limited",2,0,0,2023-07-06,2024-03-14,1500000
4721061,"CJK Packaging Limited",2,0,0,2017-08-08,2019-11-21,500000
129450,"Liskeard Liberal Club Company Ltd",2,0,0,2011-09-30,2012-09-30,387000
7836110,"House Special Limited",2,0,0,2015-03-30,2015-05-11,500000
04119112?,"PLUMB PARTNERS GROUP LTD",2,0,0,2017-06-09,2017-06-09,400000
7844527,"Millgap Ltd",2,0,0,2019-08-05,2022-03-30,2334038
7853817,"Aventa Capital Partners",2,0,0,2013-07-15,2013-07-17,352000
472931,"Seabrook Crisps Ltd",2,0,0,2006-10-01,2006-10-01,2175000
03443568,"Transputec Ltd",2,0,0,2024-06-10,2024-06-10,500000
1716184,"Asian Trade Publication Ltd",2,0,0,2015-06-04,2016-11-17,1027600
1716891,"CFH DOCMAIL LTD",2,0,0,2017-05-27,2018-12-12,2200000
01784930,"Lowman Manufacturing Company Ltd",2,0,0,2001-04-09,2005-05-01,750000
00972107,"DFS Furniture Co PLC",2,0,0,2002-11-09,2002-11-09,450000
12954805,"Capsizing Creative Limited",2,0,0,2024-06-26,2024-06-26,1500000
12955173,"ATTIS INSURANCE BROKERS LTD",2,0,0,2022-06-13,2022-07-07,1200000
13019778,"Festival Bars Limited",2,0,0,2022-12-21,2023-11-20,1200000
13042257?,"CANVAS HOMES TEES BARRAGE LIMITED",2,0,0,2022-02-11,2022-06-13,1050000
07283514,"Duraseal EWI LTD",2,0,0,2024-01-17,2024-02-20,1480000
06214425,"Sleep Well Enjoy Life Ltd",2,0,0,2019-09-20,2024-05-31,1350000
4741413,"SLM Management Ltd",2,0,0,2021-06-16,2023-10-11,5000000
02255021,"Britania Ltd",2,0,0,2010-02-01,2010-09-30,387500
7962195,"Salisbury Kard Limited",2,0,0,2014-01-31,2014-07-22,10000000
00946986,"Kerr Mcgee Oil UK plc",2,0,0,2005-05-10,2005-10-10,2300000
1762000,"Gross-Hill Properties Limited",2,0,0,2017-05-05,2017-06-05,3499900
03434963,"Choiceforce Ltd",2,0,0,2004-03-01,2009-05-05,500000
4759694,"Packt Publishing Limited",2,0,0,2017-03-15,2017-06-03,1500000
1134860,"Berkeley Burke & Co Ltd",2,0,0,2013-07-11,2015-01-14,1000000
03912714,"WRBT90 LIMITED",2,0,0,2005-05-10,2023-12-29,735000
1136235,"Molyneux Management Services Ltd",2,0,0,2007-11-19,2008-05-15,2750000
03694213,"RAB Capital Plc",2,0,0,2001-03-07,2012-03-28,6000000
1782005,"City & Provincial Properties Limited",2,0,0,2021-11-05,2022-10-03,6375000
80612,"The Football League Limited",2,0,0,2023-05-31,2023-09-29,2500000
4795286,"Mint Partners Ltd",2,0,0,2007-11-02,2007-12-12,3050000
2575026,"MP Holdings Ltd",2,0,0,2007-12-04,2008-06-09,360000
09581395,"Acai Group Ltd",2,0,0,2023-02-16,2023-03-01,904000
08658132,"HCL TECHNOLOGIES UK LIMITED",2,0,0,2026-03-11,2026-05-15,1250000
05870526,"Cygnet Group Ltd",2,0,0,2009-11-20,2010-11-22,375000
01762000,"Gross Hill Properties",2,0,0,2022-07-25,2022-07-25,2975000
2589238,"Fitness Industry Association",2,0,0,2007-04-05,2007-06-06,538000
1800427,"Select Health Care Limited",2,0,0,2019-08-30,2020-03-06,2200000
10511843,"Speldhurst Services Limited",2,0,0,2020-02-03,2022-03-30,7500000
1323955,"Senator International Limited",2,0,0,2019-11-28,2022-04-11,5200000
09604183,"Maddox Gallery Limited",2,0,0,2020-03-06,2020-07-07,6000000
483844,"Broadland Properties Ltd",2,0,0,2009-06-15,2010-02-18,5500000
00934535,"Surbiton Property Company Ltd",2,0,0,2010-03-04,2010-04-09,2000000
3494284,"Unex Holdings Ltd",2,0,0,2019-06-07,2022-10-03,3375000
SC234280,"AG RENTALS (CADZOW) LIMITED",2,0,0,2009-04-20,2010-04-30,400000
1833364,"Kinvena Homes Ltd",2,0,0,2011-01-13,2018-09-25,562200
4858378,"Candela Capital Limited",2,0,0,2014-12-31,2015-06-30,1101138
8162579,"Floating Productions Ltd",2,0,0,2017-06-06,2017-06-06,2000000
8181601,"Hargenant Ltd",2,0,0,2018-11-23,2019-03-14,1500000
03912659,"OMNI FACILITIES MANAGEMENT LIMITED",2,0,0,2010-01-29,2024-05-29,5360000
4874840,"Mersey Film Ltd",2,0,0,2007-03-01,2007-03-20,585000
1840837,"Ivor Braka Ltd",2,0,0,2016-02-15,2017-04-19,1925095
01729478,"Huntsworth Plc",2,0,0,2009-08-03,2010-08-18,1800000
4883589,"Drax Power Limited",2,0,0,2018-04-16,2022-09-12,2160000
4886023,"Klassik Property Ltd",2,0,0,2018-02-08,2018-09-07,1100000
4886072,"Inmarsat PLC",2,0,0,2016-10-21,2017-08-09,4400000
02683801,"ResourceBank Recruitment Ltd",2,0,0,2005-04-29,2005-04-29,182800
8257284,"Acre Heathrow Limited",2,0,0,2021-11-02,2022-09-15,6000000
3508428,"Eco Skip Hire Ltd",2,0,0,2015-05-13,2017-06-15,1000000
05839104,"Store 4 U Limited",2,0,0,2024-03-14,2024-04-18,280000
3514329,"Oaklawn Ltd",2,0,0,2007-12-19,2008-06-02,3300000
3515315,"Collier & Madge PLC",2,0,0,2012-03-31,2012-06-30,440000
3522200,"Cameron Forecourt Ltd",2,0,0,2009-02-28,2009-08-17,41350
01713601,"Ilsley Holdings Limited",2,0,0,2007-02-02,2009-12-14,630000
3522614,"Orbian Management Ltd",2,0,0,2017-06-03,2019-11-21,1000000
3525459,"Inclusive Technology Ltd",2,0,0,2003-09-09,2005-07-22,1595000
03236337,"Hot Group Plc",2,0,0,2004-09-29,2005-04-04,2000000
07040124,"Dauson Environmental Group Ltd",2,0,0,2023-12-18,2024-01-11,20000000
02195897,"Mabey Development (South West)",2,0,0,2001-08-14,2002-12-19,999000
03234853,"Hastings Direct Ltd",2,0,0,2003-12-31,2004-12-31,333458
8338857,"ICB GENERAL BUILDING AND CIVIL ENGINEERING LTD",2,0,0,2023-12-07,2024-03-14,1200000
1333237,"Ruttle Plant Holdings Ltd",2,0,0,2025-01-13,2025-04-23,2000000
03675061,"Warrington Liberal Democrat Trust Company",2,0,0,2002-10-07,2005-04-14,423000
8364643,"Time Partners Limited",2,0,0,2014-07-10,2014-11-03,1150000
SC146494,"Robert Wiseman Dairies plc",2,0,0,2007-02-20,2009-01-05,500000
06764638,"Copeland Blue Limited",2,0,0,2020-07-07,2020-10-07,225000
07334504,"QUEENSWAY ADMIN LIMITED",2,0,0,2022-06-16,2022-09-02,820000
8388032,"Green Spinnaker Limited",2,0,0,2019-11-26,2021-03-02,900000
3559699,"Hanover Communications International Ltd",2,0,0,2011-09-09,2013-09-18,2025000
01682493,"Citylink Group Ltd",2,0,0,2010-02-23,2010-06-30,500000
3561597,"Reel Cinemas Ltd",2,0,0,2014-07-18,2019-03-13,684201
08189817,"Big Change Ltd",2,0,0,2019-05-24,2020-01-10,700000
8420924,"Nine hospitality Ltd",2,0,0,2015-07-27,2017-05-05,520051
08218934,"FPE Global (Holdings) Ltd",2,0,0,2013-11-01,2014-11-03,487500
8435185,"Lucky Generals Limited",2,0,0,2014-03-19,2014-06-11,6360983
13416482,"BPIC Network Limited",2,0,0,2024-03-18,2024-05-23,500000
08823586,"RMB Associates Limited",2,0,0,2024-11-04,2026-03-05,7500000
1344941,"Yelspa Ltd",2,0,0,2020-01-02,2020-08-11,250000
5033394,"BSN Capital Partners Limited",2,0,0,2008-05-01,2010-03-02,7000000
03415853,"Lola Cars International Ltd",2,0,0,2002-01-07,2010-03-10,450000
02668919,"Synseal Extrusions Ltd",2,0,0,2004-06-18,2007-06-28,5300000
02665634,"HBC Group",2,0,0,2004-04-02,2005-02-20,400000
5054046,"B&S Properties (London) Ltd",2,0,0,2011-09-23,2013-08-05,6200000
8524514,"Asha Group (UK)",2,0,0,2014-12-24,2015-04-01,795000
5057049,"Monte Properties Ltd",2,0,0,2015-03-31,2019-11-01,450000
5067848,"Hogarths Hotel Ltd",2,0,0,2017-05-08,2017-05-08,400000
01634730,"Braveshire Ltd",2,0,0,2001-05-14,2005-04-18,2000000
02661704,"Equity Partners Ltd",2,0,0,2002-02-22,2003-04-14,2000000
1163739,"Dhamecha Foods Ltd",2,0,0,2017-05-12,2021-10-29,5150000
2675276,"Middleton Enterprises Ltd",2,0,0,2019-01-14,2019-04-02,1300000
5095022,"Ixion Limited",2,0,0,2023-03-23,2023-06-23,502887
03892420,"Firoka (Heytrop Park)",2,0,0,2006-10-19,2015-03-13,1550000
04379769,"India First Limited",2,0,0,2013-06-30,2013-09-11,2290276
01618445,"Anthony Green and Spencer Ltd",2,0,0,2020-03-24,2020-03-24,2000000
11642197,"R&R (GREENFORD) LTD",2,0,0,2023-03-14,2023-03-31,2000000
3619340,"Opal Property Group",2,0,0,2008-04-25,2010-03-25,750612
06291448,"THE DERBYSHIRE HOTEL DERBY LIMITED",2,0,0,2024-05-17,2024-05-31,1000000
SC489009,"Rubric Limited",2,0,0,2019-11-13,2019-11-13,2000000
8677619,"DWP & Sons LTD",2,0,0,2020-11-12,2022-05-25,3350000
8704593,"Gompels HC Ltd",2,0,0,2020-02-11,2021-02-16,1700000
06781096,"KRNS Properties Limited",2,0,0,2015-01-24,2015-01-30,939288
09801842,"BAKER ESTATES LIMITED",2,0,0,2023-02-01,2025-11-19,700000
8734148,"MAVE (UK) Ltd",2,0,0,2016-11-04,2018-01-10,4000000
SC201964,"Forth Holdings Ltd",2,0,0,2007-04-19,2009-01-05,4500000
00824300,"Katsouris Brothers Ltd",2,0,0,2002-11-22,2006-01-17,2039172
00823907,"Asda Property Holdings Ltd",2,0,0,2004-07-22,2005-02-25,400000
13643603,"Valary Management Limited",2,0,0,2024-05-31,2024-06-26,750000
02154829,"Skipton Properties Ltd",2,0,0,2003-05-12,2004-07-01,2500000
02940032,"Lush",2,0,0,2010-04-24,2010-04-28,1000000
2714185,"Venson Automotive Solutions Ltd - Sponsorship",2,0,0,2007-06-20,2007-06-25,3437500
03749068,"Barnford Industries Limited",2,0,0,2009-02-17,2011-01-19,5000000
8809728,"Lost Images Limited",2,0,0,2022-08-14,2023-09-25,2000000
01606091,"Stockford Ltd",2,0,0,2010-05-13,2024-01-29,2000000
5180507,"Ibco Limited",2,0,0,2014-03-01,2019-11-14,500000
3660515,"Cubitt Consulting Ltd",2,0,0,2005-10-11,2007-12-12,375100
00812505,"The London Magazine And Associated Publication",2,0,0,2017-06-13,2018-03-26,1800000
00806646,"Love Lane Investments Ltd",2,0,0,2001-06-13,2001-07-31,752226
5187484,"Crombie Concessions Ltd",2,0,0,2009-12-31,2009-12-31,2296381
00151289,"Western United Investments Co Ltd",2,0,0,2006-03-31,2006-04-11,10471710
02153228,"Prowting Investments Plc",2,0,0,2003-09-01,2004-09-24,2000000
02938988,"English Welsh & Scottish Railways Ltd",2,0,0,2005-01-31,2007-04-16,1370000
03945695,"DLA Corporate Advisory Ltd",2,0,0,2001-11-21,2001-11-21,555400
2715840,"DM Electronics Ltd",2,0,0,2009-02-28,2009-03-30,115405
8915336,"Doctor Care Anywhere Group PLC",2,0,0,2021-07-01,2022-02-22,2498333
8918439,"Union Property Services",2,0,0,2019-03-14,2026-03-19,1500000
02631144,"Bell Pottinger Communications Ltd",2,0,0,2009-06-29,2010-08-18,2980000
8954387,"Go in Four Ltd",2,0,0,2017-02-23,2017-06-21,700000
02143976,"Corporate Associates Ltd",2,0,0,2001-06-08,2005-05-18,999500
8991422,"PEW Consultancy Ltd",2,0,0,2016-04-15,2016-12-04,489025
00791113 ?,"TATTERSALLS LIMITED",2,0,0,2023-02-28,2025-07-18,2000000
11712253,"St Cross Homes (Winchester) Ltd",2,0,0,2019-06-11,2019-08-01,1000000
02619861,"Ecofin Ltd",2,0,0,2009-10-13,2010-04-14,3600000
13665201,"Elements Green Limited",2,0,0,2024-06-13,2024-06-17,1000000
3687989,"William George Group Ltd",2,0,0,2019-11-18,2019-11-18,2000000
3691917,"CQS Management Ltd",2,0,0,2011-03-21,2011-05-25,1293900
03405222,"GFI Holdings Ltd",2,0,0,2009-11-04,2010-09-30,10800000
9023140,"Fly (Fu Lai) Aviation Ltd",2,0,0,2018-02-28,2018-06-26,1340000
05846438,"PAUL LUCRAFT ASSOCIATES LIMITED",2,0,0,2024-04-09,2024-06-07,300000
3696621,"Securicare International Ltd",2,0,0,2009-03-12,2009-04-20,150000
00769274,"P Trant Ltd",2,0,0,2001-07-31,2005-04-04,1533600
11734714,"SC8 LIMITED",2,0,0,2023-05-24,2024-05-30,45000000
5306118,"Jat Estates Limited",2,0,0,2019-08-13,2019-12-07,1000000
1991786,"Flexible Securities Ltd",2,0,0,2007-10-24,2010-02-08,7500000
00754042,"Ruobal Properties Ltd",2,0,0,2001-03-07,2001-03-08,400000
3703564,"Philip Gould Associates Limited",2,0,0,2005-07-04,2005-07-06,300000
01568433,"Roper Rhodes Ltd",2,0,0,2002-11-08,2003-10-10,1200000
3704346,"The Chadlington Consultancy Limited",2,0,0,2015-12-16,2016-05-30,1209095
370564,"Philip Gould Associates Limited",2,0,0,2005-07-08,2005-07-12,300000
2744044,"Sofra International Limited",2,0,0,2011-05-27,2014-12-15,451800
9162647,"GS Medical Practice Ltd",2,0,0,2017-09-27,2017-11-27,1164000
9185982,"Prism Finance",2,0,0,2019-12-05,2019-12-09,7500000
9192946,"Invenens Limited",2,0,0,2017-06-19,2018-09-11,10000000
01564907,"Design & Construct (London) Ltd",2,0,0,2005-01-06,2005-05-10,150200
13736996,"Redline Regeneration Limited",2,0,0,2024-03-18,2024-04-17,1300000
9232036,"Digbeth & Jewellery Quarter Regeneration Company Ltd",2,0,0,2020-04-28,2020-09-28,1874563
07364156,"Hydro Industries Ltd",2,0,0,2021-07-12,2021-09-27,2800000
06293017,"Barnes and Richmond Labour Club",2,0,0,2007-09-30,2010-04-01,1030400
00710074,"The Cayzer Trust Co",2,0,0,2005-04-15,2007-03-20,2000000
04294997,"E W Pinchbeck & Sons Ltd",2,0,0,2014-11-10,2015-01-19,400000
09893197,"MELROSE HUMAN RESOURCES LTD",2,0,0,2018-06-14,2020-01-29,825000
3737151,"Beams Internaional Limited",2,0,0,2015-03-13,2019-11-15,400000
5385640,"JEEG Global Ltd",2,0,0,2012-09-07,2012-11-17,700000
04221631,"GV Group (Gate Ventures) Limited",2,0,0,2020-08-27,2020-10-15,1000000
539039,"The Perrots Group Plc",2,0,0,2002-05-25,2002-05-25,990000
03533425,"Dudrich (Holdings) Ltd",2,0,0,2017-09-28,2017-09-29,2003000
02924472,"La Senza Ltd",2,0,0,2004-07-02,2004-07-22,758500
1387694,"Caparo Group Ltd",2,0,0,2002-08-27,2008-04-23,1200000
5422389,"Fasset Ltd",2,0,0,2016-03-24,2017-04-24,450000
5451348,"Beattie McGuinness Bungay Ltd",2,0,0,2007-05-14,2007-05-31,650000
SC179860,"North Banchory Company Limited",2,0,0,2015-08-31,2016-05-10,1262606
3749068,"Bamford Industries Limited",2,0,0,2010-03-01,2012-01-06,3500000
10723430 ?,"Global Education Holdings Ltd",2,0,0,2023-08-04,2024-01-08,20000000
2782532,"Value Retail PLC",2,0,0,2016-03-15,2017-03-15,350000
2011010,"IPGL Ltd",2,0,0,2009-01-31,2009-03-31,3689458
03660515,"Cubitt Consulting Ltd",2,0,0,2006-06-05,2007-07-27,2686700
938806,"CLARENDON CORPORATION LIMITED",2,0,0,2016-05-19,2025-05-23,1200000
5503570,"Wrights of Crockey Hill Ltd",2,0,0,2008-06-09,2009-06-20,255000
2789875,"Aldergate Realties",2,0,0,2011-02-21,2011-04-01,451500
SC252388,"GOLDEN ACRE FOODS LIMITED",2,0,0,2023-10-03,2025-12-17,15000000
551817,"European Movement",2,0,0,2019-12-06,2019-12-06,2000000
01534942,"The Leisure Databse Company Limited",2,0,0,2006-10-01,2014-10-06,550000
5525758,"Campbell Rigg International Ltd",2,0,0,2011-08-16,2011-12-14,762500
2027837,"Focus Consultancy Ltd",2,0,0,2005-02-14,2005-05-18,727500
02590560,"National Express Group PLC (Sponsorship)",2,0,0,2006-07-17,2007-07-26,1087500
00066516,"West Ham United Football Club Limited",2,0,0,2016-01-14,2022-10-03,2150000
5546323,"BBM Campaigns Limited",2,0,0,2017-05-22,2017-05-22,5600000
02108152,"Dolphin Head Group Holdings Plc",2,0,0,2006-01-05,2006-11-27,712200
02589414,"MEANTIME INFORMATION TECHNOLOGIES LTD",2,0,0,2024-06-05,2024-06-19,1000000
SC51530,"CR Smith Glaziers (Dunfermline) Limited",2,0,0,2008-03-31,2008-06-30,349090
1074356,"Smith and Byford Limited",2,0,0,2014-11-30,2015-05-27,750000
5570185,"London Secure Services Ltd",2,0,0,2007-12-12,2008-06-12,1458100
02104362,"LTC Investment Ltd",2,0,0,2004-11-30,2004-11-30,150000
00041194,"Kingston Liberal Club Co Ltd",2,0,0,2001-06-03,2010-06-19,700000
SC527065,"United Brands Limited",2,0,0,2017-11-28,2017-11-28,4100000
5573176,"Hayre Investment Ltd",2,0,0,2013-12-12,2014-12-16,930000
3828594,"Bar and Kitchen Ltd",2,0,0,2019-03-15,2019-04-26,3500000
9603695,"Court Collaboration",2,0,0,2016-12-20,2019-06-05,425000
2028435,"Mems Power Generation Limited",2,0,0,2015-03-24,2019-11-16,400000
00650979,"North Norfolk Conservative Holdings Ltd",2,0,0,2005-12-20,2006-12-20,1000000
02585598,"DC Leisure Management Ltd",2,0,0,2003-11-07,2004-06-19,280000
08950862 ?,"SAV DEVELOPMENT LTD",2,0,0,2024-01-08,2024-05-01,7000000
02575875,"Seamark PLC",2,0,0,2006-06-28,2010-06-18,425000
13982078,"Fullbrook Strategies Ltd",2,0,0,2024-06-10,2024-07-30,1150000
00617773,"John Reid & Sons (Strucsteel) Limited",2,0,0,2009-05-11,2014-09-30,800000
01516209,"Bamfords Trust Plc",2,0,0,2016-04-01,2017-07-07,1500000
5610658,"Karian and Box Ltd",2,0,0,2015-03-31,2017-05-30,940300
3845616,"UKFAST.NET LIMITED",2,0,0,2017-02-08,2018-05-18,10000000
10763321,"Serani Hotels Ltd",2,0,0,2021-10-22,2022-05-25,900000
9732369,"AC Goatham & Son",2,0,0,2017-05-10,2019-11-28,1250000
SC216418,"TRAINING INITIATIVES LIMITED",2,0,0,2009-02-17,2011-03-17,475000
203500,"Howden Insurance Brokers Limited",2,0,0,2014-02-04,2018-10-04,2000000
977250,"Marchington Stone Ltd",2,0,0,2014-08-08,2017-04-24,1000000
01513175,"Fibrelite Composites Limited",2,0,0,2009-07-29,2010-03-23,487500
2044079,"Burtons Medical Equipment Limited",2,0,0,2021-04-06,2023-11-10,1467565
9801842,"BAKER ESTATES LIMITED",2,0,0,2023-12-20,2024-12-11,1000000
5636920,"Arora Management Services Ltd",2,0,0,2017-05-04,2017-07-25,645000
2834347,"Anglesource Limited",2,0,0,2017-02-28,2019-02-18,10000000
5646583,"White Dark",2,0,0,2013-03-21,2013-04-05,3300000
9836562,"Capital Media and Consultancy Ltd",2,0,0,2021-02-25,2021-03-16,1250000
07105886 ?,"Swansway Group Limited",2,0,0,2022-04-20,2023-05-24,5000000
3886037,"Industrial Chemicals Limited",2,0,0,2010-12-31,2011-10-31,495000
2840389,"Tamasha Ltd",2,0,0,2015-04-14,2017-05-22,500000
05639696,"Radnor Range Ltd",2,0,0,2025-10-22,2025-10-22,1500000
5661097,"BHE Limited",2,0,0,2015-06-18,2016-03-21,960000
00577587,"J R Rix and Sons Ltd",2,0,0,2005-05-20,2010-05-05,966660
020822203,"Camelot UK Lotteries Ltd",2,0,0,2018-08-01,2019-07-01,2000000
9962436,"Fat Badger Harrogate (UK) Ltd",2,0,0,2020-09-17,2020-09-17,1800000
02078271,"East Midlands International Airport Ltd",2,0,0,2002-05-15,2003-01-16,1800000
09964449,"104 LIMITED",2,0,0,2019-10-31,2023-03-03,450000
00566823,"Sir Robert McAlpine Ltd",2,0,0,2009-11-17,2015-03-05,12750000
05977254,"Ozwald Boateng Ltd",2,0,0,2009-09-14,2010-09-24,334500
5671510,"The Public Service Consultants Limited",2,0,0,2024-05-31,2024-06-30,385400
03160388,"Frontiers Estates Ltd",2,0,0,2023-02-09,2024-02-28,1250000
00533765,"Advance Property Investments Ltd",2,0,0,2024-06-25,2024-12-04,750000
2065923,"The Englefield Estate Trust Corporation Ltd",2,0,0,2015-03-16,2019-11-26,880000
FC036311,"Greens Limited",2,0,0,2019-10-24,2024-06-25,509220
IP00141R,"Lincoln Co-operative Society Ltd",2,0,0,2003-01-17,2003-01-17,180000
00523416,"Frys Properties Ltd",2,0,0,2003-12-31,2005-04-04,1400000
5683279,"GOODCARE LTD",2,0,0,2025-09-01,2026-01-02,3500000
01446754,"JCB Ltd",2,0,0,2001-06-07,2001-06-25,1753957
1403332,"Waxman International Ltd",2,0,0,2014-11-26,2019-11-14,1300000
02067326,"KCS PRINT HOLDINGS LIMITED",2,0,0,2010-06-30,2017-06-02,368346
04294824,"Hall Hunter Partnership (FARMING) LTD",2,0,0,2009-06-22,2010-07-02,600000
2874868,"Honorbond Limited",2,0,0,2019-11-12,2019-11-12,2000000
2874877,"FK Facades Limited",2,0,0,2017-02-17,2017-04-10,5850000
3918992,"Policy Network",2,0,0,2021-06-08,2021-08-23,9272902
01427804,"Prema Properties Limited",2,0,0,2024-09-23,2025-04-03,5000000
5733841,"MCR Property Group Ltd",2,0,0,2009-05-07,2009-06-02,240000
03368446,"De Putron Fund Management Ltd",2,0,0,2007-01-17,2010-01-13,999800
12011,"Romiley Liberal Club & Hall Co Ltd",2,0,0,2012-02-23,2012-12-05,2200000
0C324045,"KPMG LLP",2,0,0,2010-09-30,2010-12-31,2350000
00510565,"Beaver Metals & Metallic Extractors",2,0,0,2025-03-26,2025-07-24,2000000
00508859,"Maher Ltd",2,0,0,2009-03-05,2009-08-10,2000000
00506792,"Pharmacia Ltd",2,0,0,2002-02-25,2003-02-14,1175000
SC604587,"Inshmore Properties Ltd",2,0,0,2020-01-10,2020-01-10,3200000
2081837,"Griffin Enamellers Ltd",2,0,0,2012-02-01,2012-05-18,499800
02051567,"Consensus Property Limited",2,0,0,2004-12-22,2017-04-07,1500000
03657959,"New Century Media Ltd",2,0,0,2009-08-01,2010-06-17,1950000
02040690,"Bromcom Computers Plc",2,0,0,2002-01-30,2002-03-03,500000
06067833,"Evan Management Limited",2,0,0,2024-06-20,2024-06-20,20000000
577587,"J R Rix and Sons Ltd",2,0,0,2015-05-11,2019-11-28,1750000
00488961,"Vaculug Limited",2,0,0,2021-12-20,2022-12-19,5487842
2885027,"Kingston Estates Ltd",2,0,0,2019-10-07,2019-11-11,1500000
05988409,"Windsor Partners Ltd",2,0,0,2009-07-10,2010-05-11,3500000
IP13742R,"Mitcham and Morden Labour Halls Limited",2,0,0,2014-12-31,2025-11-11,1600000
5808398,"Aspers Management Services Limited",2,0,0,2016-02-11,2019-11-01,14000000
581091,"Massey Bros (Feeds) Ltd",2,0,0,2023-08-22,2024-11-01,800000
01397422,"Clarksteel Ltd",2,0,0,2001-11-22,2003-11-27,280000
IP15261R,"Carpenters Park & South Oxhey Labour Hall Limited",2,0,0,2008-04-26,2011-04-14,285384
3960128,"IGTL Solutions (UK) Ltd",2,0,0,2005-03-24,2005-03-29,2000000
03744754,"Amey Group Services Ltd",2,0,0,2009-10-09,2010-09-02,800000
02032797,"Worcester Tubes Limited",2,0,0,2010-04-13,2010-11-08,499800
03157877,"The Meade Corporation",2,0,0,2005-04-17,2005-04-19,705066
1421817,"Oliver Valves Ltd",2,0,0,2014-06-16,2017-03-15,5850000
5866168,"GML Consulting Ltd",2,0,0,2014-11-25,2015-02-04,443956
SC176576,"Peoples Ecosse Limited",2,0,0,2008-07-07,2014-08-01,1006192
2098720,"Dodson & Horrell Limited",2,0,0,2015-06-11,2017-05-12,1500000
03148190,"Hornbeam Park Developments Limited",2,0,0,2019-11-30,2019-12-30,298000
IP22044R,"Broughton Astley Conservative Club",2,0,0,2007-04-02,2009-02-24,350000
00462299,"Area Properties Limited",2,0,0,2005-04-22,2024-07-24,595998
5889181,"Bronzewood Construction Ltd",2,0,0,2013-03-27,2014-06-14,360000
5889670,"Pathak Properties",2,0,0,2017-07-10,2017-07-10,500000
1004502,"Trailfinders Limited",2,0,0,2019-11-11,2019-11-27,51500000
00446417,"Knowles (Transport) Limited",2,0,0,2010-04-28,2015-03-20,1000000
2108152,"Dolphin Head Group Holdings Plc",2,0,0,2007-11-18,2008-06-14,576425
2115832,"Kirkvale Ltd",2,0,0,2015-05-13,2017-06-15,1000000
00443554,"Hartley Propoerty Trust Ltd",2,0,0,2010-06-30,2010-12-31,1950000
07830463 ?,"Banctrust Investment Bank Limited",2,0,0,2022-05-25,2023-09-06,10000000
2134315,"Richalis Ltd",2,0,0,2001-03-18,2001-05-01,800000
06576055,"Flairford Securities Ltd",2,0,0,2011-12-14,2012-02-06,667000
02513251,"William Lamb Footwear Ltd",2,0,0,2009-04-24,2010-04-09,3000000
06578134,"FLAGSHIP (DORSET) LTD",2,0,0,2022-01-19,2022-04-06,550000
12118555,"Picton Asset Mangement Limited",2,0,0,2022-04-27,2023-05-26,5000000
2925455,"Harilela Hotels (UK) Ltd",2,0,0,2010-02-10,2011-07-15,15000000
2154099,"Weightron Bilanciai Limited",2,0,0,2015-06-20,2024-06-04,1600000
5955836,"Rational Group Ltd",2,0,0,2012-05-10,2015-05-13,650000
02495259,"Aspinalls Club Ltd",2,0,0,2007-02-21,2009-07-01,3500000
00409815,"Butterfield Signs Ltd",2,0,0,2004-09-22,2005-11-10,1040000
4042523,"Sevacare (UK) Ltd",2,0,0,2019-07-17,2019-07-17,1000000
2935370,"Gain Ford Care Homes Limited",2,0,0,2015-04-24,2019-11-18,500000
02494889,"Ramscove Ltd",2,0,0,2019-12-09,2020-03-20,1500000
14304133,"Atmospheric Studios Limited",2,0,0,2025-01-20,2025-01-20,2000000
OC300238,"AHV Associates LLP",2,0,0,2013-12-09,2014-01-17,1000000
01362094,"HMCA/S PLC",2,0,0,2015-01-08,2017-04-27,550000
14306783,"UARC LTD",2,0,0,2025-02-17,2025-11-18,300000
OC301713,"Back Bedroom Operations No 2",2,0,0,2004-06-18,2004-07-30,5000000
03144922,"MECM Ltd",2,0,0,2005-03-09,2010-06-23,25000000
14308,"Stalbury Trustees",2,0,0,2008-12-31,2008-12-31,552976
10873568,"INGENIOUS CONTACT LTD",2,0,0,2019-08-09,2026-02-23,750000
04268340,"Ayr Group Ltd",2,0,0,2009-10-12,2010-07-08,5500000
SC169608,"A S Scaffolding Limited",2,0,0,2008-08-26,2012-11-02,500000
OC304213,"Harwood Capital LLP",2,0,0,2013-05-22,2019-11-09,1000000
03142560,"Caledonia Group Services Ltd",2,0,0,2008-02-29,2010-03-22,1000000
SC352745,"Springfield Real Estate Management Limited",2,0,0,2015-03-29,2026-01-24,5250000
2995605,"OliverWyman Limited",2,0,0,2023-09-10,2023-12-10,5873250
OC310609,"EFP Capital LLP",2,0,0,2007-03-22,2008-06-13,10000000
06589966,"The Norwich Property Company Ltd",2,0,0,2014-09-21,2014-09-21,990000
SC647579,"MFGC Holdings Limited",2,0,0,2024-06-05,2026-01-17,1100000
OC311699,"Merebis Capital Management LLP",2,0,0,2008-02-04,2009-07-08,650000
12205551,"Sweetspot Strategic Communications",2,0,0,2019-12-12,2019-12-12,1641598
OC315929,"John Gosden Racing LLP",2,0,0,2015-02-19,2017-06-05,1500000
07861787,"Fith Capital",2,0,0,2018-10-16,2019-11-28,1020000
4086466,"Northern & Shell Media Group Ltd",2,0,0,2014-12-11,2015-04-17,130000000
07888765,"PJ Hunt Finance Ltd",2,0,0,2015-02-04,2024-05-31,1500000
300719,"Whitworths Holdings Limited",2,0,0,2008-05-16,2008-12-17,300000
3007927,"Cardiff Railway Company",2,0,0,2002-03-07,2002-06-06,1400000
OC322013,"IPGL Ltd",2,0,0,2013-02-12,2022-06-17,3500000
OC322533,"Moore Europe Capital Management LLP",2,0,0,2013-07-29,2019-10-07,1880000
02442501,"CMGRP UK Ltd",2,0,0,2006-08-22,2009-06-17,3540000
00362871,"Blankney Estates Limited",2,0,0,2005-04-14,2015-04-10,550000
10143976,"Ewings & Ayres Ltd",2,0,0,2020-04-01,2020-07-01,725000
10148027 ?,"CODE STUDENTS LIMITED",2,0,0,2022-05-03,2022-06-13,5300000
607083,"C L Eaglen and Company Limited",2,0,0,2017-03-21,2017-04-06,500000
OC331213,"Ebullio Capital Management LLP",2,0,0,2013-09-25,2014-11-24,4020000
6072923,"UPM Limited",2,0,0,2017-05-31,2019-03-14,1500000
01344941?,"Yelspa Ltd",2,0,0,2024-06-10,2024-06-10,1000000
OC333739,"Clerville Investment Management LLP",2,0,0,2009-02-17,2010-02-05,10000000
00345885,"J Wharton Shipping Ltd",2,0,0,2001-06-25,2005-04-29,950000
SC293588,"McGarvie Morrison Media Limited",2,0,0,2007-05-03,2010-08-03,400000
OC341120,"Mishcon de Reya Solicitors",2,0,0,2010-05-17,2010-09-01,1485390
613530,"Ventress Property Development",2,0,0,2017-05-25,2019-05-08,400000
3016148,"Stamford Property Company Ltd",2,0,0,2015-04-04,2019-11-27,500000
1096078,"The Eveline Day Nursery Schools Ltd",2,0,0,2011-04-12,2014-01-13,800000
OC353058,"Doxford Hall LLP",2,0,0,2012-06-30,2012-06-30,293000
412018,"Ebbsfleet United Football Club Limited",2,0,0,2024-06-05,2024-06-05,600000
03135655,"Olympic (South) Ltd",2,0,0,2009-05-12,2009-09-22,3300000
620277,"Lewmar Ltd",2,0,0,2017-05-23,2019-11-18,500000
4121076,"FPE Global Ltd",2,0,0,2015-03-31,2015-09-01,375000
412768,"Sherry Funerals",2,0,0,2018-10-09,2019-12-05,700000
6251143,"Concept Business Group Ltd",2,0,0,2011-12-19,2014-11-27,2616200
01330368,"International Group Ltd",2,0,0,2007-06-28,2009-11-27,825000
SC366323,"Loricatus Limited",2,0,0,2013-05-25,2013-06-12,500000
4128194,"Shelfside (Holdings) Ltd",2,0,0,2016-05-19,2018-07-17,1000000
2234889,"Cavendish Corporate Finance Ltd",2,0,0,2006-11-23,2007-11-22,1050000
00029356,"Southend Liberal Club Co Ltd",2,0,0,2001-05-25,2002-11-30,1324450
OC382235,"ARC-ML LLP",2,0,0,2017-06-30,2017-09-30,400000
6277177,"E Feedback Research Limited T/a Cognisant Research",2,0,0,2011-05-04,2011-05-12,500000
6278422,"Strandbrook Limited",2,0,0,2020-01-22,2022-01-24,10000000
628328,"Revol Limited",2,0,0,2014-02-03,2014-10-20,237000
06833809,"Speedwell Promotions Limited",2,0,0,2010-04-07,2010-05-13,600000
3028250,"Euro Foods Group Limited",2,0,0,2011-08-31,2015-08-10,1300000
3032312,"Keyway Limited",2,0,0,2017-05-30,2019-11-29,800000
3034142,"The Hearsum Family Ltd",2,0,0,2015-12-14,2016-05-19,1381300
224023,"A.B. Produce Plc",2,0,0,2008-11-19,2008-11-19,275000
OC418074,"Red Kite Capital Management LLP",2,0,0,2019-07-09,2019-07-09,1000000
01990132,"Coteval Ltd",2,0,0,2001-03-20,2001-06-30,2746235
OC443812,"GELLER CAPITAL PARTNERS LLP",2,0,0,2023-03-17,2023-10-19,5154000
6318124,"PQW Foundry Limited",2,0,0,2014-11-13,2015-03-09,600000
4144158,"Integrated ECO Technologies Limited",2,0,0,2024-03-20,2024-03-20,5500000
00300719,"Whitworths Holdings Limited",2,0,0,2007-09-19,2009-09-24,325000
01985596,"Travelex UK Ltd",2,0,0,2002-04-09,2003-06-11,2000000
SC003270,"Galashiels Union Club Company Ltd",2,0,0,2004-09-01,2004-11-02,1736000
14620918,"Ryle Cox Media Limited",2,0,0,2024-06-20,2024-07-01,240000
4154890,"Decorative Panels Components Limited",2,0,0,2015-04-15,2019-12-19,500000
SC012921,"Daily Record MGM Limited",2,0,0,2007-04-04,2009-01-22,1200000
SC015891,"Ladykirk Estates Limited",2,0,0,2015-02-07,2017-05-25,425000
SC027806,"Alexander Inglis and Son Ltd",2,0,0,2009-06-25,2010-09-24,1700000
02866474,"Jacksons Bournemouth Ltd",2,0,0,2006-03-07,2006-10-19,10200000
03309834,"D J P International Limited",2,0,0,2021-12-20,2021-12-20,3000000
10153269,"London AC Ltd",2,0,0,2025-10-08,2025-10-09,20000000
SC031286,"Springfield Properties Limited",2,0,0,2016-02-18,2016-03-08,5250000
6407965,"Enable Trading Ltd",2,0,0,2019-12-03,2019-12-12,400000
SC371367,"Rockdale Consultancy Ltd",2,0,0,2011-04-20,2015-04-07,6000000
2249788,"Busyglen Limited",2,0,0,2007-11-30,2010-03-01,5000000
01976991,"Philp Mould Ltd",2,0,0,2015-02-09,2015-02-09,2250000
4183431,"Black Country Chamber of Commerce - Sponsorship",2,0,0,2006-11-01,2007-01-02,1700000
3057810,"Craghoppers Limited",2,0,0,2019-11-01,2019-11-01,5000000
09109087,"Moda Living Ltd",2,0,0,2022-07-25,2022-07-28,900000
4193786,"Choice Communications Ltd",2,0,0,2009-12-31,2014-07-01,350000
SC048885,"Central Building Contractors (Glasgow) Ltd",2,0,0,2011-04-20,2017-03-16,4000000
00273400,"Longcliffe Quarries Ltd",2,0,0,2005-05-09,2014-11-07,650000
SC051148,"International Caledonian Assets",2,0,0,2015-01-27,2015-03-13,500000
2255270,"Nexus Industries Ltd",2,0,0,2014-08-14,2014-12-22,2000000
03497029,"Park Garage Group PLC",2,0,0,2024-03-14,2025-12-10,2000100
01300473,"Tigerford Ltd",2,0,0,2002-04-25,2003-06-19,328200
10162395,"Pendarves Equestrian Centre",2,0,0,2024-05-23,2024-05-30,300000
00268106,"Beech Hill Conservative Club Building Company Ltd",2,0,0,2002-09-16,2002-09-23,300000
00267975,"Hadleigh Industrial Estates Ltd",2,0,0,2013-11-25,2015-02-27,2000000
SC167896,"Deveron Homes Ltd",2,0,0,2007-03-29,2010-03-31,700000
6457858,"Appt Management Services Limited",2,0,0,2018-03-21,2018-07-03,1240625
10165711,"TIKTOK INFORMATION TECHNOLOGIES UK LIMITED",2,0,0,2024-10-07,2025-10-03,2040000
SC060810,"MCINTOSH PLANT HIRE ABERDEEN LIMITED",2,0,0,2016-06-19,2019-05-30,700000
SC065071,"Skene Group Limited",2,0,0,2015-03-30,2015-05-16,400000
4228373,"Phillips, de Pury and Company Ltd",2,0,0,2012-01-03,2012-07-02,2400000
12333368 ?,"WOODBOURNE GROUP PLC",2,0,0,2023-07-20,2023-08-11,750000
03125671,"London & Bath Estates Group Ltd",2,0,0,2007-04-12,2010-04-16,600000
3083461,"Swan Hunter (Tyneside) Ltd",2,0,0,2003-09-04,2003-10-14,580000
03117391,"Platon Medical Ltd",2,0,0,2010-03-30,2010-05-03,400000
01963361,"London City Airport LTD",2,0,0,2017-06-07,2019-12-16,2150000
650979,"North Norfolk Conservative Holdings Ltd",2,0,0,2007-12-11,2008-12-30,900000
01293674,"Vascroft Contractors Limited",2,0,0,2010-02-18,2013-01-29,2100000
6540656,"Exton Park Limited",2,0,0,2015-03-30,2015-04-20,2000000
6546190,"Hub Mate Limited",2,0,0,2019-11-11,2023-03-16,600000
4241161,"Bet365 Ltd",2,0,0,2007-04-05,2007-06-28,15000000
04308189,"Teltscher Enterprises Ltd",2,0,0,2005-04-29,2005-12-21,1500000
1483933,"Forbes Campbell (International) Ltd",2,0,0,2004-12-01,2005-01-01,240000
03476281,"Make Votes Count",2,0,0,2022-05-16,2022-05-17,3000000
SC097813,"PB Development Company Ltd",2,0,0,2017-05-22,2017-05-22,4000000
SC098014,"Orion Engineering Services",2,0,0,2014-08-28,2014-11-23,5000000
SO300530,"A & G Investments LLP",2,0,0,2010-02-18,2010-02-23,400000
SC098435,"Ronatree Ltd",2,0,0,2015-02-21,2016-03-07,2500000
03107217,"Parklane Properties (Leeds) Limited",2,0,0,2007-07-11,2010-06-30,833000
3100777,"Waterford Finance & Investment (UK) Ltd",2,0,0,2010-03-08,2013-06-27,6000000
6679992,"Spicerhaart Group Services Ltd",2,0,0,2012-04-10,2019-12-02,469000
SC103861,"S.E. Land and Estates Limited",2,0,0,2016-02-16,2017-03-28,10000000
01275753,"AGD Equipment Ltd",2,0,0,2015-05-01,2015-05-01,1000000
00029022,"Claridge's Hotel Ltd",2,0,0,2003-11-08,2004-06-19,566000
03475737,"Sita Holdings UK Ltd",2,0,0,2010-03-12,2010-12-13,985000
4268671,"Total Plant Limited",2,0,0,2019-11-28,2021-05-11,1600000
1486774,"Headstock Distribution",2,0,0,2012-01-06,2013-07-23,10000000
6727336,"Bown Bags & Luggage Ltd",2,0,0,2009-03-17,2009-11-08,1549600
6727338,"Bown Bags & Luggage Ltd",2,0,0,2011-01-24,2011-12-14,3025000
SC117448,"Patersons Quarries Ltd",2,0,0,2009-11-12,2017-03-16,3000000
05681052,"Land Sheriffs Limited",2,0,0,2017-05-15,2019-11-20,1500000
01274344,"Keltbray Ltd",2,0,0,2009-06-16,2010-07-08,2450000
00245717,"Aggregate Industries UK Ltd",2,0,0,2009-12-08,2011-02-15,10000000
4290155,"Cardiff 2008",2,0,0,2002-10-16,2002-11-28,714900
4294824,"Hall Hunter Partnership Ltd",2,0,0,2007-12-03,2008-06-24,600000
6755844,"In2matrix UK Ltd",2,0,0,2012-08-13,2013-08-29,1700000
SC130407,"Ailsa Building Contractors Ltd",2,0,0,2002-03-01,2002-03-01,154000
SC131856,"Eala Bhan Ltd.",2,0,0,2004-08-14,2004-09-07,825000
4295612,"Stercap Limited",2,0,0,2014-10-01,2017-05-03,400000
1491878,"Langham Industries Ltd",2,0,0,2003-03-20,2004-04-20,1000000
2289379,"Mycoplasma Experience Ltd",2,0,0,2004-07-01,2005-04-28,625000
149188,"Langham Industries Ltd",2,0,0,2008-02-01,2008-11-14,525000
03101607,"Avanti Communications Ltd",2,0,0,2012-08-03,2013-11-29,3250000
SC138278,"Eric N Smith Ltd",2,0,0,2009-05-26,2015-04-07,1750000
SC402586,"EH1 LIMITED",2,0,0,2025-01-17,2025-06-26,2000000
04626841,"Thomas Sanderson Limited",2,0,0,2015-09-03,2015-09-03,213200
04635673,"Signia Corporate Finance Ltd",2,0,0,2016-06-02,2016-08-02,375000
312286,"City Cruises plc",2,0,0,2009-12-31,2014-03-28,780000
04643533,"Noble House Services Ltd",2,0,0,2006-07-05,2006-12-19,290000
01272449,"Flambards Ltd",2,0,0,2006-01-17,2006-04-05,1282500
04656315,"Just Eat.co.uk Limited",2,0,0,2012-11-12,2012-11-12,7500000
10185772 ?,"XPERTNEST LTD",2,0,0,2023-09-27,2023-11-16,2818600
06880902,"THE FUEL TRADING COMPANY LTD",2,0,0,2018-12-31,2021-01-05,446580
2309367,"Anglia Countrywide Management Ltd",2,0,0,2013-07-07,2014-07-03,1000000
09208997,"LASSIC LIMITED",2,0,0,2022-01-12,2022-04-26,200000
02829272,"MSG Commercial Ltd",2,0,0,2010-04-08,2010-11-17,1767500
14982342,"Hermes Digital Limited",2,0,0,2024-04-18,2024-05-02,600000
4330721,"Manchester Airport Group",2,0,0,2002-08-30,2002-10-08,6000000
01263540,"National Federation of Self-employed and Small Businesses Ltd",2,0,0,2001-03-01,2001-03-01,140000
232767,"National Express Limited",2,0,0,2012-10-05,2013-08-15,1980000
4338968,"Hotham Services Ltd",2,0,0,2017-09-13,2024-05-17,2850000
1503192,"Globalgrange Limited",2,0,0,2017-06-24,2017-06-24,1517880
6876210,"Hill Group Services Limited",2,0,0,2017-04-26,2021-06-01,2750000
1505036,"T J Morris Ltd",2,0,0,2017-02-07,2017-05-23,1500000
04216699,"Swanston Holdings Plc",2,0,0,2005-01-21,2005-05-12,9000000
6898179,"Precision Print Management Services Limited",2,0,0,2015-02-12,2024-05-22,1000000
03084750,"Lush Retail Ltd",2,0,0,2012-05-02,2015-10-05,4500000
3148190,"HORNBEAM PARK DEVELOPMENTS LIMITED",2,0,0,2020-01-02,2020-02-03,220000
02366867,"Seeboard Plc",2,0,0,2001-09-27,2001-09-28,1570000
3160388,"Frontier Estates Limited",2,0,0,2021-02-23,2022-12-01,1200000
04614845,"ES Broadcast Ltd",2,0,0,2020-02-03,2020-02-03,1100000
04268280,"Uniastrum Capital Ltd",2,0,0,2006-02-14,2007-02-09,2000000
6940012,"Goonvean Holdings Limited",2,0,0,2015-03-03,2017-05-17,2000000
6947354,"GYG ESTATES LTD",2,0,0,2019-11-09,2019-11-14,400000
6956893,"VE Interactive Ltd",2,0,0,2015-03-27,2015-04-20,4675000
01245537,"Martyn Rose Ltd",2,0,0,2004-10-14,2010-06-30,1468000
4369401,"Greensnow Ltd (trading as ISM Solutions)",2,0,0,2007-08-20,2007-09-18,150000
07542121,"R20 ADVISORY LTD",2,0,0,2025-06-26,2025-10-28,10000000
6990690,"Frognal Associates Limited",2,0,0,2016-01-27,2017-01-23,5000000
06113430,"Reel Cinemas (UK) Ltd",2,0,0,2009-11-02,2010-03-31,986697
02366616,"United Utilities PLC",2,0,0,2009-08-28,2013-09-02,2000000
SC425421,"BETTER TOGETHER 2012 LIMITED",2,0,0,2013-04-19,2013-09-24,190400
7011445,"Seven Capital PLC",2,0,0,2018-08-09,2019-04-02,2865500
4392703,"OCI UK Limited",2,0,0,2017-05-02,2018-07-03,20000000
10272526,"AJE Finance Ltd",2,0,0,2019-11-09,2019-11-09,1800000
09295436,"SLOANE GABLE LIMITED",2,0,0,2021-11-19,2023-11-06,2000000
7023010,"Winetown Limited",2,0,0,2014-06-09,2015-05-11,2500000
0486739,"Oakpark Alamrs Security Services Limited",2,0,0,2024-06-13,2024-06-13,4000000
03299668,"Ministry of Sound Group Limited",2,0,0,2004-06-17,2019-11-15,1350000
04055328,"Attinger Jack Advertising Ltd",2,0,0,2004-04-16,2005-03-03,2000000
04876058,"Precis Holdings Ltd",2,0,0,2006-07-20,2006-11-17,655000
11128634,"Cantervale Limited",2,0,0,2019-06-13,2023-02-15,6250000
706445,"FM Conway LTD",2,0,0,2017-06-05,2019-12-05,1500000
03065139,"BAA Business Support Centre Ltd",2,0,0,2003-01-07,2004-05-28,465000
4410148,"BCMY Ltd",2,0,0,2009-07-16,2009-10-23,135236
04909746,"Cheil Europe Limited",2,0,0,2016-03-03,2016-04-29,11163300
1113771,"SOUTH MOLTON AND DISTRICT SOCIAL & LIBERAL DEMOCRATIC CLUB LIMIT",2,0,0,2015-03-15,2016-08-31,3345858
11140439,"W Marketing Limited",2,0,0,2021-06-18,2022-03-29,10000000
3211350,"Eco-Solutions Ltd",2,0,0,2013-12-31,2015-12-04,500000
01229635,"Dorchester Hotel Ltd",2,0,0,2005-11-10,2015-03-30,529000
442370,"Gravelly Hill Unionist (Buildings) Ltd",2,0,0,2014-10-02,2017-05-25,500000
00011820,"Leigh Conservative Club Building Co Ltd",2,0,0,2001-06-09,2005-05-27,432412
15470511,"THOX LIMITED",2,0,0,2026-03-11,2026-03-24,1960000
06690158,"Howard Tenens Limited",2,0,0,2019-03-14,2019-08-16,1200000
04979869,"The Village Shopping Centre",2,0,0,2006-12-02,2007-06-13,350000
719573,"Yew Lodge Limited",2,0,0,2017-05-02,2019-11-21,850000
07976020,"Pietas Consulting Ltd",2,0,0,2014-11-11,2014-11-11,507612
23667,"Northumbrian Water Limited (Sponsorship)",2,0,0,2008-11-12,2008-11-19,532000
7200059,"Asian Affairs Limited",2,0,0,2015-05-27,2019-05-07,400000
04982959 ?,"Charles McDowell Properties Ltd",2,0,0,2022-05-30,2022-07-28,1250000
04519193,"Lucid Direct Ltd",2,0,0,2006-05-08,2006-05-08,270000
01213288,"Streamline Office Services Ltd",2,0,0,2002-08-30,2002-08-30,108601
03460255,"Ashall Plc",2,0,0,2003-11-04,2005-01-31,1300000
01198007,"Ferring Pharmaceuticals Ltd",2,0,0,2013-12-31,2014-08-22,20024840
05010380,"FC Fund Managers Ltd",2,0,0,2014-03-07,2014-03-31,437564
2366852,"EDF Energy PLC",2,0,0,2003-10-27,2005-09-19,1200000
01892516,"Mabey Holdings Ltd",2,0,0,2004-03-26,2005-04-28,999000
04517621,"Delancey Real Estate Asset Management Ltd",2,0,0,2010-05-04,2020-01-07,15000000
05030210,"MEDIHEALTH (NORTHERN) LIMITED",2,0,0,2010-04-21,2024-07-03,600000
02808347,"Beech Hill Residential Investments Ltd",2,0,0,2014-11-24,2025-02-04,800000
72290,"Hindmarch Properties Limited",2,0,0,2011-04-15,2017-05-17,375000
4454838,"Project Associates Ltd",2,0,0,2011-12-05,2012-12-11,2450000
06947792,"Landcap Ltd",2,0,0,2017-06-27,2019-12-19,575000
725875,"Howden Group UK Ltd",2,0,0,2016-10-03,2017-10-01,2000000
00089767,"Southend United Football Club Ltd",2,0,0,2004-11-10,2005-02-08,900000
3246436,"London and City Credit Corporation Limited",2,0,0,2015-04-01,2017-06-13,800000
4470767,"London Diversified Fund Management (UK) Ltd",2,0,0,2004-02-27,2007-12-18,1550000
4483789,"China Tang London Ltd",2,0,0,2012-11-05,2015-12-22,2430000
02350537,"Polemarch Industrial Ltd",2,0,0,2009-02-17,2009-10-15,300000
01136375,"Giles W Pritchard-Gordon & Co",2,0,0,2010-03-17,2017-05-24,1000000
7306402,"WA CAPITAL LIMITED",2,0,0,2019-11-14,2019-11-14,100000000
05071454,"Mint Equities Ltd",2,0,0,2009-01-21,2009-03-12,1225000
01125318,"Clifton Rubber Company Limited",2,0,0,2002-04-08,2003-03-19,350000
01117535,"Buckland Securities Ltd",2,0,0,2001-05-14,2002-03-25,2000000
01888633 ?,"CHARLES JACKSON & CO. LIMITED",2,0,0,2023-01-26,2024-02-28,600000
07251600,"York Potash Ltd",2,0,0,2018-06-22,2019-09-30,875000
03293208,"Future Pipe Ltd",2,0,0,2005-04-12,2009-08-06,10000000
1259568,"Glentree Estates Limited",2,0,0,2013-06-21,2013-06-21,1265000
736066,"Annabel's (Berkeley Square) Ltd",2,0,0,2014-07-10,2015-05-14,12000000
4512575,"Chadwick Brothers Limited",2,0,0,2014-12-20,2015-01-21,500000
02343583,"Buckley Jewellery Ltd",2,0,0,2010-11-23,2013-05-28,4500000
01096078,"The Eveline Day Nursery Schools Ltd",2,0,0,2010-04-08,2015-03-25,700000
7365301,"OSL Rail Ltd",2,0,0,2015-02-16,2015-03-15,1000000
03058700?,"CHER VARYA GROUP LIMITED",2,0,0,2017-06-02,2017-06-10,700000
05147273,"Overgoal Limited",2,0,0,2008-01-13,2008-12-15,1000000
11193960,"Cabaret Club (West End) Ltd",2,0,0,2019-06-20,2019-08-21,1000000
05683279,"Goodcare Ltd",2,0,0,2025-01-21,2025-01-27,1500000
03595033,"Trotter & Co Limited",2,0,0,2009-12-16,2015-03-02,699900
SC157180,"Choices Community Care Services Ltd",2,0,0,2002-03-01,2002-03-01,264000
11206086,"Stoic Roofing and Construction Limited",2,0,0,2023-06-22,2024-01-29,1500000
7412353,"Three Daggers (Operating) Ltd",2,0,0,2015-02-19,2015-12-21,3000000
1263890,"Aubrery Allen Ltd",2,0,0,2009-07-27,2009-11-13,147000
4531825,"Highgrove Beds Ltd",2,0,0,2016-05-05,2017-09-29,600000
03288803,"Broadland Properties Ltd",2,0,0,2006-02-14,2007-02-01,8500000
05218378,"Halifax College (UK) Ltd",2,0,0,2009-07-31,2009-09-22,500000
05826545,"Noble Foods Ltd",2,0,0,2010-05-05,2011-11-23,7547500
05228178,"Skidmore Medical Ltd",2,0,0,2009-10-22,2010-06-08,871925
05243456,"CVS Management Ltd",2,0,0,2007-01-09,2007-04-18,11800000
05948614,"WhiteHouse Leisure Park Ltd",2,0,0,2021-03-01,2024-07-02,550000
01087016,"Slough Estates Finance PLC",2,0,0,2001-05-14,2002-04-16,7500000
11214031,"Our Future Our Choice (OFOC)",2,0,0,2019-12-07,2019-12-07,4000000
7486R,"Slough Labour Memorial Hall Ltd",2,0,0,2019-05-21,2019-10-04,439500
04263139,"C2HM Hill Services Ltd",2,0,0,2010-07-16,2012-09-12,1660000
4562847,"Electrical Design and MFG CO Limited",2,0,0,2018-12-19,2019-11-14,750000
7540740,"London Film Museum (Covent Garden) Ltd",2,0,0,2013-01-23,2013-05-02,1290000
246356,"Flowidea Ltd",2,0,0,2008-12-02,2008-12-09,1500000
4570563,"Environmental Futures Ltd",2,0,0,2009-07-20,2009-11-23,200000
7552842,"Maximum Fun Devon Ltd",2,0,0,2015-04-13,2017-12-05,500000
01082430,"Abercrombie & Kent Ltd",2,0,0,2001-11-01,2016-03-21,4400000
01843647,"South Derbyshire Clay Co. Ltd.",2,0,0,2007-03-29,2007-07-28,1400000
1123043,"Dunelm Optical Co. Ltd",2,0,0,2015-02-02,2017-05-21,400000
04452809,"Dignity in Dying",2,0,0,2024-02-09,2025-01-01,2077500
01055977,"Michael R Dalby Ltd",2,0,0,2007-06-30,2007-06-30,170000
04250076 ?,"(AQ) Networks Ltd",2,0,0,2022-04-27,2022-06-13,2800000
SC438026,"Wallyford Day to Day Supermarket Limited",2,0,0,2014-09-02,2015-03-02,700000
1607620,"Picture Production Company Ltd",2,0,0,2005-04-19,2005-05-18,13640000
7594629,"Hammill Properties Ltd",2,0,0,2015-03-09,2019-12-21,750000
10380269,"Global Mutual Properties Ltd",2,0,0,2025-06-13,2025-06-20,2500000
05423433,"Dragonstaff Ltd",2,0,0,2011-03-11,2011-06-06,200000
4594685,"Warfet Trading Limited",2,0,0,2019-09-30,2019-09-30,1000000
3325624,"Paktech Limited",2,0,0,2023-06-29,2023-06-29,1000000
7666227,"DUADATA LIMITED",2,0,0,2023-04-04,2023-07-06,1726000
03448194 ?,"Ultralux Window Systems",2,0,0,2023-08-23,2024-01-10,1267000
247378,"Beeson and Sons Ltd",2,0,0,2017-05-14,2019-01-16,570000
03594950,"Medical and Professional Services Limited",2,0,0,2024-06-10,2024-06-10,4000000
2474707,"A Day In The Country Limited",2,0,0,2017-03-10,2018-03-28,400000
01031124,"Villagate Properties Ltd",2,0,0,2007-05-30,2007-08-30,900000
05525758,"Campbell Rigg International Ltd",2,0,0,2009-10-10,2010-10-08,410000
SC153495,"Hydracat Limited",2,0,0,2010-07-22,2010-07-26,1750000
03004481,"RAYNE PRECISION ENGINEERING LIMITED",2,0,0,2023-07-11,2024-05-22,1700000
462299,"Area Properties Ltd",2,0,0,2008-04-30,2008-10-22,122527
4626810,"Hundred Percent Management",2,0,0,2005-04-07,2005-05-04,5500000
04422227,"Fizz Fireworks Ltd",2,0,0,2006-03-20,2007-02-01,1904000
1624297,"Microsoft Limited",2,0,0,2009-12-31,2024-04-30,4875000
3364585,"GMI Holdings Limited",2,0,0,2001-06-01,2001-08-01,700000
04421012,"R20 Ltd",2,0,0,2004-12-22,2006-03-31,5962005
03284117,"EIM (United Kingdom) Ltd",2,0,0,2007-07-16,2011-01-21,7500000
7751278,"Nexus Schools Ltd",2,0,0,2015-03-02,2015-04-24,1000000
03575038,"Price Waterhouse Coopers",2,0,0,2001-05-31,2001-05-31,1900000
3368495,"Neal Soil Suppliers",2,0,0,2018-10-28,2018-11-30,1950000
3371246,"Hartham Park Limited",2,0,0,2017-06-19,2017-07-05,420000
1283914,"Butterfield Sign Service Limited",2,0,0,2014-10-08,2019-12-10,450000
7799060,"Entourage Concierge Limited",2,0,0,2016-07-01,2017-02-28,5000000
10414495,"Dholak Properties Limited",2,0,0,2023-04-18,2023-06-13,1630000
00160199,"Rochdale Reform Building Co Ltd",2,0,0,2005-10-24,2010-05-18,379300
00175423,"Amos Nelson Ltd",2,0,0,2015-02-23,2015-02-23,370000
1129055,"Belton Farm Limited",2,0,0,2019-12-10,2021-12-14,950000
04402220,"Network Rail Ltd",2,0,0,2006-02-28,2006-12-31,1100000
126972,"International Motors Ltd",1,0,0,2008-12-31,2008-12-31,384432
03288386,"B. & E. Boys Limited",1,0,0,2015-09-25,2015-09-25,500000
1272131,"Damac Transporters Ltd",1,0,0,2009-04-22,2009-04-22,160000
127434,"Keltbray Ltd",1,0,0,2008-10-10,2008-10-10,1100000
03287616 ?,"Farmglade Limited",1,0,0,2022-05-30,2022-05-30,500000
1274885,"Fluor Ltd - Sponsorship",1,0,0,2007-04-25,2007-04-25,510000
1283039,"Modus Ltd",1,0,0,2022-10-04,2022-10-04,362813
SC191507,"TWM Scotland Ltd",1,0,0,2001-06-01,2001-06-01,350000
03281866,"Law Business Research Ltd",1,0,0,2001-03-27,2001-03-27,150000
03276116,"Deans Food Group Ltd",1,0,0,2009-12-04,2009-12-04,5000000
SC195621,"J H Civil Engineering Limited",1,0,0,2025-05-16,2025-05-16,300000
1295299,"SeeWoo Foods Limited",1,0,0,2012-05-10,2012-05-10,500000
13057020,"GROW MOVEMENT LTD",1,0,0,2023-03-31,2023-03-31,200000
03275554,"Extel Limited",1,0,0,2021-12-29,2021-12-29,780000
13097787,"THE THREE HORSE FIELD GROUP LIMITED",1,0,0,2025-05-15,2025-05-15,1000000
03255728,"Participation Limited",1,0,0,2024-05-23,2024-05-23,495000
13116068,"New Homes Qaulity Board LTD",1,0,0,2026-07-14,2026-07-14,2100000
03255520,"Bridges Estate Agents Ltd",1,0,0,2009-12-14,2009-12-14,200000
03252377,"Farm Assist Ltd",1,0,0,2001-05-13,2001-05-13,500000
13179194,"D & S CATERING LIMITED",1,0,0,2023-11-01,2023-11-01,591500
SC198834,"TSD Production Company Ltd.",1,0,0,2002-06-20,2002-06-20,122000
1321615,"Langley Holdings",1,0,0,2019-12-03,2019-12-03,1000000
13220914,"Osprey Brands Ltd",1,0,0,2024-05-15,2024-05-15,1260000
03244215,"Scythian Ltd",1,0,0,2006-09-21,2006-09-21,800000
03239210,"Metropole Properties Limited",1,0,0,2015-05-22,2015-05-22,200000
13293372,"Aquarius Bio Limited",1,0,0,2024-04-23,2024-04-23,1000000
1331351,"Hills Building Group Ltd",1,0,0,2019-12-03,2019-12-03,200000
03232353,"Basic Style Ltd",1,0,0,2001-07-10,2001-07-10,300000
1334260,"Interfish Ltd",1,0,0,2017-05-13,2017-05-13,2000000
13350126,"HARTSHILL MANAGEMENT LTD",1,0,0,2023-04-12,2023-04-12,500000
13363238,"The Website Mentor Ltd",1,0,0,2023-05-02,2023-05-02,900000
03230915,"Woodlands Estates Limited",1,0,0,2008-11-21,2008-11-21,250000
SC200060,"Brandon Homes (Scotland) Limited",1,0,0,2002-03-01,2002-03-01,120000
03222384,"Chigwell (London) Ltd",1,0,0,2020-01-17,2020-01-17,202500
13534335,"Diversity Umbrella Ltd",1,0,0,2023-05-17,2023-05-17,170630
03217625,"Kensington & Chelsea Aviation Ltd",1,0,0,2007-06-30,2007-06-30,669750
13538670,"Aura (Gas) Holdings Ltd",1,0,0,2025-03-21,2025-03-21,800000
13562398,"Reclaim The Media ltd",1,0,0,2024-06-25,2024-06-25,500000
1361043,"Palmebourne Engineering Ltd",1,0,0,2001-02-21,2001-02-21,110000
13610618,"ZoomInfo UK LTD",1,0,0,2023-08-23,2023-08-23,2780428
03212208,"Teal Patents Ltd",1,0,0,2015-08-04,2015-08-04,175000
03208381,"Ellisons Solicitors Ltd",1,0,0,2016-11-09,2016-11-09,250000
03203730,"Red Fig Group Ltd",1,0,0,2005-02-18,2005-02-18,150000
03199148,"Zenith Hygiene Systems Limted",1,0,0,2014-07-07,2014-07-07,1000000
1366132,"Air Foyle Ltd",1,0,0,2008-05-27,2008-05-27,500000
03195134,"System Group Limited",1,0,0,2019-12-03,2019-12-03,500000
SC202190,"A V L Media Ltd",1,0,0,2004-04-06,2004-04-06,600000
03186655,"Hills Ltd",1,0,0,2010-05-04,2010-05-04,200000
137401182,"Zarah Sultana Campaigns Ltd",1,0,0,2025-11-27,2025-11-27,7006782
137552,"W & J Linney Ltd",1,0,0,2009-02-06,2009-02-06,305853
03180157,"Erinstar Ltd",1,0,0,2015-03-24,2015-03-24,500000
03179504,"MARSDENS C.S. LIMITED",1,0,0,2022-04-26,2022-04-26,250000
03178081,"OUT OF EDEN LIMITED",1,0,0,2026-03-12,2026-03-12,2000000
138769,"Caparo Group Limited",1,0,0,2008-10-23,2008-10-23,225000
SC202669,"KDM SHOPFITTING LIMITED",1,0,0,2021-02-02,2021-02-02,250000
13887045,"Stonehaven Global Holdings Limited",1,0,0,2025-05-30,2025-05-30,720000
139286,"Bestway Holding Ltd",1,0,0,2008-11-09,2008-11-09,600000
03162759,"Furrow Holdings Limited",1,0,0,2015-03-12,2015-03-12,200000
03161821,"The Princes Trust Trading Ltd",1,0,0,2008-01-21,2008-01-21,1005000
13986063,"SILVER ASSEMBLY LTD",1,0,0,2026-02-23,2026-02-23,500000
13987269,"GMS Partnership Ltd",1,0,0,2023-12-20,2023-12-20,1000000
03161044,"UK Stores Ltd",1,0,0,2017-06-07,2017-06-07,200000
SC204920,"Euronova Asset Management",1,0,0,2005-03-20,2005-03-20,500000
14031664 ?,"R M Properties International",1,0,0,2023-02-14,2023-02-14,500000
03159060,"Ryedowns Ltd",1,0,0,2005-05-16,2005-05-16,200000
1404584,"Aagaard Hanley Ltd",1,0,0,2006-10-12,2006-10-12,1161250
14091910,"Sydney & Glasgow Properties Ltd",1,0,0,,,2500000
1411531,"BRAZIMOOR LIMITED",1,0,0,2017-06-30,2017-06-30,270000
14118647,"Manchester Accommodation Business Improvement District Limited",1,0,0,2024-12-08,2024-12-08,2000000
14167772,"KAMANJAB 72 LTD",1,0,0,2023-11-29,2023-11-29,500000
141748,"Express Newspapers Limited",1,0,0,2017-06-04,2017-06-04,7680000
1419119,"Eaglesham Properties Ltd",1,0,0,2019-12-16,2019-12-16,4500000
03148549,"I-CD Publishing Ltd",1,0,0,2010-02-23,2010-02-23,300000
1425062,"Georgemead Limited",1,0,0,2015-03-16,2015-03-16,250000
14262393,"DC01 UK Limited",1,0,0,2025-05-04,2025-05-04,2000000
14279215,"MN Global Services Limited",1,0,0,2023-07-17,2023-07-17,2000000
14292630,"Labour Climate and Environment Forum",1,0,0,2024-02-17,2024-02-17,2000000
03146580,"Hargreave Hale Ltd",1,0,0,2012-08-02,2012-08-02,175000
1430800,"Stalbury Trustees",1,0,0,2009-03-31,2009-03-31,357290
14311135,"NIDIVO LTD",1,0,0,2026-03-18,2026-03-18,1400000
1437000,"Currie Motors Ltd",1,0,0,2009-05-14,2009-05-14,300000
SC207004,"Scottish Power Limited - Sponsorship",1,0,0,2009-12-10,2009-12-10,700000
1446485,"Lakeside Developments Limited",1,0,0,2015-04-11,2015-04-11,200000
1448919,"Stephen Anthony Zimmerman",1,0,0,2022-12-01,2022-12-01,2500000
1451139,"Penmarric PLC",1,0,0,2004-10-25,2004-10-25,300000
03135665,"Olympic (South) Ltd",1,0,0,2010-10-22,2010-10-22,860000
14543238,"Legatum Institute Limited",1,0,0,2023-12-01,2023-12-01,5000000
1458205,"Sunley Holdings Limited",1,0,0,2019-12-21,2019-12-21,1000000
1461516,"Epson (UK) Ltd",1,0,0,2018-05-29,2018-05-29,1100000
14637260,"Spring Bliss (UK) Consulting Company Limited",1,0,0,2023-05-16,2023-05-16,5000000
03131198,"Amek Investments Limited",1,0,0,2007-03-15,2007-03-15,200000
1467161,"Bramall Construction",1,0,0,2004-05-13,2004-05-13,200000
14691248,"SAFETY FIRST TRAFFIC SOLUTIONS LIMITED",1,0,0,2023-12-01,2023-12-01,200000
03129594,"Dewberry Redpoint Ltd",1,0,0,2015-01-28,2015-01-28,300000
1476447,"DEANWAY PROPERTIES LIMITED",1,0,0,2019-11-22,2019-11-22,250000
14790318,"Alphaashley Limited",1,0,0,2024-07-02,2024-07-02,1000000
1479520,"Hever Castle Limited",1,0,0,2019-05-09,2019-05-09,912114
03110665,"Saracens Limited",1,0,0,2014-04-11,2014-04-11,200000
148476,"E P Barrus Ltd",1,0,0,2019-11-26,2019-11-26,200000
03105656,"Hughes Safety Showers Limited",1,0,0,2015-04-24,2015-04-24,167975
03103760,"RTA Properties Ltd",1,0,0,2006-11-21,2006-11-21,2250000
14926,"Alan Bown (Margate) Ltd",1,0,0,2008-10-31,2008-10-31,1263700
03098695,"Trafalgar Risk Mangement & Insurance Consultancy Ltd",1,0,0,2003-11-11,2003-11-11,400000
03092987,"UNIVERSAL FLEXIBLE PACKAGING LIMITED",1,0,0,2024-03-28,2024-03-28,500000
1505168,"Page Litho Ltd",1,0,0,2009-10-28,2009-10-28,214100
15152R,"Gravesend Labour Properties Limited",1,0,0,2024-03-08,2024-03-08,499900
151853,"Weldon Plant Limited",1,0,0,2008-12-08,2008-12-08,200000
03083593,"Vale of Mowbray Limited",1,0,0,2015-05-14,2015-05-14,200000
03080899,"Moundsley Hall Nursing Home Ltd",1,0,0,2006-07-04,2006-07-04,500000
03080385,"Dial-a-Phone Ltd",1,0,0,2002-12-31,2002-12-31,633461
03079925,"Brookstream Properties Limited",1,0,0,2010-04-07,2010-04-07,1000000
03079647,"Winners Property Company Limited",1,0,0,2016-04-18,2016-04-18,1000000
1534942,"The Leisure Database Co. Ltd.",1,0,0,2012-05-10,2012-05-10,250000
15376268,"ORION TECHNOLOGY SERVICES LTD",1,0,0,2026-03-19,2026-03-19,500000
03064811,"JCB World Brands Ltd",1,0,0,2002-11-27,2002-11-27,100970
154962,"Control Energy Costs Ltd",1,0,0,2008-10-20,2008-10-20,1000000
00167004,"John E. Fells and Sons Ltd",1,0,0,2015-03-30,2015-03-30,180000
03062319,"The London Furnishing Company",1,0,0,2015-03-17,2015-03-17,200000
15562623,"Ravenswick Hall Farms Ltd",1,0,0,2025-09-03,2025-09-03,6700000
03060423,"Audiocall Limited",1,0,0,2010-05-27,2010-05-27,500000
156663,"Helical Bar Plc",1,0,0,2001-03-07,2001-03-07,1000000
1566688,"SELECTIVE MARKETPLACE LIMITED",1,0,0,2017-06-07,2017-06-07,1000000
03057067,"ASHTON LODGE LIMITED",1,0,0,2024-07-28,2024-07-28,500000
03035546,"T. Bro Investment Ltd",1,0,0,2013-10-15,2013-10-15,300000
03034706,"Warwick Holdings Ltd",1,0,0,2010-03-26,2010-03-26,300000
03034142,"The Hearsum Family Limited",1,0,0,2015-06-30,2015-06-30,200000
03020522,"HCA International Ltd",1,0,0,2010-08-18,2010-08-18,850000
15877623,"ONE&ONLY ASSET MANAGEMENT LTD",1,0,0,2026-03-31,2026-03-31,1000000
03016148,"Stamford Property Company Ltd",1,0,0,2024-05-31,2024-05-31,500000
1601961,"Transilluminate Limited",1,0,0,2024-03-21,2024-03-21,25000000
160199,"Rochdale Reform Buildingds Ltd",1,0,0,2011-04-09,2011-04-09,200000
1602203,"Clifton Packaging Ltd",1,0,0,2005-04-01,2005-04-01,200000
03015689,"Supersave Food & Wine Limited",1,0,0,2010-05-06,2010-05-06,250000
03012870,"Rapid Support Services Ltd",1,0,0,2010-04-06,2010-04-06,200000
SC208835,"S M Namana Ltd",1,0,0,2007-03-09,2007-03-09,120000
1611881,"Colmore Trust Ltd",1,0,0,2005-09-09,2005-09-09,500000
1612988,"Pemican Ltd",1,0,0,2010-02-16,2010-02-16,200000
16196865,"BH Knightsbridge Ltd",1,0,0,2025-03-22,2025-03-22,2500000
03011029,"Wales and West Passenger Trains",1,0,0,2001-04-12,2001-04-12,150000
16243,"Microsoft Ltd",1,0,0,2008-12-31,2008-12-31,1012000
1627434,"Mandeville Hotel Limited",1,0,0,2014-11-24,2014-11-24,100000
1633971,"Northern & Shell PLC",1,0,0,2017-09-29,2017-09-29,1000000
03003693,"M & C Saatchi Ltd",1,0,0,2002-06-24,2002-06-24,2500000
1651205,"Southwark Metals",1,0,0,2012-05-15,2012-05-15,500000
03003157,"The London Basement Co.",1,0,0,2006-11-27,2006-11-27,105800
1664824,"XIROS LIMITED",1,0,0,2017-05-01,2017-05-01,200000
03002686,"Portland Harbour Authority Ltd",1,0,0,2010-04-04,2010-04-04,200000
169536,"Dorica",1,0,0,2019-12-31,2019-12-31,375000
02989643,"Prospero Biotech Ltd",1,0,0,2015-01-23,2015-01-23,1000000
1722436,"Pacific Investments PLC",1,0,0,2012-04-10,2012-04-10,2500000
1729478,"Huntsworth Plc",1,0,0,2011-08-24,2011-08-24,1550000
172948,"Huntsworth Plc",1,0,0,2008-10-10,2008-10-10,1210000
1741045,"De Brus Marketing Services",1,0,0,2001-04-24,2001-04-24,300000
174234,"Mere Golf & Country Club Limit",1,0,0,2008-10-23,2008-10-23,650000
1753134,"HR Owen Plc",1,0,0,2008-05-13,2008-05-13,300000
1764876,"OPAL Limited",1,0,0,2022-07-13,2022-07-13,1000000
02977763,"Thornwood Investments Ltd",1,0,0,2004-10-28,2004-10-28,250000
1769005,"Crosby Homes Special Projects",1,0,0,2004-04-26,2004-04-26,400000
02976824,"Future Management Ltd",1,0,0,2016-11-02,2016-11-02,800000
SC209564,"Gateside Property Limited",1,0,0,2010-02-19,2010-02-19,300000
1796207,"Helena Laboratories Ltd",1,0,0,2016-04-21,2016-04-21,200000
179851,"Clerewell Ltd",1,0,0,2008-12-22,2008-12-22,1250000
02972249,"Contact Recruitment Limited",1,0,0,2007-06-06,2007-06-06,600000
SC209640,"Airlink Group",1,0,0,2009-09-07,2009-09-07,1120000
1813064,"Alara Wholefoods",1,0,0,2022-03-31,2022-03-31,200000
02971884,"Richmond Cars Ltd",1,0,0,2010-04-14,2010-04-14,627400
1839722,"ELBROOK (CASH & CARRY) LIMITED",1,0,0,2018-12-12,2018-12-12,1000000
18459,"Empire Direct Plc",1,0,0,2008-11-07,2008-11-07,120000
1845901,"Empire Direct Plc",1,0,0,2007-11-18,2007-11-18,160000
02970761,"F. Vindis and Sons (Bedford) Ltd",1,0,0,2016-04-25,2016-04-25,300000
1866716,"SITA Waste Limited",1,0,0,2011-09-25,2011-09-25,873000
02969951,"Drew Smith Homes Limited",1,0,0,2010-06-28,2010-06-28,250000
SC212064,"Forrest Media Limited",1,0,0,2015-05-01,2015-05-01,500000
1874667,"Renewable UK Association",1,0,0,2023-08-02,2023-08-02,900000
1877389,"Deen & Co Ltd",1,0,0,2008-05-15,2008-05-15,500000
02961536,"Corran (Wakefield) Limited",1,0,0,2009-12-21,2009-12-21,500000
1897255,"Delta Cloud Ltd",1,0,0,2001-05-14,2001-05-14,200000
02960792,"Econogas Limited",1,0,0,2007-04-26,2007-04-26,141416
02954204,"Holiday Autos International Ltd",1,0,0,2002-07-30,2002-07-30,1000000
1908967,"Independent News & Media Ltd",1,0,0,2011-09-21,2011-09-21,904000
1913634,"HT&Co (Drinks) Ltd",1,0,0,2017-06-05,2017-06-05,200000
02950742,"Craftrule Limited",1,0,0,2019-09-10,2019-09-10,1000000
1915771,"VT Group plc - Sponsorship",1,0,0,2007-10-08,2007-10-08,1175000
192684,"Knauf Insulation Ltd",1,0,0,2008-12-31,2008-12-31,433990
SC212524,"Airtricity - Sponsorship",1,0,0,2007-03-05,2007-03-05,200000
193471,"Hobson Industries Limited",1,0,0,2008-12-10,2008-12-10,200000
1938473,"Fairfax Saddles",1,0,0,2019-11-14,2019-11-14,500000
1945392,"Whispering Smith Limited",1,0,0,2023-05-22,2023-05-22,5000000
02946966,"Printank Ltd",1,0,0,2010-09-24,2010-09-24,509945
1968614,"Workers Beer Company Ltd",1,0,0,2005-04-12,2005-04-12,200000
02942366,"Toledo Productions Limited",1,0,0,,,50000000
1971677,"Crescent Petroleum Company International Ltd",1,0,0,2019-02-20,2019-02-20,2000000
02938776,"Oliver Valvatek Ltd",1,0,0,2009-02-12,2009-02-12,700000
1983857,"Chime Communications plc",1,0,0,2008-05-12,2008-05-12,1500000
SC213459,"Scottish and Southern Energy Power Distribution Limited",1,0,0,2025-02-27,2025-02-27,320000
198905028E,"Reef Enterprise Pte Ltd",1,0,0,2019-09-19,2019-09-19,929700
1989106,"Lancehawk",1,0,0,2024-01-17,2024-01-17,900000
02937518,"Carlton Television Ltd",1,0,0,2001-11-19,2001-11-19,250000
199179,"Flexible Securities Ltd",1,0,0,2008-12-10,2008-12-10,5000000
02937399,"HIG Services Limited",1,0,0,2015-04-10,2015-04-10,1500000
1P11216R,"Bedworth Conservative Club",1,0,0,2005-04-27,2005-04-27,110000
20011009,"IPGL Ltd",1,0,0,2008-04-09,2008-04-09,500000
2001524,"Activepine Limited",1,0,0,2025-04-16,2025-04-16,8000000
2001626,"CBA Enterprises Ltd",1,0,0,2001-05-14,2001-05-14,250000
02924797,"The Banbury House Hotel",1,0,0,2003-09-26,2003-09-26,120000
SC214171,"SHEFER LIMITED",1,0,0,2019-05-23,2019-05-23,200000
2009019,"Veetee Rice Ltd",1,0,0,2004-12-06,2004-12-06,700000
TSSA10,"Transport Salaried Staff Association",1,0,0,2010-07-13,2010-07-13,100000
02923018,"Jeroboams Shops Limited",1,0,0,2026-01-26,2026-01-26,300000
2028013,"Damac Bulk Handling Ltd",1,0,0,2009-04-23,2009-04-23,170000
2029888,"Oceanic Jewellers Ltd",1,0,0,2007-12-05,2007-12-05,2500000
202989,"Oceanic Jewellers Ltd",1,0,0,2008-11-11,2008-11-11,2500000
2033640,"Jaysam Contractors",1,0,0,2013-11-06,2013-11-06,800000
2048526,"Windsor Services Ltd",1,0,0,2008-06-30,2008-06-30,1500000
02911830,"Vanguard Capital Limited",1,0,0,2015-02-28,2015-02-28,750000
02902281,"Gibraltar (UK) Ltd",1,0,0,2014-03-25,2014-03-25,200000
02890014,"Zyex Limited",1,0,0,2005-01-30,2005-01-30,132450
2063853,"ENRICH GARDEN INVESTMENTS LTD",1,0,0,2023-02-06,2023-02-06,5000000
2067326,"KCS Print Holdings Ltd",1,0,0,2009-12-31,2009-12-31,252519
02889070,"MSG Sandhurst Ltd",1,0,0,2007-06-19,2007-06-19,190350
2070874,"Biocair International Ltd",1,0,0,2002-08-10,2002-08-10,200000
02889003,"Strongfield Technologies Limited",1,0,0,2013-07-31,2013-07-31,1000000
2080245,"Bloor Holdings LTD",1,0,0,2021-03-18,2021-03-18,15000000
2081854,"Lion Associates Ltd",1,0,0,2001-03-16,2001-03-16,1500000
2083971,"Walton Strada Ltd",1,0,0,2008-04-26,2008-04-26,150000
2084187,"J O Sims Limited",1,0,0,2019-11-08,2019-11-08,1000000
208958,"Shore Capital Group Plc",1,0,0,2008-10-10,2008-10-10,850000
02887540,"CTX Europe Ltd",1,0,0,2004-01-15,2004-01-15,3090000
00166957,"Peel Holdings Plc",1,0,0,2001-11-29,2001-11-29,528700
2095421,"Trosol",1,0,0,2024-01-05,2024-01-05,250000
02887274,"Zandra Rhodes Enterprises Ltd",1,0,0,2004-07-28,2004-07-28,215000
210815,"Dolphin Head Group Holdings Plc",1,0,0,2008-11-10,2008-11-10,289050
SC222384,"Speyfield Limited",1,0,0,2015-02-08,2015-02-08,500000
2135433,"Venture Marketing Group Ltd",1,0,0,2007-10-04,2007-10-04,3000000
2135730,"Markerstudy Insurance Services Limited",1,0,0,2019-12-06,2019-12-06,1500000
02886407,"Danley Estates Limited",1,0,0,2007-09-12,2007-09-12,159200
2155485,"THE CLARENDON GROUP LIMITED",1,0,0,2019-08-29,2019-08-29,500000
02884096,"V R M (Bicester Village) Ltd",1,0,0,2017-03-30,2017-03-30,200000
SC223952,"Glenerrol Ltd",1,0,0,2016-11-04,2016-11-04,280000
02876436,"Pearl Properties Ltd",1,0,0,2005-01-31,2005-01-31,2500000
02875798,"Hopkins Homes Ltd",1,0,0,2014-11-07,2014-11-07,500000
2165303,"Blem Information Management Ltd",1,0,0,2021-08-28,2021-08-28,500000
2167331,"Awan Marketing International Limited",1,0,0,2019-11-27,2019-11-27,500000
2167543,"Think BDW Ltd",1,0,0,2017-05-09,2017-05-09,200000
02874245,"Hervia Limited",1,0,0,2010-04-09,2010-04-09,1000000
2174993,"DLA & Partners Ltd",1,0,0,2002-10-12,2002-10-12,600000
00164692,"Carver (Wolverhampton) Ltd",1,0,0,2020-02-10,2020-02-10,200000
2184046,"Finsbury Limited",1,0,0,2003-07-21,2003-07-21,570000
2185995,"Yorkshire Land Ltd",1,0,0,2023-11-06,2023-11-06,200000
02874121,"Mirage Leisure Ltd",1,0,0,2005-05-10,2005-05-10,500000
2189561,"ICAP Management Services Ltd",1,0,0,2013-05-03,2013-05-03,850000
02873445,"Gallagher UK Ltd",1,0,0,2007-04-18,2007-04-18,25000000
2235257,"The Hume House & ED Bonner Co Ltd",1,0,0,2014-04-27,2014-04-27,200000
2240230,"A.B. Produce Plc",1,0,0,2009-02-25,2009-02-25,218000
2243105,"Transmatic Fyllan Limited",1,0,0,2019-11-14,2019-11-14,1000000
02863720,"European Terminals Ltd",1,0,0,2015-02-12,2015-02-12,300000
02861582,"Euro Property Investments Ltd",1,0,0,2020-01-31,2020-01-31,1000000
226119,"Marcus Evans Ltd",1,0,0,2008-12-31,2008-12-31,880500
2261190,"Marcus Evans Ltd",1,0,0,2010-03-31,2010-03-31,998700
02857005,"Star Reefers UK Ltd",1,0,0,2009-07-14,2009-07-14,2350000
2262305,"Chelgate Ltd",1,0,0,2004-08-09,2004-08-09,900000
2265768,"Vox Pops International Ltd",1,0,0,2008-09-30,2008-09-30,600000
22674,"Banks Developments (Sponsorship)",1,0,0,2008-10-21,2008-10-21,200000
02853596,"Map Group UK Ltd",1,0,0,2020-01-28,2020-01-28,500000
02853595,"Apogee Corporation Limited",1,0,0,2015-06-30,2015-06-30,750000
2272966,"Ransome's Dock Ltd",1,0,0,2008-05-31,2008-05-31,500000
02850626,"Hodson Developments Limited",1,0,0,2017-05-16,2017-05-16,500000
02844542,"WFT London Limited",1,0,0,2009-10-30,2009-10-30,500000
02842995,"Best at Travel PLC",1,0,0,2016-02-02,2016-02-02,1250000
227837,"Harris Ventures Ltd",1,0,0,2008-11-27,2008-11-27,833334
02841970,"BMG Research Ltd",1,0,0,2016-11-11,2016-11-11,999500
2285142,"Flying Trade Ltd T/A SURYA",1,0,0,2019-11-22,2019-11-22,250000
2297920,"Gallagher Group Limited",1,0,0,2019-10-30,2019-10-30,254410
2299069,"IGNIS LIMITED",1,0,0,2017-06-30,2017-06-30,250000
2302661,"Autoforge Limited",1,0,0,2023-02-14,2023-02-14,1000000
230773,"Towcester Racecourse Co. LTD",1,0,0,2012-05-16,2012-05-16,500000
02840389,"Tamasha Ltd",1,0,0,2010-05-04,2010-05-04,250000
2322042,"Seymour Manufacturing International Ltd",1,0,0,2004-05-06,2004-05-06,1100000
232799,"Stagecoach East Midlands",1,0,0,2009-10-15,2009-10-15,122113
2328215,"Wise Trading Limited",1,0,0,2017-05-05,2017-05-05,200000
2336704,"Technix Rubber & Plastic Ltd",1,0,0,2003-05-22,2003-05-22,120000
02827132,"Biker Group Limited",1,0,0,2024-07-31,2024-07-31,750000
2343583,"Buckley Jewellery Ltd",1,0,0,2010-03-08,2010-03-08,2500000
02823139,"Precision Varionics International Ltd",1,0,0,2001-07-05,2001-07-05,499500
2353697,"Jardentome Limited",1,0,0,2019-11-09,2019-11-09,300000
235446,"Ford Motor Company",1,0,0,2003-04-01,2003-04-01,186000
02821075,"Manro Haydan Trading",1,0,0,2005-02-10,2005-02-10,1000000
02815753,"Associated Technologies Ltd",1,0,0,2002-12-24,2002-12-24,500000
02814897,"Canaccord Adams Ltd",1,0,0,2009-10-08,2009-10-08,2500000
02812206,"Ernst & Young Services Ltd",1,0,0,2003-03-17,2003-03-17,2396700
SC224991,"Brandon Homes Construction Limited",1,0,0,2009-10-02,2009-10-02,265000
236297,"Somerset Cider Brandy Company Ltd",1,0,0,2008-11-20,2008-11-20,500000
2365913,"Barnfield Construction ltd",1,0,0,2012-04-11,2012-04-11,200000
2366616,"United Utilities Plc",1,0,0,2009-10-31,2009-10-31,250000
SC228749,"Subsea 7 (UK Service Company) Ltd",1,0,0,2009-07-06,2009-07-06,850000
236663,"Kelda Group plc",1,0,0,2008-02-18,2008-02-18,500000
2366700,"Northumbrian Water Ltd",1,0,0,2009-01-24,2009-01-24,457369
2366970,"E.ON UK PLC - Sponsorship",1,0,0,2007-10-08,2007-10-08,1000000
2373675,"Motcomb Estates Ltd",1,0,0,2007-10-24,2007-10-24,3600000
2374162,"Merchant Services Ltd",1,0,0,2007-04-21,2007-04-21,173562
2383775,"Direct Data Capture Ltd",1,0,0,2019-11-15,2019-11-15,400000
2421899,"The 33 Group Ltd",1,0,0,2008-04-07,2008-04-07,450000
02803797,"Dunkleys Limited",1,0,0,2015-04-14,2015-04-14,1000000
2425728,"Blackfield Property Services Ltd",1,0,0,2003-12-31,2003-12-31,120000
02799055,"Oakley Hall Park Ltd",1,0,0,2014-09-19,2014-09-19,378500
0279424,"Tamares Real Estate Investments (UK) Ltd",1,0,0,2010-03-31,2010-03-31,180500
02790915,"Rowland Homes Limited",1,0,0,2015-04-20,2015-04-20,1000000
24458944,"Resource Limited",1,0,0,2003-11-24,2003-11-24,145000
2448409,"CMC Markets UK Plc",1,0,0,2011-06-10,2011-06-10,10000000
2453852,"Gaterule Limited",1,0,0,2019-12-16,2019-12-16,2500000
2457114,"Courtney Investments Ltd",1,0,0,2021-04-29,2021-04-29,1000000
245717,"Aggregate Industries UK Ltd",1,0,0,2008-11-11,2008-11-11,2500000
02790268,"Motion Picture Licensing Company (International) Ltd",1,0,0,2010-04-07,2010-04-07,545000
2464200,"Saatchi",1,0,0,2009-06-30,2009-06-30,1146821
246869,"Aviva Plc (Sponsorship)",1,0,0,2008-12-22,2008-12-22,700000
02789854,"Totemic Limited",1,0,0,2015-04-14,2015-04-14,500000
2473227,"Pelham Incorporated Limited",1,0,0,2017-04-28,2017-04-28,150000
2473403,"Blakeney Holdings Limited",1,0,0,2019-12-05,2019-12-05,1000000
02784155,"Clavering Care Ltd",1,0,0,2009-10-20,2009-10-20,800000
02767989,"NMB Holdings Ltd",1,0,0,2005-05-03,2005-05-03,1000000
02764782,"QSP Ltd",1,0,0,2001-04-24,2001-04-24,800000
2487597,"Arqiva Ltd",1,0,0,2022-10-04,2022-10-04,362813
2488264,"Bell Pottinger Public Affairs",1,0,0,2008-05-16,2008-05-16,180000
2491619,"Hedra Plc",1,0,0,2007-01-02,2007-01-02,2000000
02764757,"The National House Builders Federation Limited",1,0,0,2002-11-07,2002-11-07,940000
SC229428,"RB Ltd",1,0,0,2007-02-23,2007-02-23,200000
02763188,"Hamptonline Ltd",1,0,0,2010-05-11,2010-05-11,5000000
2506664,"Betchton Limited",1,0,0,2019-10-31,2019-10-31,300000
02761419,"Moorlake Properties Ltd",1,0,0,2006-03-31,2006-03-31,5206301
2510580,"Rich Estates Limited",1,0,0,2010-03-02,2010-03-02,1000000
02753333,"Tulseglen Ltd",1,0,0,2001-04-18,2001-04-18,150000
SC231707,"Ochil Developments (UK) Limited",1,0,0,2007-04-16,2007-04-16,2500000
251553,"Le Bas Investment Trust Limited",1,0,0,2019-12-06,2019-12-06,1000000
02744044,"Sofra International Limited",1,0,0,2006-09-28,2006-09-28,500000
2531907,"Highgate Beds",1,0,0,2001-05-24,2001-05-24,200000
02743034,"Progress Industries Limited",1,0,0,2015-03-31,2015-03-31,2000000
02738883,"Turbine helicoptors Ltd",1,0,0,2001-05-28,2001-05-28,626666
254241,"First Corporate Shipping Limited",1,0,0,2008-10-10,2008-10-10,850000
02734921,"John Cotton Gp Ltd",1,0,0,2004-09-02,2004-09-02,1000000
255303,"Jayroma (London) Ltd",1,0,0,2008-10-10,2008-10-10,600000
02714185,"Venson Automotive Solutions Ltd",1,0,0,2007-09-20,2007-09-20,5000000
2553413,"Johnsey Estates 1990 Ltd",1,0,0,2007-12-31,2007-12-31,150000
02711055,"Brothers Drinks Co Ltd",1,0,0,2005-03-16,2005-03-16,200000
2565662,"Alexander Stevens (1995) Ltd",1,0,0,2012-08-26,2012-08-26,200000
02710372,"Strand Europe Ltd",1,0,0,2023-02-28,2023-02-28,500000
02708090,"Allam Marine Limited",1,0,0,2024-06-30,2024-06-30,2500000
SC232008,"Holland Park Homes Limited",1,0,0,2006-09-19,2006-09-19,250000
02707045,"Swansea Industrial Components Ltd",1,0,0,2015-04-22,2015-04-22,200000
02700769,"Durlacher Corporation Plc",1,0,0,2004-06-23,2004-06-23,738150
02694595,"Hospitality Line Ltd",1,0,0,2015-04-13,2015-04-13,200000
02693163,"The Westminster Foundation for Democracy Limited",1,0,0,2026-01-13,2026-01-13,3732160
2596168,"Bestway Limited",1,0,0,2005-02-01,2005-02-01,1000000
2597264,"Clearview Homes Ltd",1,0,0,2018-05-03,2018-05-03,300000
02690974,"Kensington Developments (1991) Limited",1,0,0,2009-06-24,2009-06-24,500000
02684652,"Ambitions Personnel Limited",1,0,0,2020-12-09,2020-12-09,1000000
2608087,"Andrew Wainwright Reform Trust",1,0,0,2022-10-06,2022-10-06,1000000
261436,"David Ord Ltd",1,0,0,2008-11-18,2008-11-18,5000000
02683269,"Notionwide Franking Sense Ltd",1,0,0,2009-10-27,2009-10-27,1605000
2619861,"Ecofin Ltd",1,0,0,2007-12-21,2007-12-21,550000
2628744,"Gulf Real Asset Management Ltd",1,0,0,2021-04-30,2021-04-30,1000000
2631144,"Bell Pottinger Communications Ltd",1,0,0,2011-08-17,2011-08-17,1020000
2635068,"Al Murad DIY Limited",1,0,0,2014-10-21,2014-10-21,329600
2639825,"SINCLAIR ROBERTSON & CO LIMITED",1,0,0,2015-11-15,2015-11-15,500000
2642180,"Harrington & Hallworth Ltd",1,0,0,2008-09-23,2008-09-23,385000
00158956,"Volex PLC",1,0,0,2020-01-07,2020-01-07,1500000
02678853,"Trevelgue Leisure Ltd",1,0,0,2010-03-24,2010-03-24,500000
02675276,"Middleton Enterprises Ltd",1,0,0,2013-10-09,2013-10-09,200000
02670198,"CMS Chemicals Ltd",1,0,0,2004-08-31,2004-08-31,122788
2649059,"Leisure Training Corporation Ltd.",1,0,0,2012-06-08,2012-06-08,500000
265794,"InterMarine Offshore Services Ltd",1,0,0,2008-11-25,2008-11-25,250000
02669279,"Hutton Chemicals Limited",1,0,0,2009-10-23,2009-10-23,200000
2660337,"Hobden Projects Ltd",1,0,0,2008-04-25,2008-04-25,300000
02657940,"InterMarine Offshore Services Limited",1,0,0,2009-12-03,2009-12-03,250000
2675585,"Bestway (Northern) Limited",1,0,0,2011-11-03,2011-11-03,500000
267687,"Weetabix Ltd",1,0,0,2001-03-20,2001-03-20,500000
2687603,"Fort Vale Ltd",1,0,0,2013-06-27,2013-06-27,1050000
2690003,"PHD Modular Access Services Limited",1,0,0,2025-07-16,2025-07-16,400000
2695197,"Currie Jones Associates Ltd",1,0,0,2021-02-22,2021-02-22,200000
SC245323,"Y50 Limited",1,0,0,2008-08-30,2008-08-30,150000
SC245694,"Clyde Valley Drilling Ltd",1,0,0,2006-09-19,2006-09-19,150000
02649066,"Centerpoint Insurance Service Ltd",1,0,0,2004-03-05,2004-03-05,1000000
2713276,"Sterling Capitol Plc",1,0,0,2004-10-01,2004-10-01,16000000
271419,"Venson Automotive Solutions Ltd",1,0,0,2008-10-15,2008-10-15,5000000
02646243 ?,"Walsall Conservative Investments Limited",1,0,0,2023-07-12,2023-07-12,500000
02635632,"Parkhill Estates Limited",1,0,0,2002-03-19,2002-03-19,250000
02629534,"Triangle Partnership Ltd",1,0,0,2001-11-23,2001-11-23,400000
2736120,"Ministry of Sound Ltd",1,0,0,2010-01-15,2010-01-15,130000
02616448,"Floplast Limited",1,0,0,2015-03-23,2015-03-23,200000
2738476,"Texalan Trousers Ltd",1,0,0,2001-05-26,2001-05-26,200000
273961,"P M B Holdings Ltd",1,0,0,2008-12-08,2008-12-08,650000
2743978,"P J Brown (Construction) Ltd",1,0,0,2015-04-28,2015-04-28,997000
02613615,"Nu Flame Limited",1,0,0,2015-06-30,2015-06-30,175000
2754550,"Stanmore Contractors Limited",1,0,0,2024-05-24,2024-05-24,500000
SC248243,"First Oil Exploration (North Sea) Limited",1,0,0,2007-04-11,2007-04-11,1000000
2761533,"H H Associates Ltd",1,0,0,2005-12-01,2005-12-01,96500
02606752,"Irwin Mitchell",1,0,0,2006-07-18,2006-07-18,910000
2764757,"The House Builders Federation",1,0,0,2003-10-01,2003-10-01,1086900
2771432,"TruckEast Ltd",1,0,0,2017-05-30,2017-05-30,200000
2773528,"Targetfollow Estates Ltd",1,0,0,2013-09-21,2013-09-21,495000
02605138,"Savills (L&P) Ltd",1,0,0,2006-07-10,2006-07-10,200000
02597264,"Clearview Homes Limited",1,0,0,2016-02-11,2016-02-11,2000000
278208,"William Hill Organisation Ltd",1,0,0,2013-05-09,2013-05-09,500000
02591373,"Kensington Development",1,0,0,2012-10-14,2012-10-14,800000
2787759,"CROSSIER PROPERTIES LIMITED",1,0,0,2019-09-30,2019-09-30,500000
2791970,"Canary Wharf Group",1,0,0,2010-03-31,2010-03-31,350000
2793828,"British Land Property Advisers Limited",1,0,0,2007-04-22,2007-04-22,150000
02589328,"Fitness Industry Association Limited",1,0,0,2007-08-10,2007-08-10,557500
SC254848,"Homarna Ecostore Limited",1,0,0,2023-12-31,2023-12-31,260000
00141748,"Express Newspapers",1,0,0,,,7680000
2815627,"London Films Ltd",1,0,0,2017-05-30,2017-05-30,1500000
2819722,"Evans Randall Ltd",1,0,0,2008-06-12,2008-06-12,5000000
2819801,"Happybadge Projects Limited",1,0,0,2019-11-19,2019-11-19,5000000
00133936,"Coleman Investments Ltd",1,0,0,2007-02-28,2007-02-28,500000
2835923,"One Source",1,0,0,2001-03-07,2001-03-07,900000
2853595,"APOGEE CORPORATION LIMITED",1,0,0,2017-06-24,2017-06-24,450000
02575563,"Dial House Consultants Ltd",1,0,0,2009-10-23,2009-10-23,600000
2857568,"Labour Rooms (Huddersfield) Limited",1,0,0,2014-04-02,2014-04-02,200000
025750276,"MP Holdings Ltd",1,0,0,2004-05-19,2004-05-19,170100
02566542,"Planit Events Ltd",1,0,0,2004-04-21,2004-04-21,2500000
02553413,"Johnsey Estates (1990) Ltd",1,0,0,2007-05-02,2007-05-02,300000
02542560,"Mirror Group Newspaper",1,0,0,2001-06-07,2001-06-07,500000
02540797,"The Marlow Building Co. Ltd",1,0,0,2007-06-30,2007-06-30,110000
02538085,"Park Lane Homes Ltd",1,0,0,2017-05-23,2017-05-23,300000
02534626,"Earthline Limited",1,0,0,2017-05-11,2017-05-11,400000
02533347,"University of Essex",1,0,0,2020-07-24,2020-07-24,412500
02529147,"Supreme Property Developments Ltd",1,0,0,2005-10-28,2005-10-28,600000
02525806,"Air Charter Service Plc",1,0,0,2013-07-05,2013-07-05,300000
2885669,"CORPORATE RESEARCH FORUM LIMITED",1,0,0,2019-09-30,2019-09-30,250000
02522307,"Reliance Europe Limited",1,0,0,2015-12-21,2015-12-21,2500000
288641,"Dawley Estates Ltd",1,0,0,2008-12-31,2008-12-31,852410
02521249,"Ultima Business Solutions Ltd",1,0,0,2017-05-16,2017-05-16,962500
2887068,"Savanna Rags International Limited",1,0,0,2017-09-06,2017-09-06,250000
288907,"MSG Sandhurst Ltd",1,0,0,2008-11-10,2008-11-10,285650
SC262689,"G1 GROUP PLC VIRGINIA HOUSE 62 VIRGINIA STREET GLASGOW G1 1TX",1,0,0,2011-05-04,2011-05-04,1000000
02516706,"Witnesham Ventures Ltd",1,0,0,2015-03-24,2015-03-24,499900
2891935,"Kingswood Labour Club Limited",1,0,0,2007-12-19,2007-12-19,4000000
02516364,"Apco UK Ltd",1,0,0,2007-08-24,2007-08-24,550000
2903467,"GBM Minerals Engineering Consultants Ltf",1,0,0,2014-08-14,2014-08-14,400000
2904587,"Network Rail Infrastructure Ltd",1,0,0,2005-06-29,2005-06-29,587500
2904597,"EIRP Ltd",1,0,0,2016-06-14,2016-06-14,4000000
2911121,"Bridge Contract Services Ltd",1,0,0,2008-05-21,2008-05-21,150000
02510580,"Rich Estates Limited",1,0,0,2012-10-16,2012-10-16,860000
2926252,"ODL Securities Ltd",1,0,0,2009-04-30,2009-04-30,200000
2937518,"Carlton TV",1,0,0,2002-12-31,2002-12-31,800000
SC262896,"Drum Property Group Ltd",1,0,0,2015-09-16,2015-09-16,200000
2942366,"Toledo Productions Limited",1,0,0,2024-05-30,2024-05-30,50000000
02487241,"Gertler Properties Services Ltd",1,0,0,2005-04-02,2005-04-02,500000
02469757,"Elmbirch Properties Limited",1,0,0,2024-07-24,2024-07-24,500000
2971884,"Richmond Cars Ltd",1,0,0,2019-08-05,2019-08-05,1000000
2987598,"Elite Mobile Limited",1,0,0,2018-03-28,2018-03-28,250000
02466578,"Firoka (Kings Cross) Ltd",1,0,0,2014-11-21,2014-11-21,800000
3002310,"R.Collard Ltd",1,0,0,2023-11-08,2023-11-08,200000
02464910,"Peter Hambro Ltd",1,0,0,2011-09-29,2011-09-29,2500000
3003157,"The London Basement Co Ltd",1,0,0,2007-11-18,2007-11-18,218000
02459918,"Intuition Publishing Ltd",1,0,0,2010-04-06,2010-04-06,5000000
3011034,"Trust Inns Ltd",1,0,0,2008-04-01,2008-04-01,5000000
3013575,"The Video Meeting Company Limited",1,0,0,2005-02-25,2005-02-25,13193000
3016802,"Crag Group Limited",1,0,0,2001-10-21,2001-10-21,900000
301961,"No1 Currency Limited",1,0,0,2008-11-30,2008-11-30,1000000
3020003,"Heyford Park Management Company Ltd",1,0,0,2019-12-10,2019-12-10,500000
3020522,"HCA International Ltd",1,0,0,2011-09-20,2011-09-20,850000
3036025,"Hazard Safety Products Limited",1,0,0,2008-05-28,2008-05-28,500000
SC264196,"Cleartech Water Solutions Co Ltd",1,0,0,2006-11-30,2006-11-30,185000
3039790,"Hub Media",1,0,0,2009-12-10,2009-12-10,661256
3042024,"Clipper Logistics PLC",1,0,0,2020-07-22,2020-07-22,985400
02435604,"Honeywood Enterprises Ltd",1,0,0,2009-10-29,2009-10-29,450000
3055772,"Oakgate Group PLC",1,0,0,2008-06-04,2008-06-04,140000
02420400,"Entertainment and Leisure Software Publishers Association Ltd",1,0,0,2009-08-03,2009-08-03,600000
00115092,"Ilfracombe & District Liberal Club",1,0,0,2004-04-01,2004-04-01,945000
307491,"Fit Print Ltd",1,0,0,2008-12-31,2008-12-31,250000
02413782,"Cake Media Ltd",1,0,0,2012-05-01,2012-05-01,200000
02406364,"Dann & Co (Display) Ltd",1,0,0,2003-11-12,2003-11-12,200000
3080409,"LBI Ltd",1,0,0,2009-10-31,2009-10-31,9300100
00097117,"Selfridges Retail Limited",1,0,0,2009-10-02,2009-10-02,3000000
3082081,"L E Group",1,0,0,2002-11-12,2002-11-12,800000
308628,"Sanders And Partners Ltd",1,0,0,2008-12-31,2008-12-31,120000
3087554,"GHM Ltd",1,0,0,2007-12-01,2007-12-01,180500
3087938,"Clipper Ventures PLC",1,0,0,2019-11-07,2019-11-07,200000
02402893,"Lee Park Properties",1,0,0,2010-03-13,2010-03-13,500000
309498,"Tronos Limited",1,0,0,2019-10-17,2019-10-17,500000
02402714,"Unite Integrated Solutions Ltd",1,0,0,2001-11-07,2001-11-07,1410000
3103760,"RTA Properties Ltd",1,0,0,2007-12-10,2007-12-10,2620000
SC268456,"Kilbride Construction",1,0,0,2009-04-03,2009-04-03,200000
3107220,"Parklane Properties (Leeds) Ltd",1,0,0,2010-03-11,2010-03-11,198000
3109611,"Progress Ltd",1,0,0,2005-04-10,2005-04-10,511000
3110417,"David Manners Group Ltd",1,0,0,2014-10-02,2014-10-02,200000
02386356,"Able UK Limited",1,0,0,2018-11-02,2018-11-02,160000
00092181,"Northampton Machinery Co Ltd",1,0,0,2007-04-19,2007-04-19,180500
SC271815,"TULLOCH DEVELOPMENTS LIMITED",1,0,0,2016-03-31,2016-03-31,200000
02368567,"Dhillon Hotels Ltd",1,0,0,2005-04-21,2005-04-21,194000
3128652,"Thomas Nock Martin Limited",1,0,0,2017-12-20,2017-12-20,152500
3130775,"Watchacre Limited",1,0,0,2005-03-01,2005-03-01,200000
3135665,"Olympic (South) Ltd",1,0,0,2010-03-25,2010-03-25,2500000
3135724,"Wallington Cars & Couriers Limited",1,0,0,2015-01-30,2015-01-30,175000
02366970,"E.On UK PLC",1,0,0,2016-12-07,2016-12-07,840000
3146195,"C F Roberts (Electrical Contractors) PLC",1,0,0,2019-11-14,2019-11-14,200000
3146517,"Stockcity Ltd",1,0,0,2006-12-01,2006-12-01,300000
3147746,"ASHS Ltd",1,0,0,2007-12-20,2007-12-20,550000
3168003,"Deneview Properties Limited",1,0,0,2019-12-16,2019-12-16,3000000
3173270,"The Company Agency Ltd",1,0,0,2001-08-01,2001-08-01,500000
02366682,"Yorkshire Water Services Ltd",1,0,0,2010-11-29,2010-11-29,501709
3187591,"Argent Fund Management Limited",1,0,0,2019-12-05,2019-12-05,1000000
3201640,"Propaganda Agency Limited",1,0,0,2007-12-12,2007-12-12,100000
3202995,"HISL Limited",1,0,0,2003-01-15,2003-01-15,400000
3205872,"Brunswick Public Relations Ltd",1,0,0,2001-08-16,2001-08-16,900000
320784,"National House Building Council",1,0,0,2023-12-31,2023-12-31,1386700
02365913,"Barnfield Construction Ltd",1,0,0,2014-03-13,2014-03-13,180000
3209983,"David Menzies Management Services Ltd",1,0,0,2015-02-27,2015-02-27,200000
321135,"Eco-solutions Ltd",1,0,0,2008-12-31,2008-12-31,250000
3215277,"Aitch Group",1,0,0,2004-02-27,2004-02-27,1000000
SC272877,"Taypoint Limited",1,0,0,2008-04-17,2008-04-17,291863
32263210,"GB Railways Group Plc",1,0,0,2003-02-20,2003-02-20,750000
02359982,"Realreed Ltd",1,0,0,2003-12-11,2003-12-11,900000
3232514,"Liverpool Victoria Insurance (Sponsorship)",1,0,0,2008-07-18,2008-07-18,160000
3234103,"Steffco Limited",1,0,0,2011-05-11,2011-05-11,250000
02356906,"PARAMOUNT ELECTRONICS LIMITED",1,0,0,2022-03-24,2022-03-24,300000
3239223,"Montgomery Waters Ltd",1,0,0,2022-11-16,2022-11-16,250000
3239838,"Ask Property Developments",1,0,0,2004-06-01,2004-06-01,500000
3249040,"ADA Marketing Resources Limited",1,0,0,2005-01-14,2005-01-14,150000
02347461,"Crediton Limited",1,0,0,2013-12-31,2013-12-31,160000
02347002,"DLA Partners Ltd",1,0,0,2001-09-28,2001-09-28,1105000
02337575,"Sunrise Radio Ltd",1,0,0,2009-10-20,2009-10-20,200000
3263608,"Lifetime Training Group Ltd",1,0,0,2011-06-07,2011-06-07,2600000
02334308,"C SPENCER LIMITED",1,0,0,2025-02-11,2025-02-11,500000
SC283699,"Peak Scientific International Ltd",1,0,0,2014-09-30,2014-09-30,1000000
02328215,"Wise Trading Ltd",1,0,0,2001-05-27,2001-05-27,150000
3280380,"Bain & Company Holdings Ltd",1,0,0,2009-12-31,2009-12-31,2566520
02323570,"G&M Supplies (Cumbria) Limited",1,0,0,2001-06-06,2001-06-06,150000
02311951,"Tower Casino Group Ltd",1,0,0,2001-05-15,2001-05-15,1000000
3288386,"B & B Boys Ltd",1,0,0,2007-09-15,2007-09-15,250000
02308101,"Small Business Bureau",1,0,0,2001-06-26,2001-06-26,220000
3300783,"Nova International",1,0,0,2009-06-30,2009-06-30,250000
3300992,"Westmont Management Limited",1,0,0,2019-12-12,2019-12-12,2000000
3302756,"Sanderson Knight Properties LTD",1,0,0,2001-07-14,2001-07-14,150000
02307708,"Furniture Village Ltd",1,0,0,2010-04-16,2010-04-16,1500000
3312673,"Birmingham International Airport",1,0,0,2002-12-31,2002-12-31,800000
3324439,"Rail Freight Group",1,0,0,2006-09-09,2006-09-09,200000
3325149,"Cygnet Properties and Leisure PLC",1,0,0,2017-06-01,2017-06-01,200000
02299069,"Ignis Ltd",1,0,0,2015-02-16,2015-02-16,160000
02296867,"SWISSCORP LIMITED",1,0,0,2024-06-10,2024-06-10,230000
334003,"Jersey House Developments Ltd",1,0,0,2008-12-31,2008-12-31,5767740
3348003,"Mainstream Training Limited",1,0,0,2022-04-21,2022-04-21,200000
3349135,"Liberty Commodities Limited",1,0,0,2017-01-27,2017-01-27,1200000
3350548,"Campbell Rigg Design Ltd",1,0,0,2007-12-13,2007-12-13,500000
3363167,"Bonds Limited",1,0,0,2016-03-13,2016-03-13,200000
02292282,"Federal Aviation Ltd",1,0,0,2001-06-07,2001-06-07,615054
3368112,"Steep Investments Ltd",1,0,0,2007-12-28,2007-12-28,166668
3379422,"Karis Developments",1,0,0,2019-11-06,2019-11-06,500000
3383937,"Acetrip Limited",1,0,0,2022-03-10,2022-03-10,240000
02276251,"RH Development (Property) Ltd",1,0,0,2006-04-04,2006-04-04,1000000
340076,"Gascoines Group Limited",1,0,0,2017-08-22,2017-08-22,500000
3404361,"Howells Associates Ltd",1,0,0,2012-04-02,2012-04-02,157000
02266458,"Sunley Estates Plc",1,0,0,2001-12-31,2001-12-31,430000
340897,"Betterworld Limited",1,0,0,2008-10-31,2008-10-31,2500000
02263711,"McAlpine Aviation Services Ltd",1,0,0,2001-06-13,2001-06-13,1822721
3413843,"SISU CAPITAL LIMITED",1,0,0,2023-05-24,2023-05-24,2500000
02261161,"Palm Group Limited",1,0,0,2010-04-21,2010-04-21,362800
3421996,"Latimer Associates (U.K) Limited",1,0,0,2019-12-19,2019-12-19,2500000
3425284,"Barry Howard Homes Ltd",1,0,0,2007-12-28,2007-12-28,500000
3425571,"Klein Consult Limited",1,0,0,2022-03-30,2022-03-30,500000
342596345,"Apple Interiors",1,0,0,2019-12-03,2019-12-03,700000
02261100,"Donald P Reid",1,0,0,2007-03-14,2007-03-14,251400
02260743,"Dorchester Estates Limited",1,0,0,2015-05-27,2015-05-27,500000
343498,"Charles Mason & Associates Ltd",1,0,0,2008-10-27,2008-10-27,300000
3435514,"Pivot Business Management Limited",1,0,0,2020-07-22,2020-07-22,985400
02254293,"Exclusive Hotels (London) Ltd",1,0,0,2003-11-08,2003-11-08,140000
3452103,"Court Property Developers Ltd",1,0,0,2007-12-31,2007-12-31,120000
02251309,"Tennants of Yorkshire Antique & Fine Art Auctioneers Ltd",1,0,0,2012-10-24,2012-10-24,1000000
02239011,"Euravia Engineering and Supply Co Ltd",1,0,0,2015-04-10,2015-04-10,200000
345677,"Kinmont Ltd",1,0,0,2008-11-13,2008-11-13,2180000
02237723,"William Lamb (Holdings) Ltd",1,0,0,2007-04-05,2007-04-05,1500000
345692,"Printhouse Corporation",1,0,0,2008-10-01,2008-10-01,277000
3456920,"Printhouse Corporation Ltd",1,0,0,2009-03-13,2009-03-13,230800
3458788,"Airbus UK Ltd",1,0,0,2007-12-10,2007-12-10,500000
345885,"J Wharton (Shipping) Limited",1,0,0,2019-11-19,2019-11-19,1000000
02234290,"Elizabeth Hindmarch Public Relations Ltd",1,0,0,2003-11-28,2003-11-28,259600
02220843,"Cashmere UK Limited",1,0,0,2024-03-14,2024-03-14,300000
3472302,"1st Machine Tool Accessories",1,0,0,2015-01-13,2015-01-13,500000
3475737,"Sita Holdings UK Ltd",1,0,0,2011-06-24,2011-06-24,1380000
348644,"Charles Blyth & Co Limited",1,0,0,2017-08-29,2017-08-29,200000
SC286143,"Wecando Limited",1,0,0,2007-04-27,2007-04-27,1000000
02220700,"Tooles Transport Limited",1,0,0,2015-04-22,2015-04-22,200000
02218195,"George Downling Construction Ltd",1,0,0,2012-03-08,2012-03-08,2500000
02216100,"Fujitsu EMEA PLC",1,0,0,2016-05-16,2016-05-16,1680000
02212643?,"MARUSSIA BEVERAGES UK LIMITED",1,0,0,2017-05-28,2017-05-28,1000000
3505485,"NPL Estates",1,0,0,2005-01-31,2005-01-31,145400
02203362,"Managing the Service Business Limited",1,0,0,2015-02-04,2015-02-04,264000
02200819,"Penhurst Properties Ltd",1,0,0,2005-04-04,2005-04-04,185000
3528416,"SAB Miller",1,0,0,2014-01-15,2014-01-15,900000
3533508,"Westmere Ltd",1,0,0,2001-06-19,2001-06-19,200000
02191680,"Finn-Kelcey & Chapman",1,0,0,2007-04-02,2007-04-02,117500
02188572,"Malabar Capital Ltd",1,0,0,2005-03-17,2005-03-17,500000
02185283,"Viking Office Supplies Ltd",1,0,0,2004-11-23,2004-11-23,675625
35561,"Bloomberg Tradebrook Europe Ltd",1,0,0,2008-10-10,2008-10-10,2500000
355796,"Rotherfield Peppard PLC",1,0,0,2001-05-04,2001-05-04,200000
3564197,"Double Eight Ltd",1,0,0,2008-04-25,2008-04-25,2500000
3570702,"Royal Automobile Club",1,0,0,2009-12-15,2009-12-15,115000
357881,"The Walbrook Club Ltd",1,0,0,2008-10-10,2008-10-10,850000
02165350,"Time 24 Limited",1,0,0,2001-06-21,2001-06-21,200000
358456,"Knight Security Ltd",1,0,0,2008-11-10,2008-11-10,120790
3586615,"Powergen",1,0,0,2003-08-06,2003-08-06,800000
02162561,"Bloor Homes Limited",1,0,0,2015-03-20,2015-03-20,1000000
359837,"Ennismore Fund Management Ltd",1,0,0,2008-12-17,2008-12-17,2500000
02162164,"Hopkins and Moore (Developments) Limited",1,0,0,2017-05-13,2017-05-13,500000
3602298,"Bentley Training & Investment Ltd",1,0,0,2004-05-11,2004-05-11,176250
02158998,"Galliard Homes Limited",1,0,0,2016-05-16,2016-05-16,2000000
3612935,"Steve Dooley Associates Ltd",1,0,0,2001-05-08,2001-05-08,200000
02158429,"Skipton Properties Ltd",1,0,0,2005-11-18,2005-11-18,2000000
3616068,"Premier Waste Management Ltd",1,0,0,2005-02-14,2005-02-14,1057500
3622696,"A.D.S Recycling Limited",1,0,0,2018-11-12,2018-11-12,235000
3627773,"Goredd Ltd",1,0,0,2021-05-10,2021-05-10,200000
3628074,"J O Hambro Limited",1,0,0,2019-11-14,2019-11-14,2500000
3633621,"Investec PLC",1,0,0,2013-10-24,2013-10-24,2000000
3634473,"Number Eleven Ltd",1,0,0,2007-12-17,2007-12-17,1500000
3650583,"BECKHILL ENGINEERING LIMITED",1,0,0,2017-03-31,2017-03-31,250000
3651326,"Bloomberg UK Ltd",1,0,0,2003-10-17,2003-10-17,1938800
02154099,"Weightron Bilanciai Limited",1,0,0,2019-11-13,2019-11-13,700000
366052,"Cubitt Consulting Ltd",1,0,0,2008-12-11,2008-12-11,500400
3672176,"Montgomery Tax Services Ltd",1,0,0,2006-12-31,2006-12-31,500100
3674231,"Rainbow Fostering Services Ltd",1,0,0,2005-04-19,2005-04-19,250000
3674801,"Chronos Publishing Services Ltd",1,0,0,2001-05-10,2001-05-10,123375
02147074,"Brixham Trawler Agents Limited",1,0,0,2024-03-04,2024-03-04,500000
3675750,"Euro RSCG London Ltd",1,0,0,2009-03-31,2009-03-31,15773642
367601,"Christofferson, Robb & Co (UK) LLP",1,0,0,2008-05-13,2008-05-13,1000000
02140833,"Newcastle Jewellery Ltd",1,0,0,2015-01-30,2015-01-30,300000
369192,"CQS Management Ltd",1,0,0,2008-11-10,2008-11-10,538625
02140368,"Seven E Communications",1,0,0,2003-02-27,2003-02-27,500000
3698267,"Install Automation Limited",1,0,0,2019-11-01,2019-11-01,171000
02135433,"Venture Marketing Group Ltd.",1,0,0,2006-02-06,2006-02-06,1000000
3714934,"Port of Tyne Distribution Limited",1,0,0,2013-02-04,2013-02-04,850000
02134593,"Mabey Securities Ltd.",1,0,0,2001-08-14,2001-08-14,499500
02131576,"Fortec Distribution Network Ltd",1,0,0,2014-07-04,2014-07-04,620000
3727171,"MWL International Ltd",1,0,0,2019-01-02,2019-01-02,180000
3734411,"Northumbrian Leisure Limited",1,0,0,2014-09-01,2014-09-01,300000
3736814,"KEMBLE AIRFIELD ESTATES LIMITED",1,0,0,2018-09-21,2018-09-21,200000
373723,"Urban Visions (t/a Vision Twenty One)",1,0,0,2008-12-31,2008-12-31,48600
3737230,"Urban Visions Limited (t/a Vision Twentyone)",1,0,0,2010-03-31,2010-03-31,196400
02126218,"Norseman Holdings Plc",1,0,0,2010-09-17,2010-09-17,586901
373969,"Eden Financial Ltd",1,0,0,2008-10-10,2008-10-10,600000
02119493,"Interval International Ltd",1,0,0,2005-06-01,2005-06-01,180000
3757703,"The Durham Company Limited",1,0,0,2017-05-30,2017-05-30,200000
02114600,"B.D.S. Contracts (Milford Haven) Limited",1,0,0,2010-04-13,2010-04-13,200000
3762890,"Askalix",1,0,0,2001-12-10,2001-12-10,699900
3776053,"Rag Collections Ltd",1,0,0,2013-06-18,2013-06-18,190000
3784476,"Asian Media and Marketing Group",1,0,0,2007-12-01,2007-12-01,250000
3789087,"Damac Group Ltd",1,0,0,2009-04-22,2009-04-22,170000
3796787,"Friedman Productions Limited",1,0,0,2024-04-08,2024-04-08,15000000
3800290,"ARQ International",1,0,0,2007-12-12,2007-12-12,160540
3808615,"Careandhealth Ltd",1,0,0,2005-12-14,2005-12-14,822500
02106087,"General Insurance Brookers (UK) PLC",1,0,0,2010-04-29,2010-04-29,225000
02098720,"Dodson & Horrell Limted",1,0,0,2010-04-09,2010-04-09,1000000
382964,"Trust Reservations Limited",1,0,0,2008-10-01,2008-10-01,1000000
02095117,"Thomas Estates Ltd",1,0,0,2005-03-31,2005-03-31,1000000
SC288394,"Stewart & McKenna Limited",1,0,0,2007-04-26,2007-04-26,500000
02094400,"Mogford Ltd",1,0,0,2015-04-10,2015-04-10,200000
3847022,"MC2 Manchester Ltd",1,0,0,2011-05-29,2011-05-29,1059800
3868901,"Daylesford Organic Ltd",1,0,0,2018-09-29,2018-09-29,355100
02089582,"Shore Capital Group PLC",1,0,0,2006-03-20,2006-03-20,5000000
02088171,"Strand Harbour Securities Ltd",1,0,0,2010-03-30,2010-03-30,200000
3883153,"Teneo Strategy Limited",1,0,0,2024-04-01,2024-04-01,1275000
3883707,"Cheyne Capital Management Limited",1,0,0,2025-12-10,2025-12-10,500000
3891208,"Anglia (NW) Ltd",1,0,0,2005-04-12,2005-04-12,200000
389215,"EUK Consulting Limited",1,0,0,2008-12-08,2008-12-08,225000
3897245,"Bloxham Mill Ltd",1,0,0,2015-03-23,2015-03-23,200000
3900828,"Safetech Systems Limited",1,0,0,2017-05-28,2017-05-28,150000
02072876,"SEP Properties Limited",1,0,0,2015-06-01,2015-06-01,500000
3909880,"Global Financial Marketing Plc",1,0,0,2005-03-09,2005-03-09,600000
391212,"Westfield Shopping Towns Ltd",1,0,0,2008-12-12,2008-12-12,540000
3913746,"Inspired Gaming",1,0,0,2014-07-29,2014-07-29,80000
3914791,"LCA Limited",1,0,0,2015-02-27,2015-02-27,1000000
02065043,"Caddick Group PLC",1,0,0,2010-04-10,2010-04-10,300000
3920400,"Testhouse Limited",1,0,0,2010-09-06,2010-09-06,200000
02056541,"Exotix Ltd",1,0,0,2010-05-14,2010-05-14,5000000
00075560,"Liberal Club Buildings Co Ltd",1,0,0,2001-05-11,2001-05-11,200000
3927901,"Gala Group II Limited",1,0,0,2014-12-31,2014-12-31,745000
393612,"PJ Care Ltd",1,0,0,2008-10-27,2008-10-27,300000
393836,"Glevum Security Ltd",1,0,0,2008-12-10,2008-12-10,120000
02037838,"Trygon Limited",1,0,0,2001-05-24,2001-05-24,500000
02033792,"F W S Carter Ltd",1,0,0,2005-05-16,2005-05-16,500000
3977398,"Bond Wolfe Assets Limited",1,0,0,2014-09-29,2014-09-29,250000
02027334,"Holland Park Galleries Ltd",1,0,0,2014-03-20,2014-03-20,1450000
3982154,"EUK Consulting Ltd",1,0,0,2003-10-01,2003-10-01,757800
3984680,"Arden Park Properties Ltd",1,0,0,2015-09-03,2015-09-03,500000
02022902,"Dickson Insurance Brokers Ltd",1,0,0,2002-12-06,2002-12-06,200000
3991646,"Achilles Accountancy Ltd",1,0,0,2017-09-05,2017-09-05,500000
3996086,"Staffline Recruitment Limited",1,0,0,2015-05-01,2015-05-01,300000
4000274,"Argo Capital Management Limited",1,0,0,2025-11-17,2025-11-17,300000
4000403,"Alcaline Limited",1,0,0,2019-12-19,2019-12-19,300000
SC292439,"Atholl Hydro Limited",1,0,0,2026-01-09,2026-01-09,499900
4004930,"Infohealth Ltd",1,0,0,2019-11-15,2019-11-15,600000
4006527,"Eastern Atlantic Helicopters Ltd",1,0,0,2009-07-17,2009-07-17,412600
4018280,"Flanagan Group Limited",1,0,0,2009-01-07,2009-01-07,610000
02021265,"Palace Estates Ltd",1,0,0,2014-10-24,2014-10-24,250000
4031272,"Onecom Ltd",1,0,0,2017-06-20,2017-06-20,500000
4031737,"Home Marketing Ltd",1,0,0,2003-08-15,2003-08-15,850000
02017289,"TSL Education Ltd",1,0,0,2010-09-15,2010-09-15,800000
4037956,"Industrial Investments (Midlands) Limited",1,0,0,2014-12-31,2014-12-31,1480000
SC293135,"The Middelton Greeves Consultancy Ltd",1,0,0,2007-03-20,2007-03-20,150000
4043669,"Weaver Rose Accountants Ltd",1,0,0,2014-10-24,2014-10-24,300000
4043759,"Towergate Underwriting Group Ltd",1,0,0,2008-01-30,2008-01-30,1500000
02012715,"Pimlico Plumbers Limited",1,0,0,2018-03-31,2018-03-31,2500000
4046934,"Carrousel Capital Ltd",1,0,0,2007-11-28,2007-11-28,5000000
02009019,"Veetee Rice Limited",1,0,0,2014-11-13,2014-11-13,800000
4058198,"the capital dairy Company ltd",1,0,0,2019-12-17,2019-12-17,300000
4059741,"Freshwater UK Limited",1,0,0,2015-02-02,2015-02-02,175540
4062905,"Hybeck Holdings Ltd",1,0,0,2017-01-26,2017-01-26,1500000
02004876,"Bentleys Entertainments Ltd",1,0,0,2006-12-09,2006-12-09,763750
40705,"Rob Beale Ltd",1,0,0,2008-12-03,2008-12-03,30000
02002335,"M.P.B. Structures Limited",1,0,0,2025-03-20,2025-03-20,250000
4079060,"D & K Contracting Services Ltd",1,0,0,2007-11-13,2007-11-13,250000
4080651,"3DMD LIMITED",1,0,0,2019-09-06,2019-09-06,250000
4092410,"Ruxley Ventures Ltd",1,0,0,2009-02-13,2009-02-13,350000
01998019,"Holding & Barnes (CI) Ltd",1,0,0,2014-04-01,2014-04-01,500000
409815,"Butterfield Signs Ltd",1,0,0,2008-11-04,2008-11-04,550000
4104284,"KX Gym UK",1,0,0,2020-04-01,2020-04-01,875000
01997495,"Consolidated Property Wilmslow Ltd",1,0,0,2025-11-24,2025-11-24,2000000
01991786,"Flexible Securities Ltd",1,0,0,2007-07-31,2007-07-31,2500000
4119480,"Roodsafe Ltd",1,0,0,2021-04-27,2021-04-27,500000
4119480 ?,"Roodsafe Ltd",1,0,0,2021-03-17,2021-03-17,1000000
01990656,"DW Contractors (Oxford) Limited",1,0,0,2014-11-12,2014-11-12,500000
4128966,"Afia Ltd",1,0,0,2017-05-11,2017-05-11,200000
413150,"Cringle Corporation Ltd",1,0,0,2009-12-31,2009-12-31,828464
4131774,"Scalini Ltd",1,0,0,2008-04-26,2008-04-26,150000
4139792,"RAGM Plc",1,0,0,2017-03-16,2017-03-16,1500000
41408,"Fortress Hold Howard",1,0,0,2001-02-27,2001-02-27,250000
4141076,"3V International Limited",1,0,0,2018-10-09,2018-10-09,800000
4154226,"City & West End Services Ltd",1,0,0,2007-11-14,2007-11-14,625012
01983318,"Polwoods Ltd",1,0,0,2003-06-18,2003-06-18,750000
01981507,"DANIEL KATZ LIMITED",1,0,0,2022-12-05,2022-12-05,400000
4164594,"The Funding Corporation Group Ltd",1,0,0,2011-06-24,2011-06-24,10500000
01980311,"Mozafarian Jewellers Ltd",1,0,0,2005-11-25,2005-11-25,150000
4191106,"GKN PLC - Sponsorship",1,0,0,2007-11-04,2007-11-04,140000
01970836,"Majormark Ltd",1,0,0,2006-09-05,2006-09-05,1000000
01963863,"Pickering Safety Products Ltd",1,0,0,2008-04-03,2008-04-03,150000
4207327,"Candy & Candy Ltd",1,0,0,2010-02-16,2010-02-16,1000000
4213606,"The Artbar Ltd",1,0,0,2007-12-18,2007-12-18,550000
4222103,"Lifestyle Executive Vehicles Ltd",1,0,0,2008-06-16,2008-06-16,146875
4227707,"Goldline Cars",1,0,0,2015-03-27,2015-03-27,300000
4229054,"Kirkglade Ltd",1,0,0,2008-04-25,2008-04-25,1500000
4229941,"Stonegrave Properties Limited",1,0,0,2008-04-29,2008-04-29,140000
SC298186,"Global DVD Ltd",1,0,0,2007-02-20,2007-02-20,200000
42367576,"Warwick Emanuel PR Ltd",1,0,0,2005-11-09,2005-11-09,105000
SC300583,"Toon Media Ltd",1,0,0,2006-09-19,2006-09-19,215000
4251750,"LONDON INN HOTELS (STRATFORD) LIMITED",1,0,0,2023-11-23,2023-11-23,818600
4263139,"CH2M Hill Services Ltd",1,0,0,2011-07-22,2011-07-22,800000
01953709,"Knights Chemist Limited",1,0,0,2024-07-02,2024-07-02,250000
01949116,"Pass J. Holdings Limited",1,0,0,2009-11-16,2009-11-16,300000
01948599,"Stapleford Park Ltd",1,0,0,2007-02-09,2007-02-09,600000
4269401,"Strawson Farming",1,0,0,2019-12-03,2019-12-03,500000
4271068,"Malcor Estates Ltd",1,0,0,2014-09-21,2014-09-21,495000
4295981,"Huawei Technologies (UK) Ltd",1,0,0,2015-12-23,2015-12-23,1125000
4298081,"SELECT GROUP INTERNATIONAL LIMITED",1,0,0,2022-12-14,2022-12-14,20000000
4299047,"Hair Now Ltd",1,0,0,2003-10-23,2003-10-23,700000
4308203,"Teltscher Industrial Ltd",1,0,0,2008-06-27,2008-06-27,749600
01938852,"Nicholas Holdings",1,0,0,2004-02-20,2004-02-20,250000
01938047,"Swan Homes Ltd",1,0,0,2004-07-12,2004-07-12,505000
432202,"The Book Club (Crowborough)",1,0,0,2024-05-23,2024-05-23,250000
4322680,"RC Tuxford Exports Ltd",1,0,0,2009-02-25,2009-02-25,3831600
01932007,"Coleridge Lodge Limited",1,0,0,2013-10-24,2013-10-24,200000
4324261,"Raico Properties Limited",1,0,0,2024-06-28,2024-06-28,500000
0192994,"Foster Yeoman Ltd",1,0,0,2001-03-07,2001-03-07,1000000
4332146,"Service Graphics Ltd",1,0,0,2006-01-16,2006-01-16,1732400
435007,"C & C Business Solutions Ltd",1,0,0,2008-10-15,2008-10-15,4000000
4350139,"Plena Capital Limited",1,0,0,2018-05-02,2018-05-02,2500000
4350565,"Ultimate Finance Group PLC",1,0,0,2014-04-30,2014-04-30,350000
435123,"Magdalen Hall Company Ltd",1,0,0,2008-12-31,2008-12-31,156250
sc149191,"Dunalastair Estates Ltd",1,0,0,2002-06-30,2002-06-30,767568
01915771,"VT Group PLC",1,0,0,2007-09-06,2007-09-06,800000
01913794,"NCL Investments",1,0,0,2004-01-09,2004-01-09,250000
435725,"Northern Film and Media (Sponsorship)",1,0,0,2008-11-10,2008-11-10,200000
4377155,"Chandlers Country Properties Limited",1,0,0,2017-06-07,2017-06-07,200000
sc151287,"Mac Asphalt Ltd",1,0,0,2015-04-21,2015-04-21,300000
01913634,"HT & Co (Drinks) Ltd",1,0,0,2014-05-08,2014-05-08,200000
4393256,"Mercer St Marketing & Consulting Ltd",1,0,0,2009-05-16,2009-05-16,150000
4400659,"Select Support Partnership Ltd",1,0,0,2015-03-09,2015-03-09,200000
4401006,"Heavenly Group Limited",1,0,0,2014-08-21,2014-08-21,5838000
4402220,"Network Rail - Sponsorship",1,0,0,2008-06-27,2008-06-27,600000
4403030,"Pell Frischmann Consultants Ltd",1,0,0,2004-05-24,2004-05-24,750000
4408988,"Simply Property Management",1,0,0,2014-01-06,2014-01-06,1000000
4412483,"Fellow's Associates",1,0,0,2007-05-04,2007-05-04,500000
4415588,"VT Group Services",1,0,0,2008-04-03,2008-04-03,55000
4419468,"Excavation and Contracting Limited",1,0,0,2018-11-20,2018-11-20,185000
01908967,"Independent News & Media Ltd - Sponsorship",1,0,0,2005-10-14,2005-10-14,1115685
01904190,"Peppercorn Property Investments Ltd",1,0,0,2015-04-21,2015-04-21,300000
00075016,"Arthur Price & Co limited",1,0,0,2001-04-18,2001-04-18,500000
4443231,"Allan Mckeown Presents Limited",1,0,0,2014-04-11,2014-04-11,170000
444569,"Sunbelt Rentals Limited",1,0,0,2022-03-23,2022-03-23,1500000
4451975,"Henfield Lodge Aviation Ltd",1,0,0,2008-07-02,2008-07-02,937650
445198,"Henfield Lodge Aviation Ltd",1,0,0,2008-11-24,2008-11-24,885950
4454150,"Total Care and Support Ltd",1,0,0,2015-04-28,2015-04-28,500000
00070963,"South Fulham Constitutional Club",1,0,0,2006-11-23,2006-11-23,499900
4467530,"Leftfield Associates Limited",1,0,0,2010-03-01,2010-03-01,1000000
4467531,"Leftfield Associates Limited",1,0,0,2015-07-15,2015-07-15,1146000
4492402,"T S L Ltd",1,0,0,2020-08-19,2020-08-19,1000000
450836,"Braunstone Ltd",1,0,0,2015-04-23,2015-04-23,500000
01885586,"WS Atkins Limited",1,0,0,2023-06-10,2023-06-10,2400000
4511776,"BB House",1,0,0,2017-09-17,2017-09-17,1000000
01877389,"Deen & Co Ltd",1,0,0,2010-05-18,2010-05-18,300000
01872218,"Local Government Information Unit - Sponsorship",1,0,0,2005-05-31,2005-05-31,125000
01858349,"Aberdeen Exhibition and Conference Centre",1,0,0,2003-03-02,2003-03-02,1200000
01852013,"UPS (UK) Ltd",1,0,0,2001-03-01,2001-03-01,1762500
4525997,"Analogue Electrics Limited",1,0,0,2019-11-29,2019-11-29,200000
4526134,"KENSINGTON SOFTWARE MANAGEMENT LIMITED",1,0,0,2019-09-11,2019-09-11,1000000
01850105,"Shore Capital Stockbrokers Ltd",1,0,0,2013-07-05,2013-07-05,7250000
01848437,"Torchcare Ltd",1,0,0,2002-10-04,2002-10-04,605000
4532340,"Catz Club",1,0,0,2008-06-27,2008-06-27,750000
01848089,"Ellerman Investments Ltd",1,0,0,2006-09-29,2006-09-29,720000
01845796,"Mastcraft Ltd",1,0,0,2007-05-24,2007-05-24,2500000
4542587,"Dixon Prestige Homes Ltd",1,0,0,2008-04-24,2008-04-24,125000
4562419,"Fairhome Care Group (W.L.) Ltd",1,0,0,2008-05-15,2008-05-15,200000
4563461,"Couture Developments Ltd",1,0,0,2007-12-17,2007-12-17,1000000
01841868,"Realty Estates Ltd",1,0,0,2004-07-07,2004-07-07,450000
4573735,"West Properties (UK) Limited",1,0,0,2014-04-18,2014-04-18,530000
01833457,"Rochland Properties Ltd",1,0,0,2004-09-23,2004-09-23,2500000
459094,"Madhu's Limited",1,0,0,2008-12-01,2008-12-01,1216125
01815730,"Huntingdon Life Sciences Ltd",1,0,0,2002-01-11,2002-01-11,150000
4600051,"Surejogi GMS Limited",1,0,0,2012-05-07,2012-05-07,250000
4603075,"IC Technology UK Ltd",1,0,0,2010-01-23,2010-01-23,1800000
4610884,"European Fire Sprinkler Network",1,0,0,2005-08-24,2005-08-24,528700
01813194,"Durrington Corporation",1,0,0,2003-07-02,2003-07-02,220000
462106,"RJJ Management Ltd",1,0,0,2008-10-31,2008-10-31,1000000
462141,"JCCO 110 Ltd",1,0,0,2008-10-17,2008-10-17,450000
4632625,"Wapping Wharf (Umberslade) Limited",1,0,0,2014-12-31,2014-12-31,800000
4640751,"Fortitudo Property Ltd",1,0,0,2021-04-19,2021-04-19,350000
4643533,"SRS Noble House Services Ltd",1,0,0,2009-06-17,2009-06-17,340000
464645,"Johnsons Apparelmaster Limited",1,0,0,2019-11-16,2019-11-16,500000
SC310553,"Scottish Property Group Ltd",1,0,0,2017-03-16,2017-03-16,4000000
466302,"ICICI Bank UK Ltd",1,0,0,2008-11-13,2008-11-13,300000
01802985,"Rhobuck Ltd",1,0,0,2010-05-10,2010-05-10,300000
467432,"Torquay Liberal Association (1949) Limited",1,0,0,2007-12-31,2007-12-31,200000
4680562,"HH Associates",1,0,0,2003-11-04,2003-11-04,1762500
4683806,"Qhotels Limited",1,0,0,2015-03-21,2015-03-21,300000
46916,"Electric Airwaves Limited",1,0,0,2008-12-31,2008-12-31,176250
01795570,"Orient Express Ltd",1,0,0,2001-12-31,2001-12-31,168700
01792127,"ARTYSEA LIMITED",1,0,0,2019-06-18,2019-06-18,500000
01787584,"Airedale Mechanical and Electrical Ltd",1,0,0,2009-09-01,2009-09-01,250000
4726005,"Redshark Ltd",1,0,0,2015-04-20,2015-04-20,687120
472968,"Boodle & Dunthorpe Ltd",1,0,0,2017-05-19,2017-05-19,200000
473075,"Shop Direct Limited",1,0,0,2008-12-19,2008-12-19,200000
01786437,"Barry Simmonds",1,0,0,2001-06-05,2001-06-05,150000
01781016,"Old Thorns Golf & Country Estate Ltd",1,0,0,2010-02-26,2010-02-26,500000
01767817,"City Computing Limited",1,0,0,2015-04-30,2015-04-30,500000
473549,"Smithfield Consultants Limited",1,0,0,2008-11-20,2008-11-20,1545000
4735490,"Smithfield Consultants Limited",1,0,0,2007-11-30,2007-11-30,1100000
4736129,"Univale (Red Fort) Ltd",1,0,0,2010-07-28,2010-07-28,600000
4736130,"Univale Limited (t/a The Red Fort)",1,0,0,2010-03-02,2010-03-02,340000
4746712,"Abbey Total Care Group Ltd",1,0,0,2019-10-30,2019-10-30,162000
4748064,"Reddington Finance Ltd",1,0,0,2004-04-29,2004-04-29,2500000
4751994,"Group 7 Properties Ltd",1,0,0,2014-08-16,2014-08-16,1000000
4769094,"The Gainsborough Hotel Ltd",1,0,0,2011-04-28,2011-04-28,500000
4772591,"STRATOS EUROPEAN POLICY LIMITED",1,0,0,2017-03-07,2017-03-07,200000
01765733,"Deerbranch Limited",1,0,0,2009-07-02,2009-07-02,250000
01765130,"Castle Point Gas & Heating Co Limited",1,0,0,2010-04-27,2010-04-27,1000000
4795101,"Mpower Training Solutions Ltd",1,0,0,2016-06-17,2016-06-17,250000
4796119,"Team Modena Limited",1,0,0,2009-12-11,2009-12-11,250000
4797260,"The Coal Exchange",1,0,0,2004-02-27,2004-02-27,175000
01764876,"Opal Limited",1,0,0,2010-05-19,2010-05-19,600000
480F,"The Benenden Healthcare Society Limited",1,0,0,2016-06-26,2016-06-26,1080000
01761459,"Charlies Stores",1,0,0,2015-10-26,2015-10-26,200000
01760471,"Marchmont Farms Limited",1,0,0,2015-02-05,2015-02-05,200000
01758094,"Peter Ward Homes Limited",1,0,0,2015-01-26,2015-01-26,200000
483401,"Call Connection Limited",1,0,0,2008-12-15,2008-12-15,500000
4835672,"Storey Property Developments Limited",1,0,0,2019-03-14,2019-03-14,500000
01730295,"TBE (Southern) Ltd",1,0,0,2018-10-21,2018-10-21,250000
4854832,"Industrial Maintenance Services Limited",1,0,0,2017-05-12,2017-05-12,200000
4856208,"Isle of Man Container Line UK Ltd",1,0,0,2014-10-13,2014-10-13,350000
4866000,"Resource Print Solutions",1,0,0,2010-03-31,2010-03-31,200000
4881571,"Pertemps Ltd",1,0,0,2022-02-22,2022-02-22,1050000
01722136,"Total Oil and Gas UK",1,0,0,2011-10-26,2011-10-26,215636
4925582,"Metrix - Sponsorship",1,0,0,2008-05-23,2008-05-23,700000
01714674,"Siddiqi & Co",1,0,0,2009-11-04,2009-11-04,600000
4928463,"ATH Resources plc",1,0,0,2007-04-22,2007-04-22,260000
4929823,"LNT Group Limited",1,0,0,2019-06-13,2019-06-13,1250000
493478,"Morgan Roberts Ltd",1,0,0,2008-12-18,2008-12-18,120000
01703998,"Snowshill Allied Holdings Ltd",1,0,0,2013-12-02,2013-12-02,200000
4953990,"VIP Collection",1,0,0,2010-02-08,2010-02-08,1508493
SC317887,"Strathclyde Truck and Plant Limited",1,0,0,2010-02-06,2010-02-06,330000
4958135,"Scotia Gas Networks Limited",1,0,0,2024-05-03,2024-05-03,600000
496331,"Carlton Financial Group Ltd",1,0,0,2008-10-10,2008-10-10,600000
496363,"Seraphim Group Limited",1,0,0,2008-10-09,2008-10-09,102988
4963681,"Newcare Finance Limited",1,0,0,2017-02-28,2017-02-28,400000
4969745,"First Belgravia Properties Ltd",1,0,0,2013-09-25,2013-09-25,2000000
4970168,"GovNet Communications Limited",1,0,0,2011-06-20,2011-06-20,1080000
01687406,"Seal Communications Limited",1,0,0,2014-05-09,2014-05-09,480000
4973721,"Nicholas James Group Ltd",1,0,0,2019-07-24,2019-07-24,1250000
4979869,"The Village Shopping Centre",1,0,0,2008-04-04,2008-04-04,200000
01675790,"P.M.C. Construction & Development Services Limited",1,0,0,2026-02-20,2026-02-20,230000
4998367,"Jefferson Communications Limited",1,0,0,2014-07-01,2014-07-01,994750
01661349,"Caprice Holdings Ltd",1,0,0,2015-02-01,2015-02-01,1651823
5016010,"TMEHUT.com Limited",1,0,0,2017-03-10,2017-03-10,500000
01659058,"Churchills International Consulting Ltd",1,0,0,2014-12-08,2014-12-08,200000
503137,"Barrow Cadbury",1,0,0,2011-09-28,2011-09-28,1500000
01644241,"PERTEMPS RECRUITMENT PARTNERSHIP LIMITED",1,0,0,2024-02-28,2024-02-28,2000000
5035813,"Survey Design Services & Associates Ltd",1,0,0,2019-12-16,2019-12-16,500000
01637137,"Perfect Travel Ltd",1,0,0,2009-11-12,2009-11-12,500000
5085802,"Kaiser and Associates Limited",1,0,0,2014-11-11,2014-11-11,165000
5087180,"NINE UNITED PROPERTIES UK LTD",1,0,0,2017-06-30,2017-06-30,3500000
5090183,"S&J Self Drive Hire",1,0,0,2017-05-16,2017-05-16,300000
01626499,"British Telecom",1,0,0,2002-04-30,2002-04-30,180000
5111937,"Morson Group Limited",1,0,0,2017-06-12,2017-06-12,2500000
01614792,"Kingsley Developers Ltd",1,0,0,2001-06-15,2001-06-15,199900
5132646,"Longhill Environmental Limited",1,0,0,2014-06-17,2014-06-17,250000
513463,"LJC Fund Ltd",1,0,0,2019-11-27,2019-11-27,1000000
5140986,"Betfair Ltd",1,0,0,2012-05-11,2012-05-11,600000
01611077,"Faccenda Foods Limited",1,0,0,2014-12-04,2014-12-04,500000
5152625,"Renaissance Leadership International Ltd",1,0,0,2017-05-18,2017-05-18,225000
00068499,"Stephenson Group Ltd",1,0,0,,,5000000
5154963,"De Lane Lea (Post Production) Ltd",1,0,0,2011-07-28,2011-07-28,184000
01609412,"HBC Group Ltd",1,0,0,2006-05-01,2006-05-01,200000
SC333318,"Midstocket Development Co Ltd",1,0,0,2010-04-27,2010-04-27,170000
5166622,"Anderson Group Properties Ltd",1,0,0,2007-12-18,2007-12-18,1050000
5187480,"Crombie Concessions Ltd",1,0,0,2009-03-31,2009-03-31,2123570
5195712,"N.B.C (Air Conditioning) Ltd",1,0,0,2014-11-19,2014-11-19,500000
SC335151,"Franklyns Bar Limited",1,0,0,2010-06-15,2010-06-15,400000
01605248,"Meekland Ltd",1,0,0,2004-07-21,2004-07-21,17500000
01604821,"Heaton Holdings Ltd",1,0,0,2023-03-29,2023-03-29,300000
01602669,"Banana Split PLC",1,0,0,2014-06-11,2014-06-11,250000
5224186,"King Media Limited",1,0,0,2020-07-24,2020-07-24,6750000
5228309,"BROKER CONTINUITY PLANNING LIMITED",1,0,0,2023-04-14,2023-04-14,5000000
5233296,"First Choice Labels Limited",1,0,0,2014-05-14,2014-05-14,250000
5240281,"TP Resort Ltd",1,0,0,2007-10-09,2007-10-09,250000
5243456,"CVS Management Ltd",1,0,0,2007-11-19,2007-11-19,850000
01588087,"TRP Sealing Systems Ltd",1,0,0,2014-12-22,2014-12-22,250000
5255044,"Barberry Group Limited",1,0,0,2017-10-11,2017-10-11,167500
525R,"The Co-operative Group",1,0,0,2009-04-30,2009-04-30,6084000
01569585,"GOEDHUIS & COMPANY LIMITED",1,0,0,2021-11-30,2021-11-30,800000
5291393,"Grayshott Leisure Ltd",1,0,0,2007-10-16,2007-10-16,250000
SC340467,"Highlander House Limited",1,0,0,2012-02-16,2012-02-16,240000
5307155,"Vandashield Ltd",1,0,0,2018-07-02,2018-07-02,2500000
5309754,"Vigo Properties Limited",1,0,0,2023-06-26,2023-06-26,200000
5323452,"Sleepwell Hotels UK Ltd",1,0,0,2008-06-30,2008-06-30,5000000
5324554,"BACTA Limited",1,0,0,2015-03-12,2015-03-12,500000
5329658,"Premier Ground Rents No.1 Limited",1,0,0,2018-09-07,2018-09-07,200000
5349016,"Port Engineering Ltd",1,0,0,2017-05-25,2017-05-25,200000
01564242,"Openthorpe Engineering Ltd",1,0,0,2005-06-30,2005-06-30,150000
01560899,"Thurlby Motors Limited",1,0,0,2015-05-08,2015-05-08,219000
01551659,"Venice Simplon-Orient-Express Ltd",1,0,0,2004-10-06,2004-10-06,1000000
536993,"Global Strategy Ltd",1,0,0,2008-12-01,2008-12-01,1700435
5383443,"Filmgrain Ltd",1,0,0,2008-04-25,2008-04-25,1250000
01549869,"Romag Plc",1,0,0,2006-12-01,2006-12-01,155000
53919,"Clicknow Ltd",1,0,0,2008-10-10,2008-10-10,600000
SC343164,"Tweedale Advisors Ltd",1,0,0,2009-12-31,2009-12-31,1000000
540304,"Maritime Orient & Neareast Agency Ltd",1,0,0,2007-11-28,2007-11-28,270000
5466556,"Richecopains Distribution Limited",1,0,0,2019-12-12,2019-12-12,1000000
01536383,"Richard Johnston Ltd",1,0,0,2010-04-01,2010-04-01,200000
5473044,"Loudwater Investment Partners Ltd",1,0,0,2014-12-22,2014-12-22,300000
5477892,"Pogson and Davies",1,0,0,2009-06-10,2009-06-10,240000
548834,"Colourflow Production Ltd",1,0,0,2008-11-10,2008-11-10,173900
5496248,"Excelsior Properties Limited",1,0,0,2007-11-27,2007-11-27,2500000
55105,"Hawthorns Braintree Limited",1,0,0,2008-11-21,2008-11-21,500000
01536145,"Richard Morgan & Company Ltd",1,0,0,2015-01-21,2015-01-21,1000000
01531949,"Palmer Capital Partners Limited",1,0,0,2007-09-23,2007-09-23,200000
553823,"Courtenay Investments Limited",1,0,0,2001-03-27,2001-03-27,1000000
5561489,"Cellcrypt Limited",1,0,0,2011-07-18,2011-07-18,797500
01530987,"Nevile Merriam Investment",1,0,0,2003-05-05,2003-05-05,1000000
5566516,"Euro RSCG Apex Communications Limited",1,0,0,2010-01-12,2010-01-12,250000
557019,"London Secure Services Ltd",1,0,0,2008-10-13,2008-10-13,208300
5576500,"JMG Cargo & Travel Limited",1,0,0,2014-10-30,2014-10-30,200000
5581274,"Iridium 2005 Limited",1,0,0,2017-05-05,2017-05-05,200000
558547,"K. LOKUMAL (LONDON) LIMITED",1,0,0,2019-09-30,2019-09-30,2934000
5598549,"Hitachi Rail Europe Limited",1,0,0,2013-01-07,2013-01-07,570000
01530983,"Glengate Holding Plc",1,0,0,2001-06-06,2001-06-06,1000000
5600265,"Al Murad (Rochdale) Ltd",1,0,0,2017-09-25,2017-09-25,199000
5618268,"Britannia Properties (GB) Limited",1,0,0,2023-03-22,2023-03-22,500000
5632040,"Grosvenor UK Ltd",1,0,0,2014-11-19,2014-11-19,500000
5633036,"Realtime Analysis and News Limited",1,0,0,2014-02-12,2014-02-12,240000
5635293,"Varosi Management Ltd",1,0,0,2017-05-10,2017-05-10,150000
5636,"BM Creative Management Limited",1,0,0,2008-11-10,2008-11-10,725000
5637215,"Island Harbour Ltd",1,0,0,2008-05-13,2008-05-13,300000
01509382,"Powerday PLC",1,0,0,2020-12-01,2020-12-01,1000000
01492600,"Alan Bown (Margate) Ltd",1,0,0,2009-06-03,2009-06-03,500000
5650540,"Mainstream Print",1,0,0,2014-06-23,2014-06-23,2656900
5656952,"Odey Asset Management Group Limited",1,0,0,2011-03-03,2011-03-03,2000000
01489197,"William C Hockin (Transport) Limited",1,0,0,2015-03-15,2015-03-15,235000
566823,"Sir Robert McAlpine Ltd",1,0,0,2008-12-22,2008-12-22,2250000
5668807,"Corporate Climate Ltd",1,0,0,2007-11-07,2007-11-07,150000
01486774,"Headstock Distribution Ltd",1,0,0,2009-05-12,2009-05-12,2500000
01454225,"Wilke Property Holdings plc",1,0,0,2005-04-19,2005-04-19,200000
5677827,"Vehicle Weighing Solutions",1,0,0,2017-06-22,2017-06-22,163940
5696974,"IPA Consulting Limited",1,0,0,2007-12-31,2007-12-31,1100000
01446485,"Lakeside Developments Ltd",1,0,0,2009-12-02,2009-12-02,500000
01442485,"B.C.B. International Ltd",1,0,0,2021-09-10,2021-09-10,1000000
SC345839,"S.S.R. (SCOTLAND) LTD",1,0,0,2011-07-12,2011-07-12,225000
5723928,"Robertson Developments Ltd",1,0,0,2009-05-20,2009-05-20,300000
01427926,"Printoff Graphic Arts Ltd",1,0,0,2004-07-22,2004-07-22,105000
01423789,"Dormor Machine & Engineering",1,0,0,2014-12-12,2014-12-12,500000
01414640,"LPC (Parmaceuticals) Ltd",1,0,0,2005-05-10,2005-05-10,200000
01404584,"Aagaard-Hanley Limited",1,0,0,2010-04-01,2010-04-01,310000
5748961,"White Star Line Management Company Ltd",1,0,0,2010-03-23,2010-03-23,1000000
5757208,"HEATHROW AIRPORT HOLDINGS LIMITED",1,0,0,2025-09-02,2025-09-02,3600000
01403858,"Fork Rent PLC",1,0,0,2015-02-24,2015-02-24,500000
01403177,"Resilient Networks Plc",1,0,0,2010-10-14,2010-10-14,1000000
5770994,"Chrysalis Courses Ltd",1,0,0,2008-05-08,2008-05-08,1500000
01400698,"Listers Group Limited",1,0,0,2010-03-19,2010-03-19,450000
01400020,"Hesterbay Properties Limited",1,0,0,2019-09-10,2019-09-10,1000000
581711,"Preview Publications Ltd",1,0,0,2008-10-28,2008-10-28,400000
5818645,"Business Report Limited",1,0,0,2014-12-12,2014-12-12,500000
01396447,"Crowson Fabrics Ltd",1,0,0,2004-04-21,2004-04-21,1500000
5849580,"Utilitywise PLC",1,0,0,2016-10-03,2016-10-03,300000
584986,"P & D Northern Steels Ltd",1,0,0,2016-12-08,2016-12-08,500000
01396268,"Creditforce Ltd",1,0,0,2004-03-24,2004-03-24,1000000
SC348723,"Airlink Asset Management Ltd",1,0,0,2011-05-12,2011-05-12,300000
01383260,"Laurent-Perrier UK Ltd",1,0,0,2003-02-10,2003-02-10,634524
5892787,"Peel Land & Property (Ports) Limited",1,0,0,2009-02-28,2009-02-28,150000
5896676,"Corpacq Limited",1,0,0,2017-06-06,2017-06-06,5000000
5899154,"Turner (London) Ltd",1,0,0,2023-12-04,2023-12-04,1000000
01373857,"Citylake Investments Ltd",1,0,0,2019-09-10,2019-09-10,1500000
5909479,"Datalibrium Ltd",1,0,0,2019-11-15,2019-11-15,500000
01372305,"McCann-Erickson Advertising Limited",1,0,0,2016-03-21,2016-03-21,4941600
5918432,"Miracle Arts and Inspired Sanity Ltd",1,0,0,2008-04-14,2008-04-14,530000
01371982,"Claygate Distribution Ltd",1,0,0,2010-02-17,2010-02-17,300000
01370287,"Independent Print Limited",1,0,0,2011-07-01,2011-07-01,1000000
5953869,"R.A.G Associates Ltd",1,0,0,2010-02-09,2010-02-09,5000000
5954919,"The Wow Factory (Kent) Limited",1,0,0,2019-12-23,2019-12-23,500000
01362146,"Barnbrook Systems Ltd",1,0,0,2016-03-07,2016-03-07,400000
5974644,"Merchant Place Developments Limited",1,0,0,2013-01-07,2013-01-07,570000
5976511,"Hydefall Ltd",1,0,0,2014-12-31,2014-12-31,250000
5982870,"Silvergate Investments",1,0,0,2010-07-15,2010-07-15,5000000
5988061,"The Caffeine Partnership Ltd",1,0,0,2014-08-17,2014-08-17,200000
SC351344,"Moorpost Limited",1,0,0,2011-04-25,2011-04-25,350000
5992600,"Cultoon Television Ltd",1,0,0,2010-03-31,2010-03-31,164300
01350168,"London Leisure Services Ltd",1,0,0,2009-06-30,2009-06-30,500000
6007944,"Indali Foods Limited",1,0,0,2012-02-26,2012-02-26,300000
6008560,"Six Senses London Ltd",1,0,0,2011-06-09,2011-06-09,939500
6008992,"Dunmoore Limited",1,0,0,,,2000000
601098276,"Glastonbury Festivals Ltd",1,0,0,2004-05-08,2004-05-08,500000
6018289,"NEDNIL Limited",1,0,0,2020-07-22,2020-07-22,985400
6023428,"Target Follow Group Limited",1,0,0,2017-11-21,2017-11-21,1500000
6032220,"ISE Language Limited",1,0,0,2015-06-02,2015-06-02,185900
01349036,"Comtec Cable Accessories Limited",1,0,0,2015-02-20,2015-02-20,200000
6041494,"Workers Beer Company",1,0,0,2013-10-31,2013-10-31,261495
604352,"Westland Helicopters Ltd",1,0,0,2008-11-04,2008-11-04,872500
604606,"Tompkins UK Ltd",1,0,0,2008-12-17,2008-12-17,5000000
6046062,"Tompkins UK Ltd",1,0,0,2010-02-05,2010-02-05,1000000
01344987,"Hapworth Ltd",1,0,0,2005-04-12,2005-04-12,130000
SC362352,"Tennent Caledonian Brewers",1,0,0,2018-02-17,2018-02-17,500000
6061208,"Marine Holiday Park Ltd",1,0,0,2021-02-19,2021-02-19,250000
6131579,"MYLOTTO24 LIMITED",1,0,0,2015-04-29,2015-04-29,180000
6145280,"Machine Link Ltd",1,0,0,2013-06-25,2013-06-25,200000
6169088,"Elan Management Solutions Limited",1,0,0,2014-09-30,2014-09-30,360000
617773,"John Reid & Sons (Strucsteel) Limited",1,0,0,2023-06-12,2023-06-12,500000
01338172,"W. Wing Yip (London) Limited",1,0,0,2009-09-27,2009-09-27,200000
624131,"James Graven and Sons Limited",1,0,0,2021-03-17,2021-03-17,200000
01333980,"Harbour Park Ltd",1,0,0,2009-08-13,2009-08-13,150000
6263326,"First Response Group",1,0,0,2023-05-22,2023-05-22,5000000
6273275,"Chapman Ventilation Limited",1,0,0,2019-11-26,2019-11-26,500000
6291448,"THE DERBYSHIRE HOTEL DERBY LIMITED",1,0,0,2019-11-28,2019-11-28,300000
01322907,"Computational Mechanics International Ltd",1,0,0,2015-02-05,2015-02-05,250000
629302,"Barnes and Richmond Labour Club",1,0,0,2008-12-31,2008-12-31,510400
6293020,"Barnes and Richmond Labour Club",1,0,0,2009-06-30,2009-06-30,1040000
SC368625,"Juniper Property Finance Company Ltd",1,0,0,2010-04-07,2010-04-07,15000000
6308340,"Karali Ltd",1,0,0,2009-06-18,2009-06-18,300000
6320925,"Vasari Global Limited",1,0,0,2019-12-03,2019-12-03,2500000
01321615,"Langley Holdings",1,0,0,2024-05-31,2024-05-31,2000000
634680,"Arnold Estates Ltd",1,0,0,2009-10-14,2009-10-14,216435
6368379,"Althea Healthcare Properties Limited",1,0,0,2019-12-21,2019-12-21,200000
6382509,"GVA GRIMLEY LIMITED",1,0,0,2011-03-29,2011-03-29,200000
01316061,"Edwardian Group Limited",1,0,0,2017-05-30,2017-05-30,200000
01312454,"Arup Group Limited",1,0,0,2024-02-19,2024-02-19,3326425
SC386345,"Chepstow Holdings Limited",1,0,0,2012-11-20,2012-11-20,200000
6421189,"Smart Solutions",1,0,0,2018-10-28,2018-10-28,2000000
6429189,"Apollo Marquees Ltd",1,0,0,2008-07-31,2008-07-31,142525
6436717,"Altitude Broadcasting and Corporate Studios Ltd",1,0,0,2009-11-28,2009-11-28,2000000
01312127,"Tyler Holdings Ltd",1,0,0,2010-05-05,2010-05-05,200000
6441546,"Space (L&M) Ltd",1,0,0,2017-05-18,2017-05-18,250000
6442460,"Cosworth Group Limited",1,0,0,2014-07-11,2014-07-11,400000
6445926,"AGC Equity Partners Limited",1,0,0,2016-05-27,2016-05-27,2000000
6449517,"West Midlands Safari Park Ltd",1,0,0,2023-11-02,2023-11-02,360000
6456689,"EDF Energy Renewals Ltd",1,0,0,2021-11-05,2021-11-05,499900
SC3935550,"Arres Consultancy",1,0,0,2015-05-06,2015-05-06,200000
01295561,"Lakeside Country Club",1,0,0,2001-06-29,2001-06-29,150000
6462121,"Y13 LTD",1,0,0,2022-10-03,2022-10-03,200000
SC395892,"ORBIT COMMUNICATIONS (PR AND PUBLIC AFFAIRS) LTD",1,0,0,2013-04-05,2013-04-05,300000
6479898,"Studylink International",1,0,0,2009-12-31,2009-12-31,180500
01295214,"Subaru (UK) Limited",1,0,0,2015-02-09,2015-02-09,3000000
01294549,"Boston Potato Company Ltd",1,0,0,2005-06-02,2005-06-02,150000
01284029,"Garrandale Ltd",1,0,0,2015-02-16,2015-02-16,500000
6574918,"Silveta Limited",1,0,0,2012-03-31,2012-03-31,2438800
6582775,"Pareto Financial Planning Limited",1,0,0,2022-04-27,2022-04-27,5000000
01281757,"National Pharmacy Association",1,0,0,2016-10-01,2016-10-01,996000
6667322,"Greenspace Environmental Ltd",1,0,0,2023-10-18,2023-10-18,1000000
6674369,"Overseas Student Services Centre Limited",1,0,0,2015-05-13,2015-05-13,300000
6702307,"JKHC Ltd",1,0,0,2013-10-03,2013-10-03,2000000
6718623,"Norton Motorcycles (UK) Ltd",1,0,0,2017-05-02,2017-05-02,250000
01275302,"PJB Publications Ltd",1,0,0,2003-03-10,2003-03-10,600000
6727340,"Bown Bags & Luggage Ltd",1,0,0,2010-01-13,2010-01-13,536700
6743566,"Grandmet Management Ltd",1,0,0,2015-09-29,2015-09-29,500000
6752963,"Ikonic Technology Ltd",1,0,0,2020-01-24,2020-01-24,280000
6764751,"Himor Group Ltd",1,0,0,2017-03-02,2017-03-02,1000000
SC400358,"Scottish Asian Pakistan Foundation",1,0,0,2011-12-19,2011-12-19,162500
6777757,"EMS Waste Services Ltd",1,0,0,2024-04-10,2024-04-10,390000
01272854,"Roger Skinner Ltd",1,0,0,2014-11-03,2014-11-03,1250000
000645585,"Morco Products Ltd",1,0,0,2005-05-30,2005-05-30,300000
6797461,"Blue Square Marketing Ltd",1,0,0,2022-12-14,2022-12-14,200000
68098,"Barnoldswick Liberal Club Building Company",1,0,0,2007-12-31,2007-12-31,156000
6809820,"Newriver Retail (UK) Ltd",1,0,0,2015-01-12,2015-01-12,162250
6815186,"MiddletonMurray Limited",1,0,0,2018-05-29,2018-05-29,1041670
01271767,"Lloyd Motors Ltd",1,0,0,2021-07-01,2021-07-01,554424
01265287,"Brathew Ltd",1,0,0,2009-05-01,2009-05-01,250000
01263589,"CPM Consulting Ltd",1,0,0,2005-04-12,2005-04-12,500000
6835728,"22 Gold (UK) Limited",1,0,0,2023-12-19,2023-12-19,500000
6850612,"Bullivant Media Ltd",1,0,0,2009-12-21,2009-12-21,129838
6867341,"Panaram Ltd",1,0,0,2017-03-20,2017-03-20,2500000
01263399,"Paul John Construction (Leicester) Limited",1,0,0,2015-03-31,2015-03-31,500000
01254503,"Ullerglen Ltd",1,0,0,2009-10-04,2009-10-04,300000
689319,"W.H.Smith & Sons (Tools) Ltd",1,0,0,2010-02-18,2010-02-18,2000000
6899671,"NET WORLD SPORTS LIMITED",1,0,0,2023-06-16,2023-06-16,5000000
690930,"BILLY MANNING LIMITED",1,0,0,2017-05-26,2017-05-26,300000
01251949,"Swingward Ltd",1,0,0,2015-03-10,2015-03-10,200000
01246358,"Checkmate UK Ltd",1,0,0,2005-04-20,2005-04-20,200000
SC413697,"Humanist Society Scotland",1,0,0,2025-01-01,2025-01-01,1808100
6975311,"Xenon Capital Partners Ltd",1,0,0,2010-03-09,2010-03-09,1000000
6976122,"GHS Care Limited",1,0,0,2023-03-22,2023-03-22,500000
6990772,"Rain Dance Investments Ltd",1,0,0,2014-09-30,2014-09-30,5000000
6996733,"Flat Frog Films Ltd",1,0,0,2017-05-20,2017-05-20,350000
7013330,"St Philips Case (UK) Limited",1,0,0,2015-02-12,2015-02-12,950000
7015428,"C5 Capital Limited",1,0,0,2020-07-01,2020-07-01,2630800
701982,"Bowmer & Kirkland Ltd",1,0,0,2011-07-14,2011-07-14,850000
01245304,"BPP Holdings PLC",1,0,0,2015-01-30,2015-01-30,300000
704428998,"Allamhouse Limited",1,0,0,2018-12-20,2018-12-20,1000000
01239183,"Erinastar Limited",1,0,0,2017-05-24,2017-05-24,400000
7068962,"1508 London Limited",1,0,0,2019-12-06,2019-12-06,1000000
01238940,"Emarel Services Ltd",1,0,0,2010-07-27,2010-07-27,781000
01232947,"Duck Productions Limited",1,0,0,2015-05-29,2015-05-29,500000
70963,"South Fulham Constitutional Club Company Ltd",1,0,0,2007-12-03,2007-12-03,500000
01230635,"Saunders & Tutton Ltd",1,0,0,2001-08-06,2001-08-06,750000
7123287,"Lance Mason Ltd",1,0,0,2016-03-09,2016-03-09,1000000
01229010,"Blackford Farms Ltd",1,0,0,2009-01-05,2009-01-05,3500000
7166878,"LNT Solutions Limited",1,0,0,2017-06-26,2017-06-26,1250000
7191072,"Aiveda Limited",1,0,0,2024-06-12,2024-06-12,500000
01217192,"GLAZIERS HALL LIMITED",1,0,0,2023-05-19,2023-05-19,650000
7199767,"Visy Recycling Europe Limited",1,0,0,2019-12-12,2019-12-12,5000000
01200318,"Information Technology Telecommunications & Electronics Assoc",1,0,0,2003-09-23,2003-09-23,118000
7217360,"MFL Finance Ltd",1,0,0,2019-11-19,2019-11-19,200000
7221202,"YouCanBookMe",1,0,0,2021-03-22,2021-03-22,2000000
01178080,"Alain Charles Publishing Ltd",1,0,0,2009-12-30,2009-12-30,142000
SC42597,"Tube Developments Ltd",1,0,0,2009-11-12,2009-11-12,1000000
7251600,"York Potash Ltd",1,0,0,2017-03-29,2017-03-29,1060000
7262036,"CH2M Hill United Kingdom",1,0,0,2012-07-25,2012-07-25,1310000
01163097,"Corporate Investments Ltd",1,0,0,2001-06-08,2001-06-08,499500
7274254,"Fairy Dust Consulting Ltd",1,0,0,2016-07-06,2016-07-06,234164
01161276,"Thomson Limited",1,0,0,2024-06-19,2024-06-19,500000
01148159,"A-I-R Hotels Limited",1,0,0,2010-05-13,2010-05-13,1000000
01115746,"St Francis Group Limited",1,0,0,2014-10-30,2014-10-30,320000
01112787,"Lockwood (Leamington) Limited",1,0,0,2009-11-13,2009-11-13,122500
7355975,"Robinsons Cider Limited",1,0,0,2019-03-29,2019-03-29,205000
735621,"Northern Trust Company Ltd",1,0,0,2008-04-01,2008-04-01,5000000
7362247,"Spenmore Property Limited",1,0,0,2017-05-16,2017-05-16,300000
01099697,"Nicholson Estates Plc",1,0,0,2001-11-06,2001-11-06,150000
01088291,"Great Northern Hotels Ltd",1,0,0,2006-06-28,2006-06-28,200000
7373729,"MMXI Ltd",1,0,0,2016-12-20,2016-12-20,500000
7374942,"Enventi Limited",1,0,0,2011-11-14,2011-11-14,200000
7380458,"EARL OF PLYMOUTH ESTATES (HOLDINGS) LIMITED",1,0,0,2024-05-31,2024-05-31,500000
7385898,"Greenwood Walsh Services Ltd",1,0,0,2019-10-30,2019-10-30,250000
741075,"LALTEX & CO.LIMITED",1,0,0,2023-06-14,2023-06-14,5000000
7425424,"UDI Limited",1,0,0,2017-06-06,2017-06-06,5000000
7429907,"VISION MODULAR SYSTEMS UK LIMITED",1,0,0,2019-04-14,2019-04-14,300000
7465506,"Westminster Waste Ltd",1,0,0,2012-05-13,2012-05-13,500000
7469740,"The Grace Club",1,0,0,2014-04-30,2014-04-30,800000
7474715,"HCB Solicitors Ltd",1,0,0,2014-12-26,2014-12-26,200000
7478009,"Pelham Capital Investments Ltd",1,0,0,2019-11-28,2019-11-28,5000000
01086455,"R L Davison & Co Ltd",1,0,0,2009-01-15,2009-01-15,500000
01085034,"Elmore Plant Services(1984) Ltd",1,0,0,2003-11-27,2003-11-27,2000000
7542195,"Commonwealth Investment Corporation",1,0,0,2013-06-06,2013-06-06,1000000
7545915,"Precis Management Services Ltd",1,0,0,2014-09-30,2014-09-30,400000
01063450,"Regatta Ltd",1,0,0,2024-02-28,2024-02-28,2500000
01056394,"Bridgeman Art Library Ltd",1,0,0,2007-06-04,2007-06-04,700000
01053612,"Finemere Ltd",1,0,0,2005-10-10,2005-10-10,5000000
7593455,"Digital Orchard Group Limited",1,0,0,2024-05-17,2024-05-17,1000000
01050970,"Newarthill Limited",1,0,0,,,5000000
7639073,"Wellington Street Partners Ltd",1,0,0,2017-06-07,2017-06-07,200000
01040212,"S.M. Walsh Developments Ltd",1,0,0,2005-01-31,2005-01-31,500000
7676062,"Gresham Research Investments & Trading Limited",1,0,0,2017-05-24,2017-05-24,160000
01036230,"Graphic PLC",1,0,0,2001-05-15,2001-05-15,200000
7703946,"Tipu Saltan Ltd",1,0,0,2015-04-01,2015-04-01,300000
7704970,"Anglo Chinese Executive Travel Limited",1,0,0,2018-07-27,2018-07-27,1075000
01016625,"NIRVANA SPA & LEISURE LIMITED",1,0,0,2025-05-14,2025-05-14,300000
01004173,"Miren Ltd",1,0,0,2010-04-29,2010-04-29,200000
7727729,"London Belgravia Ltd",1,0,0,2020-07-24,2020-07-24,985400
01001885,"Umberslade Corporate Management",1,0,0,2005-04-26,2005-04-26,200000
7730551,"S and J Investments (Delivery Office Southall) Limited",1,0,0,2017-04-28,2017-04-28,1000000
7737337,"Squire Estates Limited",1,0,0,2018-10-24,2018-10-24,5000000
7737973,"BONDCARE WILLINGTON LIMITED",1,0,0,2019-12-05,2019-12-05,5000000
00995777,"Collinson Associates Limited",1,0,0,2006-12-20,2006-12-20,2000000
00994172,"Anglia City Developments Ltd",1,0,0,2010-04-27,2010-04-27,200000
7775443,"Naya Capital Management UK Limited",1,0,0,2017-06-01,2017-06-01,5000000
7791346,"EnergyMyWay (UK) Ltd",1,0,0,2019-11-21,2019-11-21,200000
00992823,"Ransonmoor Farm Ltd",1,0,0,2015-04-14,2015-04-14,200000
7805818,"WOODFIELD CARE HOME LIMITED",1,0,0,2023-12-04,2023-12-04,1000000
00991848,"Designers Guild Ltd",1,0,0,2007-03-22,2007-03-22,1000000
SC438306,"Spice Cash and Carry Limited",1,0,0,2014-09-02,2014-09-02,200000
7817493,"Loxleigh Investments Limited",1,0,0,2019-11-12,2019-11-12,450000
7823122,"UK Chinese Business Association",1,0,0,2013-06-12,2013-06-12,489000
782669282,"City & West End Services Ltd",1,0,0,2003-03-31,2003-03-31,600000
SC442920,"Jacob Aagaard Communications Ltd",1,0,0,2014-09-25,2014-09-25,500000
00990937,"The Co-operative Bank Plc - sponsorship",1,0,0,2006-10-09,2006-10-09,117500
7861410,"Bostonair Group Ltd",1,0,0,2019-11-28,2019-11-28,200000
00980698,"Bank and Clients PLC",1,0,0,2015-06-05,2015-06-05,2000000
7868072,"St. Medana Holdings Limited",1,0,0,2015-03-23,2015-03-23,300000
7872455,"Horizon Environmental Ltd",1,0,0,2019-05-23,2019-05-23,500000
7885162,"Whitwam Limited",1,0,0,2024-06-12,2024-06-12,343500
7912412,"Lightwood Strategic LTD",1,0,0,2021-04-06,2021-04-06,300000
00960001,"Allmand-Smith Limited",1,0,0,2007-04-30,2007-04-30,2000000
7924464,"Brunswick Street Limited",1,0,0,2024-05-13,2024-05-13,250000
00950138,"Universal Music Operations Ltd",1,0,0,2010-07-30,2010-07-30,8000000
SC462339,"United Tradeston Limited",1,0,0,2017-11-28,2017-11-28,269143
7933078,"Thames Gateway Waste to Energy Limited",1,0,0,2015-06-11,2015-06-11,500000
7941434,"Oakmont Resources Ltd",1,0,0,2012-04-16,2012-04-16,1000000
7955678,"Landcap Development Eversley Ltd",1,0,0,2015-04-09,2015-04-09,300000
7969500,"ACR Investments Ltd C/o Radha Investments Ltd",1,0,0,2015-10-16,2015-10-16,250000
7971312,"Canary Wharf Ltd",1,0,0,2005-11-21,2005-11-21,1000000
7978520,"Learning Enterprises Limited",1,0,0,2015-03-30,2015-03-30,1052500
8006774,"VALEBOND CONSULTANTS LIMITED",1,0,0,2019-11-12,2019-11-12,200000
8015886,"Prysmian UK Group Ltd",1,0,0,2014-07-31,2014-07-31,200000
80359,"Peoples Limited",1,0,0,2009-11-13,2009-11-13,255600
8044368,"Pickford's Move Management Ltd",1,0,0,2014-09-30,2014-09-30,1000000
00943465,"Qualitair Holdings Ltd",1,0,0,2001-11-06,2001-11-06,200000
00942245,"Huntleigh Healthcare Ltd",1,0,0,2001-11-01,2001-11-01,190000
8078964,"MDS Healthcare Ltd",1,0,0,2020-07-07,2020-07-07,500000
8089816,"Discovery Park Limited",1,0,0,2018-11-01,2018-11-01,537178
8093131,"Ashely Business Cash Limited",1,0,0,2014-09-30,2014-09-30,700000
00942104,"Passage Properties Limited",1,0,0,2010-05-06,2010-05-06,300000
00941927,"Campden Hill Developments Limited",1,0,0,2009-11-26,2009-11-26,450000
8122105,"Learning Enterprises Organisation Ltd",1,0,0,2017-09-29,2017-09-29,180000
8123486,"Grove HR Limited",1,0,0,2019-07-11,2019-07-11,500000
00940750,"CRU INTERNATIONAL LIMITED",1,0,0,2019-05-30,2019-05-30,1250000
00939814,"Lindley Catering Investments Ltd",1,0,0,2001-09-05,2001-09-05,2500000
813521,"Croudace",1,0,0,2007-09-05,2007-09-05,500000
813651,"Haymarket Publishing Services",1,0,0,2008-04-11,2008-04-11,500000
8144239,"Radleigh House Limited",1,0,0,2019-12-16,2019-12-16,350000
00931247,"J. T. LEAVESLEY (ALREWAS) LIMITE",1,0,0,2024-06-30,2024-06-30,750000
8157028,"Code Gecko Limited",1,0,0,2015-03-30,2015-03-30,250000
8161567,"Sthaler Ltd",1,0,0,2021-04-01,2021-04-01,300000
00928691,"Titan Properties Ltd",1,0,0,2005-02-28,2005-02-28,150000
8189690,"Milton Magna Limited",1,0,0,2017-08-15,2017-08-15,2500000
00924392,"Sherburn Stone Co Ltd",1,0,0,2014-03-23,2014-03-23,200000
8190147,"Udane Limited",1,0,0,2018-11-20,2018-11-20,1000000
820148,"Lloyd's Animal Feeds",1,0,0,2017-06-27,2017-06-27,500000
8221003,"Pegasus Life",1,0,0,2017-09-08,2017-09-08,1000000
00907445,"Harlow Bros. Ltd",1,0,0,2010-04-06,2010-04-06,160000
8250818,"Vita Ventures Limited",1,0,0,2021-05-16,2021-05-16,5000000
00902920,"Fort Vale Engineering Ltd",1,0,0,2004-11-30,2004-11-30,600000
8270046,"The Maids Head Hotel",1,0,0,2017-05-16,2017-05-16,253000
8275229,"PCS PROPERTY SOLUTIONS LIMITED",1,0,0,2023-11-16,2023-11-16,5000000
8297156,"GVA Worldwide Limited",1,0,0,2014-02-10,2014-02-10,200000
00901341,"Wilf Gilbert (Staffs) Ltd",1,0,0,2009-03-02,2009-03-02,200000
00895927,"Salop Design and Engineering Ltd",1,0,0,2015-04-07,2015-04-07,229500
00064203,"Ritz Hotel ( London) Limited, The",1,0,0,2001-04-04,2001-04-04,217725
8315127,"Motion 8 Prestige Cars Limited",1,0,0,2019-11-23,2019-11-23,185000
831538,"Hadley Industries Holdings Limited",1,0,0,2018-04-18,2018-04-18,200000
00895031,"Bell Pottinger Corporate & Financial Ltd",1,0,0,2009-11-18,2009-11-18,770000
00885978,"Joannou & Parakevaides UK Ltd",1,0,0,2003-07-02,2003-07-02,200000
8338615,"MLD Advisory Limited",1,0,0,2014-06-22,2014-06-22,160000
8353455,"West Street Management Services Ltd",1,0,0,2017-02-22,2017-02-22,5000000
00885535,"Arlon Stationary (Printers) Ltd",1,0,0,2010-04-05,2010-04-05,162900
00884903,"Sethia London Ltd",1,0,0,2014-09-05,2014-09-05,2000000
00878910,"Elstree Company",1,0,0,2001-06-30,2001-06-30,200000
8371239,"Montford Communications Limited",1,0,0,2024-05-24,2024-05-24,250000
8389724,"Faridany Advisory Ltd",1,0,0,2023-07-04,2023-07-04,2000000
8410053,"Reditum Capital Ltd",1,0,0,2019-12-05,2019-12-05,5000000
00843715,"The Caytrust Finance Co Ltd",1,0,0,2003-04-22,2003-04-22,1000000
00840309,"Allpress Farms Limited",1,0,0,2015-05-06,2015-05-06,200000
8421140,"The Redmond Group Limited",1,0,0,2018-06-12,2018-06-12,250000
8471162,"The Venue 501 Ltd",1,0,0,2015-03-01,2015-03-01,770300
00839781,"Millway Shippers Ltd",1,0,0,2005-05-26,2005-05-26,250000
SC473613,"Curry Place (Hamilton) Ltd",1,0,0,2015-03-25,2015-03-25,300000
8496542,"Prestige Kent Ltd",1,0,0,2014-11-19,2014-11-19,1000000
8503873,"Court Ventures Limited",1,0,0,2015-03-17,2015-03-17,300000
00837751,"Hanson Transport Group Ltd",1,0,0,2003-02-20,2003-02-20,1000000
8519935,"LYCA HEALTH LIMITED",1,0,0,2018-12-16,2018-12-16,350000
8520456,"Foxglove Solutions Limited",1,0,0,2019-11-12,2019-11-12,700000
8554461,"Chartwell Care Services Limited",1,0,0,2014-09-04,2014-09-04,200000
00836906,"Marks Club (Charles Street) Limited",1,0,0,2015-05-08,2015-05-08,1986957
8566337,"Rapid Medical Services (UK) Limited",1,0,0,2019-12-10,2019-12-10,5000000
00830744,"Beeson Investments Ltd",1,0,0,2006-08-23,2006-08-23,400000
00829005,"Be Modern Limited",1,0,0,2010-05-11,2010-05-11,200000
00826679,"Willamson Tea Holdings Plc",1,0,0,2005-05-04,2005-05-04,250000
00825987,"I Ross Investments Ltd",1,0,0,2010-05-10,2010-05-10,200000
8614287,"M7 Real Estate Limited",1,0,0,2019-03-15,2019-03-15,15000000
8627197,"Southern Grove Real Estate Limited",1,0,0,2021-05-06,2021-05-06,300000
8639372,"Francis Evans Limited",1,0,0,2017-05-06,2017-05-06,250000
sc173815,"Phoenix Car Company",1,0,0,2010-05-12,2010-05-12,200000
8651475,"CEND International Limited",1,0,0,2017-05-04,2017-05-04,5000000
8653993,"King Street Commercial Limited",1,0,0,2017-04-18,2017-04-18,200000
8709335,"Cornhill Finance and Management Limited",1,0,0,2015-03-13,2015-03-13,500000
8715809,"Macdonagh Wright Ltd",1,0,0,2019-02-05,2019-02-05,1200000
873769,"The Marketing Society Ltd",1,0,0,2007-11-29,2007-11-29,150000
8771613,"O2H Limited",1,0,0,2023-08-21,2023-08-21,272500
8783493,"Hino Flights Limited",1,0,0,2018-07-02,2018-07-02,1250000
8785047,"Waynflete Limited",1,0,0,2015-03-25,2015-03-25,1250000
00822673,"Maurice Sedwell Savile Row Ltd",1,0,0,2004-12-31,2004-12-31,300000
00819793,"Clowes Developments (UK) Ltd",1,0,0,2006-06-07,2006-06-07,170000
00818122,"Ogden Properties Ltd",1,0,0,2005-04-13,2005-04-13,250000
8812131,"HS Building & Maintenance",1,0,0,2019-09-13,2019-09-13,1000000
00816896,"Petros Development Company Limited",1,0,0,2015-04-30,2015-04-30,500000
884903,"Sethia London Ltd",1,0,0,2014-09-03,2014-09-03,2000000
8854778,"PHD1 Construction Limited",1,0,0,2015-04-09,2015-04-09,180000
00803413,"PA Consulting Group Limited (sponsorship)",1,0,0,2006-10-04,2006-10-04,1175000
00795798,"HENDERSON & TAYLOR PUBLIC WORKS LIMITED ?",1,0,0,2023-03-31,2023-03-31,200000
8880969,"Massive Attack Live Limited",1,0,0,2024-06-01,2024-06-01,500000
8906234,"Datum Groundworks Ltd",1,0,0,2017-08-04,2017-08-04,500000
00794943,"Gala Leisure Ltd",1,0,0,2014-11-03,2014-11-03,200000
8973073,"Velocity Mobile Limited",1,0,0,2017-11-23,2017-11-23,1000000
8999214,"London Hotel Group Limited",1,0,0,2025-03-20,2025-03-20,375000
9002574,"London Advertising Limited",1,0,0,2017-05-23,2017-05-23,1250000
00775767,"Tees Components Ltd",1,0,0,2001-12-04,2001-12-04,200000
00051904,"William S Graham Ltd",1,0,0,2005-04-30,2005-04-30,200000
00774701,"Great Lodge Farms Ltd",1,0,0,2005-04-05,2005-04-05,500000
9021310,"NORMANDY INVEST LTD",1,0,0,2019-09-30,2019-09-30,250000
00770236,"Mascolo Limited",1,0,0,2013-02-13,2013-02-13,5000000
9033945,"Datum Group Ltd",1,0,0,2019-12-16,2019-12-16,450000
9077365,"SYCHOMETRY LIMITED",1,0,0,2019-08-09,2019-08-09,250000
9096692,"Brera Life Sciences Consultancy Limited",1,0,0,2019-10-10,2019-10-10,500000
00767976,"MARTIN'S PROPERTIES HOLDINGS LIMITED",1,0,0,2024-04-18,2024-04-18,500000
00753966,"Bolderwood Property & Investme",1,0,0,2007-05-17,2007-05-17,1000000
00751654,"WYKE FARMS LTD",1,0,0,2023-07-17,2023-07-17,500000
9140646,"Ashton Care Homes Ltd",1,0,0,2020-07-19,2020-07-19,200000
00733312,"PGC Construction Ltd",1,0,0,2006-01-20,2006-01-20,500000
00728643,"Melina Group Ltd",1,0,0,2009-05-08,2009-05-08,150000
9198322,"Cumin Turnford Limited",1,0,0,2015-05-06,2015-05-06,200000
92181,"Northampton Machinery Co Ltd",1,0,0,2007-10-15,2007-10-15,319500
00718623,"Velcourt Group PLC",1,0,0,2014-11-17,2014-11-17,200000
9251079,"BAGEHOT LTD",1,0,0,2016-02-18,2016-02-18,250000
9263424,"Octopus Energy Limited",1,0,0,2025-05-13,2025-05-13,1200000
9271666,"Movement Network",1,0,0,2017-05-09,2017-05-09,500000
9277495,"Calyx Solution Limited",1,0,0,2024-06-18,2024-06-18,500000
9279019,"Vantage Financial Limited",1,0,0,2022-04-28,2022-04-28,1000000
9284825,"NNB Generation Company (SZC) Limited",1,0,0,2023-01-30,2023-01-30,1080000
9288412,"Nagrecha Brothers",1,0,0,2015-03-26,2015-03-26,500000
00709486,"Bearwood Corporate Services Ltd",1,0,0,2005-03-21,2005-03-21,1362775
9297223,"Jones Financial (Norwich) Ltd",1,0,0,2020-08-04,2020-08-04,360000
9307185,"WOLVESEY CONSULTING LTD",1,0,0,2022-12-30,2022-12-30,230000
00045284 ?,"Grange (Birkenhead) Property Company Ltd",1,0,0,2024-11-08,2024-11-08,8800000
9336668,"CHER VARYA COMMERCIAL LTD",1,0,0,2017-06-02,2017-06-02,300000
9355226,"Open Door Property Lettings Limited",1,0,0,2023-03-01,2023-03-01,600000
9369042,"Bharat Info Tech Services UK LTD",1,0,0,2021-04-06,2021-04-06,300000
00704342,"Smiths Construction Plc",1,0,0,2004-08-31,2004-08-31,200000
00697641,"TUFM",1,0,0,2001-06-06,2001-06-06,1000000
00697600,"Clifton Nurseries Ltd",1,0,0,2016-04-07,2016-04-07,375000
00689319,"W.H.Smith & Sons (Tools) Ltd",1,0,0,2010-03-02,2010-03-02,500000
SC506890,"Palmino Homes Ltd",1,0,0,2015-07-21,2015-07-21,200000
00688424,"AtkinsRealis UK Ltd",1,0,0,2025-05-06,2025-05-06,3500000
9493369,"Most Money London Ltd",1,0,0,2019-10-15,2019-10-15,200000
00687597,"Harnage Estates Ltd",1,0,0,2010-03-31,2010-03-31,200000
9509212,"Llandudno Pier Limited",1,0,0,2021-03-08,2021-03-08,250000
95133,"St Helen's & District Conservative & Unionist Building Company L",1,0,0,2022-03-09,2022-03-09,1000000
9524439,"Becksford Gate Limited",1,0,0,2017-05-25,2017-05-25,200000
952468,"Ove Arup and Partnert International Limited",1,0,0,2013-02-04,2013-02-04,794200
00677835,"Monckton Properties Ltd",1,0,0,2025-01-02,2025-01-02,1999900
9540246,"Cambridge Realty",1,0,0,2021-05-11,2021-05-11,300000
9555621,"Stratland Estates Limited",1,0,0,2019-11-22,2019-11-22,500000
00663736,"T Kidd & Son Ltd",1,0,0,2014-09-19,2014-09-19,200000
9559801,"Invicta Public Affairs (Group) Limited",1,0,0,2025-03-19,2025-03-19,300000
956939,"Wasdell Packaging Ltd",1,0,0,2017-05-05,2017-05-05,1500000
00657276,"Esseff Furnishing Company Limited (The)",1,0,0,2015-12-09,2015-12-09,200000
9593717,"Conaghan & Company Limited",1,0,0,2019-11-26,2019-11-26,500000
9601428,"Eisler Capital UK Ltd",1,0,0,2019-12-16,2019-12-16,25000000
SC559988,"Dalglen (No 1811) Limited",1,0,0,2026-03-16,2026-03-16,15000000
00636095,"River Island Clothing Co Ltd",1,0,0,2005-02-01,2005-02-01,500000
9648525,"Mercantile and Maritime UK Limited",1,0,0,2019-11-05,2019-11-05,50000000
00619543,"Kohima Ventures Limited",1,0,0,2017-06-01,2017-06-01,600000
9676370,"Sarr Investments Limited",1,0,0,2017-06-06,2017-06-06,5000000
9691956,"AMBA BLOW DRY LTD",1,0,0,2019-09-30,2019-09-30,250000
9694762,"Just Concrete Ltd",1,0,0,2017-05-20,2017-05-20,150000
00616855,"The Trichological Clinic Limited",1,0,0,2009-07-14,2009-07-14,1000000
972107,"DFS Furniture Co Plc",1,0,0,2009-05-21,2009-05-21,500000
976528,"Mayfield Chicks Ltd",1,0,0,2019-12-04,2019-12-04,300000
SC570493,"Dalglen (No. 1813) Limited",1,0,0,2025-12-24,2025-12-24,15000000
979650000,"Speedwell Promotions Ltd",1,0,0,2010-03-31,2010-03-31,170000
9800567,"Realia EM Ltd",1,0,0,2021-10-04,2021-10-04,400000
00608198,"ICAEW Limited",1,0,0,2012-07-17,2012-07-17,1319150
00601312,"M M Bellinger & Sons Ltd",1,0,0,2005-05-09,2005-05-09,107750
983376,"Independent News & Media (UK) Limited",1,0,0,2008-08-17,2008-08-17,900000
00598781,"Tyne Tees Television",1,0,0,2003-01-08,2003-01-08,144520
00592720,"Centrax Ltd",1,0,0,2010-05-26,2010-05-26,400000
00584986,"P & D Northern Steels Ltd",1,0,0,2016-09-19,2016-09-19,400000
99122,"Norwich Union Insurance Limited",1,0,0,2008-10-28,2008-10-28,853800
00578300,"Grovemere Property Limited",1,0,0,2022-08-02,2022-08-02,200000
9961838,"Qandor Ltd",1,0,0,2020-07-23,2020-07-23,1000000
00575166,"Tappex Thread Inserts Ltd",1,0,0,2015-02-01,2015-02-01,74000
00571091,"Massey Bros (Feeds) Ltd",1,0,0,2026-02-17,2026-02-17,251800
00565580,"Dexam International Ltd",1,0,0,2001-05-21,2001-05-21,605500
00553444,"D.Macintyre & Son Limited",1,0,0,2014-03-05,2014-03-05,300000
FC012665,"McKinsey & Company",1,0,0,2011-03-14,2011-03-14,1004400
00533089,"Walker and Son (Hauliers) Ltd",1,0,0,2014-12-10,2014-12-10,250000
00521082,"Selits Ltd",1,0,0,2014-09-16,2014-09-16,575000
sc184779,"Abbey Business Centres",1,0,0,2002-06-10,2002-06-10,1500000
00520793,"F Williams (Bedford) Ltd",1,0,0,2005-04-12,2005-04-12,200000
00515891,"Wedge Group Galvanizing Ltd",1,0,0,2005-04-15,2005-04-15,600000
00514002 ?,"HTI TOYS UK LIMITED",1,0,0,2023-07-14,2023-07-14,5000000
IP05315R,"Rawdon & Guiseley Conservative Club Ltd",1,0,0,2008-05-23,2008-05-23,3000000
IP05526R,"Clacton Conservative Club Ltd",1,0,0,2005-05-03,2005-05-03,150000
IP05569R,"Plympton Conservative Club Limited",1,0,0,2024-08-29,2024-08-29,400000
IP05595R,"Torpoint & District Unionist Club Ltd",1,0,0,2017-12-19,2017-12-19,300000
00513463,"L.J.C Fund Limited",1,0,0,2024-01-08,2024-01-08,2000000
00512735,"F.W. Deptford (Over) Limited",1,0,0,2018-01-18,2018-01-18,500000
IP08884R,"Gorleston on Sea Conservative Club Limited",1,0,0,2009-12-01,2009-12-01,206100
SC603446,"Pentland Communications Limited",1,0,0,2022-03-03,2022-03-03,200000
IP10609R,"Woking Labour Club and Institute Limited",1,0,0,2010-05-06,2010-05-06,201750
00501073,"New Field Limited",1,0,0,2006-01-03,2006-01-03,235000
IP11193R,"Leeds Co-operative Society",1,0,0,2007-03-22,2007-03-22,663700
00499738,"Earl of Plymouth Estates Ltd",1,0,0,2015-04-02,2015-04-02,600000
00495416,"Litchfield Bros Ltd",1,0,0,2004-05-31,2004-05-31,1500000
IP11805R,"Barnes and Richmond Labour Club",1,0,0,2010-10-01,2010-10-01,520000
IP12961R,"Hornsey Labour Party Premises Society",1,0,0,2003-07-01,2003-07-01,77500
IP13714R,"Benton Conservative Club",1,0,0,2001-05-17,2001-05-17,200000
00487019,"A. Levy & Son Limited",1,0,0,2014-10-08,2014-10-08,200000
00472968,"Boodle & Dunthorne Ltd",1,0,0,2004-05-13,2004-05-13,1000000
00470115,"St Albans City Liberal Club",1,0,0,2010-06-30,2010-06-30,239400
00468931,"MELHAM GROUP LIMITED",1,0,0,2019-06-16,2019-06-16,1000000
IP17575R,"Mid Sussex Conservative Club Ltd",1,0,0,2015-01-14,2015-01-14,200000
SC608658,"Drum Buchanan Wharf 5 Limited",1,0,0,2024-05-31,2024-05-31,4500000
00468526,"Davis (Forest Field) Limited",1,0,0,2010-04-21,2010-04-21,300000
00036724,"Smith Bradbeer & Co. Ltd",1,0,0,2004-10-21,2004-10-21,200000
IP19737R,"Waltham Holy Cross Conservative Club",1,0,0,2005-04-19,2005-04-19,200000
IP19985R,"Chard Conservative Club Ltd",1,0,0,2009-03-10,2009-03-10,109150
IP21032R,"Redhill Constitutional Club Ltd.",1,0,0,2004-10-04,2004-10-04,6078306
00468397,"William Davis Ltd",1,0,0,2005-03-04,2005-03-04,300000
IP2589RS,"Scotmid Property and Services Limited",1,0,0,2013-12-20,2013-12-20,165000
IP2783R,"Co-operatives UK",1,0,0,2007-07-01,2007-07-01,600000
00461462,"V & P Midlands Ltd",1,0,0,2001-07-02,2001-07-02,2435616
IP973R,"Chelmsford Star Co-operative Society Ltd",1,0,0,2007-06-01,2007-06-01,300000
Jellicoe House,"Built Environment Communications Group Ltd",1,0,0,2022-09-09,2022-09-09,930000
00427297,"Stanhill Farms Ltd",1,0,0,2005-04-29,2005-04-29,1000000
00426752,"Webb Investments Ltd",1,0,0,2003-11-20,2003-11-20,10000000
00421257,"The Imperial Hotel",1,0,0,2005-02-23,2005-02-23,1000000
00418637,"Hall & Botterill",1,0,0,2005-06-07,2005-06-07,311000
NI027648,"Haughey Air Ltd",1,0,0,2003-04-14,2003-04-14,1100000
NI030646,"FLAGSHIP MEDIA GROUP LTD",1,0,0,2019-11-19,2019-11-19,500000
NI043239,"Airtricity Holdings (UK) Limited",1,0,0,2005-02-28,2005-02-28,300000
00412719,"J Scott (Thrapston) Limited",1,0,0,2017-05-10,2017-05-10,200000
NI130646,"Flagship Media Group Ltd",1,0,0,2003-05-13,2003-05-13,200000
(0)1470151,"Bae Systems Plc",1,0,0,2023-05-26,2023-05-26,1200000
NI7665,"Norbrook Laboratories",1,0,0,2004-04-27,2004-04-27,5000000
00403053,"Allied Commercial Exporters Limited",1,0,0,2015-12-15,2015-12-15,2500000
Not Provided,"89UP Limited",1,0,0,2024-05-29,2024-05-29,290000
0040017,"Scarborough Liberal Clubhouse Company Ltd",1,0,0,2005-04-18,2005-04-18,300000
00397916,"Wiggins Group PLC",1,0,0,2001-07-20,2001-07-20,800000
OC30154O,"KPMG LLP",1,0,0,2004-12-31,2004-12-31,1500000
OC302585,"Odey Asset Management Ltd",1,0,0,2015-04-23,2015-04-23,600000
OC303202,"Unique Network Solutions Ltd",1,0,0,2009-12-17,2009-12-17,480000
OC303471,"Baringa Partners LLP",1,0,0,2024-01-01,2024-01-01,3006150
00388288,"Adshead Ratcliffe & Co Ltd",1,0,0,2002-01-14,2002-01-14,654386
OC303937,"Root Capital LLP",1,0,0,2020-02-03,2020-02-03,1200000
OC307073,"RMPI LLP",1,0,0,2019-01-09,2019-01-09,200000
00366054,"Wittington Investments Ltd",1,0,0,2004-11-10,2004-11-10,10000000
OC308082,"Acaster LLP",1,0,0,2007-01-15,2007-01-15,100800
OC310658,"DLA Piper Global Services LLP - Sponsorship",1,0,0,2008-08-27,2008-08-27,587500
OC315106,"Marwyn Capital LLP",1,0,0,2010-03-16,2010-03-16,2500000
OC315962,"HDI Capital Partners LLP",1,0,0,2010-10-18,2010-10-18,200000
OC316960,"Allerton Priory LLP",1,0,0,2011-03-17,2011-03-17,250000
OC321025,"Palmer Capital LLP",1,0,0,2013-03-08,2013-03-08,400000
OC321250,"Triple Point Investment Management LLP",1,0,0,2020-12-11,2020-12-11,800000
OC321337,"DE & DH Lever Commercial Property LLP",1,0,0,2008-05-19,2008-05-19,200000
OC324008,"Warwick Balfour Capital LLP",1,0,0,2014-10-30,2014-10-30,500000
OC328080,"Strategic Dimensions LLP",1,0,0,2008-08-12,2008-08-12,140000
OC329662,"Hubbard Pegman & Whitney LLP",1,0,0,2021-07-26,2021-07-26,200152
OC329994,"ISIS Business Solutions (Northants) LLP",1,0,0,2015-03-30,2015-03-30,356200
OC332320,"Wellgold LLP",1,0,0,2010-02-15,2010-02-15,5500000
00347968,"Prentice Aircraft and Cars Limited",1,0,0,2017-05-22,2017-05-22,200000
OC337654,"STAC Consultancy LLP",1,0,0,2010-12-06,2010-12-06,350000
OC341246,"JRJ Venture LLP",1,0,0,2015-02-12,2015-02-12,1000000
OC342778,"SCM Private LLP",1,0,0,2012-04-26,2012-04-26,1168008
OC348998,"MCHALE CONTRACTS AND PLANT ENVIRONMENTAL LLP",1,0,0,2010-03-15,2010-03-15,500000
OC354497,"Greybull Capital LLP",1,0,0,2025-06-24,2025-06-24,10000000
SC682469,"True North (Scotland) Limited",1,0,0,2024-03-26,2024-03-26,240000
OC359103,"The Boston Consulting Group LLP",1,0,0,2014-10-29,2014-10-29,4500000
OC359581,"Beattie McGuinness Bungay London LLP",1,0,0,2013-03-31,2013-03-31,1382040
OC360201,"LXM Finance LLP",1,0,0,2015-12-23,2015-12-23,1300000
OC360308,"ALIXPARTNERS UK LLP",1,0,0,2010-11-09,2010-11-09,400000
00343659,"Sir Richard Sutton's Settled Estates Ltd",1,0,0,2001-06-04,2001-06-04,1000000
OC361699,"Fairweathers Solicitors LLP",1,0,0,2015-01-15,2015-01-15,300000
OC372721,"Montague Asset Management LLP",1,0,0,2017-05-22,2017-05-22,1000000
OC375601,"Parabola Capital LLP",1,0,0,2017-03-02,2017-03-02,5000000
00332765,"Halfway Conservative Hall Limited",1,0,0,2015-04-30,2015-04-30,350000
OC395428,"KNARESBOROUGH AVIATION LLP",1,0,0,2023-06-20,2023-06-20,930000
SC95810,"Tomatin Distilery Company Limited",1,0,0,2007-07-21,2007-07-21,500000
OC396555,"Nightingale Touring LLP",1,0,0,,,4000000
OC402545,"Growth Partner LLP",1,0,0,2018-04-26,2018-04-26,4972500
00320784,"National House Building Council",1,0,0,2025-05-16,2025-05-16,1500000
00319780,"J & H Bunn Ltd",1,0,0,2004-11-30,2004-11-30,500000
00312678,"ESSEX FLOUR & GRAIN COMPANY LIMITED",1,0,0,2024-03-18,2024-03-18,550000
OC421166,"ROSIE BRACHER SOLICITORS LLP",1,0,0,2024-05-29,2024-05-29,300000
00312286,"City Cruises Ltd",1,0,0,2001-03-10,2001-03-10,380400
00303039,"London Linen Supply Limited",1,0,0,2011-02-07,2011-02-07,200000
00295846,"WALSALL UNIONIST HOLDINGS LIMITED",1,0,0,2024-06-25,2024-06-25,600000
SC005140,"Charles Connell & Company (Holdings) Ltd",1,0,0,2021-03-30,2021-03-30,1000000
00290803 ?,"Peterborough United Football Club Ltd",1,0,0,2022-05-12,2022-05-12,500000
00286146,"Milton (Peterborough) Estates Company",1,0,0,2013-12-17,2013-12-17,1000000
00284385,"Eli Lilly and Company Ltd",1,0,0,2013-07-25,2013-07-25,850000
00281384,"Edmund G Thornhill",1,0,0,2006-06-30,2006-06-30,500000
SC036374,"The Edrington Group - Sponsorship",1,0,0,2009-01-23,2009-01-23,174150
SC036386,"Arnold Clark Automobiles Ltd",1,0,0,2005-05-15,2005-05-15,750000
00276353,"S Ross & Co Ltd",1,0,0,2005-04-12,2005-04-12,150000
SC041172,"Esson Properties Ltd",1,0,0,2001-05-21,2001-05-21,500000
SC042166,"Glenrath Farms Ltd",1,0,0,2020-02-18,2020-02-18,999500
SC042597,"Tube Developments Ltd",1,0,0,2011-04-20,2011-04-20,1000000
SC042818,"Hill and Hay Ltd",1,0,0,2008-11-07,2008-11-07,824000
SCO52531,"Ferguson Seacabs Ltd",1,0,0,2001-03-20,2001-03-20,1370000
SCO68670,"Ashley Group Ltd",1,0,0,2001-03-05,2001-03-05,1370000
SC051530,"C R SMITH GLAZIERS (DUNFERMLINE) LIMITED",1,0,0,2021-02-16,2021-02-16,200000
SC052125,"Muir Homes Limited",1,0,0,2006-05-19,2006-05-19,135000
00271595,"The Boughton Estates Ltd",1,0,0,2004-12-29,2004-12-29,160000
SC059670,"Bruce Douglas Marketing Limited",1,0,0,2014-03-28,2014-03-28,200000
SC060077,"Robertson Group",1,0,0,2016-05-27,2016-05-27,300000
SC060799,"John Lynch Builders Ltd",1,0,0,2003-04-22,2003-04-22,300000
SC067627,"FISHERS SERVICES LIMITED",1,0,0,2024-05-31,2024-05-31,500000
SC080027,"United Whole Sale Grocers Ltd",1,0,0,2016-11-04,2016-11-04,247241
00267687,"Weetabix Ltd",1,0,0,2001-04-23,2001-04-23,1000000
SC085347,"Pursol Limited",1,0,0,2024-06-24,2024-06-24,1000000
SC086391,"Walter Scott (Investment Management) Ltd",1,0,0,2004-04-30,2004-04-30,1500000
00259736,"Morris Hall Limited",1,0,0,2010-04-15,2010-04-15,200000
SC092397,"Morris Leslie Limited",1,0,0,2014-05-09,2014-05-09,500000
SC092568,"Barry D Trentham Ltd",1,0,0,2001-04-02,2001-04-02,1000000
SC092623,"City Facilities Management (UK) Limited",1,0,0,2002-03-01,2002-03-01,180000
SC093685,"Walter Scott & Partners Ltd",1,0,0,2001-04-02,2001-04-02,712300
00256314,"Multitone Electronics Plc",1,0,0,2010-04-14,2010-04-14,10000000
SC094284,"Thomson Litho Holdings Ltd",1,0,0,2005-04-01,2005-04-01,270000
SC096849,"Lothian Buses plc - Sponsorship",1,0,0,2007-03-14,2007-03-14,200000
SC097566,"Scottish Daily Record & Sunday Mail Ltd",1,0,0,2002-06-19,2002-06-19,2000000
00255865,"W & H Elliotts Ltd",1,0,0,2005-02-03,2005-02-03,1000000
SC100269,"FERRING CONTROLLED THERAPEUTICS LIMITED",1,0,0,2017-05-27,2017-05-27,1500000
SC103823,"Kiltane Developments Ltd",1,0,0,2017-03-16,2017-03-16,2000000
SO300990,"City Building (Glasgow) LLP",1,0,0,2009-01-05,2009-01-05,200000
SC105493,"Strathvale Holdings",1,0,0,2004-03-01,2004-03-01,135000
SC108926,"BSW Timber Limited",1,0,0,2015-03-30,2015-03-30,300000
SO303811,"Blair Estate (Scotland) LLP",1,0,0,2015-03-20,2015-03-20,400000
SC114110,"The Decorator Centre Limited",1,0,0,2020-01-12,2020-01-12,500000
00246071,"Poeton Industries Ltd",1,0,0,2004-10-05,2004-10-05,150000
SC117976,"City Refrigeration",1,0,0,2004-10-01,2004-10-01,175000
SC123734,"Aquatic Engineering and Construction Ltd",1,0,0,2005-04-13,2005-04-13,200000
SC126684,"Microcom Training",1,0,0,2007-02-28,2007-02-28,150000
SC128329,"Claymore Motor Co Ltd",1,0,0,2005-05-31,2005-05-31,300000
SC129033,"First Glasgow - Sponsorship",1,0,0,2009-01-15,2009-01-15,200000
SC132444,"Otterston Properties Ltd",1,0,0,2005-04-29,2005-04-29,1000000
SC134248,"William Grant & Sons Limited",1,0,0,2014-05-23,2014-05-23,10000000
SP2059,"Scottish Midland Co-operative Society Ltd",1,0,0,2007-02-23,2007-02-23,1106100
0001620599,"Botanica Inc",1,0,0,2018-04-09,2018-04-09,375000
SC136823,"RDK Construction Ltd",1,0,0,2007-05-30,2007-05-30,150000
04624666,"Edison School UK Ltd",1,0,0,2007-03-13,2007-03-13,600000
04638853,"Rhodepark Limited",1,0,0,2003-11-13,2003-11-13,200000
04649411,"Platinum One Hotels Ltd",1,0,0,2004-07-20,2004-07-20,250000
04657788,"Communicator Corporation Ltd",1,0,0,2009-07-15,2009-07-15,120000
04662101,"J G Management Ltd",1,0,0,2006-11-03,2006-11-03,800000
04662663,"Zeus Partners Ltd",1,0,0,2004-09-23,2004-09-23,2500000
SC139314,"Birlinn Limited",1,0,0,2007-05-09,2007-05-09,250000
04683806,"Qhotels Group Limited",1,0,0,2010-07-22,2010-07-22,500000
04690404,"Gulfstream Aerospace Corp",1,0,0,2007-06-11,2007-06-11,1500000
04695861,"ONE CALL ESTATES LIMITED",1,0,0,2024-01-29,2024-01-29,2500000
04702998,"Gwendolen House Nursery School Ltd",1,0,0,2015-03-13,2015-03-13,170000
04708694,"Nam Long Le Shaker Ltd",1,0,0,2005-12-09,2005-12-09,125000
04624000,"Advantage Digital Outdoor Media Ltd",1,0,0,2014-12-04,2014-12-04,175000
04732371,"Hollyhedge Limited",1,0,0,,,5000000
04735490,"Smithfield Consultants Ltd",1,0,0,2011-12-01,2011-12-01,875000
04621058,"RJJ Management Ltd",1,0,0,2009-11-06,2009-11-06,2500000
04746712,"Abbey Total Care Group Ltd",1,0,0,2018-03-20,2018-03-20,160000
04749376,"Smee Family Interests Ltd",1,0,0,2006-10-16,2006-10-16,500000
04759694,"Packt Publishing Limited",1,0,0,2012-02-22,2012-02-22,250000
04619954,"Northern Rail Ltd",1,0,0,2010-03-03,2010-03-03,305000
04764454,"Oakdale Farms Ltd",1,0,0,2024-06-10,2024-06-10,499900
04766053,"RJ Clark Ltd",1,0,0,2007-07-20,2007-07-20,300000
04611579,"Silver Cross (UK) Ltd",1,0,0,2009-09-22,2009-09-22,2500000
04791222,"PASAB Ltd",1,0,0,2015-04-10,2015-04-10,500000
04795101,"Mpower Training Solutions Ltd",1,0,0,2014-04-11,2014-04-11,500000
04795804,"Alexandra House Care Services Ltd",1,0,0,2015-03-30,2015-03-30,200000
04795856,"Jewelite Trading Ltd",1,0,0,2005-11-25,2005-11-25,1700000
04796460,"Weston Homes Group Limited",1,0,0,2007-04-13,2007-04-13,150000
04811765,"AGCP Ltd",1,0,0,2005-05-15,2005-05-15,3000000
04604895,"Stadium Investment Ltd",1,0,0,2009-12-31,2009-12-31,500000
04594577,"Margintest Ltd",1,0,0,2005-02-15,2005-02-15,530000
04591440,"NGC Networks Limited",1,0,0,2009-07-17,2009-07-17,182500
04834010,"Call Connection Limited",1,0,0,2014-10-30,2014-10-30,300000
04835672,"Storey Homes",1,0,0,2018-01-31,2018-01-31,500000
04840085,"STRONGVOX LIMITED",1,0,0,2024-05-24,2024-05-24,500000
04853169,"Auvian Limited",1,0,0,2010-04-28,2010-04-28,1000000
04856208,"Isle of Man Containerline UK Ltd",1,0,0,2015-02-12,2015-02-12,300000
04862988,"EUROPEAN CHANNEL DEVELOPMENT LIMITED",1,0,0,2023-05-31,2023-05-31,1000000
04546128,"The London Heliport Limited",1,0,0,2015-05-14,2015-05-14,2017500
04870412,"Growing Green Limited",1,0,0,2015-04-02,2015-04-02,200000
04881462,"S A Capital Ltd",1,0,0,2010-04-10,2010-04-10,200000
04537090,"DB Symmetry Ltd",1,0,0,2025-05-14,2025-05-14,2500000
04528532,"The Publishing and Licensing Agency Ltd",1,0,0,2006-03-21,2006-03-21,750000
04900689,"A & H Developers Ltd",1,0,0,2018-03-28,2018-03-28,1249800
04926764,"Yorkshire Ventures Ltd",1,0,0,2006-01-18,2006-01-18,400000
04927371,"Yorkshire Developments Limited",1,0,0,2009-09-25,2009-09-25,400000
04941724,"The Lansdowne Hotel (Eastbourne) Ltd",1,0,0,2010-03-30,2010-03-30,300000
04953833,"Village Developments Strategic Land Limited",1,0,0,2014-12-04,2014-12-04,250000
04954668,"DTP JOINERY & BUILDING MAINTENANCE LIMITED",1,0,0,2010-04-23,2010-04-23,300000
04962865,"TMG Properties Ltd",1,0,0,2005-03-31,2005-03-31,999966
04969745,"First Belgravia Properties Ltd",1,0,0,2012-09-18,2012-09-18,1500000
04973721,"Obviam Ltd",1,0,0,2005-04-30,2005-04-30,200000
04523913,"Sterling Capitol Group PLC",1,0,0,2007-09-11,2007-09-11,1000000
04980746,"LWE Ltd",1,0,0,2004-03-08,2004-03-08,1000000
04981374 ?,"Barmoor Castle Country Park",1,0,0,2022-05-30,2022-05-30,500000
04523727,"Assetgrove Lettings Ltd",1,0,0,2013-12-05,2013-12-05,190000
04991577,"Energy & Environment Business Services Ltd",1,0,0,2006-11-28,2006-11-28,150000
04999674,"Rumpus PR",1,0,0,2017-03-30,2017-03-30,180000
05004420,"Darren Baker Fine Arts Ltd",1,0,0,2012-01-25,2012-01-25,5000000
05015373,"International Metallurgical Resources Limited",1,0,0,2019-07-24,2019-07-24,1000000
05015556,"Benalla Limited",1,0,0,2015-02-18,2015-02-18,500000
05033394,"BSN Capital Partners Ltd",1,0,0,2007-03-30,2007-03-30,10000000
04517529,"Computer Service Centre Ltd",1,0,0,2018-03-08,2018-03-08,336852
04513499,"GASCOYNE ESTATES LIMITED",1,0,0,2024-07-02,2024-07-02,500000
04495445,"Assetz for Investors Ltd",1,0,0,2013-08-15,2013-08-15,860000
05042763,"Investment Trust Limited",1,0,0,2009-12-18,2009-12-18,500000
05045148,"Simple Claims Limited",1,0,0,2012-12-31,2012-12-31,200000
05046506,"Alpha Medical Concultancy Ltd",1,0,0,2013-12-24,2013-12-24,500000
05050619,"The West Retail Group Ltd",1,0,0,2025-04-02,2025-04-02,1000000
05055257,"Patil Diagnostics Ltd",1,0,0,2010-07-15,2010-07-15,1000000
05056974,"Network Critical Physical Infrastructure Limited",1,0,0,2015-12-23,2015-12-23,300000
05060185,"Vanguard Packing Ltd",1,0,0,2015-04-22,2015-04-22,500000
05067848,"Hogarths Hotel Limited",1,0,0,2015-06-30,2015-06-30,200000
05072187,"Forset Court Ltd",1,0,0,2010-04-21,2010-04-21,300000
04490190,"DCD Properties Limited",1,0,0,2009-11-27,2009-11-27,300000
04488426,"Dalton Homes (North East) Limited",1,0,0,2015-04-22,2015-04-22,250000
05095713,"Ashmoat Ltd",1,0,0,2019-06-07,2019-06-07,1000000
05104786,"Simec Uskmouth Power Limited",1,0,0,2016-02-09,2016-02-09,1250000
05114893,"M & C Saatchi PLC",1,0,0,2010-05-06,2010-05-06,6000000
SC141222,"Classic Lodges Ltd",1,0,0,2008-06-11,2008-06-11,5000000
05130824,"Powerscourt Ltd",1,0,0,2016-03-21,2016-03-21,180000
05132465,"CFN Insurance Services Ltd",1,0,0,2017-06-08,2017-06-08,750000
04487036,"FRENCHCROFT INVESTMENTS LIMITED",1,0,0,2026-01-21,2026-01-21,500000
05132672,"CAIRNS DIDGE PROPERTY UK LTD",1,0,0,2024-04-11,2024-04-11,250000
05136644,"Purple Apple Ltd",1,0,0,2010-04-29,2010-04-29,1500000
05166622,"The Anderson Group",1,0,0,2006-10-30,2006-10-30,1000000
05178692,"Churchouse Financial Planning Ltd",1,0,0,2011-01-25,2011-01-25,155000
04483789,"China Tang London Ltd",1,0,0,2009-11-26,2009-11-26,800000
04476848,"Zoe Ashton Ltd",1,0,0,2010-03-09,2010-03-09,200000
05195765,"The Unex Group",1,0,0,2019-06-07,2019-06-07,2500000
04464549,"Whitehall Industrial Ltd",1,0,0,2024-03-26,2024-03-26,250000
04462867,"Get Property Management Limited",1,0,0,2010-04-01,2010-04-01,500000
05212852,"D1 Oils Plc",1,0,0,2005-01-10,2005-01-10,597500
05213591,"Hartley (Head Office) Limited",1,0,0,2015-04-17,2015-04-17,250000
05227778,"Countryside Alliance",1,0,0,2017-02-14,2017-02-14,1800000
05255036,"Chancel Liability Services Ltd",1,0,0,2007-02-20,2007-02-20,117500
04461603,"Splitside Ltd.",1,0,0,2003-12-01,2003-12-01,2945000
05261538,"Aspers Group Ltd",1,0,0,2019-08-08,2019-08-08,1000000
05270937,"Simple Self Drive Ltd",1,0,0,2013-12-26,2013-12-26,300000
05277201,"Facilitec Properties Ltd",1,0,0,2018-09-07,2018-09-07,250000
05287259,"Lifetime Care Ltd",1,0,0,2015-02-13,2015-02-13,500000
05295764,"Mill Lane Consulting Ltd",1,0,0,2005-04-13,2005-04-13,200000
05298570,"DLA Piper Rudnick Gray Cary Uk Ltd",1,0,0,2006-08-08,2006-08-08,581600
04457655,"Brevan Howard Services Ltd",1,0,0,2006-10-17,2006-10-17,1000000
05369932,"Global Strategy Ltd",1,0,0,2006-12-04,2006-12-04,1600000
04454838,"Project Associates UK Ltd",1,0,0,2012-10-04,2012-10-04,654590
05385186,"Berkshire Properties Limited",1,0,0,2015-04-17,2015-04-17,500000
04454150,"Cohiba Support Services Ltd",1,0,0,2024-05-24,2024-05-24,6000000
05391900,"Clicknow Ltd",1,0,0,2009-07-30,2009-07-30,600000
05400677,"Benson Box Holdings Ltd",1,0,0,2010-01-13,2010-01-13,150000
05410707,"Thothall Group Limited",1,0,0,2010-05-06,2010-05-06,250000
05412807,"Vectrix UK Ltd",1,0,0,2006-07-03,2006-07-03,600000
05415039,"DLA Piper Rudnick Gray Cary Ltd (Sponsorship)",1,0,0,2007-07-25,2007-07-25,587500
05417533,"Thresholds Limited",1,0,0,2019-12-12,2019-12-12,1000000
05436405,"Plastic Head Media Ltd",1,0,0,2014-10-02,2014-10-02,273542
05452838,"Paul Hodgkinson Limited",1,0,0,2015-02-26,2015-02-26,300000
05460881,"Jermyn Consultancy Services Limited",1,0,0,2015-10-28,2015-10-28,1000000
05484800,"ABBOTT MOODY ASSOCIATES LIMITED",1,0,0,2024-07-09,2024-07-09,250000
SC141909,"Grampian Foods Ltd",1,0,0,2001-03-12,2001-03-12,1370000
05501935,"KIPLUN LIMITED",1,0,0,2024-06-26,2024-06-26,400000
05505298,"Markland Holdings Ltd",1,0,0,2007-09-28,2007-09-28,10000000
04438360,"Overseas Packing Company UK Ltd",1,0,0,2005-02-01,2005-02-01,500000
05527531,"Ivor Caplin Consultancy Limited",1,0,0,2006-09-11,2006-09-11,670000
05531440,"Halo Living Ltd",1,0,0,2010-10-12,2010-10-12,200000
04434949,"Pinnacle Investment Management",1,0,0,2006-04-03,2006-04-03,200000
04434554,"CDV-2 Ltd",1,0,0,2016-01-28,2016-01-28,1125000
05547549,"Ennismore Gardens Ltd",1,0,0,2009-09-15,2009-09-15,750000
05564847,"Tournerbury Holdings Limited",1,0,0,2015-06-28,2015-06-28,594000
04417845,"Zeus Capital Ltd",1,0,0,2016-06-15,2016-06-15,181240
04417234,"Putterill's of Hertfordshire (Welwyn Garden City)",1,0,0,2016-06-23,2016-06-23,200000
04415277,"Investream Ltd",1,0,0,2015-03-20,2015-03-20,200000
05597421,"Unex Ltd",1,0,0,2016-09-26,2016-09-26,2000000
05598549,"Hitachi Rail Europe Ltd",1,0,0,2013-06-24,2013-06-24,200000
04412004,"Astimwood Properties Ltd",1,0,0,2005-02-24,2005-02-24,300000
0560074,"Lionel Cooke Memorial Fund",1,0,0,2024-03-19,2024-03-19,3000000
SC142872,"Phoenix Honda Ltd",1,0,0,2005-09-20,2005-09-20,192800
04407436,"Carling Associates Ltd",1,0,0,2005-01-31,2005-01-31,1800000
05603875,"Tele City Group PLc",1,0,0,2013-05-10,2013-05-10,1000000
04404208,"Xtratherm UK Ltd",1,0,0,2015-05-05,2015-05-05,2500000
05625948,"Dilman UK Limited",1,0,0,2011-11-01,2011-11-01,300000
04392703,"OCI UK Ltd",1,0,0,2009-10-23,2009-10-23,5000000
04391888,"Southroup Estates Ltd",1,0,0,2015-02-09,2015-02-09,1600000
05655540,"Stadium Capital Developments Ltd",1,0,0,2014-07-18,2014-07-18,500000
04361823,"Ashport Ltd",1,0,0,2012-11-16,2012-11-16,2360000
04345773,"Cairns Didge UK Limited",1,0,0,2023-12-01,2023-12-01,250000
05683298,"Thornwood Investments Ltd",1,0,0,2010-04-22,2010-04-22,450000
04342086,"Mackwoods Limited",1,0,0,2010-05-11,2010-05-11,500000
04341231,"Business Phones and Networks Limited",1,0,0,2015-07-31,2015-07-31,175000
05707007,"Anne Street Partners Limited",1,0,0,2013-03-18,2013-03-18,1000000
04340589,"London Duck Tours",1,0,0,2013-08-01,2013-08-01,495000
05718406,"Cadogan Petroleum Plc",1,0,0,2009-02-10,2009-02-10,111424
04327315,"Citadel Group Ltd",1,0,0,2003-11-13,2003-11-13,120000
05733841,"MCR Property Group",1,0,0,2009-09-22,2009-09-22,120000
05745512,"Helius Energy Plc",1,0,0,2006-04-01,2006-04-01,400000
04326560,"Bonhams 1793 Ltd",1,0,0,2015-03-26,2015-03-26,300000
04325021,"Drones Ltd",1,0,0,2005-02-10,2005-02-10,1890000
05767606,"Fielding & Nicholson Tailoring Limited",1,0,0,2014-11-26,2014-11-26,160000
05791391,"Global Finance & Capital Limited",1,0,0,2015-06-04,2015-06-04,1000000
05799073,"Frithsden Construction",1,0,0,2006-12-01,2006-12-01,333300
04322682,"RC Tuxford Exports Ltd",1,0,0,2009-12-09,2009-12-09,115000
05817045?,"PURE LEISURE AIR LIMITED",1,0,0,2019-03-17,2019-03-17,1500000
05830879,"IEP Property Consultants Ltd",1,0,0,2007-03-29,2007-03-29,220000
05832146,"Bolton Aerospace Ltd",1,0,0,2012-11-07,2012-11-07,1000000
05833125,"John Dickinson Transport Limited",1,0,0,2015-04-27,2015-04-27,200000
05833239,"Principle Holdings Limited",1,0,0,2015-02-13,2015-02-13,300000
05833548,"BGC Brokers GP Limited",1,0,0,2014-04-23,2014-04-23,158000
05845839,"Quinlan Private Capital UK Ltd",1,0,0,2006-09-21,2006-09-21,1600000
05849654,"Ezi Floor Ltd",1,0,0,2010-05-04,2010-05-04,250000
05851593,"ELONEX DOOH LIMITED",1,0,0,2024-06-03,2024-06-03,10000000
05851699,"Purico (USA) Limited",1,0,0,2015-03-30,2015-03-30,5500000
04308203,"Teltscher Industrial Ltd",1,0,0,2009-05-29,2009-05-29,624800
05876258,"Tristan Fitzgerald Associates Limited",1,0,0,2019-04-30,2019-04-30,250000
05886471,"Red Box Architecture",1,0,0,2010-05-14,2010-05-14,200000
05896676,"Corpacq Limited",1,0,0,,,5000000
05912554,"Liberum Capital Limited",1,0,0,2015-01-12,2015-01-12,162250
04304544,"Galaxy Sports Management Ltd",1,0,0,2007-02-19,2007-02-19,1000000
05933547,"St Cloud Club",1,0,0,2006-12-01,2006-12-01,250000
SC145746,"The House of Bruar Limited",1,0,0,2009-12-14,2009-12-14,500000
05956680,"Sweep Ltd",1,0,0,2009-07-27,2009-07-27,128000
04301146,"THE EMEA ENTERPRISE COMPANY LIMITED",1,0,0,2021-07-12,2021-07-12,231240
04298081,"SELECT GROUP INTERNATIONAL LIMITED",1,0,0,2024-04-09,2024-04-09,12500000
05973663,"Oakley Court Hotel Ltd",1,0,0,2007-06-30,2007-06-30,150000
05977148,"Residential Land Holdings Ltd",1,0,0,2010-04-14,2010-04-14,7500000
05992595,"Cultoon Television Ltd",1,0,0,2010-05-01,2010-05-01,300000
05999322,"Eminent Wine Ltd",1,0,0,2015-06-26,2015-06-26,810000
06008773,"Leaf Hotels Limited",1,0,0,2024-07-24,2024-07-24,350000
06009439,"Mulberry Care Ltd",1,0,0,2015-02-13,2015-02-13,500000
06009493,"Dunmoore Properties Limited",1,0,0,2019-05-25,2019-05-25,1000000
06027010,"Treasury Holdings (UK) Ltd",1,0,0,2010-05-06,2010-05-06,2000000
04288512,"The Amalur Foundation Ltd",1,0,0,2004-08-09,2004-08-09,1500000
04286798,"CFB Limited",1,0,0,2016-05-16,2016-05-16,360000
06041494,"The Workers Beer Company Ltd",1,0,0,2019-09-01,2019-09-01,400000
04286449,"Four Communications plc",1,0,0,2007-09-12,2007-09-12,580000
06048816,"Devine Restaurants Ltd",1,0,0,2014-07-02,2014-07-02,500000
04283476,"Principal Healthcare Limited",1,0,0,2014-08-20,2014-08-20,250000
06061208,"Marine Holiday Park Ltd",1,0,0,2024-06-19,2024-06-19,250000
04281144,"Toolstream Ltd",1,0,0,2014-06-06,2014-06-06,500000
06080432,"Silverbee Promotions Limited",1,0,0,2010-05-04,2010-05-04,500000
06086813,"Starbones Ltd",1,0,0,2011-03-29,2011-03-29,500000
04279501,"Bifrangi UK Limited",1,0,0,2015-04-23,2015-04-23,500000
06158284,"Timberstore Ltd",1,0,0,2010-07-01,2010-07-01,240000
06199460,"Stirling Capitol",1,0,0,2023-04-26,2023-04-26,500000
0624459,"S.D. Management Limited",1,0,0,2009-12-09,2009-12-09,500000
06273275,"Chapman Ventilation Limited",1,0,0,2010-05-05,2010-05-05,200000
06290112,"Rajesh Munglani Medicolegal Limited",1,0,0,2020-05-26,2020-05-26,1000000
04277266,"Pier (UK) Ltd",1,0,0,2006-07-27,2006-07-27,300000
06308340,"Karali Ltd",1,0,0,2009-08-28,2009-08-28,200000
06314646,"ADFIELD MARKETING SERVICES LIMITED",1,0,0,2024-05-16,2024-05-16,500000
SC146685,"Kean Construction",1,0,0,2008-05-31,2008-05-31,126000
06330329.,"CSF GROUP LIMITED",1,0,0,2022-10-12,2022-10-12,1250000
04272917,"Hotel Top Limited",1,0,0,2008-08-11,2008-08-11,350000
06332689,"Alamax Ltd",1,0,0,2015-03-13,2015-03-13,840000
06370394,"Wise & Co Accountants Ltd",1,0,0,2014-11-07,2014-11-07,250000
06389233,"Velocity Composites Ltd",1,0,0,2014-03-20,2014-03-20,180000
06401193,"GMG Financial Services Ltd",1,0,0,2013-12-24,2013-12-24,500000
SC148945,"City Refridgeration Holdings Ltd",1,0,0,2007-04-14,2007-04-14,9000000
06434569,"STARS DAY NURSERIES LIMITED",1,0,0,2025-03-20,2025-03-20,250000
06436717,"Altitude Broadcasting & Corporate Studios Limited",1,0,0,2011-03-19,2011-03-19,924900
06460017,"Loose End Fabrics Ltd",1,0,0,2010-05-04,2010-05-04,200000
00231824,"Saatchi and Saatchi Group Limited",1,0,0,2010-05-31,2010-05-31,32260541
06466868,"IESIS Limited",1,0,0,2015-03-30,2015-03-30,380000
06473527,"Cornerstone Business Solutions",1,0,0,2019-12-10,2019-12-10,500000
06488871,"Alisa Retail Limited",1,0,0,2015-03-10,2015-03-10,500000
06502275,"Mowbray Indigo Ltd",1,0,0,2015-03-04,2015-03-04,200000
04246195,"Euro Garages Limited",1,0,0,2014-11-25,2014-11-25,1000000
04226716,"Oag Worldwide Ltd",1,0,0,2005-05-10,2005-05-10,300000
06538457 ?,"ST MATTHEWS (SB) LIMITED",1,0,0,2022-05-27,2022-05-27,175000
06552736,"Crowe Caylor and Partners",1,0,0,2011-09-29,2011-09-29,265500
06569672,"D & P Dixon Land & Properties Ltd",1,0,0,2010-04-06,2010-04-06,160000
06569708,"Milestone Civil Engineering Limited",1,0,0,2020-01-22,2020-01-22,500000
06574269,"Maxworld Trading Limited",1,0,0,2010-05-18,2010-05-18,1250000
06574918,"Silveta Limited",1,0,0,2011-12-31,2011-12-31,1920200
06588211,"Interactive Pro Limited",1,0,0,2020-04-16,2020-04-16,1500000
06616608,"The Construction Skills People Ltd",1,0,0,2019-11-12,2019-11-12,200000
06617647,"Vistajet International Ltd",1,0,0,2009-03-02,2009-03-02,1800000
04207587,"Birchover Stone Limited",1,0,0,2017-06-06,2017-06-06,500000
04207327,"Candy & Candy Ltd",1,0,0,2009-09-23,2009-09-23,6050000
06699502,"Kirintec Ltd",1,0,0,2024-07-02,2024-07-02,1000000
06722230,"Tom Atkins Group Ltd",1,0,0,2013-02-28,2013-02-28,1000000
04203655,"Bleasdale Estates Ltd",1,0,0,2009-04-01,2009-04-01,200000
06727338,"Bown Bags & Luggage",1,0,0,2010-05-04,2010-05-04,200000
06734554,"TOTELECOM LIMITED",1,0,0,2024-05-31,2024-05-31,250000
06742862,"JRJ Investments Ltd",1,0,0,2010-05-19,2010-05-19,500000
06752658,"Temple Capital Finance Limited",1,0,0,2017-06-19,2017-06-19,200000
06754360,"WMB STEELE (2009) & CO. LIMITED",1,0,0,2024-06-19,2024-06-19,250000
06763335,"Vaughan Consulting Ltd",1,0,0,2009-01-16,2009-01-16,1000000
04194338,"Compaq Computers Ltd",1,0,0,2001-09-18,2001-09-18,750000
06777461,"Collard Group",1,0,0,2024-06-12,2024-06-12,250000
06781419,"Pillbox38 (UK) Ltd",1,0,0,2013-05-09,2013-05-09,2500000
06782413,"Mad Mobiles Ltd",1,0,0,2016-04-07,2016-04-07,500000
06785448,"Leicester Square Box Office Ltd",1,0,0,2014-06-19,2014-06-19,300000
06789840,"TFS BUYING LIMITED",1,0,0,2024-01-29,2024-01-29,1250000
06797461 ?,"Blue Square Marketing Ltd",1,0,0,2022-06-16,2022-06-16,300000
04182147,"Kemble Air Services Limited",1,0,0,2015-02-21,2015-02-21,200000
06808439,"Weller Management Ltd",1,0,0,2019-06-10,2019-06-10,500000
06817825,"Biznet UK",1,0,0,2012-05-01,2012-05-01,1000000
04166416,"Landlegend Ltd",1,0,0,2010-07-29,2010-07-29,200000
04164594,"The Funding Corporation Group Ltd",1,0,0,2010-12-16,2010-12-16,2500000
04154226,"City and West End Services Ltd",1,0,0,2007-07-12,2007-07-12,625002
04153108,"Hallmark Developments (NW) Ltd",1,0,0,2007-05-14,2007-05-14,1000000
04144158,"Integrated ECO Technologies Limited",1,0,0,2024-06-17,2024-06-17,300000
04141432,"Airtours Plc",1,0,0,2001-11-14,2001-11-14,600000
04141076,"3V International Limited",1,0,0,2019-12-03,2019-12-03,200000
06898472,"Oracle Capital Advisors Ltd",1,0,0,2012-06-12,2012-06-12,840000
06909588,"Curtain Road Limited",1,0,0,2010-05-27,2010-05-27,200000
04139792,"RAGM PLC",1,0,0,2009-11-12,2009-11-12,1000000
06937296,"Dyneema Limited",1,0,0,2017-05-09,2017-05-09,200000
06950585,"Brand print (UK) Ltd",1,0,0,2016-05-12,2016-05-12,203500
06993978,"Wenningdale Leisure Ltd",1,0,0,2024-06-19,2024-06-19,300000
04136164,"Berkeley Burke Group Limited",1,0,0,2017-10-10,2017-10-10,850000
07006885,"The Cordoba Foundation",1,0,0,2010-04-08,2010-04-08,200000
07011445,"Seven Capital",1,0,0,2019-09-27,2019-09-27,400000
07022075,"Project Kudos Ltd",1,0,0,2014-06-30,2014-06-30,2740000
07029648,"VGC Limited",1,0,0,2016-04-07,2016-04-07,180000
07036404,"MDVR SERVICES LIMITED",1,0,0,2023-08-25,2023-08-25,200000
04113738,"Premier Wealth Mgt",1,0,0,2015-03-11,2015-03-11,200000
0410660 ?,"The Wine and Spirit Trade Association",1,0,0,2022-05-12,2022-05-12,2000000
04096788,"PUNTER SOUTHALL GROUP LIMITED",1,0,0,2022-07-29,2022-07-29,1000000
07072365,"Askaris Information Technology Ltd",1,0,0,2019-12-23,2019-12-23,1500000
04096741,"Karajan Limited",1,0,0,2015-03-16,2015-03-16,200000
04093508,"MPW Parisienne Restaurants Ltd",1,0,0,2006-10-23,2006-10-23,2610000
07090892,"5 x 15 Limited",1,0,0,2016-02-04,2016-02-04,3160878
00227266,"Robert Brett & Sons Limited",1,0,0,2007-01-18,2007-01-18,117500
07099357,"Blueprint Acquisitions Limited",1,0,0,2019-09-23,2019-09-23,500000
07107721,"Flamingo Land Resort Limited",1,0,0,2016-02-08,2016-02-08,850000
04070116 ?,"Plane Business Limited",1,0,0,2021-01-20,2021-01-20,1250000
07123442,"THIRDWAY INTERIORS LIMITED",1,0,0,2024-03-12,2024-03-12,500000
07129343,"Lightsource Renewable Energy Limited",1,0,0,2015-03-11,2015-03-11,820000
04069472,"GRC Ltd",1,0,0,2017-05-15,2017-05-15,500000
07130178,"Diamond Consultants Ltd",1,0,0,2020-03-16,2020-03-16,1000000
07137964,"The Avant Guardians Ltd",1,0,0,2014-07-19,2014-07-19,896286
07160957,"London Square Developments Ltd",1,0,0,2015-03-17,2015-03-17,200000
04060925,"Hope Learning Solutions Ltd",1,0,0,2003-10-01,2003-10-01,257300
0716867,"THE EX MILL ENVELOPE AND PAPER COMPANY LIMITED",1,0,0,2014-06-16,2014-06-16,5000000
07180972,"South Street Asset Management Limited",1,0,0,2020-02-10,2020-02-10,900000
07190675,"Norton Energy Solutions Ltd",1,0,0,2010-11-02,2010-11-02,200000
04059899,"Independent Newspapers (Uk) Ltd (Sponsorship)",1,0,0,2007-09-10,2007-09-10,2350000
07200539,"GCH Corporation Limited",1,0,0,2018-02-28,2018-02-28,1000000
04056113,"Mentmore Homes Limited",1,0,0,2025-03-26,2025-03-26,621700
07217360,"MFL Finance Limited",1,0,0,2015-05-28,2015-05-28,500000
07227141,"STUBBEN EDGE GROUP LIMITED",1,0,0,2023-08-04,2023-08-04,310000
07234789,"Polecrest Limited",1,0,0,2019-09-10,2019-09-10,1000000
07254337,"Formula Won Ltd",1,0,0,2014-02-27,2014-02-27,500000
07259361,"Xercise2 Ltd",1,0,0,2023-02-16,2023-02-16,500000
SC149529,"Camvista.Com Ltd",1,0,0,2001-05-16,2001-05-16,2000000
07263515,"Pak Foods Ltd",1,0,0,2019-01-04,2019-01-04,199600
07267038,"Why Media Ltd",1,0,0,2015-02-12,2015-02-12,400000
07279146,"@Unbound",1,0,0,2019-06-10,2019-06-10,750000
04050972,"Netpremacy Ltd",1,0,0,2012-10-17,2012-10-17,250000
04049788,"AXA Trading Limited",1,0,0,2015-03-30,2015-03-30,500000
07302504,"Camberton Associates Limited",1,0,0,2015-01-30,2015-01-30,300000
07310888,"Clocktower Express Limited",1,0,0,2014-11-19,2014-11-19,285000
07318607,"Tate and Lyle Ltd",1,0,0,2017-09-13,2017-09-13,828750
07333702,"CONACO CONSTRUCTION SERVICES LIMITED",1,0,0,2024-05-23,2024-05-23,1000000
07337308,"MERRYGILL LIMITED",1,0,0,2025-06-17,2025-06-17,500000
07345732,"London Maternity and Birth Services Limited",1,0,0,2015-01-02,2015-01-02,200000
07351563,"Vida Healthcare Ltd",1,0,0,2015-04-30,2015-04-30,200000
04049083,"GA Pindar & Son Ltd",1,0,0,2007-02-14,2007-02-14,2500000
04046388,"Bluemantle Ltd",1,0,0,2009-12-14,2009-12-14,750000
07364968,"CA Kent Limited",1,0,0,2024-05-29,2024-05-29,2000000
07365301,"OSL Rail Ltd",1,0,0,2014-09-16,2014-09-16,290000
04046314,"Auckland Shipping Ltd",1,0,0,2010-02-23,2010-02-23,200000
04032008,"Sudfeld Ltd",1,0,0,2004-11-18,2004-11-18,150000
04018281,"Flanagan Group Limited",1,0,0,2006-04-01,2006-04-01,200000
07413728,"Beacon Medical Services Group Limited",1,0,0,2022-12-07,2022-12-07,1000000
07416995,"CHM CONSULT LIMITED",1,0,0,2023-05-31,2023-05-31,250000
07425424,"Udi Limited",1,0,0,,,5000000
07426849,"ADI GROUP SERVICES LIMITED",1,0,0,2026-01-05,2026-01-05,500000
07428858,"Churchill Retirement PLC",1,0,0,2018-02-20,2018-02-20,5000000
04004930,"Infohealth Ltd",1,0,0,2024-04-22,2024-04-22,500000
04000403,"Alcaline Limited",1,0,0,2024-07-02,2024-07-02,1000000
07455523,"BTP ADVISERS LIMITED",1,0,0,2016-03-31,2016-03-31,200000
07465506 ?,"WESTMINSTER WASTE LIMITED",1,0,0,2023-08-31,2023-08-31,1000000
07488363,"City Fibre Holding Limited",1,0,0,2023-03-24,2023-03-24,1200000
03998484,"Zoe Wigan Ltd",1,0,0,2010-03-09,2010-03-09,200000
07493863,"Tribeca Holdings London Limited",1,0,0,2014-02-12,2014-02-12,1000000
0754042,"Ruobal Properties Ltd",1,0,0,2007-01-01,2007-01-01,317300
03998411,"Morelane Ltd",1,0,0,2005-02-20,2005-02-20,300000
03983748,"The Remuneration Partnership Ltd",1,0,0,2003-11-13,2003-11-13,150000
03976925,"SCB Holdings Sandy Ltd",1,0,0,2005-06-30,2005-06-30,600000
03970089,"Novartis Vaccines and Diagnostics Ltd (Sponsorship)",1,0,0,2007-09-12,2007-09-12,300000
03967673,"Kelson Place Asset Management Ltd",1,0,0,2005-05-03,2005-05-03,1000000
07593021,"JFB Management Limited",1,0,0,2015-04-24,2015-04-24,200000
07606576,"Northminster Holdings Ltd",1,0,0,2015-03-20,2015-03-20,200000
07612319,"BLUE HORIZON ASSET MANAGEMENT LIMITED",1,0,0,2024-05-27,2024-05-27,1000000
07632112,"Lawrence Rand (Eastcote) Limited",1,0,0,2015-11-25,2015-11-25,800000
07638170,"Iraco Real Estate Limited",1,0,0,2015-05-22,2015-05-22,500000
07690970,"Silver Cloud Ventures Limited",1,0,0,2018-01-19,2018-01-19,250000
03958393,"Hillside (New Media) Ltd",1,0,0,2010-07-02,2010-07-02,7500000
SC157635,"Unity Fishing Company Limited",1,0,0,2021-04-06,2021-04-06,2000000
07700709,"Exemplar Properties Ltd",1,0,0,2015-02-04,2015-02-04,1000000
07715178,"Travel2Palestine Ltd",1,0,0,2014-09-15,2014-09-15,158800
07716085,"Haron Seven Ltd",1,0,0,2014-10-15,2014-10-15,1000000
07720342,"Attestor Services Limited",1,0,0,,,7500000
03958060,"The Digital Office (UK) Ltd",1,0,0,2014-12-05,2014-12-05,250000
07730551,"S & J Investments (delivery office Southall) Ltd",1,0,0,2014-07-14,2014-07-14,500000
07736417,"Tideline Shared Services Ltd",1,0,0,2022-03-30,2022-03-30,1000000
07746921,"DOMINUS UK HOLDINGS LIMITED",1,0,0,2025-12-02,2025-12-02,1499900
03950962,"SilverDoor Ltd",1,0,0,2009-07-21,2009-07-21,304000
07758605,"Soneva Ltd",1,0,0,2012-07-03,2012-07-03,800000
07764943,"Pilz Limited",1,0,0,2024-02-12,2024-02-12,540000
07766813,"AMS Accountants Corporate Ltd",1,0,0,2013-12-31,2013-12-31,500000
07768657,"Intela Consulting Ltd",1,0,0,2015-07-03,2015-07-03,2500000
03943678,"Working Links (Employment) Limited",1,0,0,2016-11-10,2016-11-10,650000
03942880,"Octopus Investments Limited",1,0,0,2018-01-26,2018-01-26,1250000
07775443,"Naya Capital Management UK Limited",1,0,0,,,5000000
07803669,"Vencomatic Poultry UK Ltd",1,0,0,2015-03-14,2015-03-14,600000
07811226,"Dynamic Office Supplies Limited",1,0,0,2024-05-30,2024-05-30,500000
07814711,"Stern Advisory Company Ltd",1,0,0,2014-12-05,2014-12-05,200000
07826382,"GSP Real Estate Limited",1,0,0,2014-11-13,2014-11-13,1250000
07826832,"Shipton Limited",1,0,0,2015-12-04,2015-12-04,350000
07839199 ?,"WHITTLEBURY HALL & SPA LIMITED",1,0,0,2022-06-01,2022-06-01,200000
07847345,"Brightbeech Property Ltd",1,0,0,2024-01-17,2024-01-17,500000
07847728,"Colour Themes Ltd",1,0,0,2020-02-18,2020-02-18,1200000
07847869,"Good Growth Limited",1,0,0,2015-03-30,2015-03-30,250000
03937803,"Bolts of Hereford Ltd",1,0,0,2010-04-20,2010-04-20,270000
03936122,"P J Care Ltd",1,0,0,2009-11-04,2009-11-04,300000
07909029,"Osborne & Partners (UK) Limited",1,0,0,2015-05-07,2015-05-07,1009614
07918146,"Malhotra Group PLC",1,0,0,2024-04-16,2024-04-16,1000000
07928565,"NDEMIC CREATIONS LTD",1,0,0,,,1000000
07944083,"Goldline Chauffeurs Limited",1,0,0,2024-04-10,2024-04-10,230000
07950398,"Griggs Homes Limited",1,0,0,2025-11-30,2025-11-30,5000000
07963594,"Warrantywise Limited",1,0,0,2020-02-11,2020-02-11,5000000
03934509,"Thorney Bay Park Ltd",1,0,0,2001-06-06,2001-06-06,300000
07975120,"Farmcote Sporting Club Limited",1,0,0,2020-03-20,2020-03-20,1350000
07995496,"Apple Consultants Ltd",1,0,0,2014-04-04,2014-04-04,1000000
08009719,"Impressions of China Ltd",1,0,0,2014-07-04,2014-07-04,644000
08021897,"Clivedale Ventures Limited",1,0,0,2016-01-19,2016-01-19,10000000
08045051,"Searcys - 30 Euston Square Limited",1,0,0,2016-03-15,2016-03-15,1188600
08065687,"Dean Street Advisers Ltd",1,0,0,2019-09-11,2019-09-11,250000
SC162036,"Oakminster Health Limited",1,0,0,2025-04-24,2025-04-24,300000
03931458,"Cardiff Demolition",1,0,0,2018-11-07,2018-11-07,2500000
03921753,"Total Reclaims Demolition Limited",1,0,0,2015-02-13,2015-02-13,250000
08083950,"PORTLAND CSO TRADING LIMITED",1,0,0,2024-05-30,2024-05-30,400000
08091094,"Terrapin Communications",1,0,0,2014-05-08,2014-05-08,300000
08094907,"Elgin Partners Ltd",1,0,0,2013-10-15,2013-10-15,850000
08102206,"Ennismore International Management Limited",1,0,0,2015-12-03,2015-12-03,1000000
08111366,"IronFX Global UK Ltd",1,0,0,2014-10-28,2014-10-28,500000
08127121,"Trenchant Ltd",1,0,0,2015-02-06,2015-02-06,2090000
08142945,"Rated Solar Installer Limited",1,0,0,2015-07-06,2015-07-06,825000
08143502,"Greenaway Residential Limited",1,0,0,2026-01-05,2026-01-05,500000
08172966,"Albany Walk Limited",1,0,0,2019-07-08,2019-07-08,1500000
08189690,"Milton Magna Limited",1,0,0,2014-10-10,2014-10-10,3000000
03873102,"Immedia Broadcast Ltd",1,0,0,2006-11-20,2006-11-20,931455
08241751,"Green Network PLC",1,0,0,,,5000000
03866672 ?,"WHAT MORE UK LIMITED",1,0,0,2024-01-10,2024-01-10,648400
08267315 ?,"Really Epic Dog LTd",1,0,0,2022-06-22,2022-06-22,10000000
03858865,"Eaga Plc",1,0,0,2010-10-18,2010-10-18,800000
08290291,"Grace Hotels (UK) Ltd",1,0,0,2014-03-06,2014-03-06,2120000
08300260,"Henley Concierge Ltd",1,0,0,2013-07-03,2013-07-03,2800000
08318457,"Boultby Estates Ltd",1,0,0,2014-06-06,2014-06-06,500000
08331581,"THE CASTLE BUILDING SERVICES ORGANISATION LTD",1,0,0,2026-02-14,2026-02-14,3600000
08335002,"Tile Mountain Limited",1,0,0,2019-11-11,2019-11-11,500000
03856420,"Hornby Street Limited",1,0,0,2015-02-20,2015-02-20,300000
SC164271,"Alan Watt & Co. Ltd - Sponsorship",1,0,0,2007-02-20,2007-02-20,200000
03856015,"European Care and Lifestyles (uk) Limited",1,0,0,2010-04-26,2010-04-26,500000
03849035,"PDL Ltd",1,0,0,2006-10-30,2006-10-30,130000
03847246,"ABM Holdings Limited",1,0,0,2009-12-15,2009-12-15,150000
03842650,"Capet Ltd",1,0,0,2004-07-02,2004-07-02,1500000
03826692,"A C G Management Ltd",1,0,0,2007-04-27,2007-04-27,200000
03816214,"Group Silverline Limited",1,0,0,2010-06-05,2010-06-05,500000
08424988,"MBU Capital Limited",1,0,0,2017-05-18,2017-05-18,500000
08433008,"Jerroms Priddey Ltd.",1,0,0,2015-11-04,2015-11-04,157500
08437213,"Global Functional Drinks UK Limited",1,0,0,2016-01-18,2016-01-18,10000000
08444905,"Labour Leave Ltd",1,0,0,2016-06-21,2016-06-21,1850000
08459121,"Nine Asset Management Limited",1,0,0,2013-08-13,2013-08-13,1200000
03808615,"Care and Health Ltd (Sponsorship)",1,0,0,2007-09-19,2007-09-19,1004750
08478454,"Sosafe Ltd",1,0,0,2016-03-24,2016-03-24,2500000
03793613,"Barrel Booze Ltd",1,0,0,2010-11-02,2010-11-02,200000
08494767,"Blue Wire Capital Ltd",1,0,0,2016-03-21,2016-03-21,1500000
08496160,"EMILY ESTATE (UK) LIMITED",1,0,0,2025-07-12,2025-07-12,1030950
08502096,"Freestyle Properties Limited",1,0,0,2019-09-10,2019-09-10,1000000
08507150,"Phaden Ltd",1,0,0,2014-11-24,2014-11-24,600000
08521355,"CLOUDMUNDI LIMITED",1,0,0,2024-01-10,2024-01-10,1000000
03792648,"MAP PLANT LIMITED",1,0,0,2024-05-16,2024-05-16,1000000
08533505,"DPK REAL ESTATE SERVICES LIMITED",1,0,0,2024-06-04,2024-06-04,1000000
08555778,"JR & F Limited",1,0,0,2014-12-18,2014-12-18,5000000
08557765,"VOLARE AVIATION LIMITED",1,0,0,2026-02-13,2026-02-13,3000000
03778645,"Davidson Training UK Ltd",1,0,0,2002-12-04,2002-12-04,160000
03776727,"Hammonds Produce Ltd",1,0,0,2015-05-01,2015-05-01,200000
08574757,"Quinlan Real Estate Ltd",1,0,0,2019-07-04,2019-07-04,1500000
037722665,"Hicks Titley Partnership",1,0,0,2005-03-27,2005-03-27,125000
08586788,"Paul Mackings Consulting Limited",1,0,0,2026-03-20,2026-03-20,11100000
08601348,"DCS Europe Ltd",1,0,0,2015-02-20,2015-02-20,180500
08627197 ?,"Southern Grove Real Estate Limited",1,0,0,2021-03-22,2021-03-22,2000000
08645152 ?,"GREEN 4 DEVELOPMENTS LIMITED",1,0,0,2024-12-19,2024-12-19,250000
08651475,"CEND International Limited",1,0,0,,,5000000
08656212,"Tide Construction Limited",1,0,0,2025-12-14,2025-12-14,1200000
08658102,"S P Broadway Ltd",1,0,0,2019-08-08,2019-08-08,200000
08661469,"Kromek Group PLC",1,0,0,2021-10-05,2021-10-05,499900
08673547,"Inglewood Palm Hotel",1,0,0,2017-05-15,2017-05-15,200000
08698246,"Strike 2 Unlimited",1,0,0,2019-06-10,2019-06-10,1000000
08732701,"Applebridge Construction",1,0,0,2024-02-28,2024-02-28,1500000
08745600,"Francis & Jellyman Ltd",1,0,0,2015-03-05,2015-03-05,376800
08752782,"Blue Skies Investments Limited",1,0,0,2017-05-18,2017-05-18,900000
08794706,"No 9 Investments Limited",1,0,0,2016-07-01,2016-07-01,1200000
08794884,"Yog Capital (UK) Limited",1,0,0,2015-05-05,2015-05-05,250000
03762366,"UC Group Limited",1,0,0,2010-04-15,2010-04-15,5000000
03750231,"Care Monitoring 2000 Ltd",1,0,0,2010-03-17,2010-03-17,200000
08831542 ?,"FIREFLY CAPITAL LIMITED",1,0,0,2023-03-17,2023-03-17,5000000
08834823,"PRENETICS EMEA LIMITED",1,0,0,2023-03-14,2023-03-14,2500000
08854196,"Eurofoods (UK) Ltd",1,0,0,2014-12-01,2014-12-01,1000000
03747339,"AAP Architecture Ltd",1,0,0,2014-03-28,2014-03-28,500000
08887820,"Dacroft Limited",1,0,0,2024-02-12,2024-02-12,2200000
08898250,"TCI Fund Management Limited",1,0,0,2015-11-06,2015-11-06,5000000
08904731,"Cain Hoy Enterprises",1,0,0,2016-05-03,2016-05-03,2000000
08906234,"Datum Groundworks Ltd",1,0,0,2017-05-02,2017-05-02,500000
08915336,"Doctor Care Anywhere Group PLC",1,0,0,2021-10-07,2021-10-07,1250000
08951351,"Clear & Lane Ltd",1,0,0,2015-02-16,2015-02-16,240000
08954387,"Go in Four Limited",1,0,0,2024-04-18,2024-04-18,1000000
08958361,"J&E Higham & Company Ltd",1,0,0,2015-05-20,2015-05-20,275000
08973073,"Velocity Mobile Limited",1,0,0,2018-07-13,2018-07-13,2000000
08976486,"NORTH YORKSHIRE PRINTING SERVICES LTD",1,0,0,2023-02-02,2023-02-02,240000
08991422,"PEW Consultancy Ltd",1,0,0,2017-06-30,2017-06-30,139680
09002574,"London Advertising Limited",1,0,0,,,1250000
09002823,"Wolds Investments Limited",1,0,0,2021-11-02,2021-11-02,5000000
03736814,"KEMBLE AIRFIELD ESTATES LIMITED",1,0,0,2023-03-07,2023-03-07,750000
09017280,"PUREWAL LAW LTD",1,0,0,,,2000000
09025R,"East of England Co-operative Society",1,0,0,2007-03-22,2007-03-22,1938700
09041508,"Jupiter Visual Communications LTD",1,0,0,2026-01-15,2026-01-15,5000000
09078727,"GW POWER-SAFE LIMITED",1,0,0,2025-03-20,2025-03-20,250000
03736192,"Morgan Brookes Plc",1,0,0,2006-10-11,2006-10-11,1700000
03734411,"Northumbrian Leisure Ltd",1,0,0,2016-04-14,2016-04-14,200000
09150249,"CHALET M LIMITED",1,0,0,2020-03-03,2020-03-03,900000
09153143,"Pulse Accounting Ltd",1,0,0,2020-10-15,2020-10-15,5000000
09157774,"ELMBRIDGE PARTNERS LIMITED",1,0,0,2023-08-23,2023-08-23,300000
09226081,"LIVING CARERS LTD",1,0,0,2024-03-26,2024-03-26,250000
03727226,"Brick Peers Ltd",1,0,0,2017-06-02,2017-06-02,200000
03719830,"Trust Reservations Ltd",1,0,0,2019-02-27,2019-02-27,200000
03710962,"Amshold Group Limited",1,0,0,2010-04-13,2010-04-13,40000000
09301341,"Wilf Gilbert (Staffs) Ltd",1,0,0,2010-05-11,2010-05-11,200000
09308098,"Aria Properties Limited",1,0,0,,,10000000
09309294,"LOWRY PROPCO LIMITED",1,0,0,2025-04-10,2025-04-10,10000000
09363499,"City Rivergate Ltd",1,0,0,2025-11-18,2025-11-18,1400000
03704458,"Citura Ltd",1,0,0,2007-03-31,2007-03-31,3689500
09378357,"Veezu Holding Limited",1,0,0,2024-02-15,2024-02-15,2500000
03703564,"Philip Gould Associates Ltd",1,0,0,2005-04-19,2005-04-19,50000
SC170778,"Kean Properties Ltd",1,0,0,2010-02-23,2010-02-23,200000
09460144,"Eisvogel Limited",1,0,0,2015-12-16,2015-12-16,2000000
SC173454,"Liddell Thompson",1,0,0,2007-02-20,2007-02-20,200000
09493336,"TRANZACTA LIMITED",1,0,0,2024-10-29,2024-10-29,500096
09497749,"Zaka Resources Ltd",1,0,0,2023-02-23,2023-02-23,200000
09516131,"Quadrature Capital Limited",1,0,0,2024-05-28,2024-05-28,400000000
03698915,"MDB (Holdings) Plc",1,0,0,2011-02-28,2011-02-28,200000
09540246,"Cambridge Realty",1,0,0,2025-03-20,2025-03-20,500000
03694599,"PORTAL VOICE AND DATA LIMITED",1,0,0,2018-09-30,2018-09-30,300000
09559801,"Invicta Public Affairs (Group) Limited",1,0,0,2018-01-09,2018-01-09,1200000
09585520,"Terzano Ltd",1,0,0,2015-07-07,2015-07-07,1000000
00218682,"Thomas Bates and Son Ltd",1,0,0,2015-04-27,2015-04-27,1000000
09608927,"Faith Hotels Ltd",1,0,0,2025-02-03,2025-02-03,500000
03688862,"Morgan Howard",1,0,0,2001-06-26,2001-06-26,200000
03682299,"Kerr-McGee North Sea UK Ltd",1,0,0,2004-01-30,2004-01-30,750000
09657651,"PROVIDENCIA INVESTMENTS LTD",1,0,0,2025-10-31,2025-10-31,5000000
0966094,"Woburn Enterprises Limited",1,0,0,2013-11-08,2013-11-08,500000
09676370,"Sarr Investments",1,0,0,,,5000000
09700760,"JJG Partners Ltd",1,0,0,2022-08-09,2022-08-09,180000
03674231,"RAINBOW FOSTERING SERVICES LTD",1,0,0,2025-11-14,2025-11-14,500000
03669273,"Connaught Hotel Ltd",1,0,0,2005-11-25,2005-11-25,150000
09765458,"Peak One Ltd",1,0,0,2016-06-16,2016-06-16,488124
09771876,"FREMONT ARMITAGE LIMITED",1,0,0,2021-12-01,2021-12-01,300000
09793936,"Digivan Ltd",1,0,0,2017-05-03,2017-05-03,200000
00200956,"Greenwood and Coope Ltd",1,0,0,2015-02-09,2015-02-09,1000000
03663602,"St Paul's Printers",1,0,0,2003-07-02,2003-07-02,450000
00196537,"Heap and Partners Ltd",1,0,0,2010-04-19,2010-04-19,200000
09823112 ?,"NCHAIN UK LIMITED",1,0,0,2023-08-10,2023-08-10,7000000
09855154,"CONVERSION CONCEPTS LIMITED",1,0,0,2018-06-20,2018-06-20,200000
09856324,"Seaway Holdings Limited",1,0,0,2020-09-24,2020-09-24,1000000
09866502,"Tramshed Tech Ltd",1,0,0,2023-12-23,2023-12-23,300000
09908188,"Harbour Hotels Holdings Limited",1,0,0,2020-10-06,2020-10-06,5000000
09923259,"Temp Cover Ltd",1,0,0,2016-12-29,2016-12-29,200000
09938132,"Brand Partnership Group Limited",1,0,0,2023-01-26,2023-01-26,209900
09951500,"Conservatives In Ltd",1,0,0,2016-12-22,2016-12-22,975498
00195492,"Knole Park Golf Club Ltd",1,0,0,2006-12-20,2006-12-20,150000
09991958?,"Yorkshire Hospitality Ltd",1,0,0,2024-04-22,2024-04-22,500000
10002776,"Calder Orthopaedics Limited",1,0,0,2023-08-22,2023-08-22,272500
03651851,"G Collins & Sons",1,0,0,2015-02-18,2015-02-18,500000
10012078,"3West Group",1,0,0,2024-07-02,2024-07-02,500000
100519,"Calypso Transport Limited",1,0,0,2014-05-16,2014-05-16,500000
03650223,"Original B.T.C. Limited",1,0,0,2014-12-11,2014-12-11,250000
10073185,"CPG2016 Ltd",1,0,0,2025-11-24,2025-11-24,2000000
10087774,"THE CONTENT PARTNERSHIP LIMITED",1,0,0,2024-04-02,2024-04-02,1000000
03649804,"Yellow M",1,0,0,2001-08-30,2001-08-30,300000
00192994,"Foster Yeoman Ltd",1,0,0,2005-03-31,2005-03-31,800000
10136300,"Invicta Public Affairs (Scot) Limited",1,0,0,2024-04-12,2024-04-12,240000
10137391,"Cytetech Limited",1,0,0,2024-06-19,2024-06-19,250000
03630998,"Artisan UK Plc",1,0,0,2001-05-31,2001-05-31,499900
03627307,"Metro Commercial Printing Ltd",1,0,0,2011-12-09,2011-12-09,234800
03622955,"Lamberhurst Holdings Ltd",1,0,0,2009-02-27,2009-02-27,200000
SC177228,"Continuum (Scotland) Limited",1,0,0,2021-04-16,2021-04-16,2000000
10177597,"Mount Digital Solutions Ltd",1,0,0,2024-05-23,2024-05-23,320000
03618926,"Private World Ltd",1,0,0,2004-10-11,2004-10-11,2000000
03616966,"Sanderson Knight Consultancy Ltd",1,0,0,2001-06-14,2001-06-14,250000
1024620,"Churchill House School of English Language Limited",1,0,0,2015-02-09,2015-02-09,400000
10249012,"5 Oceans Partnership Ltd",1,0,0,2019-11-14,2019-11-14,500000
03607262,"Square Mile Insurance Services",1,0,0,2005-11-25,2005-11-25,140000
10254289,"EY3 Productions Ltd",1,0,0,2024-05-21,2024-05-21,1600000
10274823 ?,"YEOMAN SAFE LIMITED",1,0,0,2023-08-31,2023-08-31,1250000
10277158,"BM & D World",1,0,0,2018-04-23,2018-04-23,200000
10282454,"Goldwire Financial Solutions Limited",1,0,0,2024-06-05,2024-06-05,250000
03606531,"Purico Limited",1,0,0,2008-07-10,2008-07-10,1000000
10289879,"Global Forex & Commodities Ltd",1,0,0,2020-12-11,2020-12-11,5000000
03601346,"Prima Hotels Ltd",1,0,0,2010-07-12,2010-07-12,400000
1032278,"The Wilky Group Limited",1,0,0,2019-12-04,2019-12-04,500000
1035457,"The R H Group Ltd",1,0,0,2009-06-19,2009-06-19,1841108
10356850 ?,"ASPEN ANIMAL HEALTH LTD",1,0,0,2022-05-27,2022-05-27,216000
10357778,"Sally Farm Ltd",1,0,0,2024-04-09,2024-04-09,750000
10366987,"Outra Limited",1,0,0,2018-01-17,2018-01-17,4800000
10369897,"Tradekraft Limited",1,0,0,2019-11-29,2019-11-29,200200
10394382,"Bill Esterton Campaigns Limited",1,0,0,2021-03-24,2021-03-24,300000
03574763,"Contractor UK Limited",1,0,0,2021-03-15,2021-03-15,2000000
10421452,"Kent Swiss Investment Ltd",1,0,0,2023-05-16,2023-05-16,500000
10428718,"Chaplin Group Limited",1,0,0,2021-02-26,2021-02-26,1000000
10431007,"Hadleigh Private Limited",1,0,0,2019-12-05,2019-12-05,1000000
03565614,"Edulink Limited",1,0,0,2010-04-12,2010-04-12,300000
10452884,"THE LODGE COMPANY NORTH LIMITED",1,0,0,2018-09-30,2018-09-30,250000
03564392,"Bannatyne Fitness Limited",1,0,0,2010-05-11,2010-05-11,5000000
10501719,"Moltex Energy Ltd",1,0,0,2016-10-02,2016-10-02,1431600
1050970,"Newarthill Limited",1,0,0,2017-05-17,2017-05-17,5000000
10525122,"SJ Ankh Limited",1,0,0,2017-03-28,2017-03-28,215000
1053148,"S Walsh and Son Limited",1,0,0,2017-12-18,2017-12-18,200000
10531783,"DE WINDST LIMITED",1,0,0,2022-04-12,2022-04-12,250000
03560717,"Duncan Phillips Limited",1,0,0,2015-05-14,2015-05-14,250000
10540137,"Connaught International Ltd",1,0,0,2019-06-10,2019-06-10,1000000
03558696,"Ortivus UK Ltd",1,0,0,2001-11-16,2001-11-16,587500
10561990,"ROB BLACKIE DIGITAL STRATEGY LIMITED",1,0,0,2024-03-13,2024-03-13,420000
10574678,"Imperial Homes Southern Counties Ltd",1,0,0,2024-02-19,2024-02-19,500000
10588287,"Karkin & Yuksel Legal Services Ltd",1,0,0,2021-11-25,2021-11-25,1078928
10590019,"N & A Wright Property Ltd",1,0,0,2022-08-02,2022-08-02,200000
03556797,"Holiday Autos Group Ltd",1,0,0,2003-09-04,2003-09-04,1000000
106063258,"MERE PLANTATIONS LTD",1,0,0,2019-11-26,2019-11-26,500000
10610997,"Consumer Rights Solicitors Ltd",1,0,0,2021-12-24,2021-12-24,400000
1063371,"Town Mills Craft Centre",1,0,0,2017-06-09,2017-06-09,151000
SC179214,"Castle (2000) Property Development Ltd",1,0,0,2003-04-02,2003-04-02,1500000
10642307,"DINDER INVESTMENTS LIMITED",1,0,0,2025-02-04,2025-02-04,5000000
10648644,"Lowick Group Limited",1,0,0,2024-04-09,2024-04-09,3000000
10661154,"Futures is Bright Ltd",1,0,0,2018-02-13,2018-02-13,500000
03555917,"OAKFORD FARMS LIMITED",1,0,0,2011-01-25,2011-01-25,200000
03553786,"Association of British Insurers",1,0,0,2024-10-25,2024-10-25,1278200
10684271,"Our World Research and Consultancy Limited",1,0,0,2023-11-06,2023-11-06,500000
03550000,"South Liverpool Housing Ltd (Sponsorship)",1,0,0,2007-09-12,2007-09-12,170000
10700758,"Fairhome Asset Management Limited",1,0,0,2018-02-20,2018-02-20,1000000
03537709,"Redbus Management",1,0,0,2001-05-01,2001-05-01,1000000
03526201,"London & Westcountry Estates Ltd",1,0,0,2001-05-23,2001-05-23,1000000
03525459,"Inclusive Technology Limited",1,0,0,2009-12-18,2009-12-18,120000
1076734,"John Gosden Ltd",1,0,0,2019-06-07,2019-06-07,1000000
03523570,"Hadsley Ltd",1,0,0,2001-05-01,2001-05-01,450000
10796732,"BALDERTON MEDICAL CONSULTANTS LTD",1,0,0,2022-11-18,2022-11-18,5000000
03522614,"Orbian Management Ltd",1,0,0,2010-04-02,2010-04-02,500000
10806311,"Wood Advisory Limited",1,0,0,2026-02-02,2026-02-02,2000000
03522200,"Cameron Forecourt Ltd",1,0,0,2009-11-02,2009-11-02,88250
03520183,"HBL Media Limited",1,0,0,2006-10-01,2006-10-01,1200000
03515061,"Western Air ( Thruxton) Ltd",1,0,0,2001-06-13,2001-06-13,200000
10823287,"WESTMORLAND HOMECARE LIMITED",1,0,0,2023-12-11,2023-12-11,200000
1082430,"Abercrombie & Kent Ltd",1,0,0,2016-03-29,2016-03-29,1500000
10825935,"Canonbury Apartments Limited",1,0,0,2021-12-22,2021-12-22,197714
10828136,"Labour Together",1,0,0,2017-11-01,2017-11-01,1000000
00191031,"Alfred Dunhill Ltd",1,0,0,2006-11-15,2006-11-15,185000
10854944,"CONNELL CONSULTING PROPERTY LIMITED",1,0,0,2025-10-15,2025-10-15,2500000
03514329,"Oaklawn Ltd",1,0,0,2014-07-09,2014-07-09,2500000
10889003,"Sekhon & Sekhon Ltd",1,0,0,2019-11-07,2019-11-07,200000
10912512,"United for Change Limited",1,0,0,2020-01-29,2020-01-29,1512834
03510657,"Broker Profile Limited",1,0,0,2015-02-19,2015-02-19,250000
109353,"Rainham Steel Co Ltd",1,0,0,2008-11-14,2008-11-14,140000
03508428,"Eco Skip Hire Ltd",1,0,0,2010-05-08,2010-05-08,300000
00178711,"Warburtons Ltd",1,0,0,2010-04-13,2010-04-13,2500000
03506616,"WARTER PRIORY MANAGEMENT LIMITED",1,0,0,2023-02-15,2023-02-15,3300000
03505859,"Selfridges Ltd",1,0,0,2006-07-03,2006-07-03,2500000
10981441,"CPIC UK Marketing Limited",1,0,0,2019-10-16,2019-10-16,500000
03497865,"M.K.M. BUILDING SUPPLIES (HULL) LIMITED",1,0,0,2024-05-01,2024-05-01,250000
03488606,"Hakkasan Ltd",1,0,0,2009-02-27,2009-02-27,1000000
10989381,"Simon J Collins & Associates Limited",1,0,0,2019-11-28,2019-11-28,5000000
10991801,"ESB CHANGE CONSULTING LTD",1,0,0,2018-02-22,2018-02-22,200000
03484561,"Railscape Ltd",1,0,0,2024-06-30,2024-06-30,350000
03468788,"Airbus Operations Ltd",1,0,0,2009-10-26,2009-10-26,500000
110186,"Beatson Clark Limited",1,0,0,2024-06-23,2024-06-23,500000
11026143,"RILEY FOODS LIMITED",1,0,0,2023-08-04,2023-08-04,300000
110293,"Berkeley Burke Holdings Ltd",1,0,0,2008-10-24,2008-10-24,2000000
03466199,"Ancaster Properties Ltd",1,0,0,2003-12-31,2003-12-31,450000
03466181,"Midland Software Holdings Ltd",1,0,0,2009-12-15,2009-12-15,150000
11062169,"Imagination Industries Incubator Limited",1,0,0,2019-03-01,2019-03-01,17300000
11074705,"This is Spoken Ltd",1,0,0,2022-12-02,2022-12-02,184860
11079464,"White Stork Consultancy Limited",1,0,0,2026-01-02,2026-01-02,350000
03466043,"Health Media Ltd",1,0,0,2002-02-02,2002-02-02,940000
11102621,"BLUE ELEPHANT CHILDCARE LTD",1,0,0,2024-02-18,2024-02-18,600000
1115746,"St Francis Group Ltd",1,0,0,2011-03-27,2011-03-27,250000
1115872,"Unex Finance Limited",1,0,0,2019-03-14,2019-03-14,2000000
03456919,"Printhouse Corporation",1,0,0,2010-09-21,2010-09-21,263800
11193434,"Strategic Communications Inc (UK) Limited",1,0,0,2021-06-03,2021-06-03,502740
03456018,"IM Group Limited",1,0,0,2018-02-28,2018-02-28,1668000
03455764,"Symphony Candles Ltd",1,0,0,2003-11-27,2003-11-27,90000
11204260,"CHD Living Ltd",1,0,0,2021-09-28,2021-09-28,800000
1120878,"David & Claudia Harding Foundation",1,0,0,2014-08-06,2014-08-06,1500000
03453706,"Bonhams Ltd",1,0,0,2005-03-17,2005-03-17,750000
112155,"Bisichi Mining Plc",1,0,0,2011-07-14,2011-07-14,850000
03452177,"Evenfold Ltd",1,0,0,2005-03-31,2005-03-31,200000
1125926,"Fitzmaurice Holdings Ltd",1,0,0,2017-04-25,2017-04-25,500000
11272168,"UKIP Patrons Club Ltd",1,0,0,2019-02-25,2019-02-25,7802476
1127310,"McGoff and Byrne Limited",1,0,0,2017-02-28,2017-02-28,400000
11273966,"CGE CONSULTING LTD",1,0,0,2021-06-30,2021-06-30,500000
11286R,"Southend Labour Hall & Institute",1,0,0,2009-09-30,2009-09-30,125000
03448194,"Ultralux Window Systems",1,0,0,2024-06-10,2024-06-10,500000
11311218,"CAMULOD LTD",1,0,0,2023-04-06,2023-04-06,250000
03443530,"Kiimbolton Fireworks Retail Ltd",1,0,0,2005-04-08,2005-04-08,195600
11326052,"UK ONWARD THINKTANK LTD",1,0,0,2025-06-20,2025-06-20,2400000
11349572,"Kitt Technology Limited",1,0,0,2023-07-26,2023-07-26,287500
113624,"Molyneux Management Services Ltd",1,0,0,2008-11-06,2008-11-06,1250000
11372191,"OSBORNE PARTNERS LIMITED",1,0,0,2019-09-30,2019-09-30,1000000
11401516,"Spartans Law Limited",1,0,0,2023-06-27,2023-06-27,500000
03428168,"Descent International Ltd",1,0,0,2006-11-15,2006-11-15,2400000
1145372,"Cappagh Contractors Construction (London) Limited",1,0,0,2026-02-10,2026-02-10,1000000
11478527,"TARBOUSH LTD",1,0,0,2025-11-15,2025-11-15,500000
11481088,"GLENHAWK GROUP LIMITED",1,0,0,2023-02-03,2023-02-03,1130000
11504467,"CARDIFF CARERS LTD",1,0,0,2022-11-08,2022-11-08,6059000
1151522,"KIRLY LIMITED",1,0,0,2017-03-31,2017-03-31,2000000
11520080,"Alfanar Energy Limited",1,0,0,2025-05-08,2025-05-08,5000000
11539975,"Volteface",1,0,0,2019-12-20,2019-12-20,768836
11552538,"Meridian Quay Ltd",1,0,0,2026-03-03,2026-03-03,300000
03424344,"IIR Training Ltd",1,0,0,2004-04-30,2004-04-30,2165000
11571667,"AEC Holdings Ltd",1,0,0,2019-04-01,2019-04-01,2500000
11584506,"Conservative Drug Policy Reform Group Ltd",1,0,0,2022-05-20,2022-05-20,345623
11599143,"Robert James Law Limited",1,0,0,2024-06-24,2024-06-24,300000
11640339,"Carvers Holdings Limited",1,0,0,2022-12-16,2022-12-16,547176
SC184813,"Scarborough Muir Group Ltd (Sponsorship)",1,0,0,2007-08-06,2007-08-06,250000
03411473,"Artic Media Ltd",1,0,0,2001-05-22,2001-05-22,1410000
03410929,"Berkeley Burke (Remuneration Consultants) Ltd",1,0,0,2005-04-14,2005-04-14,1000000
1170167,"Novartis Pharmaceuticals Ltd",1,0,0,2004-09-15,2004-09-15,1175000
03406846,"Alphalarch Limited",1,0,0,2009-12-09,2009-12-09,500000
11710297,"Redwings Renewables Limited",1,0,0,2021-11-15,2021-11-15,1843418
03403400,"CKL Properties Ltd",1,0,0,2015-04-17,2015-04-17,250000
11734714 ?,"SUPREME 8 LIMITED",1,0,0,2022-05-11,2022-05-11,5000000
03399391,"Panther 1919 Limited",1,0,0,2014-11-07,2014-11-07,200000
03398031,"MP Bio Science International Ltd",1,0,0,2005-03-23,2005-03-23,300000
11757494,"Eaton Place Property Management Ltd",1,0,0,2023-12-22,2023-12-22,500000
03394793,"Retail Visual Merchandising Ltd",1,0,0,2005-02-02,2005-02-02,200000
11820047,"BEACON STATION LTD",1,0,0,2025-12-01,2025-12-01,250000
11826881,"Heathrow West Ltd",1,0,0,2019-08-30,2019-08-30,960000
11846968,"1500 Services Ltd",1,0,0,2020-06-18,2020-06-18,200000
11852668,"Healthandsocialecare.com Limited",1,0,0,2022-07-08,2022-07-08,250000
11854467,"DRAKELANDS RESTORATION LIMITED",1,0,0,2022-11-08,2022-11-08,2500000
03387003,"Palmcrest Limited",1,0,0,2019-09-10,2019-09-10,1000000
03383310,"GJR Events Ltd",1,0,0,2001-06-07,2001-06-07,2091946
11902485,"CMEC UK MENA Ltd",1,0,0,2020-02-15,2020-02-15,200000
03379174,"Gilbran (Management) Limited",1,0,0,2010-03-16,2010-03-16,500000
03369396,"Burney Realty Ltd",1,0,0,2004-12-06,2004-12-06,2500000
11978102 ?,"Rattan Englewood Developments Ltd",1,0,0,2023-08-01,2023-08-01,300000
03368495,"Neal Soil Suppliers",1,0,0,2018-10-06,2018-10-06,800000
12026896,"ENVOX LIMITED",1,0,0,2019-09-30,2019-09-30,200000
03366749,"Global Brands Ltd",1,0,0,2024-06-27,2024-06-27,500000
03351775,"Enquest Dons Ltd",1,0,0,2010-08-24,2010-08-24,850000
12051433,"BLUE LANE HOLDINGS LTD",1,0,0,2022-04-06,2022-04-06,600000
120553,"Addison Lee Plc",1,0,0,2008-12-10,2008-12-10,5000000
12070041,"BEE 1 ( BEES) LTD",1,0,0,2022-07-25,2022-07-25,200000
120712,"Bestway Cash & Carry Limited",1,0,0,2008-10-31,2008-10-31,200000
03343338,"Fine Art Commissions Ltd",1,0,0,2004-05-13,2004-05-13,650000
12080461,"Alan Greenwood & Sons Limited",1,0,0,2021-12-15,2021-12-15,200000
03338336,"European Telecom Solutions Ltd",1,0,0,2008-03-14,2008-03-14,150000
SC185018,"First Scotrail Limited",1,0,0,2010-01-13,2010-01-13,200000
03333890,"Birley's Limited",1,0,0,2016-03-08,2016-03-08,1500000
03328646,"ENG Ltd",1,0,0,2002-12-13,2002-12-13,300000
12204985,"MPH NW Limited",1,0,0,2022-03-23,2022-03-23,1000000
1222930,"Cheveley Park Stud Limited",1,0,0,2011-04-15,2011-04-15,1000000
12241919,"GINI LONDON LTD",1,0,0,2024-01-17,2024-01-17,300000
12244201,"MAVUNO LIMITED",1,0,0,2023-06-27,2023-06-27,1000000
12246542,"Cande Group Limited",1,0,0,2024-07-24,2024-07-24,538440
03320474,"Indulgence Patisserie Ltd",1,0,0,2015-04-10,2015-04-10,200000
03311531,"Winton Capital Management Ltd",1,0,0,2005-01-05,2005-01-05,2500000
12286852,"Nirvana Brands Ltd",1,0,0,2021-12-01,2021-12-01,2500000
03308714,"Raygar Architectural & Eniginnering Supplies Limited",1,0,0,2015-01-31,2015-01-31,300000
122964,"Dorchester Hotel Ltd",1,0,0,2008-11-10,2008-11-10,110000
12299327,"DP (London) Limited",1,0,0,2024-06-21,2024-06-21,300000
12317397,"Fine Dine Management Ltd",1,0,0,2021-10-07,2021-10-07,399400
SC186297,"Deans Group Limited",1,0,0,2007-02-16,2007-02-16,250000
03306637,"M J Barrett Group Ltd",1,0,0,2012-09-01,2012-09-01,600000
12336376,"GUJJAR INVESTMENTS LTD",1,0,0,2024-05-02,2024-05-02,250000
1234556,"Fashion Fabric Transprinters Limited",1,0,0,2014-10-18,2014-10-18,250000
03300272,"Addison Projects PLC",1,0,0,2015-03-23,2015-03-23,500000
03300196,"Hambrook Estate Limited",1,0,0,2007-02-09,2007-02-09,200000
1237890,"Harding Bros Electrical Ltd",1,0,0,2019-03-07,2019-03-07,200000
123807,"Opal-Chant Ltd",1,0,0,2008-12-31,2008-12-31,1000000
12405496,"BRASSMILL PROPERTY COMPANY LIMITED",1,0,0,2024-05-29,2024-05-29,2000000
12413579,"Northumberland Trading Ltd",1,0,0,2024-06-19,2024-06-19,500000
12414468,"5654 & Company Limited",1,0,0,2025-10-14,2025-10-14,3200000
03299742,"Midland Computer Services",1,0,0,2012-11-29,2012-11-29,200000
1245537,"Martyn Rose Ltd",1,0,0,2009-12-31,2009-12-31,2697560
12457867,"Volo Properties Ltd",1,0,0,2022-03-10,2022-03-10,500000
12499995,"IMPACT CAPITAL GROUP LIMITED",1,0,0,2024-07-24,2024-07-24,300000
12528608,"Hawksmoor Technology Advisors Ltd",1,0,0,2022-05-16,2022-05-16,1163800
03295752,"Chiltern Care Holdings Ltd.",1,0,0,2005-04-15,2005-04-15,150000
12533136,"DANA POINT LTD",1,0,0,2023-05-24,2023-05-24,2500000
03294358,"Safety Management Consultants (UK) Ltd",1,0,0,2014-12-05,2014-12-05,200000
12545681,"FK Building Ltd",1,0,0,2025-10-08,2025-10-08,10000000
12565706,"G MCMULLEN A LIMITED",1,0,0,2026-01-18,2026-01-18,1250000
12565706 ?,"G MCMULLEN A LIMITED",1,0,0,2024-03-01,2024-03-01,300000
12569764,"Lubaina Himid Projects Limited",1,0,0,2023-10-04,2023-10-04,5000000
1262458,"Universal Products (Lytham) Manufacturing Ltd",1,0,0,2008-04-03,2008-04-03,125000
126246,"Universal Products (Lytham) Manufacturing Ltd",1,0,0,2008-12-08,2008-12-08,125000
1262807,"C.T.A. Holidays Ltd - Sponsorship",1,0,0,2007-11-04,2007-11-04,120000
12628487,"The Oneness Group Limited",1,0,0,2024-05-17,2024-05-17,500000
1263540,"National Federation of Self Employed and Small Businesses Ltd",1,0,0,2008-05-23,2008-05-23,750000
1266162,"United Kingdom Sotheby's International Realty Limited",1,0,0,2025-08-27,2025-08-27,10000000
1267676,"Crown Leisure Ltd",1,0,0,2008-06-11,2008-06-11,5000000
1269006,"Lowe and Fletcher Ltd",1,0,0,2010-03-19,2010-03-19,1500000
03288760,"Wyler Investments Ltd",1,0,0,2001-06-30,2001-06-30,1991096