timestamp,pageSlug,wordCount,r2Key,status
2026-05-25T23:22:26.253Z,"armed-policing--attenuating-energy-projectiles--changes",219,"operational/college-of-policing/app/armed-policing--attenuating-energy-projectiles--changes/main.text","ok"
2026-05-25T23:22:26.347Z,"armed-policing--armed-deployment",8411,"operational/college-of-policing/app/armed-policing--armed-deployment/main.text","ok"
2026-05-25T23:22:26.404Z,"armed-policing--command--changes",305,"operational/college-of-policing/app/armed-policing--command--changes/main.text","ok"
2026-05-25T23:22:26.465Z,"armed-policing--command",5680,"operational/college-of-policing/app/armed-policing--command/main.text","ok"
2026-05-25T23:22:26.476Z,"armed-policing--changes",2247,"operational/college-of-policing/app/armed-policing--changes/main.text","ok"
2026-05-25T23:22:26.479Z,"armed-policing--armed-policing-reference-material--changes",130,"operational/college-of-policing/app/armed-policing--armed-policing-reference-material--changes/main.text","ok"
2026-05-25T23:22:26.481Z,"armed-policing--armed-policing-strategic-threat-and-risk-assessment",279,"operational/college-of-policing/app/armed-policing--armed-policing-strategic-threat-and-risk-assessment/main.text","ok"
2026-05-25T23:22:26.483Z,"armed-policing",291,"operational/college-of-policing/app/armed-policing/main.text","ok"
2026-05-25T23:22:26.485Z,"armed-policing--issue-and-carriage-firearms",1693,"operational/college-of-policing/app/armed-policing--issue-and-carriage-firearms/main.text","ok"
2026-05-25T23:22:26.499Z,"armed-policing--deployment-authorised-firearms-officers-afos--changes",194,"operational/college-of-policing/app/armed-policing--deployment-authorised-firearms-officers-afos--changes/main.text","ok"
2026-05-25T23:22:26.501Z,"armed-policing--issue-and-carriage-firearms--changes",201,"operational/college-of-policing/app/armed-policing--issue-and-carriage-firearms--changes/main.text","ok"
2026-05-25T23:22:26.502Z,"armed-policing--armed-policing-reference-material",1044,"operational/college-of-policing/app/armed-policing--armed-policing-reference-material/main.text","ok"
2026-05-25T23:22:26.514Z,"armed-policing--attenuating-energy-projectiles",3282,"operational/college-of-policing/app/armed-policing--attenuating-energy-projectiles/main.text","ok"
2026-05-25T23:22:26.516Z,"armed-policing--conducted-energy-devices-taser--changes",347,"operational/college-of-policing/app/armed-policing--conducted-energy-devices-taser--changes/main.text","ok"
2026-05-25T23:22:26.552Z,"armed-policing--discharge-firearms--changes",166,"operational/college-of-policing/app/armed-policing--discharge-firearms--changes/main.text","ok"
2026-05-25T23:22:26.554Z,"armed-policing--armed-policing-strategic-threat-and-risk-assessment--changes",124,"operational/college-of-policing/app/armed-policing--armed-policing-strategic-threat-and-risk-assessment--changes/main.text","ok"
2026-05-25T23:22:26.556Z,"armed-policing--discharge-firearms",1503,"operational/college-of-policing/app/armed-policing--discharge-firearms/main.text","ok"
2026-05-25T23:22:26.557Z,"armed-policing--deployment-authorised-firearms-officers-afos",1501,"operational/college-of-policing/app/armed-policing--deployment-authorised-firearms-officers-afos/main.text","ok"
2026-05-25T23:22:26.559Z,"armed-policing--armed-deployment--changes",220,"operational/college-of-policing/app/armed-policing--armed-deployment--changes/main.text","ok"
2026-05-25T23:22:26.561Z,"armed-policing--conducted-energy-devices-taser",5790,"operational/college-of-policing/app/armed-policing--conducted-energy-devices-taser/main.text","ok"
2026-05-25T23:22:26.563Z,"armed-policing--legal-framework",4657,"operational/college-of-policing/app/armed-policing--legal-framework/main.text","ok"
2026-05-25T23:22:26.599Z,"armed-policing--legal-framework--changes",128,"operational/college-of-policing/app/armed-policing--legal-framework--changes/main.text","ok"
2026-05-25T23:22:26.601Z,"armed-policing--national-police-firearms-training-curriculum",251,"operational/college-of-policing/app/armed-policing--national-police-firearms-training-curriculum/main.text","ok"
2026-05-25T23:22:26.675Z,"armed-policing--national-police-firearms-training-curriculum--changes",115,"operational/college-of-policing/app/armed-policing--national-police-firearms-training-curriculum--changes/main.text","ok"
2026-05-25T23:22:26.677Z,"armed-policing--post-deployment--changes",804,"operational/college-of-policing/app/armed-policing--post-deployment--changes/main.text","ok"
2026-05-25T23:22:26.678Z,"armed-policing--use-force-firearms-and-less-lethal-weapons--changes",314,"operational/college-of-policing/app/armed-policing--use-force-firearms-and-less-lethal-weapons--changes/main.text","ok"
2026-05-25T23:22:26.679Z,"changes",432,"operational/college-of-policing/app/changes/main.text","ok"
2026-05-25T23:22:26.689Z,"armed-policing--weapons-and-equipment",4566,"operational/college-of-policing/app/armed-policing--weapons-and-equipment/main.text","ok"
2026-05-25T23:22:26.738Z,"armed-policing--weapons-and-equipment--changes",229,"operational/college-of-policing/app/armed-policing--weapons-and-equipment--changes/main.text","ok"
2026-05-25T23:22:26.740Z,"civil-emergencies--civil-contingencies--business-continuity--changes",233,"operational/college-of-policing/app/civil-emergencies--civil-contingencies--business-continuity--changes/main.text","ok"
2026-05-25T23:22:26.741Z,"armed-policing--use-force-firearms-and-less-lethal-weapons",3513,"operational/college-of-policing/app/armed-policing--use-force-firearms-and-less-lethal-weapons/main.text","ok"
2026-05-25T23:22:26.742Z,"civil-emergencies--civil-contingencies--business-continuity",423,"operational/college-of-policing/app/civil-emergencies--civil-contingencies--business-continuity/main.text","ok"
2026-05-25T23:22:26.743Z,"civil-emergencies--changes",2479,"operational/college-of-policing/app/civil-emergencies--changes/main.text","ok"
2026-05-25T23:22:26.753Z,"civil-emergencies",130,"operational/college-of-policing/app/civil-emergencies/main.text","ok"
2026-05-25T23:22:26.783Z,"civil-emergencies--civil-contingencies--command-control-and-coordination",5437,"operational/college-of-policing/app/civil-emergencies--civil-contingencies--command-control-and-coordination/main.text","ok"
2026-05-25T23:22:26.830Z,"civil-emergencies--civil-contingencies",1209,"operational/college-of-policing/app/civil-emergencies--civil-contingencies/main.text","ok"
2026-05-25T23:22:26.831Z,"civil-emergencies--civil-contingencies--humanitarian-assistance-and-police-documentation-teams",1262,"operational/college-of-policing/app/civil-emergencies--civil-contingencies--humanitarian-assistance-and-police-documentation-teams/main.text","ok"
2026-05-25T23:22:26.832Z,"armed-policing--post-deployment",13547,"operational/college-of-policing/app/armed-policing--post-deployment/main.text","ok"
2026-05-25T23:22:26.833Z,"civil-emergencies--civil-contingencies--devolved-nations",923,"operational/college-of-policing/app/civil-emergencies--civil-contingencies--devolved-nations/main.text","ok"
2026-05-25T23:22:26.834Z,"civil-emergencies--civil-contingencies--command-control-and-coordination--changes",281,"operational/college-of-policing/app/civil-emergencies--civil-contingencies--command-control-and-coordination--changes/main.text","ok"
2026-05-25T23:22:26.851Z,"civil-emergencies--civil-contingencies--changes",1149,"operational/college-of-policing/app/civil-emergencies--civil-contingencies--changes/main.text","ok"
2026-05-25T23:22:26.854Z,"civil-emergencies--civil-contingencies--devolved-nations--changes",143,"operational/college-of-policing/app/civil-emergencies--civil-contingencies--devolved-nations--changes/main.text","ok"
2026-05-25T23:22:26.858Z,"civil-emergencies--civil-contingencies--legislation--changes",124,"operational/college-of-policing/app/civil-emergencies--civil-contingencies--legislation--changes/main.text","ok"
2026-05-25T23:22:26.884Z,"civil-emergencies--civil-contingencies--legislation",1531,"operational/college-of-policing/app/civil-emergencies--civil-contingencies--legislation/main.text","ok"
2026-05-25T23:22:26.907Z,"civil-emergencies--civil-contingencies--notifiable-animal-diseases",559,"operational/college-of-policing/app/civil-emergencies--civil-contingencies--notifiable-animal-diseases/main.text","ok"
2026-05-25T23:22:26.908Z,"changes--export",30187,"operational/college-of-policing/app/changes--export/main.text","ok"
2026-05-25T23:22:26.909Z,"civil-emergencies--civil-contingencies--humanitarian-assistance-and-police-documentation-teams--changes",143,"operational/college-of-policing/app/civil-emergencies--civil-contingencies--humanitarian-assistance-and-police-documentation-teams--changes/main.text","ok"
2026-05-25T23:22:26.915Z,"civil-emergencies--civil-contingencies--recovery--changes",140,"operational/college-of-policing/app/civil-emergencies--civil-contingencies--recovery--changes/main.text","ok"
2026-05-25T23:22:26.916Z,"civil-emergencies--civil-contingencies--notifiable-animal-diseases--changes",140,"operational/college-of-policing/app/civil-emergencies--civil-contingencies--notifiable-animal-diseases--changes/main.text","ok"
2026-05-25T23:22:26.933Z,"civil-emergencies--civil-contingencies--response",4882,"operational/college-of-policing/app/civil-emergencies--civil-contingencies--response/main.text","ok"
2026-05-25T23:22:26.942Z,"civil-emergencies--civil-contingencies--response--changes",275,"operational/college-of-policing/app/civil-emergencies--civil-contingencies--response--changes/main.text","ok"
2026-05-25T23:22:26.944Z,"civil-emergencies--civil-contingencies--planning--changes",186,"operational/college-of-policing/app/civil-emergencies--civil-contingencies--planning--changes/main.text","ok"
2026-05-25T23:22:26.956Z,"civil-emergencies--civil-contingencies--planning",962,"operational/college-of-policing/app/civil-emergencies--civil-contingencies--planning/main.text","ok"
2026-05-25T23:22:26.993Z,"civil-emergencies--civil-contingencies--response-and-recovery",4882,"operational/college-of-policing/app/civil-emergencies--civil-contingencies--response-and-recovery/main.text","ok"
2026-05-25T23:22:26.995Z,"civil-emergencies--civil-contingencies--recovery",851,"operational/college-of-policing/app/civil-emergencies--civil-contingencies--recovery/main.text","ok"
2026-05-25T23:22:27.002Z,"civil-emergencies--civil-contingencies--risk-assessment",976,"operational/college-of-policing/app/civil-emergencies--civil-contingencies--risk-assessment/main.text","ok"
2026-05-25T23:22:27.022Z,"civil-emergencies--civil-contingencies--risk-assessment--changes",230,"operational/college-of-policing/app/civil-emergencies--civil-contingencies--risk-assessment--changes/main.text","ok"
2026-05-25T23:22:27.025Z,"civil-emergencies--civil-contingencies--supporting-material",740,"operational/college-of-policing/app/civil-emergencies--civil-contingencies--supporting-material/main.text","ok"
2026-05-25T23:22:27.079Z,"civil-emergencies--civil-contingencies--specialist-resources--changes",176,"operational/college-of-policing/app/civil-emergencies--civil-contingencies--specialist-resources--changes/main.text","ok"
2026-05-25T23:22:27.081Z,"civil-emergencies--civil-contingencies--specialist-resources",792,"operational/college-of-policing/app/civil-emergencies--civil-contingencies--specialist-resources/main.text","ok"
2026-05-25T23:22:27.083Z,"civil-emergencies--civil-contingencies--supporting-material--changes",128,"operational/college-of-policing/app/civil-emergencies--civil-contingencies--supporting-material--changes/main.text","ok"
2026-05-25T23:22:27.087Z,"civil-emergencies--civil-emergencies-reference-material",702,"operational/college-of-policing/app/civil-emergencies--civil-emergencies-reference-material/main.text","ok"
2026-05-25T23:22:27.097Z,"civil-emergencies--disaster-victim-identification--additional-arrangements-contaminated-fatalities",600,"operational/college-of-policing/app/civil-emergencies--disaster-victim-identification--additional-arrangements-contaminated-fatalities/main.text","ok"
2026-05-25T23:22:27.098Z,"civil-emergencies--disaster-victim-identification--definitions--changes",140,"operational/college-of-policing/app/civil-emergencies--disaster-victim-identification--definitions--changes/main.text","ok"
2026-05-25T23:22:27.100Z,"civil-emergencies--disaster-victim-identification--changes",1256,"operational/college-of-policing/app/civil-emergencies--disaster-victim-identification--changes/main.text","ok"
2026-05-25T23:22:27.101Z,"civil-emergencies--civil-emergencies-reference-material--changes",134,"operational/college-of-policing/app/civil-emergencies--civil-emergencies-reference-material--changes/main.text","ok"
2026-05-25T23:22:27.102Z,"civil-emergencies--disaster-victim-identification",943,"operational/college-of-policing/app/civil-emergencies--disaster-victim-identification/main.text","ok"
2026-05-25T23:22:27.118Z,"civil-emergencies--disaster-victim-identification--dvi-roles-and-responsibilities",5115,"operational/college-of-policing/app/civil-emergencies--disaster-victim-identification--dvi-roles-and-responsibilities/main.text","ok"
2026-05-25T23:22:27.127Z,"civil-emergencies--disaster-victim-identification--additional-arrangements-contaminated-fatalities--changes",269,"operational/college-of-policing/app/civil-emergencies--disaster-victim-identification--additional-arrangements-contaminated-fatalities--changes/main.text","ok"
2026-05-25T23:22:27.134Z,"civil-emergencies--disaster-victim-identification--dvi-roles-and-responsibilities--changes",388,"operational/college-of-policing/app/civil-emergencies--disaster-victim-identification--dvi-roles-and-responsibilities--changes/main.text","ok"
2026-05-25T23:22:27.167Z,"civil-emergencies--disaster-victim-identification--humanitarian-aspects-emergency-management",240,"operational/college-of-policing/app/civil-emergencies--disaster-victim-identification--humanitarian-aspects-emergency-management/main.text","ok"
2026-05-25T23:22:27.182Z,"civil-emergencies--disaster-victim-identification--inquests-and-inquiries",517,"operational/college-of-policing/app/civil-emergencies--disaster-victim-identification--inquests-and-inquiries/main.text","ok"
2026-05-25T23:22:27.194Z,"civil-emergencies--disaster-victim-identification--health-safety-and-welfare--changes",191,"operational/college-of-policing/app/civil-emergencies--disaster-victim-identification--health-safety-and-welfare--changes/main.text","ok"
2026-05-25T23:22:27.198Z,"civil-emergencies--disaster-victim-identification--inquests-and-inquiries--changes",157,"operational/college-of-policing/app/civil-emergencies--disaster-victim-identification--inquests-and-inquiries--changes/main.text","ok"
2026-05-25T23:22:27.200Z,"civil-emergencies--disaster-victim-identification--definitions",804,"operational/college-of-policing/app/civil-emergencies--disaster-victim-identification--definitions/main.text","ok"
2026-05-25T23:22:27.224Z,"civil-emergencies--disaster-victim-identification--health-safety-and-welfare",705,"operational/college-of-policing/app/civil-emergencies--disaster-victim-identification--health-safety-and-welfare/main.text","ok"
2026-05-25T23:22:27.230Z,"civil-emergencies--disaster-victim-identification--national-and-international-arrangements",1309,"operational/college-of-policing/app/civil-emergencies--disaster-victim-identification--national-and-international-arrangements/main.text","ok"
2026-05-25T23:22:27.232Z,"civil-emergencies--disaster-victim-identification--national-and-international-arrangements--changes",168,"operational/college-of-policing/app/civil-emergencies--disaster-victim-identification--national-and-international-arrangements--changes/main.text","ok"
2026-05-25T23:22:27.257Z,"covert-policing--undercover-policing",118,"operational/college-of-policing/app/covert-policing--undercover-policing/main.text","ok"
2026-05-25T23:22:27.271Z,"civil-emergencies--disaster-victim-identification--recovering-and-identifying-deceased-and-human-remains",8799,"operational/college-of-policing/app/civil-emergencies--disaster-victim-identification--recovering-and-identifying-deceased-and-human-remains/main.text","ok"
2026-05-25T23:22:27.273Z,"civil-emergencies--disaster-victim-identification--recovering-and-identifying-deceased-and-human-remains--changes",391,"operational/college-of-policing/app/civil-emergencies--disaster-victim-identification--recovering-and-identifying-deceased-and-human-remains--changes/main.text","ok"
2026-05-25T23:22:27.274Z,"civil-emergencies--disaster-victim-identification--social-needs-and-media-considerations--changes",161,"operational/college-of-policing/app/civil-emergencies--disaster-victim-identification--social-needs-and-media-considerations--changes/main.text","ok"
2026-05-25T23:22:27.285Z,"civil-emergencies--disaster-victim-identification--social-needs-and-media-considerations",596,"operational/college-of-policing/app/civil-emergencies--disaster-victim-identification--social-needs-and-media-considerations/main.text","ok"
2026-05-25T23:22:27.287Z,"covert-policing",54,"operational/college-of-policing/app/covert-policing/main.text","ok"
2026-05-25T23:22:27.288Z,"covert-policing--changes",213,"operational/college-of-policing/app/covert-policing--changes/main.text","ok"
2026-05-25T23:22:27.289Z,"covert-policing--undercover-policing--changes",197,"operational/college-of-policing/app/covert-policing--undercover-policing--changes/main.text","ok"
2026-05-25T23:22:27.290Z,"covert-policing--assisting-offender-debriefing",258,"operational/college-of-policing/app/covert-policing--assisting-offender-debriefing/main.text","ok"
2026-05-25T23:22:27.301Z,"critical-incident-management",154,"operational/college-of-policing/app/critical-incident-management/main.text","ok"
2026-05-25T23:22:27.321Z,"covert-policing--assisting-offender-debriefing--changes",115,"operational/college-of-policing/app/covert-policing--assisting-offender-debriefing--changes/main.text","ok"
2026-05-25T23:22:27.329Z,"critical-incident-management--critical-incident-management-linked-reference-material",258,"operational/college-of-policing/app/critical-incident-management--critical-incident-management-linked-reference-material/main.text","ok"
2026-05-25T23:22:27.334Z,"critical-incident-management--changes",415,"operational/college-of-policing/app/critical-incident-management--changes/main.text","ok"
2026-05-25T23:22:27.357Z,"critical-incident-management--introduction-and-types-critical-incidents--changes",141,"operational/college-of-policing/app/critical-incident-management--introduction-and-types-critical-incidents--changes/main.text","ok"
2026-05-25T23:22:27.363Z,"critical-incident-management--critical-incident-management-linked-reference-material--changes",126,"operational/college-of-policing/app/critical-incident-management--critical-incident-management-linked-reference-material--changes/main.text","ok"
2026-05-25T23:22:27.387Z,"critical-incident-management--phase-1-preparing-critical-incidents--changes",174,"operational/college-of-policing/app/critical-incident-management--phase-1-preparing-critical-incidents--changes/main.text","ok"
2026-05-25T23:22:27.405Z,"critical-incident-management--introduction-and-types-critical-incidents",2521,"operational/college-of-policing/app/critical-incident-management--introduction-and-types-critical-incidents/main.text","ok"
2026-05-25T23:22:27.409Z,"critical-incident-management--phase-1-preparing-critical-incidents",1423,"operational/college-of-policing/app/critical-incident-management--phase-1-preparing-critical-incidents/main.text","ok"
2026-05-25T23:22:27.420Z,"critical-incident-management--phase-3-restoring-public-confidence",962,"operational/college-of-policing/app/critical-incident-management--phase-3-restoring-public-confidence/main.text","ok"
2026-05-25T23:22:27.427Z,"critical-incident-management--phase-2-managing-critical-incidents--changes",284,"operational/college-of-policing/app/critical-incident-management--phase-2-managing-critical-incidents--changes/main.text","ok"
2026-05-25T23:22:27.439Z,"data-driven-technologies--embed",2038,"operational/college-of-policing/app/data-driven-technologies--embed/main.text","ok"
2026-05-25T23:22:27.447Z,"data-driven-technologies",448,"operational/college-of-policing/app/data-driven-technologies/main.text","ok"
2026-05-25T23:22:27.450Z,"data-driven-technologies--introduction",1981,"operational/college-of-policing/app/data-driven-technologies--introduction/main.text","ok"
2026-05-25T23:22:27.455Z,"data-driven-technologies--evolve",2064,"operational/college-of-policing/app/data-driven-technologies--evolve/main.text","ok"
2026-05-25T23:22:27.459Z,"critical-incident-management--phase-2-managing-critical-incidents",4300,"operational/college-of-policing/app/critical-incident-management--phase-2-managing-critical-incidents/main.text","ok"
2026-05-25T23:22:27.462Z,"data-ethics--appendix",828,"operational/college-of-policing/app/data-ethics--appendix/main.text","ok"
2026-05-25T23:22:27.483Z,"data-ethics",387,"operational/college-of-policing/app/data-ethics/main.text","ok"
2026-05-25T23:22:27.489Z,"data-driven-technologies--engage",2648,"operational/college-of-policing/app/data-driven-technologies--engage/main.text","ok"
2026-05-25T23:22:27.491Z,"detention-and-custody",102,"operational/college-of-policing/app/detention-and-custody/main.text","ok"
2026-05-25T23:22:27.493Z,"data-ethics--role-specific-responsibilities",306,"operational/college-of-policing/app/data-ethics--role-specific-responsibilities/main.text","ok"
2026-05-25T23:22:27.582Z,"detention-and-custody--buildings-and-facilities--changes",185,"operational/college-of-policing/app/detention-and-custody--buildings-and-facilities--changes/main.text","ok"
2026-05-25T23:22:27.584Z,"detention-and-custody--buildings-and-facilities",3117,"operational/college-of-policing/app/detention-and-custody--buildings-and-facilities/main.text","ok"
2026-05-25T23:22:27.585Z,"detention-and-custody--cctv",2042,"operational/college-of-policing/app/detention-and-custody--cctv/main.text","ok"
2026-05-25T23:22:27.587Z,"detention-and-custody--control-restraint-and-searches--changes",449,"operational/college-of-policing/app/detention-and-custody--control-restraint-and-searches--changes/main.text","ok"
2026-05-25T23:22:27.589Z,"detention-and-custody--cctv--changes",119,"operational/college-of-policing/app/detention-and-custody--cctv--changes/main.text","ok"
2026-05-25T23:22:27.590Z,"data-ethics--data-ethics-principles",456,"operational/college-of-policing/app/data-ethics--data-ethics-principles/main.text","ok"
2026-05-25T23:22:27.591Z,"detention-and-custody--control-restraint-and-searches",5428,"operational/college-of-policing/app/detention-and-custody--control-restraint-and-searches/main.text","ok"
2026-05-25T23:22:27.594Z,"detention-and-custody--custody-management-and-planning",4181,"operational/college-of-policing/app/detention-and-custody--custody-management-and-planning/main.text","ok"
2026-05-25T23:22:27.598Z,"detention-and-custody--changes",3391,"operational/college-of-policing/app/detention-and-custody--changes/main.text","ok"
2026-05-25T23:22:27.604Z,"detention-and-custody--custody-management-and-planning--changes",489,"operational/college-of-policing/app/detention-and-custody--custody-management-and-planning--changes/main.text","ok"
2026-05-25T23:22:27.626Z,"detention-and-custody--deaths-custody--changes",258,"operational/college-of-policing/app/detention-and-custody--deaths-custody--changes/main.text","ok"
2026-05-25T23:22:27.649Z,"detention-and-custody--detainee-care",149,"operational/college-of-policing/app/detention-and-custody--detainee-care/main.text","ok"
2026-05-25T23:22:27.653Z,"detention-and-custody--detainee-care--alcohol-and-drugs--changes",165,"operational/college-of-policing/app/detention-and-custody--detainee-care--alcohol-and-drugs--changes/main.text","ok"
2026-05-25T23:22:27.655Z,"detention-and-custody--detainee-care--alcohol-and-drugs",2769,"operational/college-of-policing/app/detention-and-custody--detainee-care--alcohol-and-drugs/main.text","ok"
2026-05-25T23:22:27.657Z,"detention-and-custody--deaths-custody",3757,"operational/college-of-policing/app/detention-and-custody--deaths-custody/main.text","ok"
2026-05-25T23:22:27.658Z,"detention-and-custody--detainee-care--changes",1115,"operational/college-of-policing/app/detention-and-custody--detainee-care--changes/main.text","ok"
2026-05-25T23:22:27.693Z,"detention-and-custody--detainee-care--children-and-young-persons--changes",467,"operational/college-of-policing/app/detention-and-custody--detainee-care--children-and-young-persons--changes/main.text","ok"
2026-05-25T23:22:27.696Z,"detention-and-custody--detainee-care--detainee-care--changes",338,"operational/college-of-policing/app/detention-and-custody--detainee-care--detainee-care--changes/main.text","ok"
2026-05-25T23:22:27.703Z,"detention-and-custody--detainee-care--children-and-young-persons",4684,"operational/college-of-policing/app/detention-and-custody--detainee-care--children-and-young-persons/main.text","ok"
2026-05-25T23:22:27.714Z,"detention-and-custody--detainee-care--detainee-care",7787,"operational/college-of-policing/app/detention-and-custody--detainee-care--detainee-care/main.text","ok"
2026-05-25T23:22:27.763Z,"detention-and-custody--detention-and-custody-risk-assessment--changes",705,"operational/college-of-policing/app/detention-and-custody--detention-and-custody-risk-assessment--changes/main.text","ok"
2026-05-25T23:22:27.768Z,"detention-and-custody--moving-and-transporting-detainees",2047,"operational/college-of-policing/app/detention-and-custody--moving-and-transporting-detainees/main.text","ok"
2026-05-25T23:22:27.770Z,"detention-and-custody--detention-and-custody-risk-assessment",5984,"operational/college-of-policing/app/detention-and-custody--detention-and-custody-risk-assessment/main.text","ok"
2026-05-25T23:22:27.772Z,"detention-and-custody--suicide-prevention-and-risk-management-perpetrators-child-sexual-exploitation-and-indecent-images-children-iioc",194,"operational/college-of-policing/app/detention-and-custody--suicide-prevention-and-risk-management-perpetrators-child-sexual-exploitation-and-indecent-images-children-iioc/main.text","ok"
2026-05-25T23:22:27.773Z,"detention-and-custody--moving-and-transporting-detainees--changes",211,"operational/college-of-policing/app/detention-and-custody--moving-and-transporting-detainees--changes/main.text","ok"
2026-05-25T23:22:27.775Z,"detention-and-custody--suicide-prevention-and-risk-management-perpetrators-child-sexual-exploitation-and-indecent-images-children-iioc--changes",211,"operational/college-of-policing/app/detention-and-custody--suicide-prevention-and-risk-management-perpetrators-child-sexual-exploitation-and-indecent-images-children-iioc--changes/main.text","ok"
2026-05-25T23:22:27.788Z,"detention-and-custody--detainee-care--equality-and-individual-needs",3256,"operational/college-of-policing/app/detention-and-custody--detainee-care--equality-and-individual-needs/main.text","ok"
2026-05-25T23:22:27.790Z,"detention-and-custody--terrorism-act-2000-tact",1534,"operational/college-of-policing/app/detention-and-custody--terrorism-act-2000-tact/main.text","ok"
2026-05-25T23:22:27.829Z,"detention-and-custody--response-arrest-and-detention",7050,"operational/college-of-policing/app/detention-and-custody--response-arrest-and-detention/main.text","ok"
2026-05-25T23:22:27.832Z,"detention-and-custody--response-arrest-and-detention--changes",292,"operational/college-of-policing/app/detention-and-custody--response-arrest-and-detention--changes/main.text","ok"
2026-05-25T23:22:27.833Z,"detention-and-custody--terrorism-act-2000-tact--changes",194,"operational/college-of-policing/app/detention-and-custody--terrorism-act-2000-tact--changes/main.text","ok"
2026-05-25T23:22:27.834Z,"domestic-abuse",788,"operational/college-of-policing/app/domestic-abuse/main.text","ok"
2026-05-25T23:22:27.838Z,"domestic-abuse--associated-investigations-appendix--changes",143,"operational/college-of-policing/app/domestic-abuse--associated-investigations-appendix--changes/main.text","ok"
2026-05-25T23:22:27.840Z,"domestic-abuse--changes",688,"operational/college-of-policing/app/domestic-abuse--changes/main.text","ok"
2026-05-25T23:22:27.841Z,"domestic-abuse--associated-investigations-appendix",3683,"operational/college-of-policing/app/domestic-abuse--associated-investigations-appendix/main.text","ok"
2026-05-25T23:22:27.850Z,"detention-and-custody--detainee-care--equality-and-individual-needs--changes",443,"operational/college-of-policing/app/detention-and-custody--detainee-care--equality-and-individual-needs--changes/main.text","ok"
2026-05-25T23:22:27.865Z,"domestic-abuse--communication-strategy",258,"operational/college-of-policing/app/domestic-abuse--communication-strategy/main.text","ok"
2026-05-25T23:22:27.892Z,"domestic-abuse--checklists-guides-and-support-appendix-c",11580,"operational/college-of-policing/app/domestic-abuse--checklists-guides-and-support-appendix-c/main.text","ok"
2026-05-25T23:22:27.898Z,"domestic-abuse--communication-strategy--changes",139,"operational/college-of-policing/app/domestic-abuse--communication-strategy--changes/main.text","ok"
2026-05-25T23:22:27.901Z,"domestic-abuse--checklists-guides-and-support-appendix-c--changes",147,"operational/college-of-policing/app/domestic-abuse--checklists-guides-and-support-appendix-c--changes/main.text","ok"
2026-05-25T23:22:27.951Z,"domestic-abuse--dynamic-domestic-abuse",2183,"operational/college-of-policing/app/domestic-abuse--dynamic-domestic-abuse/main.text","ok"
2026-05-25T23:22:27.956Z,"domestic-abuse--first-response--changes",139,"operational/college-of-policing/app/domestic-abuse--first-response--changes/main.text","ok"
2026-05-25T23:22:27.957Z,"domestic-abuse--dynamic-domestic-abuse--changes",143,"operational/college-of-policing/app/domestic-abuse--dynamic-domestic-abuse--changes/main.text","ok"
2026-05-25T23:22:27.958Z,"domestic-abuse--governance",6872,"operational/college-of-policing/app/domestic-abuse--governance/main.text","ok"
2026-05-25T23:22:27.959Z,"domestic-abuse--first-response",2690,"operational/college-of-policing/app/domestic-abuse--first-response/main.text","ok"
2026-05-25T23:22:27.960Z,"domestic-abuse--governance--changes",137,"operational/college-of-policing/app/domestic-abuse--governance--changes/main.text","ok"
2026-05-25T23:22:27.990Z,"domestic-abuse--investigation",318,"operational/college-of-policing/app/domestic-abuse--investigation/main.text","ok"
2026-05-25T23:22:28.003Z,"domestic-abuse--initial-contact--changes",139,"operational/college-of-policing/app/domestic-abuse--initial-contact--changes/main.text","ok"
2026-05-25T23:22:28.011Z,"domestic-abuse--initial-contact",1231,"operational/college-of-policing/app/domestic-abuse--initial-contact/main.text","ok"
2026-05-25T23:22:28.012Z,"domestic-abuse--investigation--changes",137,"operational/college-of-policing/app/domestic-abuse--investigation--changes/main.text","ok"
2026-05-25T23:22:28.013Z,"domestic-abuse--risks-and-vulnerabilities--changes",141,"operational/college-of-policing/app/domestic-abuse--risks-and-vulnerabilities--changes/main.text","ok"
2026-05-25T23:22:28.014Z,"domestic-abuse--issues-affecting-certain-groups-victims-appendix-b--changes",151,"operational/college-of-policing/app/domestic-abuse--issues-affecting-certain-groups-victims-appendix-b--changes/main.text","ok"
2026-05-25T23:22:28.023Z,"domestic-abuse--safeguarding--changes",137,"operational/college-of-policing/app/domestic-abuse--safeguarding--changes/main.text","ok"
2026-05-25T23:22:28.048Z,"domestic-abuse--suspect-strategy",5623,"operational/college-of-policing/app/domestic-abuse--suspect-strategy/main.text","ok"
2026-05-25T23:22:28.051Z,"domestic-abuse--safeguarding",2569,"operational/college-of-policing/app/domestic-abuse--safeguarding/main.text","ok"
2026-05-25T23:22:28.053Z,"domestic-abuse--risks-and-vulnerabilities",1861,"operational/college-of-policing/app/domestic-abuse--risks-and-vulnerabilities/main.text","ok"
2026-05-25T23:22:28.076Z,"domestic-abuse--victim-strategy",7630,"operational/college-of-policing/app/domestic-abuse--victim-strategy/main.text","ok"
2026-05-25T23:22:28.083Z,"domestic-abuse--issues-affecting-certain-groups-victims-appendix-b",4588,"operational/college-of-policing/app/domestic-abuse--issues-affecting-certain-groups-victims-appendix-b/main.text","ok"
2026-05-25T23:22:28.088Z,"domestic-abuse--suspect-strategy--changes",139,"operational/college-of-policing/app/domestic-abuse--suspect-strategy--changes/main.text","ok"
2026-05-25T23:22:28.103Z,"domestic-abuse--victim-strategy--changes",139,"operational/college-of-policing/app/domestic-abuse--victim-strategy--changes/main.text","ok"
2026-05-25T23:22:28.126Z,"firearms-licensing",1488,"operational/college-of-policing/app/firearms-licensing/main.text","ok"
2026-05-25T23:22:28.137Z,"extraction-material-digital-devices",356,"operational/college-of-policing/app/extraction-material-digital-devices/main.text","ok"
2026-05-25T23:22:28.146Z,"firearms-licensing--changes",268,"operational/college-of-policing/app/firearms-licensing--changes/main.text","ok"
2026-05-25T23:22:28.153Z,"extraction-material-digital-devices--extraction-material-digital-devices--changes",170,"operational/college-of-policing/app/extraction-material-digital-devices--extraction-material-digital-devices--changes/main.text","ok"
2026-05-25T23:22:28.157Z,"extraction-material-digital-devices--changes",215,"operational/college-of-policing/app/extraction-material-digital-devices--changes/main.text","ok"
2026-05-25T23:22:28.158Z,"firearms-licensing--processes",1854,"operational/college-of-policing/app/firearms-licensing--processes/main.text","ok"
2026-05-25T23:22:28.190Z,"firearms-licensing--processes--changes",128,"operational/college-of-policing/app/firearms-licensing--processes--changes/main.text","ok"
2026-05-25T23:22:28.193Z,"information-management",114,"operational/college-of-policing/app/information-management/main.text","ok"
2026-05-25T23:22:28.205Z,"firearms-licensing--responsibilities",2252,"operational/college-of-policing/app/firearms-licensing--responsibilities/main.text","ok"
2026-05-25T23:22:28.211Z,"information-management--changes",2000,"operational/college-of-policing/app/information-management--changes/main.text","ok"
2026-05-25T23:22:28.217Z,"information-management--data-protection",4868,"operational/college-of-policing/app/information-management--data-protection/main.text","ok"
2026-05-25T23:22:28.224Z,"information-management--freedom-information--changes",410,"operational/college-of-policing/app/information-management--freedom-information--changes/main.text","ok"
2026-05-25T23:22:28.226Z,"extraction-material-digital-devices--extraction-material-digital-devices",380,"operational/college-of-policing/app/extraction-material-digital-devices--extraction-material-digital-devices/main.text","ok"
2026-05-25T23:22:28.228Z,"firearms-licensing--responsibilities--changes",128,"operational/college-of-policing/app/firearms-licensing--responsibilities--changes/main.text","ok"
2026-05-25T23:22:28.255Z,"information-management--data-protection--changes",462,"operational/college-of-policing/app/information-management--data-protection--changes/main.text","ok"
2026-05-25T23:22:28.260Z,"information-management--information-assurance",122,"operational/college-of-policing/app/information-management--information-assurance/main.text","ok"
2026-05-25T23:22:28.261Z,"information-management--information-assurance--changes",273,"operational/college-of-policing/app/information-management--information-assurance--changes/main.text","ok"
2026-05-25T23:22:28.292Z,"information-management--information-sharing",3308,"operational/college-of-policing/app/information-management--information-sharing/main.text","ok"
2026-05-25T23:22:28.294Z,"information-management--information-sharing--changes",202,"operational/college-of-policing/app/information-management--information-sharing--changes/main.text","ok"
2026-05-25T23:22:28.296Z,"information-management--freedom-information",6382,"operational/college-of-policing/app/information-management--freedom-information/main.text","ok"
2026-05-25T23:22:28.309Z,"information-management--management-police-information--changes",783,"operational/college-of-policing/app/information-management--management-police-information--changes/main.text","ok"
2026-05-25T23:22:28.329Z,"information-management--management-police-information--collection-and-recording--changes",152,"operational/college-of-policing/app/information-management--management-police-information--collection-and-recording--changes/main.text","ok"
2026-05-25T23:22:28.333Z,"information-management--management-police-information--common-process-managing-police-information",1133,"operational/college-of-policing/app/information-management--management-police-information--common-process-managing-police-information/main.text","ok"
2026-05-25T23:22:28.334Z,"information-management--management-police-information--collection-and-recording",3261,"operational/college-of-policing/app/information-management--management-police-information--collection-and-recording/main.text","ok"
2026-05-25T23:22:28.340Z,"information-management--management-police-information--evaluation",839,"operational/college-of-policing/app/information-management--management-police-information--evaluation/main.text","ok"
2026-05-25T23:22:28.358Z,"information-management--management-police-information--evaluation--changes",152,"operational/college-of-policing/app/information-management--management-police-information--evaluation--changes/main.text","ok"
2026-05-25T23:22:28.375Z,"information-management--management-police-information--retention-review-and-disposal",11404,"operational/college-of-policing/app/information-management--management-police-information--retention-review-and-disposal/main.text","ok"
2026-05-25T23:22:28.379Z,"intelligence-management",588,"operational/college-of-policing/app/intelligence-management/main.text","ok"
2026-05-25T23:22:28.391Z,"intelligence-management--guidance-completing-intelligence-report",1818,"operational/college-of-policing/app/intelligence-management--guidance-completing-intelligence-report/main.text","ok"
2026-05-25T23:22:28.410Z,"information-management--management-police-information--retention-review-and-disposal--changes",656,"operational/college-of-policing/app/information-management--management-police-information--retention-review-and-disposal--changes/main.text","ok"
2026-05-25T23:22:28.414Z,"intelligence-management--completing-intelligence-report",1818,"operational/college-of-policing/app/intelligence-management--completing-intelligence-report/main.text","ok"
2026-05-25T23:22:28.415Z,"intelligence-management--changes",174,"operational/college-of-policing/app/intelligence-management--changes/main.text","ok"
2026-05-25T23:22:28.416Z,"intelligence-management--example-intelligence-report-appendix",175,"operational/college-of-policing/app/intelligence-management--example-intelligence-report-appendix/main.text","ok"
2026-05-25T23:22:28.418Z,"information-management--management-police-information",132,"operational/college-of-policing/app/information-management--management-police-information/main.text","ok"
2026-05-25T23:22:28.419Z,"intelligence-management--intelligence-cycle",2630,"operational/college-of-policing/app/intelligence-management--intelligence-cycle/main.text","ok"
2026-05-25T23:22:28.426Z,"investigation",343,"operational/college-of-policing/app/investigation/main.text","ok"
2026-05-25T23:22:28.446Z,"intelligence-management--tasking-and-coordination",772,"operational/college-of-policing/app/intelligence-management--tasking-and-coordination/main.text","ok"
2026-05-25T23:22:28.465Z,"investigation--acid-and-corrosive-substances",258,"operational/college-of-policing/app/investigation--acid-and-corrosive-substances/main.text","ok"
2026-05-25T23:22:28.472Z,"investigation--acid-and-corrosive-substances--changes",266,"operational/college-of-policing/app/investigation--acid-and-corrosive-substances--changes/main.text","ok"
2026-05-25T23:22:28.485Z,"investigation--acquisitive-crime",42,"operational/college-of-policing/app/investigation--acquisitive-crime/main.text","ok"
2026-05-25T23:22:28.489Z,"investigation--acquisitive-crime--changes",250,"operational/college-of-policing/app/investigation--acquisitive-crime--changes/main.text","ok"
2026-05-25T23:22:28.505Z,"investigation--acquisitive-crime--policing-business-crime--changes",209,"operational/college-of-policing/app/investigation--acquisitive-crime--policing-business-crime--changes/main.text","ok"
2026-05-25T23:22:28.520Z,"investigation--acquisitive-crime--residential-burglary",441,"operational/college-of-policing/app/investigation--acquisitive-crime--residential-burglary/main.text","ok"
2026-05-25T23:22:28.524Z,"investigation--acquisitive-crime--policing-business-crime",828,"operational/college-of-policing/app/investigation--acquisitive-crime--policing-business-crime/main.text","ok"
2026-05-25T23:22:28.526Z,"investigation--acquisitive-crime--residential-burglary--changes",140,"operational/college-of-policing/app/investigation--acquisitive-crime--residential-burglary--changes/main.text","ok"
2026-05-25T23:22:28.545Z,"investigation--crime-prisons--changes",215,"operational/college-of-policing/app/investigation--crime-prisons--changes/main.text","ok"
2026-05-25T23:22:28.551Z,"investigation--crime-prisons",341,"operational/college-of-policing/app/investigation--crime-prisons/main.text","ok"
2026-05-25T23:22:28.555Z,"investigation--changes",4396,"operational/college-of-policing/app/investigation--changes/main.text","ok"
2026-05-25T23:22:28.579Z,"investigation--forensics",1971,"operational/college-of-policing/app/investigation--forensics/main.text","ok"
2026-05-25T23:22:28.582Z,"investigation--forensics--changes",214,"operational/college-of-policing/app/investigation--forensics--changes/main.text","ok"
2026-05-25T23:22:28.599Z,"investigation--international--international",7162,"operational/college-of-policing/app/investigation--international--international/main.text","ok"
2026-05-25T23:22:28.601Z,"investigation--international--changes",552,"operational/college-of-policing/app/investigation--international--changes/main.text","ok"
2026-05-25T23:22:28.602Z,"investigation--international--international-investigation-reference-material-and-forms--changes",161,"operational/college-of-policing/app/investigation--international--international-investigation-reference-material-and-forms--changes/main.text","ok"
2026-05-25T23:22:28.625Z,"investigation--international--international-investigation-reference-material-and-forms",283,"operational/college-of-policing/app/investigation--international--international-investigation-reference-material-and-forms/main.text","ok"
2026-05-25T23:22:28.633Z,"investigation--international--international-investigation-useful-contacts",854,"operational/college-of-policing/app/investigation--international--international-investigation-useful-contacts/main.text","ok"
2026-05-25T23:22:28.640Z,"investigation--international--international--changes",336,"operational/college-of-policing/app/investigation--international--international--changes/main.text","ok"
2026-05-25T23:22:28.646Z,"investigation--investigating-fraud",334,"operational/college-of-policing/app/investigation--investigating-fraud/main.text","ok"
2026-05-25T23:22:28.656Z,"investigation--international",234,"operational/college-of-policing/app/investigation--international/main.text","ok"
2026-05-25T23:22:28.658Z,"investigation--international--international-investigation-useful-contacts--changes",174,"operational/college-of-policing/app/investigation--international--international-investigation-useful-contacts--changes/main.text","ok"
2026-05-25T23:22:28.660Z,"investigation--investigation-introduction",4826,"operational/college-of-policing/app/investigation--investigation-introduction/main.text","ok"
2026-05-25T23:22:28.682Z,"investigation--investigating-fraud--changes",144,"operational/college-of-policing/app/investigation--investigating-fraud--changes/main.text","ok"
2026-05-25T23:22:28.717Z,"investigation--investigation-process",11883,"operational/college-of-policing/app/investigation--investigation-process/main.text","ok"
2026-05-25T23:22:28.733Z,"investigation--investigative-interviewing",200,"operational/college-of-policing/app/investigation--investigative-interviewing/main.text","ok"
2026-05-25T23:22:28.741Z,"investigation--investigation-process--changes",567,"operational/college-of-policing/app/investigation--investigation-process--changes/main.text","ok"
2026-05-25T23:22:28.743Z,"investigation--investigative-interviewing--changes",509,"operational/college-of-policing/app/investigation--investigative-interviewing--changes/main.text","ok"
2026-05-25T23:22:28.745Z,"investigation--investigative-interviewing--investigative-interviewing",11538,"operational/college-of-policing/app/investigation--investigative-interviewing--investigative-interviewing/main.text","ok"
2026-05-25T23:22:28.748Z,"investigation--investigative-interviewing--investigative-interviewing--changes",458,"operational/college-of-policing/app/investigation--investigative-interviewing--investigative-interviewing--changes/main.text","ok"
2026-05-25T23:22:28.760Z,"investigation--investigative-interviewing--reference-material-national-policing-position-papers--changes",154,"operational/college-of-policing/app/investigation--investigative-interviewing--reference-material-national-policing-position-papers--changes/main.text","ok"
2026-05-25T23:22:28.792Z,"investigation--investigative-interviewing--reference-material-national-policing-position-papers",286,"operational/college-of-policing/app/investigation--investigative-interviewing--reference-material-national-policing-position-papers/main.text","ok"
2026-05-25T23:22:28.793Z,"investigation--investigation-introduction--changes",236,"operational/college-of-policing/app/investigation--investigation-introduction--changes/main.text","ok"
2026-05-25T23:22:28.800Z,"investigation--investigative-strategies--communications-strategy",2321,"operational/college-of-policing/app/investigation--investigative-strategies--communications-strategy/main.text","ok"
2026-05-25T23:22:28.802Z,"investigation--investigative-strategies--automatic-number-plate-recognition-anpr--changes",249,"operational/college-of-policing/app/investigation--investigative-strategies--automatic-number-plate-recognition-anpr--changes/main.text","ok"
2026-05-25T23:22:28.803Z,"investigation--investigative-strategies--automatic-number-plate-recognition-anpr",1672,"operational/college-of-policing/app/investigation--investigative-strategies--automatic-number-plate-recognition-anpr/main.text","ok"
2026-05-25T23:22:28.804Z,"investigation--investigative-strategies",124,"operational/college-of-policing/app/investigation--investigative-strategies/main.text","ok"
2026-05-25T23:22:28.805Z,"investigation--investigative-strategies--changes",771,"operational/college-of-policing/app/investigation--investigative-strategies--changes/main.text","ok"
2026-05-25T23:22:28.808Z,"investigation--investigative-strategies--financial-investigation--asset-recovery",416,"operational/college-of-policing/app/investigation--investigative-strategies--financial-investigation--asset-recovery/main.text","ok"
2026-05-25T23:22:28.813Z,"investigation--investigative-strategies--financial-investigation",148,"operational/college-of-policing/app/investigation--investigative-strategies--financial-investigation/main.text","ok"
2026-05-25T23:22:28.820Z,"investigation--investigative-strategies--financial-investigation--asset-recovery--cash-seizure",4825,"operational/college-of-policing/app/investigation--investigative-strategies--financial-investigation--asset-recovery--cash-seizure/main.text","ok"
2026-05-25T23:22:28.838Z,"investigation--investigative-strategies--financial-investigation--asset-recovery--changes",146,"operational/college-of-policing/app/investigation--investigative-strategies--financial-investigation--asset-recovery--changes/main.text","ok"
2026-05-25T23:22:28.873Z,"investigation--investigative-strategies--financial-investigation--asset-recovery--cash-seizure--changes",123,"operational/college-of-policing/app/investigation--investigative-strategies--financial-investigation--asset-recovery--cash-seizure--changes/main.text","ok"
2026-05-25T23:22:28.890Z,"investigation--investigative-strategies--financial-investigation--asset-recovery--confiscation-and-recovery",3545,"operational/college-of-policing/app/investigation--investigative-strategies--financial-investigation--asset-recovery--confiscation-and-recovery/main.text","ok"
2026-05-25T23:22:28.897Z,"investigation--investigative-strategies--financial-investigation--asset-recovery--confiscation-and-recovery--changes",122,"operational/college-of-policing/app/investigation--investigative-strategies--financial-investigation--asset-recovery--confiscation-and-recovery--changes/main.text","ok"
2026-05-25T23:22:28.912Z,"investigation--investigative-strategies--financial-investigation--asset-recovery--forfeiture-and-deprivation",2193,"operational/college-of-policing/app/investigation--investigative-strategies--financial-investigation--asset-recovery--forfeiture-and-deprivation/main.text","ok"
2026-05-25T23:22:28.927Z,"investigation--investigative-strategies--financial-investigation--money-laundering-criminal-property-offences--changes",125,"operational/college-of-policing/app/investigation--investigative-strategies--financial-investigation--money-laundering-criminal-property-offences--changes/main.text","ok"
2026-05-25T23:22:28.930Z,"investigation--investigative-strategies--financial-investigation--effective-financial-investigation",3105,"operational/college-of-policing/app/investigation--investigative-strategies--financial-investigation--effective-financial-investigation/main.text","ok"
2026-05-25T23:22:28.932Z,"investigation--investigative-strategies--financial-investigation--training-and-accreditation",974,"operational/college-of-policing/app/investigation--investigative-strategies--financial-investigation--training-and-accreditation/main.text","ok"
2026-05-25T23:22:28.965Z,"investigation--investigative-strategies--financial-investigation--using-financial-information--changes",139,"operational/college-of-policing/app/investigation--investigative-strategies--financial-investigation--using-financial-information--changes/main.text","ok"
2026-05-25T23:22:28.972Z,"investigation--investigative-strategies--financial-investigation--changes",237,"operational/college-of-policing/app/investigation--investigative-strategies--financial-investigation--changes/main.text","ok"
2026-05-25T23:22:28.975Z,"investigation--investigative-strategies--financial-investigation--money-laundering-criminal-property-offences",3226,"operational/college-of-policing/app/investigation--investigative-strategies--financial-investigation--money-laundering-criminal-property-offences/main.text","ok"
2026-05-25T23:22:28.977Z,"investigation--investigative-strategies--intelligence-strategy",816,"operational/college-of-policing/app/investigation--investigative-strategies--intelligence-strategy/main.text","ok"
2026-05-25T23:22:28.978Z,"investigation--investigative-strategies--physical-evidence",622,"operational/college-of-policing/app/investigation--investigative-strategies--physical-evidence/main.text","ok"
2026-05-25T23:22:28.980Z,"investigation--investigative-strategies--house-house-enquiries",2562,"operational/college-of-policing/app/investigation--investigative-strategies--house-house-enquiries/main.text","ok"
2026-05-25T23:22:28.981Z,"investigation--investigative-strategies--scene-strategy--changes",163,"operational/college-of-policing/app/investigation--investigative-strategies--scene-strategy--changes/main.text","ok"
2026-05-25T23:22:28.982Z,"investigation--investigative-strategies--passive-data-generators",2384,"operational/college-of-policing/app/investigation--investigative-strategies--passive-data-generators/main.text","ok"
2026-05-25T23:22:28.983Z,"investigation--investigative-strategies--scene-strategy",2015,"operational/college-of-policing/app/investigation--investigative-strategies--scene-strategy/main.text","ok"
2026-05-25T23:22:28.988Z,"investigation--investigative-strategies--passive-data-generators--changes",298,"operational/college-of-policing/app/investigation--investigative-strategies--passive-data-generators--changes/main.text","ok"
2026-05-25T23:22:28.999Z,"investigation--investigative-strategies--search-powers-and-obtaining-and-executing-search-warrants",3806,"operational/college-of-policing/app/investigation--investigative-strategies--search-powers-and-obtaining-and-executing-search-warrants/main.text","ok"
2026-05-25T23:22:29.005Z,"investigation--investigative-strategies--financial-investigation--using-financial-information",3508,"operational/college-of-policing/app/investigation--investigative-strategies--financial-investigation--using-financial-information/main.text","ok"
2026-05-25T23:22:29.010Z,"investigation--investigative-strategies--search-powers-and-obtaining-and-executing-search-warrants--changes",134,"operational/college-of-policing/app/investigation--investigative-strategies--search-powers-and-obtaining-and-executing-search-warrants--changes/main.text","ok"
2026-05-25T23:22:29.072Z,"investigation--managing-effective-investigations",3491,"operational/college-of-policing/app/investigation--managing-effective-investigations/main.text","ok"
2026-05-25T23:22:29.074Z,"investigation--managing-investigations",3491,"operational/college-of-policing/app/investigation--managing-investigations/main.text","ok"
2026-05-25T23:22:29.080Z,"investigation--managing-effective-investigations--changes",377,"operational/college-of-policing/app/investigation--managing-effective-investigations--changes/main.text","ok"
2026-05-25T23:22:29.082Z,"investigation--offences-against-person",408,"operational/college-of-policing/app/investigation--offences-against-person/main.text","ok"
2026-05-25T23:22:29.111Z,"investigation--policing-drugs",696,"operational/college-of-policing/app/investigation--policing-drugs/main.text","ok"
2026-05-25T23:22:29.120Z,"investigation--offences-against-person--changes",134,"operational/college-of-policing/app/investigation--offences-against-person--changes/main.text","ok"
2026-05-25T23:22:29.121Z,"investigation--policing-drugs--changes",167,"operational/college-of-policing/app/investigation--policing-drugs--changes/main.text","ok"
2026-05-25T23:22:29.138Z,"investigation--wildlife-crime",484,"operational/college-of-policing/app/investigation--wildlife-crime/main.text","ok"
2026-05-25T23:22:29.159Z,"investigation--wildlife-crime--changes",143,"operational/college-of-policing/app/investigation--wildlife-crime--changes/main.text","ok"
2026-05-25T23:22:29.165Z,"investigation--working-suspects--changes",251,"operational/college-of-policing/app/investigation--working-suspects--changes/main.text","ok"
2026-05-25T23:22:29.170Z,"live-facial-recognition--key-performance-metrics",695,"operational/college-of-policing/app/live-facial-recognition--key-performance-metrics/main.text","ok"
2026-05-25T23:22:29.172Z,"investigation--working-victims-and-witnesses--changes",955,"operational/college-of-policing/app/investigation--working-victims-and-witnesses--changes/main.text","ok"
2026-05-25T23:22:29.174Z,"live-facial-recognition--live-facial-recognition",4898,"operational/college-of-policing/app/live-facial-recognition--live-facial-recognition/main.text","ok"
2026-05-25T23:22:29.179Z,"live-facial-recognition--changes",121,"operational/college-of-policing/app/live-facial-recognition--changes/main.text","ok"
2026-05-25T23:22:29.182Z,"live-facial-recognition--watchlist",2437,"operational/college-of-policing/app/live-facial-recognition--watchlist/main.text","ok"
2026-05-25T23:22:29.183Z,"investigation--working-suspects",4364,"operational/college-of-policing/app/investigation--working-suspects/main.text","ok"
2026-05-25T23:22:29.184Z,"live-facial-recognition--terminology",1455,"operational/college-of-policing/app/live-facial-recognition--terminology/main.text","ok"
2026-05-25T23:22:29.185Z,"investigation--working-victims-and-witnesses",6947,"operational/college-of-policing/app/investigation--working-victims-and-witnesses/main.text","ok"
2026-05-25T23:22:29.189Z,"live-facial-recognition",95,"operational/college-of-policing/app/live-facial-recognition/main.text","ok"
2026-05-25T23:22:29.205Z,"live-facial-recognition--where-date-time-duration-and-location-deployment",1019,"operational/college-of-policing/app/live-facial-recognition--where-date-time-duration-and-location-deployment/main.text","ok"
2026-05-25T23:22:29.229Z,"live-facial-recognition--where-date-time-duration-and-location-deployment--changes",127,"operational/college-of-policing/app/live-facial-recognition--where-date-time-duration-and-location-deployment--changes/main.text","ok"
2026-05-25T23:22:29.233Z,"major-investigation-and-public-protection",118,"operational/college-of-policing/app/major-investigation-and-public-protection/main.text","ok"
2026-05-25T23:22:29.244Z,"major-investigation-and-public-protection--adults-risk",771,"operational/college-of-policing/app/major-investigation-and-public-protection--adults-risk/main.text","ok"
2026-05-25T23:22:29.248Z,"major-investigation-and-public-protection--adults-risk--changes",366,"operational/college-of-policing/app/major-investigation-and-public-protection--adults-risk--changes/main.text","ok"
2026-05-25T23:22:29.287Z,"major-investigation-and-public-protection--changes",12178,"operational/college-of-policing/app/major-investigation-and-public-protection--changes/main.text","ok"
2026-05-25T23:22:29.295Z,"major-investigation-and-public-protection--domestic-abuse--identification-reporting-and-associated-investigations",3683,"operational/college-of-policing/app/major-investigation-and-public-protection--domestic-abuse--identification-reporting-and-associated-investigations/main.text","ok"
2026-05-25T23:22:29.297Z,"major-investigation-and-public-protection--domestic-abuse",788,"operational/college-of-policing/app/major-investigation-and-public-protection--domestic-abuse/main.text","ok"
2026-05-25T23:22:29.338Z,"major-investigation-and-public-protection--domestic-abuse--partnership-working-and-multi-agency-responsesmechanisms",6872,"operational/college-of-policing/app/major-investigation-and-public-protection--domestic-abuse--partnership-working-and-multi-agency-responsesmechanisms/main.text","ok"
2026-05-25T23:22:29.344Z,"major-investigation-and-public-protection--domestic-abuse--victim-safety-and-support",7630,"operational/college-of-policing/app/major-investigation-and-public-protection--domestic-abuse--victim-safety-and-support/main.text","ok"
2026-05-25T23:22:29.353Z,"major-investigation-and-public-protection--female-genital-mutilation",10427,"operational/college-of-policing/app/major-investigation-and-public-protection--female-genital-mutilation/main.text","ok"
2026-05-25T23:22:29.363Z,"major-investigation-and-public-protection--gangs-and-youth-violence",500,"operational/college-of-policing/app/major-investigation-and-public-protection--gangs-and-youth-violence/main.text","ok"
2026-05-25T23:22:29.365Z,"major-investigation-and-public-protection--gangs-and-youth-violence--changes",181,"operational/college-of-policing/app/major-investigation-and-public-protection--gangs-and-youth-violence--changes/main.text","ok"
2026-05-25T23:22:29.367Z,"major-investigation-and-public-protection--gun-crime--changes",220,"operational/college-of-policing/app/major-investigation-and-public-protection--gun-crime--changes/main.text","ok"
2026-05-25T23:22:29.369Z,"major-investigation-and-public-protection--gun-crime",701,"operational/college-of-policing/app/major-investigation-and-public-protection--gun-crime/main.text","ok"
2026-05-25T23:22:29.371Z,"major-investigation-and-public-protection--forced-marriage-and-honour-based-abuse",341,"operational/college-of-policing/app/major-investigation-and-public-protection--forced-marriage-and-honour-based-abuse/main.text","ok"
2026-05-25T23:22:29.390Z,"major-investigation-and-public-protection--female-genital-mutilation--changes",328,"operational/college-of-policing/app/major-investigation-and-public-protection--female-genital-mutilation--changes/main.text","ok"
2026-05-25T23:22:29.394Z,"major-investigation-and-public-protection--hate-crime",679,"operational/college-of-policing/app/major-investigation-and-public-protection--hate-crime/main.text","ok"
2026-05-25T23:22:29.395Z,"major-investigation-and-public-protection--domestic-abuse--understanding-risk-and-vulnerability-context-domestic-abuse",1861,"operational/college-of-policing/app/major-investigation-and-public-protection--domestic-abuse--understanding-risk-and-vulnerability-context-domestic-abuse/main.text","ok"
2026-05-25T23:22:29.403Z,"major-investigation-and-public-protection--domestic-abuse--post-arrest-management-suspect-and-casefile",6872,"operational/college-of-policing/app/major-investigation-and-public-protection--domestic-abuse--post-arrest-management-suspect-and-casefile/main.text","ok"
2026-05-25T23:22:29.407Z,"major-investigation-and-public-protection--hate-crime--criminal-justice-processes",982,"operational/college-of-policing/app/major-investigation-and-public-protection--hate-crime--criminal-justice-processes/main.text","ok"
2026-05-25T23:22:29.421Z,"major-investigation-and-public-protection--hate-crime--changes",727,"operational/college-of-policing/app/major-investigation-and-public-protection--hate-crime--changes/main.text","ok"
2026-05-25T23:22:29.424Z,"major-investigation-and-public-protection--domestic-abuse--investigative-development",318,"operational/college-of-policing/app/major-investigation-and-public-protection--domestic-abuse--investigative-development/main.text","ok"
2026-05-25T23:22:29.455Z,"major-investigation-and-public-protection--hate-crime--hate-crime-and-counter-terrorism",712,"operational/college-of-policing/app/major-investigation-and-public-protection--hate-crime--hate-crime-and-counter-terrorism/main.text","ok"
2026-05-25T23:22:29.459Z,"major-investigation-and-public-protection--hate-crime--community-engagement-and-tension--changes",122,"operational/college-of-policing/app/major-investigation-and-public-protection--hate-crime--community-engagement-and-tension--changes/main.text","ok"
2026-05-25T23:22:29.479Z,"major-investigation-and-public-protection--hate-crime--criminal-justice-processes--changes",118,"operational/college-of-policing/app/major-investigation-and-public-protection--hate-crime--criminal-justice-processes--changes/main.text","ok"
2026-05-25T23:22:29.487Z,"major-investigation-and-public-protection--hate-crime--hate-crime-sport",1390,"operational/college-of-policing/app/major-investigation-and-public-protection--hate-crime--hate-crime-sport/main.text","ok"
2026-05-25T23:22:29.496Z,"major-investigation-and-public-protection--hate-crime--community-engagement-and-tension",1108,"operational/college-of-policing/app/major-investigation-and-public-protection--hate-crime--community-engagement-and-tension/main.text","ok"
2026-05-25T23:22:29.508Z,"major-investigation-and-public-protection--hate-crime--inciting-hatred",720,"operational/college-of-policing/app/major-investigation-and-public-protection--hate-crime--inciting-hatred/main.text","ok"
2026-05-25T23:22:29.518Z,"major-investigation-and-public-protection--hate-crime--internal-hate-crime-and-incidents",2565,"operational/college-of-policing/app/major-investigation-and-public-protection--hate-crime--internal-hate-crime-and-incidents/main.text","ok"
2026-05-25T23:22:29.537Z,"major-investigation-and-public-protection--hate-crime--online-hate",1627,"operational/college-of-policing/app/major-investigation-and-public-protection--hate-crime--online-hate/main.text","ok"
2026-05-25T23:22:29.547Z,"major-investigation-and-public-protection--hate-crime--performance-management",995,"operational/college-of-policing/app/major-investigation-and-public-protection--hate-crime--performance-management/main.text","ok"
2026-05-25T23:22:29.553Z,"major-investigation-and-public-protection--hate-crime--partnership-working--changes",134,"operational/college-of-policing/app/major-investigation-and-public-protection--hate-crime--partnership-working--changes/main.text","ok"
2026-05-25T23:22:29.556Z,"major-investigation-and-public-protection--hate-crime--reference-material-hate-crime--changes",166,"operational/college-of-policing/app/major-investigation-and-public-protection--hate-crime--reference-material-hate-crime--changes/main.text","ok"
2026-05-25T23:22:29.564Z,"major-investigation-and-public-protection--hate-crime--intelligence",822,"operational/college-of-policing/app/major-investigation-and-public-protection--hate-crime--intelligence/main.text","ok"
2026-05-25T23:22:29.568Z,"major-investigation-and-public-protection--hate-crime--partnership-working",1517,"operational/college-of-policing/app/major-investigation-and-public-protection--hate-crime--partnership-working/main.text","ok"
2026-05-25T23:22:29.570Z,"major-investigation-and-public-protection--hate-crime--responding-hate",11649,"operational/college-of-policing/app/major-investigation-and-public-protection--hate-crime--responding-hate/main.text","ok"
2026-05-25T23:22:29.573Z,"major-investigation-and-public-protection--hate-crime--reference-material-hate-crime",1322,"operational/college-of-policing/app/major-investigation-and-public-protection--hate-crime--reference-material-hate-crime/main.text","ok"
2026-05-25T23:22:29.575Z,"major-investigation-and-public-protection--hate-crime--responding-hate-crimes",2385,"operational/college-of-policing/app/major-investigation-and-public-protection--hate-crime--responding-hate-crimes/main.text","ok"
2026-05-25T23:22:29.576Z,"major-investigation-and-public-protection--hate-crime--performance-management--changes",120,"operational/college-of-policing/app/major-investigation-and-public-protection--hate-crime--performance-management--changes/main.text","ok"
2026-05-25T23:22:29.577Z,"major-investigation-and-public-protection--hate-crime--responding-hate--changes",308,"operational/college-of-policing/app/major-investigation-and-public-protection--hate-crime--responding-hate--changes/main.text","ok"
2026-05-25T23:22:29.625Z,"major-investigation-and-public-protection--hate-crime--responding-non-crime-hate-incidents",1775,"operational/college-of-policing/app/major-investigation-and-public-protection--hate-crime--responding-non-crime-hate-incidents/main.text","ok"
2026-05-25T23:22:29.627Z,"major-investigation-and-public-protection--hate-crime--responding-hate-crimes--changes",196,"operational/college-of-policing/app/major-investigation-and-public-protection--hate-crime--responding-hate-crimes--changes/main.text","ok"
2026-05-25T23:22:29.639Z,"major-investigation-and-public-protection--hate-crime--strategic-leadership",671,"operational/college-of-policing/app/major-investigation-and-public-protection--hate-crime--strategic-leadership/main.text","ok"
2026-05-25T23:22:29.658Z,"major-investigation-and-public-protection--hate-crime--supervision-and-oversight--changes",125,"operational/college-of-policing/app/major-investigation-and-public-protection--hate-crime--supervision-and-oversight--changes/main.text","ok"
2026-05-25T23:22:29.682Z,"major-investigation-and-public-protection--hate-crime--responding-non-crime-hate-incidents--changes",181,"operational/college-of-policing/app/major-investigation-and-public-protection--hate-crime--responding-non-crime-hate-incidents--changes/main.text","ok"
2026-05-25T23:22:29.705Z,"major-investigation-and-public-protection--homicide",382,"operational/college-of-policing/app/major-investigation-and-public-protection--homicide/main.text","ok"
2026-05-25T23:22:29.707Z,"major-investigation-and-public-protection--hate-crime--victim-and-witness-care-and-support--changes",136,"operational/college-of-policing/app/major-investigation-and-public-protection--hate-crime--victim-and-witness-care-and-support--changes/main.text","ok"
2026-05-25T23:22:29.709Z,"major-investigation-and-public-protection--homicide--changes",856,"operational/college-of-policing/app/major-investigation-and-public-protection--homicide--changes/main.text","ok"
2026-05-25T23:22:29.710Z,"major-investigation-and-public-protection--homicide--homicide-and-major-crime-publications--changes",276,"operational/college-of-policing/app/major-investigation-and-public-protection--homicide--homicide-and-major-crime-publications--changes/main.text","ok"
2026-05-25T23:22:29.714Z,"major-investigation-and-public-protection--hate-crime--victim-and-witness-care-and-support",1243,"operational/college-of-policing/app/major-investigation-and-public-protection--hate-crime--victim-and-witness-care-and-support/main.text","ok"
2026-05-25T23:22:29.716Z,"major-investigation-and-public-protection--homicide--homicide-and-major-crime-publications",683,"operational/college-of-policing/app/major-investigation-and-public-protection--homicide--homicide-and-major-crime-publications/main.text","ok"
2026-05-25T23:22:29.718Z,"major-investigation-and-public-protection--hate-crime--supervision-and-oversight",958,"operational/college-of-policing/app/major-investigation-and-public-protection--hate-crime--supervision-and-oversight/main.text","ok"
2026-05-25T23:22:29.758Z,"major-investigation-and-public-protection--honour-based-abuse--advice-note-investigators",4281,"operational/college-of-policing/app/major-investigation-and-public-protection--honour-based-abuse--advice-note-investigators/main.text","ok"
2026-05-25T23:22:29.759Z,"major-investigation-and-public-protection--honour-based-abuse--background-advice-note",2387,"operational/college-of-policing/app/major-investigation-and-public-protection--honour-based-abuse--background-advice-note/main.text","ok"
2026-05-25T23:22:29.761Z,"major-investigation-and-public-protection--investigating-child-abuse-and-safeguarding-children",238,"operational/college-of-policing/app/major-investigation-and-public-protection--investigating-child-abuse-and-safeguarding-children/main.text","ok"
2026-05-25T23:22:29.763Z,"major-investigation-and-public-protection--honour-based-abuse--changes",166,"operational/college-of-policing/app/major-investigation-and-public-protection--honour-based-abuse--changes/main.text","ok"
2026-05-25T23:22:29.764Z,"major-investigation-and-public-protection--investigating-child-abuse-and-safeguarding-children--changes",2123,"operational/college-of-policing/app/major-investigation-and-public-protection--investigating-child-abuse-and-safeguarding-children--changes/main.text","ok"
2026-05-25T23:22:29.765Z,"major-investigation-and-public-protection--honour-based-abuse",341,"operational/college-of-policing/app/major-investigation-and-public-protection--honour-based-abuse/main.text","ok"
2026-05-25T23:22:29.767Z,"major-investigation-and-public-protection--honour-based-abuse--advice-note-investigators--changes",168,"operational/college-of-policing/app/major-investigation-and-public-protection--honour-based-abuse--advice-note-investigators--changes/main.text","ok"
2026-05-25T23:22:29.794Z,"major-investigation-and-public-protection--honour-based-abuse--advice-note-first-responders",1242,"operational/college-of-policing/app/major-investigation-and-public-protection--honour-based-abuse--advice-note-first-responders/main.text","ok"
2026-05-25T23:22:29.818Z,"major-investigation-and-public-protection--investigating-child-abuse-and-safeguarding-children--child-abuse-linked-reference-material",1253,"operational/college-of-policing/app/major-investigation-and-public-protection--investigating-child-abuse-and-safeguarding-children--child-abuse-linked-reference-material/main.text","ok"
2026-05-25T23:22:29.823Z,"major-investigation-and-public-protection--investigating-child-abuse-and-safeguarding-children--further-investigation--changes",308,"operational/college-of-policing/app/major-investigation-and-public-protection--investigating-child-abuse-and-safeguarding-children--further-investigation--changes/main.text","ok"
2026-05-25T23:22:29.828Z,"major-investigation-and-public-protection--investigating-child-abuse-and-safeguarding-children--further-investigation",12598,"operational/college-of-policing/app/major-investigation-and-public-protection--investigating-child-abuse-and-safeguarding-children--further-investigation/main.text","ok"
2026-05-25T23:22:29.833Z,"major-investigation-and-public-protection--investigating-child-abuse-and-safeguarding-children--child-abuse-linked-reference-material--changes",275,"operational/college-of-policing/app/major-investigation-and-public-protection--investigating-child-abuse-and-safeguarding-children--child-abuse-linked-reference-material--changes/main.text","ok"
2026-05-25T23:22:29.875Z,"major-investigation-and-public-protection--investigating-child-abuse-and-safeguarding-children--managing-complex-child-abuse-investigations--changes",192,"operational/college-of-policing/app/major-investigation-and-public-protection--investigating-child-abuse-and-safeguarding-children--managing-complex-child-abuse-investigations--changes/main.text","ok"
2026-05-25T23:22:29.900Z,"major-investigation-and-public-protection--investigating-child-abuse-and-safeguarding-children--police-response-concern-child--changes",570,"operational/college-of-policing/app/major-investigation-and-public-protection--investigating-child-abuse-and-safeguarding-children--police-response-concern-child--changes/main.text","ok"
2026-05-25T23:22:29.912Z,"major-investigation-and-public-protection--investigating-child-abuse-and-safeguarding-children--police-response-investigating-child-abuse",118,"operational/college-of-policing/app/major-investigation-and-public-protection--investigating-child-abuse-and-safeguarding-children--police-response-investigating-child-abuse/main.text","ok"
2026-05-25T23:22:29.913Z,"major-investigation-and-public-protection--investigating-child-abuse-and-safeguarding-children--key-definitions--changes",228,"operational/college-of-policing/app/major-investigation-and-public-protection--investigating-child-abuse-and-safeguarding-children--key-definitions--changes/main.text","ok"
2026-05-25T23:22:29.914Z,"major-investigation-and-public-protection--investigating-child-abuse-and-safeguarding-children--police-response-concern-child",8514,"operational/college-of-policing/app/major-investigation-and-public-protection--investigating-child-abuse-and-safeguarding-children--police-response-concern-child/main.text","ok"
2026-05-25T23:22:29.916Z,"major-investigation-and-public-protection--investigating-child-abuse-and-safeguarding-children--key-definitions",2308,"operational/college-of-policing/app/major-investigation-and-public-protection--investigating-child-abuse-and-safeguarding-children--key-definitions/main.text","ok"
2026-05-25T23:22:29.919Z,"major-investigation-and-public-protection--investigating-child-abuse-and-safeguarding-children--police-response-investigating-child-abuse--multi-agency-arrangements-safeguarding--changes",136,"operational/college-of-policing/app/major-investigation-and-public-protection--investigating-child-abuse-and-safeguarding-children--police-response-investigating-child-abuse--multi-agency-arrangements-safeguarding--changes/main.text","ok"
2026-05-25T23:22:29.921Z,"major-investigation-and-public-protection--investigating-child-abuse-and-safeguarding-children--managing-complex-child-abuse-investigations",6326,"operational/college-of-policing/app/major-investigation-and-public-protection--investigating-child-abuse-and-safeguarding-children--managing-complex-child-abuse-investigations/main.text","ok"
2026-05-25T23:22:29.927Z,"major-investigation-and-public-protection--investigating-child-abuse-and-safeguarding-children--police-response-investigating-child-abuse--information-management",2524,"operational/college-of-policing/app/major-investigation-and-public-protection--investigating-child-abuse-and-safeguarding-children--police-response-investigating-child-abuse--information-management/main.text","ok"
2026-05-25T23:22:29.929Z,"major-investigation-and-public-protection--investigating-child-abuse-and-safeguarding-children--police-response-investigating-child-abuse--changes",888,"operational/college-of-policing/app/major-investigation-and-public-protection--investigating-child-abuse-and-safeguarding-children--police-response-investigating-child-abuse--changes/main.text","ok"
2026-05-25T23:22:29.933Z,"major-investigation-and-public-protection--investigating-child-abuse-and-safeguarding-children--police-response-investigating-child-abuse--monitoring-evaluating-and-learning-lessons",709,"operational/college-of-policing/app/major-investigation-and-public-protection--investigating-child-abuse-and-safeguarding-children--police-response-investigating-child-abuse--monitoring-evaluating-and-learning-lessons/main.text","ok"
2026-05-25T23:22:29.935Z,"major-investigation-and-public-protection--investigating-child-abuse-and-safeguarding-children--police-response-investigating-child-abuse--risk-and-associated-investigations",8628,"operational/college-of-policing/app/major-investigation-and-public-protection--investigating-child-abuse-and-safeguarding-children--police-response-investigating-child-abuse--risk-and-associated-investigations/main.text","ok"
2026-05-25T23:22:29.946Z,"major-investigation-and-public-protection--investigating-child-abuse-and-safeguarding-children--police-response-investigating-child-abuse--multi-agency-arrangements-safeguarding",953,"operational/college-of-policing/app/major-investigation-and-public-protection--investigating-child-abuse-and-safeguarding-children--police-response-investigating-child-abuse--multi-agency-arrangements-safeguarding/main.text","ok"
2026-05-25T23:22:29.971Z,"major-investigation-and-public-protection--investigating-child-abuse-and-safeguarding-children--police-response-investigating-child-abuse--risk-and-associated-investigations--changes",719,"operational/college-of-policing/app/major-investigation-and-public-protection--investigating-child-abuse-and-safeguarding-children--police-response-investigating-child-abuse--risk-and-associated-investigations--changes/main.text","ok"
2026-05-25T23:22:29.981Z,"major-investigation-and-public-protection--investigating-child-abuse-and-safeguarding-children--police-response-investigating-child-abuse--police-officers-suspected-child-abuse",593,"operational/college-of-policing/app/major-investigation-and-public-protection--investigating-child-abuse-and-safeguarding-children--police-response-investigating-child-abuse--police-officers-suspected-child-abuse/main.text","ok"
2026-05-25T23:22:29.986Z,"major-investigation-and-public-protection--investigating-child-abuse-and-safeguarding-children--police-response-investigating-child-abuse--critical-incidents-and-community-impact-assessments",558,"operational/college-of-policing/app/major-investigation-and-public-protection--investigating-child-abuse-and-safeguarding-children--police-response-investigating-child-abuse--critical-incidents-and-community-impact-assessments/main.text","ok"
2026-05-25T23:22:29.991Z,"major-investigation-and-public-protection--knife-crime",555,"operational/college-of-policing/app/major-investigation-and-public-protection--knife-crime/main.text","ok"
2026-05-25T23:22:29.993Z,"major-investigation-and-public-protection--investigating-child-abuse-and-safeguarding-children--police-response-investigating-child-abuse--staffing-and-child-abuse-investigation-unit",3547,"operational/college-of-policing/app/major-investigation-and-public-protection--investigating-child-abuse-and-safeguarding-children--police-response-investigating-child-abuse--staffing-and-child-abuse-investigation-unit/main.text","ok"
2026-05-25T23:22:30.028Z,"major-investigation-and-public-protection--knife-crime--changes",321,"operational/college-of-policing/app/major-investigation-and-public-protection--knife-crime--changes/main.text","ok"
2026-05-25T23:22:30.063Z,"major-investigation-and-public-protection--major-incident-room-standardised-administrative-procedures-mirsap",899,"operational/college-of-policing/app/major-investigation-and-public-protection--major-incident-room-standardised-administrative-procedures-mirsap/main.text","ok"
2026-05-25T23:22:30.071Z,"major-investigation-and-public-protection--major-incident-room-standardised-administrative-procedures-mirsap--changes",144,"operational/college-of-policing/app/major-investigation-and-public-protection--major-incident-room-standardised-administrative-procedures-mirsap--changes/main.text","ok"
2026-05-25T23:22:30.072Z,"major-investigation-and-public-protection--managing-sexual-offenders-and-violent-offenders",203,"operational/college-of-policing/app/major-investigation-and-public-protection--managing-sexual-offenders-and-violent-offenders/main.text","ok"
2026-05-25T23:22:30.082Z,"major-investigation-and-public-protection--managing-sexual-offenders-and-violent-offenders--changes",2661,"operational/college-of-policing/app/major-investigation-and-public-protection--managing-sexual-offenders-and-violent-offenders--changes/main.text","ok"
2026-05-25T23:22:30.088Z,"major-investigation-and-public-protection--managing-sexual-offenders-and-violent-offenders--communication-and-media-considerations--changes",200,"operational/college-of-policing/app/major-investigation-and-public-protection--managing-sexual-offenders-and-violent-offenders--communication-and-media-considerations--changes/main.text","ok"
2026-05-25T23:22:30.097Z,"major-investigation-and-public-protection--managing-sexual-offenders-and-violent-offenders--home-visits",2104,"operational/college-of-policing/app/major-investigation-and-public-protection--managing-sexual-offenders-and-violent-offenders--home-visits/main.text","ok"
2026-05-25T23:22:30.115Z,"major-investigation-and-public-protection--managing-sexual-offenders-and-violent-offenders--home-visits--changes",175,"operational/college-of-policing/app/major-investigation-and-public-protection--managing-sexual-offenders-and-violent-offenders--home-visits--changes/main.text","ok"
2026-05-25T23:22:30.117Z,"major-investigation-and-public-protection--managing-sexual-offenders-and-violent-offenders--identification-mosovo-offenders",2640,"operational/college-of-policing/app/major-investigation-and-public-protection--managing-sexual-offenders-and-violent-offenders--identification-mosovo-offenders/main.text","ok"
2026-05-25T23:22:30.118Z,"major-investigation-and-public-protection--managing-sexual-offenders-and-violent-offenders--court-orders-and-notices",4510,"operational/college-of-policing/app/major-investigation-and-public-protection--managing-sexual-offenders-and-violent-offenders--court-orders-and-notices/main.text","ok"
2026-05-25T23:22:30.119Z,"major-investigation-and-public-protection--managing-sexual-offenders-and-violent-offenders--identifying-assessing-and-managing-risk",5625,"operational/college-of-policing/app/major-investigation-and-public-protection--managing-sexual-offenders-and-violent-offenders--identifying-assessing-and-managing-risk/main.text","ok"
2026-05-25T23:22:30.171Z,"major-investigation-and-public-protection--managing-sexual-offenders-and-violent-offenders--identifying-assessing-and-managing-risk--changes",411,"operational/college-of-policing/app/major-investigation-and-public-protection--managing-sexual-offenders-and-violent-offenders--identifying-assessing-and-managing-risk--changes/main.text","ok"
2026-05-25T23:22:30.173Z,"major-investigation-and-public-protection--managing-sexual-offenders-and-violent-offenders--introduction-managing-sexual-offenders-and-violent-offenders",3329,"operational/college-of-policing/app/major-investigation-and-public-protection--managing-sexual-offenders-and-violent-offenders--introduction-managing-sexual-offenders-and-violent-offenders/main.text","ok"
2026-05-25T23:22:30.175Z,"major-investigation-and-public-protection--managing-sexual-offenders-and-violent-offenders--communication-and-media-considerations",1154,"operational/college-of-policing/app/major-investigation-and-public-protection--managing-sexual-offenders-and-violent-offenders--communication-and-media-considerations/main.text","ok"
2026-05-25T23:22:30.176Z,"major-investigation-and-public-protection--managing-sexual-offenders-and-violent-offenders--managing-public-protection-information--changes",203,"operational/college-of-policing/app/major-investigation-and-public-protection--managing-sexual-offenders-and-violent-offenders--managing-public-protection-information--changes/main.text","ok"
2026-05-25T23:22:30.199Z,"major-investigation-and-public-protection--managing-sexual-offenders-and-violent-offenders--court-orders-and-notices--changes",405,"operational/college-of-policing/app/major-investigation-and-public-protection--managing-sexual-offenders-and-violent-offenders--court-orders-and-notices--changes/main.text","ok"
2026-05-25T23:22:30.200Z,"major-investigation-and-public-protection--managing-sexual-offenders-and-violent-offenders--introduction-managing-sexual-offenders-and-violent-offenders--changes",487,"operational/college-of-policing/app/major-investigation-and-public-protection--managing-sexual-offenders-and-violent-offenders--introduction-managing-sexual-offenders-and-violent-offenders--changes/main.text","ok"
2026-05-25T23:22:30.202Z,"major-investigation-and-public-protection--managing-sexual-offenders-and-violent-offenders--managing-public-protection-information",5636,"operational/college-of-policing/app/major-investigation-and-public-protection--managing-sexual-offenders-and-violent-offenders--managing-public-protection-information/main.text","ok"
2026-05-25T23:22:30.211Z,"major-investigation-and-public-protection--investigating-child-abuse-and-safeguarding-children--police-response-investigating-child-abuse--staffing-and-child-abuse-investigation-unit--changes",234,"operational/college-of-policing/app/major-investigation-and-public-protection--investigating-child-abuse-and-safeguarding-children--police-response-investigating-child-abuse--staffing-and-child-abuse-investigation-unit--changes/main.text","ok"
2026-05-25T23:22:30.213Z,"major-investigation-and-public-protection--managing-sexual-offenders-and-violent-offenders--identification-mosovo-offenders--changes",241,"operational/college-of-policing/app/major-investigation-and-public-protection--managing-sexual-offenders-and-violent-offenders--identification-mosovo-offenders--changes/main.text","ok"
2026-05-25T23:22:30.219Z,"major-investigation-and-public-protection--managing-sexual-offenders-and-violent-offenders--multi-agency-public-protection-arrangements-mappa",1755,"operational/college-of-policing/app/major-investigation-and-public-protection--managing-sexual-offenders-and-violent-offenders--multi-agency-public-protection-arrangements-mappa/main.text","ok"
2026-05-25T23:22:30.223Z,"major-investigation-and-public-protection--managing-sexual-offenders-and-violent-offenders--multi-agency-public-protection-arrangements-mappa--changes",298,"operational/college-of-policing/app/major-investigation-and-public-protection--managing-sexual-offenders-and-violent-offenders--multi-agency-public-protection-arrangements-mappa--changes/main.text","ok"
2026-05-25T23:22:30.228Z,"major-investigation-and-public-protection--managing-sexual-offenders-and-violent-offenders--notification-requirements",3551,"operational/college-of-policing/app/major-investigation-and-public-protection--managing-sexual-offenders-and-violent-offenders--notification-requirements/main.text","ok"
2026-05-25T23:22:30.237Z,"major-investigation-and-public-protection--managing-sexual-offenders-and-violent-offenders--notification-requirements--changes",330,"operational/college-of-policing/app/major-investigation-and-public-protection--managing-sexual-offenders-and-violent-offenders--notification-requirements--changes/main.text","ok"
2026-05-25T23:22:30.253Z,"major-investigation-and-public-protection--managing-sexual-offenders-and-violent-offenders--offenders-mental-health-issues",1318,"operational/college-of-policing/app/major-investigation-and-public-protection--managing-sexual-offenders-and-violent-offenders--offenders-mental-health-issues/main.text","ok"
2026-05-25T23:22:30.258Z,"major-investigation-and-public-protection--managing-sexual-offenders-and-violent-offenders--offenders-mental-health-issues--changes",275,"operational/college-of-policing/app/major-investigation-and-public-protection--managing-sexual-offenders-and-violent-offenders--offenders-mental-health-issues--changes/main.text","ok"
2026-05-25T23:22:30.275Z,"major-investigation-and-public-protection--managing-sexual-offenders-and-violent-offenders--reviews--changes",205,"operational/college-of-policing/app/major-investigation-and-public-protection--managing-sexual-offenders-and-violent-offenders--reviews--changes/main.text","ok"
2026-05-25T23:22:30.278Z,"major-investigation-and-public-protection--managing-sexual-offenders-and-violent-offenders--reviews",2698,"operational/college-of-policing/app/major-investigation-and-public-protection--managing-sexual-offenders-and-violent-offenders--reviews/main.text","ok"
2026-05-25T23:22:30.287Z,"major-investigation-and-public-protection--managing-sexual-offenders-and-violent-offenders--potentially-dangerous-persons",2633,"operational/college-of-policing/app/major-investigation-and-public-protection--managing-sexual-offenders-and-violent-offenders--potentially-dangerous-persons/main.text","ok"
2026-05-25T23:22:30.291Z,"major-investigation-and-public-protection--managing-sexual-offenders-and-violent-offenders--potentially-dangerous-persons--changes",197,"operational/college-of-policing/app/major-investigation-and-public-protection--managing-sexual-offenders-and-violent-offenders--potentially-dangerous-persons--changes/main.text","ok"
2026-05-25T23:22:30.296Z,"major-investigation-and-public-protection--managing-sexual-offenders-and-violent-offenders--travelling-abroad",2637,"operational/college-of-policing/app/major-investigation-and-public-protection--managing-sexual-offenders-and-violent-offenders--travelling-abroad/main.text","ok"
2026-05-25T23:22:30.348Z,"major-investigation-and-public-protection--missing-persons",165,"operational/college-of-policing/app/major-investigation-and-public-protection--missing-persons/main.text","ok"
2026-05-25T23:22:30.356Z,"major-investigation-and-public-protection--managing-sexual-offenders-and-violent-offenders--travelling-abroad--changes",258,"operational/college-of-policing/app/major-investigation-and-public-protection--managing-sexual-offenders-and-violent-offenders--travelling-abroad--changes/main.text","ok"
2026-05-25T23:22:30.359Z,"major-investigation-and-public-protection--missing-persons--expectations--changes",224,"operational/college-of-policing/app/major-investigation-and-public-protection--missing-persons--expectations--changes/main.text","ok"
2026-05-25T23:22:30.374Z,"major-investigation-and-public-protection--missing-persons--changes",2151,"operational/college-of-policing/app/major-investigation-and-public-protection--missing-persons--changes/main.text","ok"
2026-05-25T23:22:30.379Z,"major-investigation-and-public-protection--missing-persons--expectations",2389,"operational/college-of-policing/app/major-investigation-and-public-protection--missing-persons--expectations/main.text","ok"
2026-05-25T23:22:30.390Z,"major-investigation-and-public-protection--missing-persons--missing-person-investigations--changes",489,"operational/college-of-policing/app/major-investigation-and-public-protection--missing-persons--missing-person-investigations--changes/main.text","ok"
2026-05-25T23:22:30.403Z,"major-investigation-and-public-protection--missing-persons--missing-persons--changes",373,"operational/college-of-policing/app/major-investigation-and-public-protection--missing-persons--missing-persons--changes/main.text","ok"
2026-05-25T23:22:30.404Z,"major-investigation-and-public-protection--missing-persons--missing-persons-quick-reference-guides--call-handlers",591,"operational/college-of-policing/app/major-investigation-and-public-protection--missing-persons--missing-persons-quick-reference-guides--call-handlers/main.text","ok"
2026-05-25T23:22:30.411Z,"major-investigation-and-public-protection--missing-persons--missing-persons-quick-reference-guides--missing-person-coordinator",569,"operational/college-of-policing/app/major-investigation-and-public-protection--missing-persons--missing-persons-quick-reference-guides--missing-person-coordinator/main.text","ok"
2026-05-25T23:22:30.412Z,"major-investigation-and-public-protection--missing-persons--missing-persons",2719,"operational/college-of-policing/app/major-investigation-and-public-protection--missing-persons--missing-persons/main.text","ok"
2026-05-25T23:22:30.414Z,"major-investigation-and-public-protection--missing-persons--missing-person-investigations",8908,"operational/college-of-policing/app/major-investigation-and-public-protection--missing-persons--missing-person-investigations/main.text","ok"
2026-05-25T23:22:30.417Z,"major-investigation-and-public-protection--missing-persons--missing-persons-quick-reference-guides--initial-response-and-investigation",823,"operational/college-of-policing/app/major-investigation-and-public-protection--missing-persons--missing-persons-quick-reference-guides--initial-response-and-investigation/main.text","ok"
2026-05-25T23:22:30.418Z,"major-investigation-and-public-protection--missing-persons--missing-persons-quick-reference-guides",184,"operational/college-of-policing/app/major-investigation-and-public-protection--missing-persons--missing-persons-quick-reference-guides/main.text","ok"
2026-05-25T23:22:30.427Z,"major-investigation-and-public-protection--missing-persons--missing-persons-quick-reference-guides--reviewing-officers",556,"operational/college-of-policing/app/major-investigation-and-public-protection--missing-persons--missing-persons-quick-reference-guides--reviewing-officers/main.text","ok"
2026-05-25T23:22:30.458Z,"major-investigation-and-public-protection--missing-persons--missing-persons-quick-reference-guides--supervisors-and-first-line-managers",557,"operational/college-of-policing/app/major-investigation-and-public-protection--missing-persons--missing-persons-quick-reference-guides--supervisors-and-first-line-managers/main.text","ok"
2026-05-25T23:22:30.468Z,"major-investigation-and-public-protection--missing-persons--missing-persons-risk-assessment",2494,"operational/college-of-policing/app/major-investigation-and-public-protection--missing-persons--missing-persons-risk-assessment/main.text","ok"
2026-05-25T23:22:30.474Z,"major-investigation-and-public-protection--missing-persons--missing-persons-risk-assessment--changes",338,"operational/college-of-policing/app/major-investigation-and-public-protection--missing-persons--missing-persons-risk-assessment--changes/main.text","ok"
2026-05-25T23:22:30.475Z,"major-investigation-and-public-protection--missing-persons--specific-investigations--changes",663,"operational/college-of-policing/app/major-investigation-and-public-protection--missing-persons--specific-investigations--changes/main.text","ok"
2026-05-25T23:22:30.485Z,"major-investigation-and-public-protection--missing-persons--specific-investigations",5952,"operational/college-of-policing/app/major-investigation-and-public-protection--missing-persons--specific-investigations/main.text","ok"
2026-05-25T23:22:30.487Z,"major-investigation-and-public-protection--missing-persons--strategic-responsibilities",4273,"operational/college-of-policing/app/major-investigation-and-public-protection--missing-persons--strategic-responsibilities/main.text","ok"
2026-05-25T23:22:30.529Z,"major-investigation-and-public-protection--missing-persons--strategic-responsibilities--changes",491,"operational/college-of-policing/app/major-investigation-and-public-protection--missing-persons--strategic-responsibilities--changes/main.text","ok"
2026-05-25T23:22:30.542Z,"major-investigation-and-public-protection--modern-slavery",3639,"operational/college-of-policing/app/major-investigation-and-public-protection--modern-slavery/main.text","ok"
2026-05-25T23:22:30.546Z,"major-investigation-and-public-protection--modern-slavery--financial-investigations",1564,"operational/college-of-policing/app/major-investigation-and-public-protection--modern-slavery--financial-investigations/main.text","ok"
2026-05-25T23:22:30.547Z,"major-investigation-and-public-protection--modern-slavery--additional-modern-slavery-act-2015-considerations",2118,"operational/college-of-policing/app/major-investigation-and-public-protection--modern-slavery--additional-modern-slavery-act-2015-considerations/main.text","ok"
2026-05-25T23:22:30.570Z,"major-investigation-and-public-protection--modern-slavery--additional-modern-slavery-act-2015-considerations--changes",163,"operational/college-of-policing/app/major-investigation-and-public-protection--modern-slavery--additional-modern-slavery-act-2015-considerations--changes/main.text","ok"
2026-05-25T23:22:30.576Z,"major-investigation-and-public-protection--modern-slavery--changes",1051,"operational/college-of-policing/app/major-investigation-and-public-protection--modern-slavery--changes/main.text","ok"
2026-05-25T23:22:30.580Z,"major-investigation-and-public-protection--modern-slavery--guidance-police-responders",3820,"operational/college-of-policing/app/major-investigation-and-public-protection--modern-slavery--guidance-police-responders/main.text","ok"
2026-05-25T23:22:30.581Z,"major-investigation-and-public-protection--modern-slavery--guidance-pip2-investigators",5695,"operational/college-of-policing/app/major-investigation-and-public-protection--modern-slavery--guidance-pip2-investigators/main.text","ok"
2026-05-25T23:22:30.583Z,"major-investigation-and-public-protection--modern-slavery--financial-investigations--changes",155,"operational/college-of-policing/app/major-investigation-and-public-protection--modern-slavery--financial-investigations--changes/main.text","ok"
2026-05-25T23:22:30.590Z,"major-investigation-and-public-protection--modern-slavery--guidance-pip2-investigators--changes",155,"operational/college-of-policing/app/major-investigation-and-public-protection--modern-slavery--guidance-pip2-investigators--changes/main.text","ok"
2026-05-25T23:22:30.593Z,"major-investigation-and-public-protection--modern-slavery--guidance-senior-leaders",1192,"operational/college-of-policing/app/major-investigation-and-public-protection--modern-slavery--guidance-senior-leaders/main.text","ok"
2026-05-25T23:22:30.597Z,"major-investigation-and-public-protection--modern-slavery--guidance-supervisors",756,"operational/college-of-policing/app/major-investigation-and-public-protection--modern-slavery--guidance-supervisors/main.text","ok"
2026-05-25T23:22:30.598Z,"major-investigation-and-public-protection--modern-slavery--guidance-police-responders--changes",204,"operational/college-of-policing/app/major-investigation-and-public-protection--modern-slavery--guidance-police-responders--changes/main.text","ok"
2026-05-25T23:22:30.599Z,"major-investigation-and-public-protection--modern-slavery--guidance-senior-leaders--changes",155,"operational/college-of-policing/app/major-investigation-and-public-protection--modern-slavery--guidance-senior-leaders--changes/main.text","ok"
2026-05-25T23:22:30.628Z,"major-investigation-and-public-protection--modern-slavery--guidance-supervisors--changes",153,"operational/college-of-policing/app/major-investigation-and-public-protection--modern-slavery--guidance-supervisors--changes/main.text","ok"
2026-05-25T23:22:30.636Z,"major-investigation-and-public-protection--modern-slavery--modern-slavery-crime-recording-rules",609,"operational/college-of-policing/app/major-investigation-and-public-protection--modern-slavery--modern-slavery-crime-recording-rules/main.text","ok"
2026-05-25T23:22:30.655Z,"major-investigation-and-public-protection--modern-slavery--modern-slavery-crime-recording-rules--changes",161,"operational/college-of-policing/app/major-investigation-and-public-protection--modern-slavery--modern-slavery-crime-recording-rules--changes/main.text","ok"
2026-05-25T23:22:30.678Z,"major-investigation-and-public-protection--modern-slavery--organised-immigration-crime--changes",157,"operational/college-of-policing/app/major-investigation-and-public-protection--modern-slavery--organised-immigration-crime--changes/main.text","ok"
2026-05-25T23:22:30.679Z,"major-investigation-and-public-protection--modern-slavery--partner-organisations",2392,"operational/college-of-policing/app/major-investigation-and-public-protection--modern-slavery--partner-organisations/main.text","ok"
2026-05-25T23:22:30.680Z,"major-investigation-and-public-protection--modern-slavery--organised-immigration-crime",1043,"operational/college-of-policing/app/major-investigation-and-public-protection--modern-slavery--organised-immigration-crime/main.text","ok"
2026-05-25T23:22:30.715Z,"major-investigation-and-public-protection--modern-slavery--types-modern-slavery-and-human-trafficking",2214,"operational/college-of-policing/app/major-investigation-and-public-protection--modern-slavery--types-modern-slavery-and-human-trafficking/main.text","ok"
2026-05-25T23:22:30.717Z,"major-investigation-and-public-protection--modern-slavery--section-45-statutory-defence--changes",159,"operational/college-of-policing/app/major-investigation-and-public-protection--modern-slavery--section-45-statutory-defence--changes/main.text","ok"
2026-05-25T23:22:30.719Z,"major-investigation-and-public-protection--modern-slavery--partner-organisations--changes",155,"operational/college-of-policing/app/major-investigation-and-public-protection--modern-slavery--partner-organisations--changes/main.text","ok"
2026-05-25T23:22:30.725Z,"major-investigation-and-public-protection--modern-slavery--section-45-statutory-defence",1628,"operational/college-of-policing/app/major-investigation-and-public-protection--modern-slavery--section-45-statutory-defence/main.text","ok"
2026-05-25T23:22:30.739Z,"major-investigation-and-public-protection--rape-and-sexual-offences",870,"operational/college-of-policing/app/major-investigation-and-public-protection--rape-and-sexual-offences/main.text","ok"
2026-05-25T23:22:30.746Z,"major-investigation-and-public-protection--rape-and-sexual-offences--changes",415,"operational/college-of-policing/app/major-investigation-and-public-protection--rape-and-sexual-offences--changes/main.text","ok"
2026-05-25T23:22:30.750Z,"major-investigation-and-public-protection--operation-hydrant--changes",290,"operational/college-of-policing/app/major-investigation-and-public-protection--operation-hydrant--changes/main.text","ok"
2026-05-25T23:22:30.752Z,"major-investigation-and-public-protection--modern-slavery--types-modern-slavery-and-human-trafficking--changes",165,"operational/college-of-policing/app/major-investigation-and-public-protection--modern-slavery--types-modern-slavery-and-human-trafficking--changes/main.text","ok"
2026-05-25T23:22:30.752Z,"major-investigation-and-public-protection--responding-child-sexual-exploitation",146,"operational/college-of-policing/app/major-investigation-and-public-protection--responding-child-sexual-exploitation/main.text","ok"
2026-05-25T23:22:30.766Z,"major-investigation-and-public-protection--responding-child-sexual-exploitation--cse-action-plan",537,"operational/college-of-policing/app/major-investigation-and-public-protection--responding-child-sexual-exploitation--cse-action-plan/main.text","ok"
2026-05-25T23:22:30.783Z,"major-investigation-and-public-protection--responding-child-sexual-exploitation--cse-linked-reference-material",884,"operational/college-of-policing/app/major-investigation-and-public-protection--responding-child-sexual-exploitation--cse-linked-reference-material/main.text","ok"
2026-05-25T23:22:30.787Z,"major-investigation-and-public-protection--operation-hydrant",589,"operational/college-of-policing/app/major-investigation-and-public-protection--operation-hydrant/main.text","ok"
2026-05-25T23:22:30.788Z,"major-investigation-and-public-protection--responding-child-sexual-exploitation--changes",580,"operational/college-of-policing/app/major-investigation-and-public-protection--responding-child-sexual-exploitation--changes/main.text","ok"
2026-05-25T23:22:30.790Z,"major-investigation-and-public-protection--responding-child-sexual-exploitation--cse-action-plan--changes",128,"operational/college-of-policing/app/major-investigation-and-public-protection--responding-child-sexual-exploitation--cse-action-plan--changes/main.text","ok"
2026-05-25T23:22:30.811Z,"major-investigation-and-public-protection--responding-child-sexual-exploitation--cse-linked-reference-material--changes",156,"operational/college-of-policing/app/major-investigation-and-public-protection--responding-child-sexual-exploitation--cse-linked-reference-material--changes/main.text","ok"
2026-05-25T23:22:30.831Z,"major-investigation-and-public-protection--responding-child-sexual-exploitation--responding-child-sexual-exploitation",7512,"operational/college-of-policing/app/major-investigation-and-public-protection--responding-child-sexual-exploitation--responding-child-sexual-exploitation/main.text","ok"
2026-05-25T23:22:30.833Z,"major-investigation-and-public-protection--responding-child-sexual-exploitation--responding-child-sexual-exploitation--changes",495,"operational/college-of-policing/app/major-investigation-and-public-protection--responding-child-sexual-exploitation--responding-child-sexual-exploitation--changes/main.text","ok"
2026-05-25T23:22:30.856Z,"major-investigation-and-public-protection--sex-work-and-prostitution--changes",339,"operational/college-of-policing/app/major-investigation-and-public-protection--sex-work-and-prostitution--changes/main.text","ok"
2026-05-25T23:22:30.857Z,"major-investigation-and-public-protection--stalking-or-harassment",710,"operational/college-of-policing/app/major-investigation-and-public-protection--stalking-or-harassment/main.text","ok"
2026-05-25T23:22:30.868Z,"major-investigation-and-public-protection--sex-work-and-prostitution",460,"operational/college-of-policing/app/major-investigation-and-public-protection--sex-work-and-prostitution/main.text","ok"
2026-05-25T23:22:30.889Z,"media-and-communications--arrests-charges-judicial-outcomes",2921,"operational/college-of-policing/app/media-and-communications--arrests-charges-judicial-outcomes/main.text","ok"
2026-05-25T23:22:30.907Z,"media-and-communications",1017,"operational/college-of-policing/app/media-and-communications/main.text","ok"
2026-05-25T23:22:30.916Z,"media-and-communications--changes",169,"operational/college-of-policing/app/media-and-communications--changes/main.text","ok"
2026-05-25T23:22:30.918Z,"major-investigation-and-public-protection--stalking-or-harassment--changes",651,"operational/college-of-policing/app/major-investigation-and-public-protection--stalking-or-harassment--changes/main.text","ok"
2026-05-25T23:22:30.919Z,"media-and-communications--corporate-communications",552,"operational/college-of-policing/app/media-and-communications--corporate-communications/main.text","ok"
2026-05-25T23:22:30.922Z,"media-and-communications--freedom-information",216,"operational/college-of-policing/app/media-and-communications--freedom-information/main.text","ok"
2026-05-25T23:22:30.933Z,"media-and-communications--legal-considerations",765,"operational/college-of-policing/app/media-and-communications--legal-considerations/main.text","ok"
2026-05-25T23:22:30.950Z,"media-and-communications--criminal-proceedings-information",281,"operational/college-of-policing/app/media-and-communications--criminal-proceedings-information/main.text","ok"
2026-05-25T23:22:30.974Z,"media-and-communications--images-and-footage",863,"operational/college-of-policing/app/media-and-communications--images-and-footage/main.text","ok"
2026-05-25T23:22:30.975Z,"media-and-communications--managing-information-disorder",778,"operational/college-of-policing/app/media-and-communications--managing-information-disorder/main.text","ok"
2026-05-25T23:22:30.978Z,"media-and-communications--major-incidents",217,"operational/college-of-policing/app/media-and-communications--major-incidents/main.text","ok"
2026-05-25T23:22:30.979Z,"media-and-communications--police-and-media",1969,"operational/college-of-policing/app/media-and-communications--police-and-media/main.text","ok"
2026-05-25T23:22:30.981Z,"media-and-communications--media-briefings",999,"operational/college-of-policing/app/media-and-communications--media-briefings/main.text","ok"
2026-05-25T23:22:31.002Z,"media-and-communications--documentaries",474,"operational/college-of-policing/app/media-and-communications--documentaries/main.text","ok"
2026-05-25T23:22:31.015Z,"media-and-communications--police-under-investigation",2051,"operational/college-of-policing/app/media-and-communications--police-under-investigation/main.text","ok"
2026-05-25T23:22:31.022Z,"media-and-communications--social-media",1172,"operational/college-of-policing/app/media-and-communications--social-media/main.text","ok"
2026-05-25T23:22:31.031Z,"mental-health--awol-patients--changes",114,"operational/college-of-policing/app/mental-health--awol-patients--changes/main.text","ok"
2026-05-25T23:22:31.036Z,"mental-health--awol-patients",3574,"operational/college-of-policing/app/mental-health--awol-patients/main.text","ok"
2026-05-25T23:22:31.045Z,"mental-health--changes",792,"operational/college-of-policing/app/mental-health--changes/main.text","ok"
2026-05-25T23:22:31.081Z,"mental-health--introduction-and-strategic-considerations--changes",203,"operational/college-of-policing/app/mental-health--introduction-and-strategic-considerations--changes/main.text","ok"
2026-05-25T23:22:31.087Z,"mental-health--mental-health-and-criminal-justice-system",4306,"operational/college-of-policing/app/mental-health--mental-health-and-criminal-justice-system/main.text","ok"
2026-05-25T23:22:31.102Z,"mental-health--mental-health-detention--changes",189,"operational/college-of-policing/app/mental-health--mental-health-detention--changes/main.text","ok"
2026-05-25T23:22:31.103Z,"mental-health--mental-health-detention",10201,"operational/college-of-policing/app/mental-health--mental-health-detention/main.text","ok"
2026-05-25T23:22:31.105Z,"mental-health--mental-capacity",2561,"operational/college-of-policing/app/mental-health--mental-capacity/main.text","ok"
2026-05-25T23:22:31.131Z,"mental-health",478,"operational/college-of-policing/app/mental-health/main.text","ok"
2026-05-25T23:22:31.138Z,"mental-health--mental-vulnerability-and-illness--changes",270,"operational/college-of-policing/app/mental-health--mental-vulnerability-and-illness--changes/main.text","ok"
2026-05-25T23:22:31.140Z,"mental-health--mental-vulnerability-and-illness",7978,"operational/college-of-policing/app/mental-health--mental-vulnerability-and-illness/main.text","ok"
2026-05-25T23:22:31.141Z,"mental-health--introduction-and-strategic-considerations",5998,"operational/college-of-policing/app/mental-health--introduction-and-strategic-considerations/main.text","ok"
2026-05-25T23:22:31.161Z,"mental-health--safe-and-well-checks",804,"operational/college-of-policing/app/mental-health--safe-and-well-checks/main.text","ok"
2026-05-25T23:22:31.196Z,"mental-health--sources-help-those-need-mental-and-emotional-support--changes",250,"operational/college-of-policing/app/mental-health--sources-help-those-need-mental-and-emotional-support--changes/main.text","ok"
2026-05-25T23:22:31.197Z,"mobilisation",223,"operational/college-of-policing/app/mobilisation/main.text","ok"
2026-05-25T23:22:31.242Z,"mental-health--suicide-and-bereavement-response--changes",274,"operational/college-of-policing/app/mental-health--suicide-and-bereavement-response--changes/main.text","ok"
2026-05-25T23:22:31.244Z,"mental-health--sources-help-those-need-mental-and-emotional-support",2156,"operational/college-of-policing/app/mental-health--sources-help-those-need-mental-and-emotional-support/main.text","ok"
2026-05-25T23:22:31.245Z,"mobilisation--mobilisation-linked-reference-material",104,"operational/college-of-policing/app/mobilisation--mobilisation-linked-reference-material/main.text","ok"
2026-05-25T23:22:31.246Z,"mental-health--suicide-and-bereavement-response",8460,"operational/college-of-policing/app/mental-health--suicide-and-bereavement-response/main.text","ok"
2026-05-25T23:22:31.247Z,"mobilisation--mobilisation",5547,"operational/college-of-policing/app/mobilisation--mobilisation/main.text","ok"
2026-05-25T23:22:31.247Z,"mobilisation--changes",263,"operational/college-of-policing/app/mobilisation--changes/main.text","ok"
2026-05-25T23:22:31.262Z,"national-decision-model",276,"operational/college-of-policing/app/national-decision-model/main.text","ok"
2026-05-25T23:22:31.263Z,"mobilisation--mobilisation--changes",240,"operational/college-of-policing/app/mobilisation--mobilisation--changes/main.text","ok"
2026-05-25T23:22:31.293Z,"national-decision-model--changes",605,"operational/college-of-policing/app/national-decision-model--changes/main.text","ok"
2026-05-25T23:22:31.308Z,"operations",62,"operational/college-of-policing/app/operations/main.text","ok"
2026-05-25T23:22:31.310Z,"national-decision-model--linked-reference-material--changes",183,"operational/college-of-policing/app/national-decision-model--linked-reference-material--changes/main.text","ok"
2026-05-25T23:22:31.311Z,"national-decision-model--national-decision-model--changes",521,"operational/college-of-policing/app/national-decision-model--national-decision-model--changes/main.text","ok"
2026-05-25T23:22:31.312Z,"national-decision-model--linked-reference-material",117,"operational/college-of-policing/app/national-decision-model--linked-reference-material/main.text","ok"
2026-05-25T23:22:31.328Z,"national-decision-model--national-decision-model",1920,"operational/college-of-policing/app/national-decision-model--national-decision-model/main.text","ok"
2026-05-25T23:22:31.329Z,"operations--changes",290,"operational/college-of-policing/app/operations--changes/main.text","ok"
2026-05-25T23:22:31.330Z,"operations--briefing-and-debriefing--changes",123,"operational/college-of-policing/app/operations--briefing-and-debriefing--changes/main.text","ok"
2026-05-25T23:22:31.343Z,"operations--briefing-and-debriefing",1938,"operational/college-of-policing/app/operations--briefing-and-debriefing/main.text","ok"
2026-05-25T23:22:31.381Z,"operations--command-and-control",176,"operational/college-of-policing/app/operations--command-and-control/main.text","ok"
2026-05-25T23:22:31.415Z,"operations--command-and-control--changes",115,"operational/college-of-policing/app/operations--command-and-control--changes/main.text","ok"
2026-05-25T23:22:31.433Z,"operations--command-and-control--command-support--changes",114,"operational/college-of-policing/app/operations--command-and-control--command-support--changes/main.text","ok"
2026-05-25T23:22:31.435Z,"operations--operational-planning--changes",145,"operational/college-of-policing/app/operations--operational-planning--changes/main.text","ok"
2026-05-25T23:22:31.437Z,"operations--command-and-control--definitions-and-procedures",2122,"operational/college-of-policing/app/operations--command-and-control--definitions-and-procedures/main.text","ok"
2026-05-25T23:22:31.439Z,"operations--command-and-control--command-support",1700,"operational/college-of-policing/app/operations--command-and-control--command-support/main.text","ok"
2026-05-25T23:22:31.471Z,"operations--operational-planning--deployment-planning",535,"operational/college-of-policing/app/operations--operational-planning--deployment-planning/main.text","ok"
2026-05-25T23:22:31.473Z,"operations--operational-planning--core-planning-principles",1533,"operational/college-of-policing/app/operations--operational-planning--core-planning-principles/main.text","ok"
2026-05-25T23:22:31.476Z,"operations--command-and-control--command-structures",1226,"operational/college-of-policing/app/operations--command-and-control--command-structures/main.text","ok"
2026-05-25T23:22:31.497Z,"operations--operational-planning--planning-resources",2018,"operational/college-of-policing/app/operations--operational-planning--planning-resources/main.text","ok"
2026-05-25T23:22:31.498Z,"operations--operational-planning--planning-resources--changes",129,"operational/college-of-policing/app/operations--operational-planning--planning-resources--changes/main.text","ok"
2026-05-25T23:22:31.511Z,"operations--operational-review--changes",117,"operational/college-of-policing/app/operations--operational-review--changes/main.text","ok"
2026-05-25T23:22:31.514Z,"operations--operational-planning--strategic-planning--changes",114,"operational/college-of-policing/app/operations--operational-planning--strategic-planning--changes/main.text","ok"
2026-05-25T23:22:31.515Z,"operations--operational-planning--strategic-planning",2405,"operational/college-of-policing/app/operations--operational-planning--strategic-planning/main.text","ok"
2026-05-25T23:22:31.516Z,"operations--operational-review",2525,"operational/college-of-policing/app/operations--operational-review/main.text","ok"
2026-05-25T23:22:31.517Z,"operations--operational-planning--tactical-planning",845,"operational/college-of-policing/app/operations--operational-planning--tactical-planning/main.text","ok"
2026-05-25T23:22:31.518Z,"operations--reference-material--changes",117,"operational/college-of-policing/app/operations--reference-material--changes/main.text","ok"
2026-05-25T23:22:31.531Z,"operations--operational-planning",137,"operational/college-of-policing/app/operations--operational-planning/main.text","ok"
2026-05-25T23:22:31.536Z,"policing-elections",316,"operational/college-of-policing/app/policing-elections/main.text","ok"
2026-05-25T23:22:31.537Z,"operations--reference-material",307,"operational/college-of-policing/app/operations--reference-material/main.text","ok"
2026-05-25T23:22:31.578Z,"policing-elections--changes",1852,"operational/college-of-policing/app/policing-elections--changes/main.text","ok"
2026-05-25T23:22:31.621Z,"policing-elections--core-principles-and-legislation",1540,"operational/college-of-policing/app/policing-elections--core-principles-and-legislation/main.text","ok"
2026-05-25T23:22:31.644Z,"policing-elections--investigating-electoral-malpractice",11046,"operational/college-of-policing/app/policing-elections--investigating-electoral-malpractice/main.text","ok"
2026-05-25T23:22:31.645Z,"policing-elections--core-principles-and-legislation--changes",189,"operational/college-of-policing/app/policing-elections--core-principles-and-legislation--changes/main.text","ok"
2026-05-25T23:22:31.646Z,"policing-elections--key-roles-and-planning",5885,"operational/college-of-policing/app/policing-elections--key-roles-and-planning/main.text","ok"
2026-05-25T23:22:31.650Z,"policing-elections--investigating-electoral-malpractice--changes",404,"operational/college-of-policing/app/policing-elections--investigating-electoral-malpractice--changes/main.text","ok"
2026-05-25T23:22:31.671Z,"policing-elections--key-roles-and-planning--changes",920,"operational/college-of-policing/app/policing-elections--key-roles-and-planning--changes/main.text","ok"
2026-05-25T23:22:31.687Z,"policing-elections--policing-elections-reference-material--changes",431,"operational/college-of-policing/app/policing-elections--policing-elections-reference-material--changes/main.text","ok"
2026-05-25T23:22:31.690Z,"post-incident-procedures-following-death-or-serious-injury",105,"operational/college-of-policing/app/post-incident-procedures-following-death-or-serious-injury/main.text","ok"
2026-05-25T23:22:31.708Z,"professional-standards--changes",1293,"operational/college-of-policing/app/professional-standards--changes/main.text","ok"
2026-05-25T23:22:31.718Z,"professional-standards",129,"operational/college-of-policing/app/professional-standards/main.text","ok"
2026-05-25T23:22:31.719Z,"professional-standards--counter-corruption",2964,"operational/college-of-policing/app/professional-standards--counter-corruption/main.text","ok"
2026-05-25T23:22:31.721Z,"post-incident-procedures-following-death-or-serious-injury--post-incident-procedures-following-death-or-serious-injury--changes",684,"operational/college-of-policing/app/post-incident-procedures-following-death-or-serious-injury--post-incident-procedures-following-death-or-serious-injury--changes/main.text","ok"
2026-05-25T23:22:31.722Z,"professional-standards--vetting--changes",1258,"operational/college-of-policing/app/professional-standards--vetting--changes/main.text","ok"
2026-05-25T23:22:31.723Z,"post-incident-procedures-following-death-or-serious-injury--post-incident-procedures-following-death-or-serious-injury",12103,"operational/college-of-policing/app/post-incident-procedures-following-death-or-serious-injury--post-incident-procedures-following-death-or-serious-injury/main.text","ok"
2026-05-25T23:22:31.725Z,"post-incident-procedures-following-death-or-serious-injury--changes",684,"operational/college-of-policing/app/post-incident-procedures-following-death-or-serious-injury--changes/main.text","ok"
2026-05-25T23:22:31.752Z,"professional-standards--complaints-and-misconduct",119,"operational/college-of-policing/app/professional-standards--complaints-and-misconduct/main.text","ok"
2026-05-25T23:22:31.789Z,"prosecution-and-case-management--changes",1821,"operational/college-of-policing/app/prosecution-and-case-management--changes/main.text","ok"
2026-05-25T23:22:31.791Z,"prosecution-and-case-management",180,"operational/college-of-policing/app/prosecution-and-case-management/main.text","ok"
2026-05-25T23:22:31.791Z,"professional-standards--vetting",268,"operational/college-of-policing/app/professional-standards--vetting/main.text","ok"
2026-05-25T23:22:31.804Z,"prosecution-and-case-management--charging-and-case-preparation",2695,"operational/college-of-policing/app/prosecution-and-case-management--charging-and-case-preparation/main.text","ok"
2026-05-25T23:22:31.871Z,"prosecution-and-case-management--enforcing-sentences-and-managing-offenders--changes",194,"operational/college-of-policing/app/prosecution-and-case-management--enforcing-sentences-and-managing-offenders--changes/main.text","ok"
2026-05-25T23:22:31.879Z,"prosecution-and-case-management--hearing-and-trial-management--changes",207,"operational/college-of-policing/app/prosecution-and-case-management--hearing-and-trial-management--changes/main.text","ok"
2026-05-25T23:22:31.880Z,"prosecution-and-case-management--hearing-and-trial-management",3539,"operational/college-of-policing/app/prosecution-and-case-management--hearing-and-trial-management/main.text","ok"
2026-05-25T23:22:31.881Z,"prosecution-and-case-management--prosecution-and-case-management-reference-material",790,"operational/college-of-policing/app/prosecution-and-case-management--prosecution-and-case-management-reference-material/main.text","ok"
2026-05-25T23:22:31.882Z,"prosecution-and-case-management--possible-justice-outcomes-following-investigation",6017,"operational/college-of-policing/app/prosecution-and-case-management--possible-justice-outcomes-following-investigation/main.text","ok"
2026-05-25T23:22:31.884Z,"prosecution-and-case-management--enforcing-sentences-and-managing-offenders",2341,"operational/college-of-policing/app/prosecution-and-case-management--enforcing-sentences-and-managing-offenders/main.text","ok"
2026-05-25T23:22:31.885Z,"policing-elections--policing-elections-reference-material",306,"operational/college-of-policing/app/policing-elections--policing-elections-reference-material/main.text","ok"
2026-05-25T23:22:31.886Z,"prosecution-and-case-management--charging-and-case-preparation--changes",489,"operational/college-of-policing/app/prosecution-and-case-management--charging-and-case-preparation--changes/main.text","ok"
2026-05-25T23:22:31.886Z,"public-and-personal-safety-training--changes",176,"operational/college-of-policing/app/public-and-personal-safety-training--changes/main.text","ok"
2026-05-25T23:22:31.892Z,"prosecution-and-case-management--prosecution-and-case-management-reference-material--changes",210,"operational/college-of-policing/app/prosecution-and-case-management--prosecution-and-case-management-reference-material--changes/main.text","ok"
2026-05-25T23:22:31.908Z,"prosecution-and-case-management--possible-justice-outcomes-following-investigation--changes",735,"operational/college-of-policing/app/prosecution-and-case-management--possible-justice-outcomes-following-investigation--changes/main.text","ok"
2026-05-25T23:22:31.913Z,"prosecution-and-case-management--victim-and-witness-care--changes",448,"operational/college-of-policing/app/prosecution-and-case-management--victim-and-witness-care--changes/main.text","ok"
2026-05-25T23:22:31.931Z,"public-and-personal-safety-training--instructors-and-trainers",416,"operational/college-of-policing/app/public-and-personal-safety-training--instructors-and-trainers/main.text","ok"
2026-05-25T23:22:31.936Z,"public-and-personal-safety-training--instructors-and-trainers--changes",130,"operational/college-of-policing/app/public-and-personal-safety-training--instructors-and-trainers--changes/main.text","ok"
2026-05-25T23:22:31.940Z,"public-and-personal-safety-training",394,"operational/college-of-policing/app/public-and-personal-safety-training/main.text","ok"
2026-05-25T23:22:31.942Z,"prosecution-and-case-management--victim-and-witness-care",3127,"operational/college-of-policing/app/prosecution-and-case-management--victim-and-witness-care/main.text","ok"
2026-05-25T23:22:31.981Z,"public-and-personal-safety-training--senior-leaders--changes",142,"operational/college-of-policing/app/public-and-personal-safety-training--senior-leaders--changes/main.text","ok"
2026-05-25T23:22:31.987Z,"public-order-public-safety--additional-reference-historical-documents",545,"operational/college-of-policing/app/public-order-public-safety--additional-reference-historical-documents/main.text","ok"
2026-05-25T23:22:31.994Z,"public-and-personal-safety-training--senior-leaders",1821,"operational/college-of-policing/app/public-and-personal-safety-training--senior-leaders/main.text","ok"
2026-05-25T23:22:32.043Z,"public-order-public-safety--changes",1487,"operational/college-of-policing/app/public-order-public-safety--changes/main.text","ok"
2026-05-25T23:22:32.068Z,"public-order-public-safety--additional-reference-historical-documents--changes",191,"operational/college-of-policing/app/public-order-public-safety--additional-reference-historical-documents--changes/main.text","ok"
2026-05-25T23:22:32.070Z,"public-order-public-safety",626,"operational/college-of-policing/app/public-order-public-safety/main.text","ok"
2026-05-25T23:22:32.071Z,"public-order-public-safety--command-structure-role-profiles--changes",340,"operational/college-of-policing/app/public-order-public-safety--command-structure-role-profiles--changes/main.text","ok"
2026-05-25T23:22:32.074Z,"public-order-public-safety--approaches-pops--changes",120,"operational/college-of-policing/app/public-order-public-safety--approaches-pops--changes/main.text","ok"
2026-05-25T23:22:32.075Z,"public-order-public-safety--curriculum-and-training",599,"operational/college-of-policing/app/public-order-public-safety--curriculum-and-training/main.text","ok"
2026-05-25T23:22:32.076Z,"public-order-public-safety--deployment",832,"operational/college-of-policing/app/public-order-public-safety--deployment/main.text","ok"
2026-05-25T23:22:32.082Z,"public-order-public-safety--command-structure-role-profiles",2292,"operational/college-of-policing/app/public-order-public-safety--command-structure-role-profiles/main.text","ok"
2026-05-25T23:22:32.084Z,"public-order-public-safety--approaches-pops",2084,"operational/college-of-policing/app/public-order-public-safety--approaches-pops/main.text","ok"
2026-05-25T23:22:32.085Z,"public-order-public-safety--deployment--changes",160,"operational/college-of-policing/app/public-order-public-safety--deployment--changes/main.text","ok"
2026-05-25T23:22:32.085Z,"public-order-public-safety--developing-policing-plan--changes",327,"operational/college-of-policing/app/public-order-public-safety--developing-policing-plan--changes/main.text","ok"
2026-05-25T23:22:32.125Z,"public-order-public-safety--developing-policing-plan--community-engagement-impact-assessments-and-communication",506,"operational/college-of-policing/app/public-order-public-safety--developing-policing-plan--community-engagement-impact-assessments-and-communication/main.text","ok"
2026-05-25T23:22:32.134Z,"public-order-public-safety--developing-policing-plan--counter-terrorism",1299,"operational/college-of-policing/app/public-order-public-safety--developing-policing-plan--counter-terrorism/main.text","ok"
2026-05-25T23:22:32.135Z,"public-order-public-safety--developing-policing-plan",74,"operational/college-of-policing/app/public-order-public-safety--developing-policing-plan/main.text","ok"
2026-05-25T23:22:32.135Z,"public-order-public-safety--developing-policing-plan--community-engagement-impact-assessments-and-communication--changes",131,"operational/college-of-policing/app/public-order-public-safety--developing-policing-plan--community-engagement-impact-assessments-and-communication--changes/main.text","ok"
2026-05-25T23:22:32.139Z,"public-order-public-safety--curriculum-and-training--changes",120,"operational/college-of-policing/app/public-order-public-safety--curriculum-and-training--changes/main.text","ok"
2026-05-25T23:22:32.144Z,"public-order-public-safety--developing-policing-plan--counter-terrorism--changes",123,"operational/college-of-policing/app/public-order-public-safety--developing-policing-plan--counter-terrorism--changes/main.text","ok"
2026-05-25T23:22:32.148Z,"public-order-public-safety--developing-policing-plan--cyber-security",346,"operational/college-of-policing/app/public-order-public-safety--developing-policing-plan--cyber-security/main.text","ok"
2026-05-25T23:22:32.167Z,"public-order-public-safety--developing-policing-plan--digital-media-investigator",333,"operational/college-of-policing/app/public-order-public-safety--developing-policing-plan--digital-media-investigator/main.text","ok"
2026-05-25T23:22:32.190Z,"public-order-public-safety--developing-policing-plan--cyber-security--changes",123,"operational/college-of-policing/app/public-order-public-safety--developing-policing-plan--cyber-security--changes/main.text","ok"
2026-05-25T23:22:32.200Z,"public-order-public-safety--developing-policing-plan--digital-media-investigator--changes",125,"operational/college-of-policing/app/public-order-public-safety--developing-policing-plan--digital-media-investigator--changes/main.text","ok"
2026-05-25T23:22:32.234Z,"public-order-public-safety--developing-policing-plan--intelligence--changes",121,"operational/college-of-policing/app/public-order-public-safety--developing-policing-plan--intelligence--changes/main.text","ok"
2026-05-25T23:22:32.249Z,"public-order-public-safety--developing-policing-plan--media--changes",121,"operational/college-of-policing/app/public-order-public-safety--developing-policing-plan--media--changes/main.text","ok"
2026-05-25T23:22:32.252Z,"public-order-public-safety--developing-policing-plan--intelligence",748,"operational/college-of-policing/app/public-order-public-safety--developing-policing-plan--intelligence/main.text","ok"
2026-05-25T23:22:32.253Z,"public-order-public-safety--developing-policing-plan--safeguarding",395,"operational/college-of-policing/app/public-order-public-safety--developing-policing-plan--safeguarding/main.text","ok"
2026-05-25T23:22:32.301Z,"public-order-public-safety--developing-policing-plan--media",369,"operational/college-of-policing/app/public-order-public-safety--developing-policing-plan--media/main.text","ok"
2026-05-25T23:22:32.305Z,"public-order-public-safety--legal-framework-and-legislation",2857,"operational/college-of-policing/app/public-order-public-safety--legal-framework-and-legislation/main.text","ok"
2026-05-25T23:22:32.307Z,"public-order-public-safety--legal-framework-and-legislation--changes",254,"operational/college-of-policing/app/public-order-public-safety--legal-framework-and-legislation--changes/main.text","ok"
2026-05-25T23:22:32.308Z,"public-order-public-safety--mounted-police",70,"operational/college-of-policing/app/public-order-public-safety--mounted-police/main.text","ok"
2026-05-25T23:22:32.309Z,"public-order-public-safety--developing-policing-plan--safeguarding--changes",121,"operational/college-of-policing/app/public-order-public-safety--developing-policing-plan--safeguarding--changes/main.text","ok"
2026-05-25T23:22:32.310Z,"public-order-public-safety--developing-policing-plan--investigation",845,"operational/college-of-policing/app/public-order-public-safety--developing-policing-plan--investigation/main.text","ok"
2026-05-25T23:22:32.310Z,"public-order-public-safety--developing-policing-plan--planning--changes",123,"operational/college-of-policing/app/public-order-public-safety--developing-policing-plan--planning--changes/main.text","ok"
2026-05-25T23:22:32.311Z,"public-order-public-safety--developing-policing-plan--planning",558,"operational/college-of-policing/app/public-order-public-safety--developing-policing-plan--planning/main.text","ok"
2026-05-25T23:22:32.312Z,"public-order-public-safety--developing-policing-plan--investigation--changes",121,"operational/college-of-policing/app/public-order-public-safety--developing-policing-plan--investigation--changes/main.text","ok"
2026-05-25T23:22:32.320Z,"public-order-public-safety--mounted-police--training-and-accreditations",1126,"operational/college-of-policing/app/public-order-public-safety--mounted-police--training-and-accreditations/main.text","ok"
2026-05-25T23:22:32.341Z,"public-order-public-safety--mounted-police--mounted-police-standards",1221,"operational/college-of-policing/app/public-order-public-safety--mounted-police--mounted-police-standards/main.text","ok"
2026-05-25T23:22:32.353Z,"public-order-public-safety--mounted-police--deployment-and-command-structure",533,"operational/college-of-policing/app/public-order-public-safety--mounted-police--deployment-and-command-structure/main.text","ok"
2026-05-25T23:22:32.357Z,"public-order-public-safety--policing-professional-standards-and-core-principles",1799,"operational/college-of-policing/app/public-order-public-safety--policing-professional-standards-and-core-principles/main.text","ok"
2026-05-25T23:22:32.359Z,"public-order-public-safety--policing-professional-standards-and-core-principles--changes",126,"operational/college-of-policing/app/public-order-public-safety--policing-professional-standards-and-core-principles--changes/main.text","ok"
2026-05-25T23:22:32.359Z,"public-order-public-safety--pops-incidents--changes",118,"operational/college-of-policing/app/public-order-public-safety--pops-incidents--changes/main.text","ok"
2026-05-25T23:22:32.360Z,"public-order-public-safety--pops-incidents",352,"operational/college-of-policing/app/public-order-public-safety--pops-incidents/main.text","ok"
2026-05-25T23:22:32.434Z,"public-order-public-safety--thematic-guidance-and-further-information",76,"operational/college-of-policing/app/public-order-public-safety--thematic-guidance-and-further-information/main.text","ok"
2026-05-25T23:22:32.435Z,"public-order-public-safety--thematic-guidance-and-further-information--british-transport-police",259,"operational/college-of-policing/app/public-order-public-safety--thematic-guidance-and-further-information--british-transport-police/main.text","ok"
2026-05-25T23:22:32.436Z,"public-order-public-safety--thematic-guidance-and-further-information--british-transport-police--changes",126,"operational/college-of-policing/app/public-order-public-safety--thematic-guidance-and-further-information--british-transport-police--changes/main.text","ok"
2026-05-25T23:22:32.437Z,"public-order-public-safety--thematic-guidance-and-further-information--changes",551,"operational/college-of-policing/app/public-order-public-safety--thematic-guidance-and-further-information--changes/main.text","ok"
2026-05-25T23:22:32.473Z,"public-order-public-safety--thematic-guidance-and-further-information--events--changes",143,"operational/college-of-policing/app/public-order-public-safety--thematic-guidance-and-further-information--events--changes/main.text","ok"
2026-05-25T23:22:32.493Z,"public-order-public-safety--thematic-guidance-and-further-information--police-service-northern-ireland--changes",150,"operational/college-of-policing/app/public-order-public-safety--thematic-guidance-and-further-information--police-service-northern-ireland--changes/main.text","ok"
2026-05-25T23:22:32.494Z,"public-order-public-safety--thematic-guidance-and-further-information--police-scotland--changes",124,"operational/college-of-policing/app/public-order-public-safety--thematic-guidance-and-further-information--police-scotland--changes/main.text","ok"
2026-05-25T23:22:32.496Z,"public-order-public-safety--thematic-guidance-and-further-information--police-scotland",234,"operational/college-of-policing/app/public-order-public-safety--thematic-guidance-and-further-information--police-scotland/main.text","ok"
2026-05-25T23:22:32.497Z,"public-order-public-safety--thematic-guidance-and-further-information--further-information--changes",124,"operational/college-of-policing/app/public-order-public-safety--thematic-guidance-and-further-information--further-information--changes/main.text","ok"
2026-05-25T23:22:32.507Z,"public-order-public-safety--thematic-guidance-and-further-information--further-information",260,"operational/college-of-policing/app/public-order-public-safety--thematic-guidance-and-further-information--further-information/main.text","ok"
2026-05-25T23:22:32.509Z,"public-order-public-safety--thematic-guidance-and-further-information--policing-elections--changes",126,"operational/college-of-policing/app/public-order-public-safety--thematic-guidance-and-further-information--policing-elections--changes/main.text","ok"
2026-05-25T23:22:32.522Z,"public-order-public-safety--thematic-guidance-and-further-information--events",722,"operational/college-of-policing/app/public-order-public-safety--thematic-guidance-and-further-information--events/main.text","ok"
2026-05-25T23:22:32.524Z,"public-order-public-safety--thematic-guidance-and-further-information--protest",372,"operational/college-of-policing/app/public-order-public-safety--thematic-guidance-and-further-information--protest/main.text","ok"
2026-05-25T23:22:32.537Z,"public-order-public-safety--thematic-guidance-and-further-information--protest--changes",122,"operational/college-of-policing/app/public-order-public-safety--thematic-guidance-and-further-information--protest--changes/main.text","ok"
2026-05-25T23:22:32.538Z,"public-order-public-safety--thematic-guidance-and-further-information--unauthorised-encampments-and-trespassing-land-without-consent",227,"operational/college-of-policing/app/public-order-public-safety--thematic-guidance-and-further-information--unauthorised-encampments-and-trespassing-land-without-consent/main.text","ok"
2026-05-25T23:22:32.540Z,"public-order-public-safety--thematic-guidance-and-further-information--unauthorised-encampments-and-trespassing-land-without-consent--changes",136,"operational/college-of-policing/app/public-order-public-safety--thematic-guidance-and-further-information--unauthorised-encampments-and-trespassing-land-without-consent--changes/main.text","ok"
2026-05-25T23:22:32.541Z,"public-order-public-safety--thematic-guidance-and-further-information--ukfpu",246,"operational/college-of-policing/app/public-order-public-safety--thematic-guidance-and-further-information--ukfpu/main.text","ok"
2026-05-25T23:22:32.547Z,"public-order-public-safety--thematic-guidance-and-further-information--ukfpu--changes",225,"operational/college-of-policing/app/public-order-public-safety--thematic-guidance-and-further-information--ukfpu--changes/main.text","ok"
2026-05-25T23:22:32.593Z,"public-order-public-safety--thematic-guidance-and-further-information--police-service-northern-ireland",1083,"operational/college-of-policing/app/public-order-public-safety--thematic-guidance-and-further-information--police-service-northern-ireland/main.text","ok"
2026-05-25T23:22:32.596Z,"public-order-public-safety--thematic-guidance-and-further-information--policing-elections",261,"operational/college-of-policing/app/public-order-public-safety--thematic-guidance-and-further-information--policing-elections/main.text","ok"
2026-05-25T23:22:32.612Z,"public-order-public-safety--thematic-guidance-and-further-information--unlicensed-music-event--changes",126,"operational/college-of-policing/app/public-order-public-safety--thematic-guidance-and-further-information--unlicensed-music-event--changes/main.text","ok"
2026-05-25T23:22:32.621Z,"risk--risk",6076,"operational/college-of-policing/app/risk--risk/main.text","ok"
2026-05-25T23:22:32.623Z,"public-order-public-safety--thematic-guidance-and-further-information--unlicensed-music-event",227,"operational/college-of-policing/app/public-order-public-safety--thematic-guidance-and-further-information--unlicensed-music-event/main.text","ok"
2026-05-25T23:22:32.644Z,"risk--risk-reference-material",149,"operational/college-of-policing/app/risk--risk-reference-material/main.text","ok"
2026-05-25T23:22:32.650Z,"risk",155,"operational/college-of-policing/app/risk/main.text","ok"
2026-05-25T23:22:32.656Z,"roads-policing",171,"operational/college-of-policing/app/roads-policing/main.text","ok"
2026-05-25T23:22:32.666Z,"roads-policing--changes",2374,"operational/college-of-policing/app/roads-policing--changes/main.text","ok"
2026-05-25T23:22:32.673Z,"roads-policing--disrupting-criminality--changes",287,"operational/college-of-policing/app/roads-policing--disrupting-criminality--changes/main.text","ok"
2026-05-25T23:22:32.680Z,"roads-policing--management-incidents",3685,"operational/college-of-policing/app/roads-policing--management-incidents/main.text","ok"
2026-05-25T23:22:32.691Z,"roads-policing--investigation-fatal-and-serious-injury-road-collisions",4535,"operational/college-of-policing/app/roads-policing--investigation-fatal-and-serious-injury-road-collisions/main.text","ok"
2026-05-25T23:22:32.699Z,"roads-policing--partner-agencies--changes",272,"operational/college-of-policing/app/roads-policing--partner-agencies--changes/main.text","ok"
2026-05-25T23:22:32.712Z,"roads-policing--partner-agencies",1620,"operational/college-of-policing/app/roads-policing--partner-agencies/main.text","ok"
2026-05-25T23:22:32.717Z,"roads-policing--disrupting-criminality",2477,"operational/college-of-policing/app/roads-policing--disrupting-criminality/main.text","ok"
2026-05-25T23:22:32.733Z,"roads-policing--police-driving--changes",465,"operational/college-of-policing/app/roads-policing--police-driving--changes/main.text","ok"
2026-05-25T23:22:32.739Z,"roads-policing--management-incidents--changes",337,"operational/college-of-policing/app/roads-policing--management-incidents--changes/main.text","ok"
2026-05-25T23:22:32.741Z,"roads-policing--police-driving",1570,"operational/college-of-policing/app/roads-policing--police-driving/main.text","ok"
2026-05-25T23:22:32.744Z,"roads-policing--investigation-fatal-and-serious-injury-road-collisions--changes",599,"operational/college-of-policing/app/roads-policing--investigation-fatal-and-serious-injury-road-collisions--changes/main.text","ok"
2026-05-25T23:22:32.746Z,"roads-policing--police-pursuits",5079,"operational/college-of-policing/app/roads-policing--police-pursuits/main.text","ok"
2026-05-25T23:22:32.747Z,"roads-policing--police-pursuits--changes",633,"operational/college-of-policing/app/roads-policing--police-pursuits--changes/main.text","ok"
2026-05-25T23:22:32.758Z,"stop-and-search",324,"operational/college-of-policing/app/stop-and-search/main.text","ok"
2026-05-25T23:22:32.782Z,"stop-and-search--changes",764,"operational/college-of-policing/app/stop-and-search--changes/main.text","ok"
2026-05-25T23:22:32.793Z,"stop-and-search--fair",3709,"operational/college-of-policing/app/stop-and-search--fair/main.text","ok"
2026-05-25T23:22:32.813Z,"stop-and-search--evidence-base-references-and-footnotes",1358,"operational/college-of-policing/app/stop-and-search--evidence-base-references-and-footnotes/main.text","ok"
2026-05-25T23:22:32.822Z,"stop-and-search--legal",516,"operational/college-of-policing/app/stop-and-search--legal/main.text","ok"
2026-05-25T23:22:32.830Z,"stop-and-search--legal--legal-application",4811,"operational/college-of-policing/app/stop-and-search--legal--legal-application/main.text","ok"
2026-05-25T23:22:32.832Z,"stop-and-search--legal--legal-application--changes",239,"operational/college-of-policing/app/stop-and-search--legal--legal-application--changes/main.text","ok"
2026-05-25T23:22:32.842Z,"stop-and-search--legal--legal-basis",5112,"operational/college-of-policing/app/stop-and-search--legal--legal-basis/main.text","ok"
2026-05-25T23:22:32.846Z,"stop-and-search--legal--changes",305,"operational/college-of-policing/app/stop-and-search--legal--changes/main.text","ok"
2026-05-25T23:22:32.851Z,"stop-and-search--legal--legal-basis--changes",165,"operational/college-of-policing/app/stop-and-search--legal--legal-basis--changes/main.text","ok"
2026-05-25T23:22:32.868Z,"stop-and-search--professional",3650,"operational/college-of-policing/app/stop-and-search--professional/main.text","ok"
2026-05-25T23:22:32.887Z,"stop-and-search--professional--changes",151,"operational/college-of-policing/app/stop-and-search--professional--changes/main.text","ok"
2026-05-25T23:22:32.895Z,"stop-and-search--quick-reference-guides--changes",202,"operational/college-of-policing/app/stop-and-search--quick-reference-guides--changes/main.text","ok"
2026-05-25T23:22:32.900Z,"stop-and-search--quick-reference-guides--legal-quick-reference-guides--quick-reference-guide-legal-application-applying-power-lawfully",737,"operational/college-of-policing/app/stop-and-search--quick-reference-guides--legal-quick-reference-guides--quick-reference-guide-legal-application-applying-power-lawfully/main.text","ok"
2026-05-25T23:22:32.901Z,"stop-and-search--quick-reference-guides--legal-quick-reference-guides--changes",137,"operational/college-of-policing/app/stop-and-search--quick-reference-guides--legal-quick-reference-guides--changes/main.text","ok"
2026-05-25T23:22:32.915Z,"stop-and-search--quick-reference-guides--legal-quick-reference-guides",88,"operational/college-of-policing/app/stop-and-search--quick-reference-guides--legal-quick-reference-guides/main.text","ok"
2026-05-25T23:22:32.918Z,"stop-and-search--quick-reference-guides--legal-quick-reference-guides--quick-reference-guide-legal-application-search-options",1123,"operational/college-of-policing/app/stop-and-search--quick-reference-guides--legal-quick-reference-guides--quick-reference-guide-legal-application-search-options/main.text","ok"
2026-05-25T23:22:32.925Z,"stop-and-search--quick-reference-guides",102,"operational/college-of-policing/app/stop-and-search--quick-reference-guides/main.text","ok"
2026-05-25T23:22:32.931Z,"stop-and-search--quick-reference-guides--legal-quick-reference-guides--quick-reference-guide-legal-basis",915,"operational/college-of-policing/app/stop-and-search--quick-reference-guides--legal-quick-reference-guides--quick-reference-guide-legal-basis/main.text","ok"
2026-05-25T23:22:32.931Z,"stop-and-search--quick-reference-guides--legal-quick-reference-guides--quick-reference-guide-legal-application-search-options--changes",141,"operational/college-of-policing/app/stop-and-search--quick-reference-guides--legal-quick-reference-guides--quick-reference-guide-legal-application-search-options--changes/main.text","ok"
2026-05-25T23:22:32.980Z,"stop-and-search--quick-reference-guides--quick-reference-guide-senior-officers",2281,"operational/college-of-policing/app/stop-and-search--quick-reference-guides--quick-reference-guide-senior-officers/main.text","ok"
2026-05-25T23:22:32.989Z,"stop-and-search--quick-reference-guides--quick-reference-guide-professional-interaction",788,"operational/college-of-policing/app/stop-and-search--quick-reference-guides--quick-reference-guide-professional-interaction/main.text","ok"
2026-05-25T23:22:33.003Z,"stop-and-search--quick-reference-guides--quick-reference-guide-supervisors--changes",133,"operational/college-of-policing/app/stop-and-search--quick-reference-guides--quick-reference-guide-supervisors--changes/main.text","ok"
2026-05-25T23:22:33.010Z,"stop-and-search--quick-reference-guides--quick-reference-guide-fair-decision-making",1311,"operational/college-of-policing/app/stop-and-search--quick-reference-guides--quick-reference-guide-fair-decision-making/main.text","ok"
2026-05-25T23:22:33.010Z,"stop-and-search--quick-reference-guides--quick-reference-guide-transparent-accurate-recording-individual-encounters",1112,"operational/college-of-policing/app/stop-and-search--quick-reference-guides--quick-reference-guide-transparent-accurate-recording-individual-encounters/main.text","ok"
2026-05-25T23:22:33.017Z,"stop-and-search--stop-and-search",2209,"operational/college-of-policing/app/stop-and-search--stop-and-search/main.text","ok"
2026-05-25T23:22:33.017Z,"stop-and-search--quick-reference-guides--quick-reference-guide-transparent-accurate-recording-individual-encounters--changes",140,"operational/college-of-policing/app/stop-and-search--quick-reference-guides--quick-reference-guide-transparent-accurate-recording-individual-encounters--changes/main.text","ok"
2026-05-25T23:22:33.032Z,"stop-and-search--transparent",8096,"operational/college-of-policing/app/stop-and-search--transparent/main.text","ok"
2026-05-25T23:22:33.035Z,"stop-and-search--transparent--changes",275,"operational/college-of-policing/app/stop-and-search--transparent--changes/main.text","ok"
2026-05-25T23:22:33.036Z,"stop-and-search--stop-and-search--changes",174,"operational/college-of-policing/app/stop-and-search--stop-and-search--changes/main.text","ok"
2026-05-25T23:22:33.082Z,"stop-and-search--quick-reference-guides--quick-reference-guide-supervisors",1008,"operational/college-of-policing/app/stop-and-search--quick-reference-guides--quick-reference-guide-supervisors/main.text","ok"
2026-05-25T23:22:33.086Z,"using-app",543,"operational/college-of-policing/app/using-app/main.text","ok"
