ws_id,target_act_id,target_provision_ref,scope_band,detection,source_type,source_gid,source_doc_uri,source_provision_ref,resolved,target_uri,citation_text,raw_fragment
WS-01,ukpga/1998/42,section-6-1,whole-act,text,SI,nisi/1984/1822,http://www.legislation.gov.uk/id/nisi/1984/1822,schedule-1-paragraph-15,true,http://www.legislation.gov.uk/id/ukpga/1998/42,"CommentaryRef=""key-REDACTED-CLML-COMMENTARY-HANDLE"">bso as to prevent an award of damages made in respect of an act or omission on the ground that the act or omission was unlawful as a result of section 6(1) of the Human Rights Act 1998","P3para><Text><Addition ChangeId=""key-REDACTED-CLML-COMMENTARY-HANDLE-1466422311140"" CommentaryRef=""key-REDACTED-CLML-COMMENTARY-HANDLE"">so as to prevent an award of damages made in respect of an act or omission on the ground that the act or omission was unlawful as a result of section 6(1) of the Human Rights Act 1998.</Addition></Text></P3para></P3></P2para></P2></P1para></P1></Part></ScheduleBody></Schedule><Schedule DocumentURI=""http://www.legislation.gov.uk/nisi/1984/1822/schedule/n2"" IdURI=""http://www.legislation.gov.uk/id/nisi/1984/1822/schedule/n2"" RestrictStartDate=""2006-01-01"" id=""s"
WS-01,ukpga/1998/42,section-6-1,whole-act,text,SI,nisi/1994/1896,http://www.legislation.gov.uk/id/nisi/1994/1896,article-18B,true,http://www.legislation.gov.uk/id/ukpga/1998/42,"CommentaryRef=""key-REDACTED-CLML-COMMENTARY-HANDLE"">cso as to prevent an award of damages in respect of an act or omission on the ground that the act or omission was unlawful by virtue of section 6(1) of the Human Rights Act 1998","ddition></Pnumber><P3para><Text><Addition ChangeId=""key-REDACTED-CLML-COMMENTARY-HANDLE-1"" CommentaryRef=""key-REDACTED-CLML-COMMENTARY-HANDLE"">so as to prevent an award of damages in respect of an act or omission on the ground that the act or omission was unlawful by virtue of section 6(1) of the Human Rights Act 1998.</Addition></Text></P3para></P3></P2para></P2><P2 DocumentURI=""http://www.legislation.gov.uk/nisi/1994/1896/article/18B/4"" IdURI=""http://www.legislation.gov.uk/id/nisi/1994/1896/article/18B/4"" id=""article-18B-4""><Pnumber><Addition ChangeId=""key-REDACTED-CLML-COMMENTARY-HANDLE-"
WS-01,ukpga/1998/42,section-6-1,whole-act,text,SI,nisi/1995/3213,http://www.legislation.gov.uk/id/nisi/1995/3213,article-11,true,http://www.legislation.gov.uk/id/ukpga/1998/42,"id=""article-11-6A"">6AParagraph (6) does not have effect to authorise the Authority to make an order as mentioned in sub-paragraph (a) or (b) of that paragraph, if their doing so would be unlawful as a result of section 6(1) of the Human Rights Act 1998","</Addition></Pnumber><P2para><Text><Addition ChangeId=""d29p996"" CommentaryRef=""c17248291"">Paragraph (6) does not have effect to authorise the Authority to make an order as mentioned in sub-paragraph (a) or (b) of that paragraph, if their doing so would be unlawful as a result of section 6(1) of the Human Rights Act 1998 (unlawful for public authority to act in contravention of a Convention right).</Addition></Text></P2para></P2><P2 DocumentURI=""http://www.legislation.gov.uk/nisi/1995/3213/article/11/7"" IdURI=""http://www.legislation.gov.uk/id/nisi/1995/3213/article/11/7"" id=""article-11-7""><Pnum"
WS-01,ukpga/1998/42,section-6-1,whole-act,text,SI,nisi/1996/3158,http://www.legislation.gov.uk/id/nisi/1996/3158,article-69I,true,http://www.legislation.gov.uk/id/ukpga/1998/42,"CommentaryRef=""key-REDACTED-CLML-COMMENTARY-HANDLE"">bso as to prevent an award of damages in respect of an act or omission on the grounds that the act or omission was unlawful as a result of section 6(1) of the Human Rights Act 1998","er><P3para><Text><Addition ChangeId=""key-REDACTED-CLML-COMMENTARY-HANDLE-1515595178958"" CommentaryRef=""key-REDACTED-CLML-COMMENTARY-HANDLE"">so as to prevent an award of damages in respect of an act or omission on the grounds that the act or omission was unlawful as a result of section 6(1) of the Human Rights Act 1998 (incompatibility of act or omission with Convention rights).</Addition></Text></P3para></P3></P2para></P2><P2 DocumentURI=""http://www.legislation.gov.uk/nisi/1996/3158/article/69I/4"" IdURI=""http://www.legislation.gov.uk/id/nisi/1996/3158/article/69I/4"" id=""article-69I-4""><Pnumb"
WS-01,ukpga/1998/42,section-6-1,whole-act,text,SI,nisi/1996/3159,http://www.legislation.gov.uk/id/nisi/1996/3159,article-41I,true,http://www.legislation.gov.uk/id/ukpga/1998/42,"CommentaryRef=""key-REDACTED-CLML-COMMENTARY-HANDLE"">bso as to prevent an award of damages in respect of an act or omission on the grounds that the act or omission was unlawful as a result of section 6(1) of the Human Rights Act 1998","er><P3para><Text><Addition ChangeId=""key-REDACTED-CLML-COMMENTARY-HANDLE-1520439936097"" CommentaryRef=""key-REDACTED-CLML-COMMENTARY-HANDLE"">so as to prevent an award of damages in respect of an act or omission on the grounds that the act or omission was unlawful as a result of section 6(1) of the Human Rights Act 1998 (incompatibility of act or omission with Convention rights).</Addition></Text></P3para></P3></P2para></P2><P2 DocumentURI=""http://www.legislation.gov.uk/nisi/1996/3159/article/41I/4"" IdURI=""http://www.legislation.gov.uk/id/nisi/1996/3159/article/41I/4"" id=""article-41I-4""><Pnumb"
WS-01,ukpga/1998/42,,whole-act,text,SI,nisi/2003/435,http://www.legislation.gov.uk/id/nisi/2003/435,article-12A,true,http://www.legislation.gov.uk/id/ukpga/1998/42,"id=""article-12A-3-a-i"">ithe individual's Convention rights (within the meaning of the Human Rights Act 1998","8101551121"" CommentaryRef=""M_F_2878bfad-91b6-4b75-9770-0d341a9f6689"">i</Addition></Pnumber><P4para><Text><Addition ChangeId=""M_F_2878bfad-91b6-4b75-9770-0d341a9f6689-1518101551121"" CommentaryRef=""M_F_2878bfad-91b6-4b75-9770-0d341a9f6689"">the individual's Convention rights (within the meaning of the Human Rights Act 1998), or</Addition></Text></P4para></P4><P4 DocumentURI=""http://www.legislation.gov.uk/nisi/2003/435/article/12A/3/a/ii"" IdURI=""http://www.legislation.gov.uk/id/nisi/2003/435/article/12A/3/a/ii"" id=""article-12A-3-a-ii""><Pnumber><Addition ChangeId=""M_F_2878bfad-91b6-4b75-9770-0d341a"
WS-01,ukpga/1998/42,section-6-1,whole-act,text,SI,nisi/2005/1967,http://www.legislation.gov.uk/id/nisi/2005/1967,article-17,true,http://www.legislation.gov.uk/id/ukpga/1998/42,to have been in bad faith; orbso as to prevent an award of damages in respect of the act or omission on the grounds that it was unlawful as a result of section 6(1) of the Human Rights Act 1998,"k/nisi/2005/1967/article/17/4/b"" IdURI=""http://www.legislation.gov.uk/id/nisi/2005/1967/article/17/4/b"" id=""article-17-4-b""><Pnumber>b</Pnumber><P3para><Text>so as to prevent an award of damages in respect of the act or omission on the grounds that it was unlawful as a result of section 6(1) of the Human Rights Act 1998 (c. 42) (acts of public authorities incompatible with Convention rights).</Text></P3para></P3></P2para></P2></P1para></P1></P1group></Pblock></Chapter><Chapter DocumentURI=""http://www.legislation.gov.uk/nisi/2005/1967/part/II/chapter/III"" IdURI=""http://www.legislation.gov.uk/id"
WS-01,ukpga/1998/42,section-6-1,whole-act,text,SI,nisi/2005/255,http://www.legislation.gov.uk/id/nisi/2005/255,article-18,true,http://www.legislation.gov.uk/id/ukpga/1998/42,"paragraph (6) insert—6AParagraph (6) does not have effect to authorise the Authority to make an order as mentioned in sub-paragraph (a) or (b) of that paragraph, if their doing so would be unlawful as a result of section 6(1) of the Human Rights Act 1998","Class=""unknown"" Context=""unknown"" Format=""default""><P2><Pnumber>6A</Pnumber><P2para><Text>Paragraph (6) does not have effect to authorise the Authority to make an order as mentioned in sub-paragraph (a) or (b) of that paragraph, if their doing so would be unlawful as a result of section 6(1) of the Human Rights Act 1998 (unlawful for public authority to act in contravention of a Convention right).</Text></P2para></P2></BlockAmendment><AppendText>

.</AppendText></P1para></P1></P1group><P1group RestrictExtent=""N.I."" RestrictStartDate=""2015-04-06""><Title>Freezing orders</Title><P1 DocumentURI=""h"
WS-01,ukpga/1998/42,section-6,whole-act,text,SI,nisi/2005/255,http://www.legislation.gov.uk/id/nisi/2005/255,article-183,true,http://www.legislation.gov.uk/id/ukpga/1998/42,"id=""article-183-2-a-i"">ithe Board, oriiany public authority (within the meaning of section 6 of the Human Rights Act 1998",", or</Text></P4para></P4><P4 DocumentURI=""http://www.legislation.gov.uk/nisi/2005/255/article/183/2/a/ii"" IdURI=""http://www.legislation.gov.uk/id/nisi/2005/255/article/183/2/a/ii"" id=""article-183-2-a-ii""><Pnumber>ii</Pnumber><P4para><Text>any public authority (within the meaning of section 6 of the Human Rights Act 1998 (c. 42)) which receives the information directly or indirectly from the Board,</Text></P4para></P4><Text>for any of the purposes specified in section 17(2)(a) to (d) of the Anti-terrorism, Crime and Security Act 2001 (c. 24) (criminal proceedings and investigations),</Text></P3"
WS-01,ukpga/1998/42,section-6-1,whole-act,text,SI,nisi/2005/255,http://www.legislation.gov.uk/id/nisi/2005/255,article-28,true,http://www.legislation.gov.uk/id/ukpga/1998/42,(1) does not have effect to authorise the Regulator to make an order as mentioned in that paragraph if its doing so would be unlawful as a result of section 6(1) of the Human Rights Act 1998," IdURI=""http://www.legislation.gov.uk/id/nisi/2005/255/article/28/2"" id=""article-28-2""><Pnumber>2</Pnumber><P2para><Text>Paragraph (1) does not have effect to authorise the Regulator to make an order as mentioned in that paragraph if its doing so would be unlawful as a result of section 6(1) of the Human Rights Act 1998 (c. 42) (unlawful for public authority to act in contravention of a Convention right).</Text></P2para></P2></P1para></P1></P1group></Pblock><Pblock DocumentURI=""http://www.legislation.gov.uk/nisi/2005/255/part/II/crossheading/trustees-of-occupational-pension-schemes"" IdURI=""htt"
WS-01,ukpga/1998/42,section-6,whole-act,text,SI,nisi/2005/255,http://www.legislation.gov.uk/id/nisi/2005/255,article-78,true,http://www.legislation.gov.uk/id/ukpga/1998/42,"id=""article-78-2-c-i"">ithe Regulator, oriiany public authority (within the meaning of section 6 of the Human Rights Act 1998","tor, or</Text></P4para></P4><P4 DocumentURI=""http://www.legislation.gov.uk/nisi/2005/255/article/78/2/c/ii"" IdURI=""http://www.legislation.gov.uk/id/nisi/2005/255/article/78/2/c/ii"" id=""article-78-2-c-ii""><Pnumber>ii</Pnumber><P4para><Text>any public authority (within the meaning of section 6 of the Human Rights Act 1998 (c. 42)) which receives the information directly or indirectly from the Regulator,</Text></P4para></P4><Text>for any of the purposes specified in section 17(2)(a) to (d) of the Anti-terrorism, Crime and Security Act 2001 (c. 24) (criminal proceedings and investigations).</Text>"
WS-01,ukpga/1998/42,section-6,whole-act,text,SI,nisi/2005/255,http://www.legislation.gov.uk/id/nisi/2005/255,article-82,true,http://www.legislation.gov.uk/id/ukpga/1998/42,"id=""article-82-2-a-i"">ithe Regulator, oriiany public authority (within the meaning of section 6 of the Human Rights Act 1998","tor, or</Text></P4para></P4><P4 DocumentURI=""http://www.legislation.gov.uk/nisi/2005/255/article/82/2/a/ii"" IdURI=""http://www.legislation.gov.uk/id/nisi/2005/255/article/82/2/a/ii"" id=""article-82-2-a-ii""><Pnumber>ii</Pnumber><P4para><Text>any public authority (within the meaning of section 6 of the Human Rights Act 1998 (c. 42)) which receives the information directly or indirectly from the Regulator,</Text></P4para></P4><Text>for any of the purposes specified in section 17(2)(a) to (d) of the Anti-terrorism, Crime and Security Act 2001 (c. 24) (criminal proceedings and investigations),</Text>"
WS-01,ukpga/1998/42,section-8,whole-act,text,SI,nisi/2007/1351,http://www.legislation.gov.uk/id/nisi/2007/1351,article-57,true,http://www.legislation.gov.uk/id/ukpga/1998/42,"person to be the originator of the information knowing, at the time the information is originated, that it is untrue.3Nothing in this Order affects section 8 of the Human Rights Act 1998","d, that it is untrue.</Text></P3para></P3></P2para></P2><P2 DocumentURI=""http://www.legislation.gov.uk/nisi/2007/1351/article/57/3"" IdURI=""http://www.legislation.gov.uk/id/nisi/2007/1351/article/57/3"" id=""article-57-3""><Pnumber>3</Pnumber><P2para><Text>Nothing in this Order affects section 8 of the Human Rights Act 1998 (c. 42) as it relates to the power of a court to award damages in respect of an unlawful act of a public authority (within the meaning of that Act).</Text></P2para></P2></P1para></P1></P1group><P1group ConfersPower=""true"" RestrictStartDate=""2007-05-17""><Title>Orders and regulat"
WS-01,ukpga/1998/42,section-7-1,whole-act,text,SI,nisr/1980/346,http://www.legislation.gov.uk/id/nisr/1980/346,schedule-1-group-2-group-2-part-29-rule-11,true,http://www.legislation.gov.uk/id/ukpga/1998/42,"(Bankruptcy), the Chancery Judge, is required to be heard only by a judge.o proceedings under section 7(1) (a) of the Human Rights Act 1998","><P3 DocumentURI=""http://www.legislation.gov.uk/nisr/1980/346/schedule/1/rule/11/1/o"" IdURI=""http://www.legislation.gov.uk/id/nisr/1980/346/schedule/1/rule/11/1/o"" id=""schedule-1-rule-11-1-o""><Pnumber PuncBefore=""[("">o</Pnumber><P3para><Text><FootnoteRef Ref=""f00258""/> proceedings under section 7(1)(a) of the Human Rights Act 1998 in respect of a judicial act, as defined in section 9(5) of that Act;</Text></P3para></P3><P3 DocumentURI=""http://www.legislation.gov.uk/nisr/1980/346/schedule/1/rule/11/1/p"" IdURI=""http://www.legislation.gov.uk/id/nisr/1980/346/schedule/1/rule/11/1/p"" id=""schedule-1"
WS-01,ukpga/1998/42,section-4,whole-act,text,SI,nisr/1980/346,http://www.legislation.gov.uk/id/nisr/1980/346,schedule-1-group-2-group-2-part-29-rule-11,true,http://www.legislation.gov.uk/id/ukpga/1998/42,in which there is an issue which may lead to the Court considering whether to make a declaration of incompatibility under section 4 of the Human Rights Act 1998,"/11/1/p"" IdURI=""http://www.legislation.gov.uk/id/nisr/1980/346/schedule/1/rule/11/1/p"" id=""schedule-1-rule-11-1-p""><Pnumber>p</Pnumber><P3para><Text>proceedings in which there is an issue which may lead to the Court considering whether to make a declaration of incompatibility under section 4 of the Human Rights Act 1998.].</Text></P3para></P3></P2para></P2><P2 DocumentURI=""http://www.legislation.gov.uk/nisr/1980/346/schedule/1/group/2/group/2/part/29/rule/11/2"" IdURI=""http://www.legislation.gov.uk/id/nisr/1980/346/schedule/1/group/2/group/2/part/29/rule/11/2"" id=""schedule-1-group-2-group-2-par"
WS-01,ukpga/1998/42,section-1,whole-act,text,SI,nisr/1980/346,http://www.legislation.gov.uk/id/nisr/1980/346,schedule-1-group-4-group-4-part-1-rule-3,true,http://www.legislation.gov.uk/id/ukpga/1998/42,"id=""schedule-1-rule-3-3A-d"">da secure accommodation order made under Article 44 of the Children (Northern Ireland) Order 1995,the Court determines that a Convention right, as defined in section 1 of the Human Rights Act 1998","e/3/3A/d"" id=""schedule-1-rule-3-3A-d""><Pnumber>d</Pnumber><P3para><Text>a secure accommodation order made under Article 44 of the Children (Northern Ireland) Order 1995<FootnoteRef Ref=""f00309""/>,</Text></P3para></P3><Text>the Court determines that a Convention right, as defined in section 1 of the Human Rights Act 1998, of the applicant or appellant have been infringed by the making of the order to which the application or appeal relates, the Court shall so specify in its judgment.].</Text></P2para></P2></P1para></P1></P1group><P1group RestrictStartDate=""2016-10-31"" RestrictExtent=""N.I.""><Tit"
WS-01,ukpga/1998/42,section-4,whole-act,text,SI,nisr/1980/346,http://www.legislation.gov.uk/id/nisr/1980/346,schedule-1-group-8-group-8-part-10-rule-2,true,http://www.legislation.gov.uk/id/ukpga/1998/42,[ and]i whether the making of a declaration of incompatibility under section 4 of the Human Rights Act 1998,"uk/nisr/1980/346/schedule/1/rule/2/2/i"" IdURI=""http://www.legislation.gov.uk/id/nisr/1980/346/schedule/1/rule/2/2/i"" id=""schedule-1-rule-2-2-i""><Pnumber PuncBefore=""[("">i</Pnumber><P3para><Text><FootnoteRef Ref=""f00488""/> whether the making of a declaration of incompatibility under section 4 of the Human Rights Act 1998 has arisen or may arise in the proceedings.]</Text></P3para></P3></P2para></P2><P2 DocumentURI=""http://www.legislation.gov.uk/nisr/1980/346/schedule/1/group/8/group/8/part/10/rule/2/3"" IdURI=""http://www.legislation.gov.uk/id/nisr/1980/346/schedule/1/group/8/group/8/part/10/rule"
WS-01,ukpga/1998/42,,whole-act,text,SI,nisr/1980/346,http://www.legislation.gov.uk/id/nisr/1980/346,schedule-1-group-8-group-8-part-59-rule-1,true,http://www.legislation.gov.uk/id/ukpga/1998/42,"IdURI=""http://www.legislation.gov.uk/id/nisr/1980/346/schedule/1/group/8/group/8/part/59/rule/1"" id=""schedule-1-group-8-group-8-part-59-rule-1"" shortId=""schedule-1-rule-1"">1In this Order—“the Act” means the Human Rights Act 1998","6/schedule/1/group/8/group/8/part/59/rule/1"" id=""schedule-1-group-8-group-8-part-59-rule-1"" shortId=""schedule-1-rule-1""><Pnumber>1</Pnumber><P1para><Text>In this Order—</Text><UnorderedList Decoration=""none"" Class=""Definition""><ListItem><Para><Text>“<Term id=""term-the-act"">the Act</Term>” means the Human Rights Act 1998<FootnoteRef Ref=""f00898""/>;</Text></Para></ListItem><ListItem><Para><Text>“<Term id=""term-appropriate-person"">appropriate person</Term>” has the same meaning as in section 9(5) of the Act;</Text></Para></ListItem><ListItem><Para><Text>“<Term id=""term-convention-rights"">Conventi"
WS-01,ukpga/1998/42,,whole-act,text,SI,nisr/1980/346,http://www.legislation.gov.uk/id/nisr/1980/346,schedule-1-group-8-group-8-part-60-rule-1,true,http://www.legislation.gov.uk/id/ukpga/1998/42,"IdURI=""http://www.legislation.gov.uk/id/nisr/1980/346/schedule/1/group/8/group/8/part/60/rule/1"" id=""schedule-1-group-8-group-8-part-60-rule-1"" shortId=""schedule-1-rule-1"">1In this Order—“the Act” means the Human Rights Act 1998","6/schedule/1/group/8/group/8/part/60/rule/1"" id=""schedule-1-group-8-group-8-part-60-rule-1"" shortId=""schedule-1-rule-1""><Pnumber>1</Pnumber><P1para><Text>In this Order—</Text><UnorderedList Decoration=""none"" Class=""Definition""><ListItem><Para><Text>“<Term id=""term-the-act"">the Act</Term>” means the Human Rights Act 1998<FootnoteRef Ref=""f00906""/>;</Text></Para></ListItem><ListItem><Para><Text>“<Term id=""term-appropriate-person"">appropriate person</Term>” has the same meaning as in section 9(5) of the Act;</Text></Para></ListItem><ListItem><Para><Text>“<Term id=""term-convention-rights"">Conventi"
WS-01,ukpga/1998/42,,whole-act,text,SI,nisr/1981/225,http://www.legislation.gov.uk/id/nisr/1981/225,part-52-chapter-7-rule-22,true,http://www.legislation.gov.uk/id/ukpga/1998/42,this Part—“the Act” means the Human Rights Act 1998,"p://www.legislation.gov.uk/id/nisr/1981/225/part/52/chapter/7/rule/22"" id=""part-52-chapter-7-rule-22"" shortId=""rule-22""><Pnumber>22</Pnumber><P1para><Text>In this Part—</Text><UnorderedList Decoration=""none"" Class=""Definition""><ListItem><Para><Text>“<Term id=""term-the-act"">the Act</Term>” means the Human Rights Act 1998<FootnoteRef Ref=""f00459""/>;</Text></Para></ListItem><ListItem><Para><Text>“<Term id=""term-appropriate-person"">appropriate person</Term>” has the same meaning as in Section 9(5) of the Act;</Text></Para></ListItem><ListItem><Para><Text>“Convention rights” has the same meaning as"
WS-01,ukpga/1998/42,section-9-5,whole-act,text,SI,nisr/1981/225,http://www.legislation.gov.uk/id/nisr/1981/225,part-52-chapter-7-rule-26,true,http://www.legislation.gov.uk/id/ukpga/1998/42,thereafter; andcwhere a Minister has nominated a person or a government department under section 9(5) of the Human Rights Act 1998,"part/52/chapter/7/rule/26/2/c"" IdURI=""http://www.legislation.gov.uk/id/nisr/1981/225/part/52/chapter/7/rule/26/2/c"" id=""part-52-chapter-7-rule-26-2-c"" shortId=""rule-26-2-c""><Pnumber>c</Pnumber><P3para><Text>where a Minister has nominated a person or a government department under section 9(5) of the Human Rights Act 1998, shall be accompanied by a copy of that nomination in writing.</Text></P3para></P3></P2para></P2><P2 DocumentURI=""http://www.legislation.gov.uk/nisr/1981/225/part/52/chapter/7/rule/26/3"" IdURI=""http://www.legislation.gov.uk/id/nisr/1981/225/part/52/chapter/7/rule/26/3"" id=""part"
WS-01,ukpga/1998/42,section-7-1,whole-act,text,SI,nisr/1981/225,http://www.legislation.gov.uk/id/nisr/1981/225,part-58-rule-7,true,http://www.legislation.gov.uk/id/ukpga/1998/42,"VII, RULES 25 AND 26[FORM 399Notice of intention to be joined as a party to proceedings under section 7(1) (a) of the Human Rights Act 1998","mage ResourceRef=""r00519"" Width=""351.48pt"" Height=""155.16pt""/></Figure></Form><Form><Number>[<FootnoteRef Ref=""f00831""/><CommentaryRef Ref=""key-REDACTED-CLML-COMMENTARY-HANDLE""/>FORM 399</Number><TitleBlock><Title><Strong>Notice of intention to be joined as a party to proceedings under section 7(1)(a) of the Human Rights Act 1998 in respect of a judicial act</Strong></Title><Title>ORDER 52, PART VII, RULE 26</Title></TitleBlock><Figure ImageLayout=""vertical"" Orientation=""portrait""><Image ResourceRef=""r00520"" Width=""356.40pt"" Height=""159.00pt""/></Figure></Form><Form><Number>[<FootnoteRef Ref="""
WS-01,ukpga/1998/42,section-7-1,whole-act,text,SI,nisr/1981/225,http://www.legislation.gov.uk/id/nisr/1981/225,part-58-rule-7,true,http://www.legislation.gov.uk/id/ukpga/1998/42,"in proceedings otherwise than in originating process or notice of appealORDER 52, PART VII, RULE 24FORM 398Notice to appropriate person of proceedings under section 7(1) (a) of Human Rights Act 1998","DER 52, PART VII, RULE 24</Title></TitleBlock><Figure ImageLayout=""vertical"" Orientation=""portrait""><Image ResourceRef=""r00518"" Width=""351.60pt"" Height=""146.04pt""/></Figure></Form><Form><Number>FORM 398</Number><TitleBlock><Title><Strong>Notice to appropriate person of proceedings under section 7(1)(a) of Human Rights Act 1998 in respect of a judicial act</Strong></Title><Title>ORDER 52, PART VII, RULES 25 AND 26</Title></TitleBlock><Figure ImageLayout=""vertical"" Orientation=""portrait""><Image ResourceRef=""r00519"" Width=""351.48pt"" Height=""155.16pt""/></Figure></Form><Form><Number>[<FootnoteRef R"
WS-01,ukpga/1998/42,section-7-1-a,whole-act,text,SI,nisr/1981/225,http://www.legislation.gov.uk/id/nisr/1981/225,part-58-rule-7,true,http://www.legislation.gov.uk/id/ukpga/1998/42,7(1)(a) of the Human Rights Act 1998 in respect of a judicial act398notice of intention to be joined as a party to proceedings under section 7(1)(a) of the Human Rights Act 1998,"e Human Rights Act 1998 in respect of a judicial act</td><td colspan=""1"" rowspan=""1"">398</td></tr><tr><td colspan=""1"" rowspan=""1"">notice of intention to be joined as a party to proceedings under section 7(1)(<Emphasis xmlns=""http://www.legislation.gov.uk/namespaces/legislation"">a</Emphasis>) of the Human Rights Act 1998 in respect of a judicial act</td><td colspan=""1"" rowspan=""1"">399]</td></tr><tr><th colspan=""1"" rowspan=""1""><Strong xmlns=""http://www.legislation.gov.uk/namespaces/legislation"">INTERPLEADER:</Strong></th><th colspan=""1"" rowspan=""1""/></tr><tr><td colspan=""1"" rowspan=""1"">notice to"
WS-01,ukpga/1998/42,section-7-1-a,whole-act,text,SI,nisr/1981/225,http://www.legislation.gov.uk/id/nisr/1981/225,part-58-rule-7,true,http://www.legislation.gov.uk/id/ukpga/1998/42,"rowspan=""1"">notice of party raising intention to reply on Convention right (or rights) in proceedings otherwise than in originating process or notice of appeal397notice to appropriate person of proceedings under section 7(1)(a) of the Human Rights Act 1998","oceedings otherwise than in originating process or notice of appeal</td><td colspan=""1"" rowspan=""1"">397</td></tr><tr><td colspan=""1"" rowspan=""1"">notice to appropriate person of proceedings under section 7(1)(<Emphasis xmlns=""http://www.legislation.gov.uk/namespaces/legislation"">a</Emphasis>) of the Human Rights Act 1998 in respect of a judicial act</td><td colspan=""1"" rowspan=""1"">398</td></tr><tr><td colspan=""1"" rowspan=""1"">notice of intention to be joined as a party to proceedings under section 7(1)(<Emphasis xmlns=""http://www.legislation.gov.uk/namespaces/legislation"">a</Emphasis>) of the Hu"
WS-01,ukpga/1998/42,section-21,whole-act,text,SI,nisr/1984/225,http://www.legislation.gov.uk/id/nisr/1984/225,rule-156,true,http://www.legislation.gov.uk/id/ukpga/1998/42,"sub-paragraphs (a) and (b) as appropriate in his Order Book.2In this Rule, “the Convention” has the same meaning as in section 21 of the Human Rights Act 1998"," DocumentURI=""http://www.legislation.gov.uk/nisr/1984/225/rule/156/2"" IdURI=""http://www.legislation.gov.uk/id/nisr/1984/225/rule/156/2"" id=""rule-156-2""><Pnumber>2</Pnumber><P2para><Text>In this Rule, “<Term id=""term-the-convention"">the Convention</Term>” has the same meaning as in section 21 of the Human Rights Act 1998<FootnoteRef Ref=""f00236""/>.]</Text></P2para></P2></P1para></P1></P1group><P1group RestrictStartDate=""2016-10-31"" RestrictExtent=""N.I.""><Title>Return of Recognizance where notice of abandonment of appeal to the county court has been given</Title><P1 DocumentURI=""http://www.legis"
WS-01,ukpga/1998/42,,whole-act,text,SI,nisr/2000/243,http://www.legislation.gov.uk/id/nisr/2000/243,article-2,true,http://www.legislation.gov.uk/id/ukpga/1998/42,"id=""article-2""> 2 The Arrangement of Orders at the beginning of the principal rules shall be amended by adding after the entry relating to Order 120 the following— 121 The Human Rights Act 1998"," Orders at the beginning of the principal rules shall be amended by adding after the entry relating to Order 120 the following—</Text>
<BlockAmendment TargetClass=""unknown"" TargetSubClass=""unknown"" Context=""unknown"" Format=""default"" NumberFormat=""default"">
<P1>
<Pnumber>121</Pnumber>
<P1para>
<Text>The Human Rights Act 1998</Text>
</P1para>
</P1>
</BlockAmendment>
<AppendText>.</AppendText></P1para>
</P1>
</P1group>
<P1group>
<Title>Amendment of the principal rules</Title>
<P1 DocumentURI=""http://www.legislation.gov.uk/nisr/2000/243/article/3/made"" IdURI=""http://www.legislation.gov.uk/id/nisr/"
WS-01,ukpga/1998/42,section-4,whole-act,text,SI,nisr/2000/243,http://www.legislation.gov.uk/id/nisr/2000/243,article-4,true,http://www.legislation.gov.uk/id/ukpga/1998/42,"Rights Act 1998 in respect of a judicial act, as defined in section 9(5) of that Act; p proceedings in which there is an issue which may lead to the Court considering whether to make a declaration of incompatibility under section 4 of the Human Rights Act 1998","P3para>
</P3>
<P3>
<Pnumber>p</Pnumber>
<P3para>
<Text>proceedings in which there is an issue which may lead to <Abbreviation Expansion=""the High Court or the Court of Appeal as appropriate"">the Court</Abbreviation> considering whether to make a declaration of incompatibility under section 4 of the Human Rights Act 1998.</Text>
</P3para>
</P3>
</BlockAmendment>
<AppendText>.</AppendText></P1para>
</P1>
<P1 DocumentURI=""http://www.legislation.gov.uk/nisr/2000/243/article/5/made"" IdURI=""http://www.legislation.gov.uk/id/nisr/2000/243/article/5"" id=""article-5"">
<Pnumber>5</Pnumber>
<P1para>
<Text>"
WS-01,ukpga/1998/42,section-7-1-a,whole-act,text,SI,nisr/2000/243,http://www.legislation.gov.uk/id/nisr/2000/243,article-4,true,http://www.legislation.gov.uk/id/ukpga/1998/42,"32, rule 11 shall be amended by adding after sub-paragraph (n) of paragraph (1), the following new sub-paragraphs— o proceedings under section 7(1)(a) of the Human Rights Act 1998","s>n</Emphasis>) of paragraph (1), the following new sub-paragraphs—</Text>
<BlockAmendment TargetClass=""unknown"" TargetSubClass=""unknown"" Context=""unknown"" Format=""default"" NumberFormat=""default"">
<P3>
<Pnumber>o</Pnumber>
<P3para>
<Text>proceedings under section 7(1)(<Emphasis>a</Emphasis>) of the Human Rights Act 1998 in respect of a judicial act, as defined in section 9(5) of that Act;</Text>
</P3para>
</P3>
<P3>
<Pnumber>p</Pnumber>
<P3para>
<Text>proceedings in which there is an issue which may lead to <Abbreviation Expansion=""the High Court or the Court of Appeal as appropriate"">the Cour"
WS-01,ukpga/1998/42,section-1,whole-act,text,SI,nisr/2000/243,http://www.legislation.gov.uk/id/nisr/2000/243,article-5,true,http://www.legislation.gov.uk/id/ukpga/1998/42,"Corpus; c a refusal to grant bail; d a secure accommodation order made under Article 44 of the Children (Northern Ireland) Order 1995, the Court determines that a Convention right, as defined in section 1 of the Human Rights Act 1998","ail;</Text>
</P3para>
</P3>
<P3>
<Pnumber>d</Pnumber>
<P3para>
<Text>a secure accommodation order made under Article 44 of the Children (Northern Ireland) Order 1995<FootnoteRef Ref=""f00003""/>,</Text>
</P3para>
</P3>
<Text>the Court determines that a Convention right, as defined in section 1 of the Human Rights Act 1998, of the applicant or appellant have been infringed by the making of the order to which the application or appeal relates, the Court shall so specify in its judgment.</Text>
</P1para>
</P1>
</BlockAmendment>
<AppendText>.</AppendText></P1para>
</P1>
<P1 DocumentURI=""http://www.l"
WS-01,ukpga/1998/42,section-4,whole-act,text,SI,nisr/2000/243,http://www.legislation.gov.uk/id/nisr/2000/243,article-6,true,http://www.legislation.gov.uk/id/ukpga/1998/42,"id=""article-6-a-iii""> iii by adding after sub-paragraph (h), the following new sub-paragraph— i whether the making of a declaration of incompatibility under section 4 of the Human Rights Act 1998","sis>h</Emphasis>), the following new sub-paragraph—</Text>
<BlockAmendment TargetClass=""unknown"" TargetSubClass=""unknown"" Context=""unknown"" Format=""default"" NumberFormat=""default"">
<P4>
<Pnumber>i</Pnumber>
<P4para>
<Text>whether the making of a declaration of incompatibility under section 4 of the Human Rights Act 1998 has arisen or may arise in the proceedings.</Text>
</P4para>
</P4>
</BlockAmendment>
<AppendText>;</AppendText></P4para>
</P4>
</P3para>
</P3>
<P3 DocumentURI=""http://www.legislation.gov.uk/nisr/2000/243/article/6/b/made"" IdURI=""http://www.legislation.gov.uk/id/nisr/2000/243/ar"
WS-01,ukpga/1998/42,,whole-act,text,SI,nisr/2000/243,http://www.legislation.gov.uk/id/nisr/2000/243,schedule-paragraph-1,true,http://www.legislation.gov.uk/id/ukpga/1998/42,"IdURI=""http://www.legislation.gov.uk/id/nisr/2000/243/schedule/paragraph/1"" id=""schedule-paragraph-1""> 1 In this Order— “the Act” means the Human Rights Act 1998","on.gov.uk/id/nisr/2000/243/schedule/paragraph/1"" id=""schedule-paragraph-1"">
<Pnumber>1</Pnumber>
<P1para>
<Text>In this Order—</Text>
<UnorderedList Decoration=""none"" Class=""Definition"">
<ListItem>
<Para>
<Text>“<Abbreviation Expansion=""Human Rights Act 1998 c. 42"">the Act</Abbreviation>” means the Human Rights Act 1998<FootnoteRef Ref=""f00004""/>;</Text>
</Para>
</ListItem>
<ListItem>
<Para>
<Text>“appropriate person” has the same meaning as in section 9(5) of the Act;</Text>
</Para>
</ListItem>
<ListItem>
<Para>
<Text>“Convention rights” has the same meaning as in section 1 of the Act;</Text>"
WS-01,ukpga/1998/42,,whole-act,text,SI,nisr/2000/243,http://www.legislation.gov.uk/id/nisr/2000/243,schedule-paragraph-7,true,http://www.legislation.gov.uk/id/ukpga/1998/42,is not part of the Rules.) These Rules amend the Rules of the Supreme Court (Northern Ireland) 1980 so as to: insert a new Order 121 into the principal Rules which prescribes the practice and procedure to be used in proceedings in the High Court or Court of Appeal under the Human Rights Act 1998,"mend the Rules of the Supreme Court (Northern Ireland) 1980 so as to:</Text>
<UnorderedList Decoration=""dash"">
<ListItem>
<Para>
<Text>insert a new Order 121 into the principal Rules which prescribes the practice and procedure to be used in proceedings in the High Court or Court of Appeal under the Human Rights Act 1998.</Text>
</Para>
</ListItem>
<ListItem>
<Para>
<Text>make consequential amendments to the principal Rules.</Text>
</Para>
</ListItem>
</UnorderedList>
</P>
</ExplanatoryNotes>
</Secondary><Footnotes><Footnote id=""f00001"">
<FootnoteText>
<Para>
<Text><Citation URI=""http://www.leg"
WS-01,ukpga/1998/42,,whole-act,text,SI,nisr/2000/243,http://www.legislation.gov.uk/id/nisr/2000/243,,true,http://www.legislation.gov.uk/id/ukpga/1998/42,NORTHERN IRELANDPROCEDURE These Rules amend the Rules of the Supreme Court (Northern Ireland) 1980 so as to:insert a new Order 121 into the principal Rules which prescribes the practice and procedure to be used in proceedings in the High Court or Court of Appeal under the Human Rights Act 1998,"heading"">PROCEDURE</dc:subject>
					<dc:description>These Rules amend the Rules of the Supreme Court (Northern Ireland) 1980 so as to:insert a new Order 121 into the principal Rules which prescribes the practice and procedure to be used in proceedings in the High Court or Court of Appeal under the Human Rights Act 1998.make consequential amendments to the principal Rules.</dc:description>
					<atom:link rel=""self"" href=""http://www.legislation.gov.uk/nisr/2000/243/made/data.xml"" type=""application/xml""/><atom:link rel=""http://www.legislation.gov.uk/def/navigation/resources"" href=""http://www.le"
WS-01,ukpga/1998/42,,whole-act,text,SI,nisr/2000/278,http://www.legislation.gov.uk/id/nisr/2000/278,article-2,true,http://www.legislation.gov.uk/id/ukpga/1998/42,"IdURI=""http://www.legislation.gov.uk/id/nisr/2000/278/article/2"" id=""article-2"">2In these Rules—“the Act” means the Human Rights Act 1998","cle/2"" id=""article-2""><Pnumber><CommentaryRef Ref=""key-REDACTED-CLML-COMMENTARY-HANDLE""/>2</Pnumber><P1para><Text>In these Rules—</Text><UnorderedList Decoration=""none"" Class=""Definition""><ListItem><Para><Text>“<Abbreviation Expansion=""Human Rights Act 1998 c. 42"">the Act</Abbreviation>” means the Human Rights Act 1998 <FootnoteRef Ref=""f00002""/></Text></Para></ListItem><ListItem><Para><Text>“Convention rights” has the same meaning as in section 1 of the Act;</Text></Para></ListItem><ListItem><Para><Text>“<Abbreviation Expansion=""Magistrates' Courts (Northern Ireland) Order 1981 (S.I. 1981/16"
WS-01,ukpga/1998/42,section-1,whole-act,text,SI,nisr/2000/278,http://www.legislation.gov.uk/id/nisr/2000/278,article-5,true,http://www.legislation.gov.uk/id/ukpga/1998/42,"These Rules prescribe the procedure to be used a in civil proceedings in a magistrates' court (rule 3); b on appeal from a magistrates' court to a county court (rule 4), in which Convention rights within the meaning of section 1 of the Human Rights Act 1998","umber>
<P3para>
<Text>in civil proceedings in a magistrates' court (rule 3);</Text>
</P3para>
</P3>
<P3>
<Pnumber>b</Pnumber>
<P3para>
<Text>on appeal from a magistrates' court to a county court (rule 4),</Text>
</P3para>
</P3>
<Text>in which Convention rights within the meaning of section 1 of the Human Rights Act 1998, are relied upon.</Text>
</P>
</ExplanatoryNotes>
</Secondary><Footnotes><Footnote id=""f00001"">
<FootnoteText>
<Para>
<Text><Acronym Expansion=""Statutory Instrument"">S.I.</Acronym> <Citation URI=""http://www.legislation.gov.uk/id/nisi/1981/1675"" id=""c00001"" Class=""NorthernIrelan"
WS-01,ukpga/1998/42,section-21,whole-act,text,SI,nisr/2000/279,http://www.legislation.gov.uk/id/nisr/2000/279,article-2,true,http://www.legislation.gov.uk/id/ukpga/1998/42,"foot of the form of appeal and shall transmit the form of appeal to the clerk of petty sessions who shall enter the details referred to in sub-paragraphs (a) and (b) as appropriate in his Order Book. 2 In this Rule, “the Convention” has the same meaning as in section 21 of the Human Rights Act 1998","o shall enter the details referred to in sub-paragraphs (<Emphasis>a</Emphasis>) and (<Emphasis>b</Emphasis>) as appropriate in his Order Book.</Text>
</P3para>
</P3>
</P2para>
</P2>
<P2>
<Pnumber>2</Pnumber>
<P2para>
<Text>In this Rule, “the Convention” has the same meaning as in section 21 of the Human Rights Act 1998<FootnoteRef Ref=""f00003""/>.</Text>
</P2para>
</P2>
</P1para>
</P1>
</P1group>
</BlockAmendment>
<AppendText>.</AppendText></P1para>
</P1>
</P1group>
<SignedSection DocumentURI=""http://www.legislation.gov.uk/nisr/2000/279/signature/made"" IdURI=""http://www.legislation.gov.uk/id/n"
WS-01,ukpga/1998/42,,whole-act,text,SI,nisr/2000/279,http://www.legislation.gov.uk/id/nisr/2000/279,article-2,true,http://www.legislation.gov.uk/id/ukpga/1998/42,"(This note is not part of the Rules.) These Rules amend the Magistrates' Courts Rules (Northern Ireland) 1984, in consequence of the Human Rights Act 1998","ww.legislation.gov.uk/nisr/2000/279/note/made"" IdURI=""http://www.legislation.gov.uk/id/nisr/2000/279/note"">
<Comment>
<Para>
<Text>(This note is not part of the Rules.)</Text>
</Para>
</Comment>
<P>
<Text>These Rules amend the Magistrates' Courts Rules (Northern Ireland) 1984, in consequence of the Human Rights Act 1998, so as to provide that a finding by a county court on appeal that the making of the order appealed against has infringed the appellant’s rights under Article 5 of the European Convention on Human Rights shall be certified on the notice of appeal and recorded in the Order Book.<"
WS-01,ukpga/1998/42,,whole-act,text,SI,nisr/2000/279,http://www.legislation.gov.uk/id/nisr/2000/279,,true,http://www.legislation.gov.uk/id/ukpga/1998/42,"Ireland) 2000County courtsCivil and human rightsGovernment Printer for Northern Ireland2016-09-07MAGISTRATES' COURTS These Rules amend the Magistrates' Courts Rules (Northern Ireland) 1984, in consequence of the Human Rights Act 1998","ts</dc:subject><dc:publisher>Government Printer for Northern Ireland</dc:publisher><dc:modified>2016-09-07</dc:modified><dc:subject scheme=""SIheading"">MAGISTRATES' COURTS</dc:subject>
					<dc:description>These Rules amend the Magistrates' Courts Rules (Northern Ireland) 1984, in consequence of the Human Rights Act 1998, so as to provide that a finding by a county court on appeal that the making of the order appealed against has infringed the appellant’s rights under Article 5 of the European Convention on Human Rights shall be certified on the notice of appeal and recorded in the Order Book.<"
WS-01,ukpga/1998/42,,whole-act,text,SI,nisr/2000/282,http://www.legislation.gov.uk/id/nisr/2000/282,article-2,true,http://www.legislation.gov.uk/id/ukpga/1998/42,"Format=""default"" NumberFormat=""default""> Part VII The Human Rights Act 1998 Interpretation 22 In this Part— “the Act” means the Human Rights Act 1998"," Human Rights Act 1998</Title>
<P1group>
<Title>Interpretation</Title>
<P1>
<Pnumber>22</Pnumber>
<P1para>
<Text>In this Part—</Text>
<UnorderedList Decoration=""none"" Class=""Definition"">
<ListItem>
<Para>
<Text>“<Abbreviation Expansion=""Human Rights Act 1998 c. 42"">the Act</Abbreviation>” means the Human Rights Act 1998<FootnoteRef Ref=""f00004""/>;</Text>
</Para>
</ListItem>
<ListItem>
<Para>
<Text>“appropriate person” has the same meaning as in Section 9(5) of the Act;</Text>
</Para>
</ListItem>
<ListItem>
<Para>
<Text>“Convention rights” has the same meaning as in section 1 of the Act</Text>
"
WS-01,ukpga/1998/42,,whole-act,text,SI,nisr/2000/282,http://www.legislation.gov.uk/id/nisr/2000/282,article-2,true,http://www.legislation.gov.uk/id/ukpga/1998/42,"IdURI=""http://www.legislation.gov.uk/id/nisr/2000/282/schedule/1"" NumberOfProvisions=""5"" NumberFormat=""default"" id=""schedule-1""> SCHEDULE 1 Rule 2(1); Part VII The Human Rights Act 1998","r/2000/282/schedule/1"" NumberOfProvisions=""5"" NumberFormat=""default"" id=""schedule-1"">
<Number>SCHEDULE 1</Number>
<Reference>Rule 2(1);</Reference>
<ScheduleBody>
<BlockAmendment TargetClass=""unknown"" TargetSubClass=""unknown"" Context=""unknown"" Format=""default"" NumberFormat=""default"">
<Part>
<Number>Part VII</Number>
<Title>The Human Rights Act 1998</Title>
<P1group>
<Title>Interpretation</Title>
<P1>
<Pnumber>22</Pnumber>
<P1para>
<Text>In this Part—</Text>
<UnorderedList Decoration=""none"" Class=""Definition"">
<ListItem>
<Para>
<Text>“<Abbreviation Expansion=""Human Rights Act 1998 c. 42"">the Ac"
WS-01,ukpga/1998/42,section-7-1,whole-act,text,SI,nisr/2000/282,http://www.legislation.gov.uk/id/nisr/2000/282,schedule-1-paragraph-26,true,http://www.legislation.gov.uk/id/ukpga/1998/42,section 7(1)(a) of Human Rights Act 1998 in respect of a judicial act Form 399 Notice of intention to be joined as a party to proceedings under section 7(1) (a) of the Human Rights Act 1998,"</TitleBlock>
<Figure ImageLayout=""vertical"" Orientation=""portrait"">
<Image ResourceRef=""r00001"" Width=""359.52pt"" Height=""181.20pt""/>
</Figure>
</Form>
<Form>
<Number>Form 399</Number>
<TitleBlock>
<Title><Emphasis><Strong>Notice of intention to be joined as a party to proceedings under section 7(1)(a) of the Human Rights Act 1998 in respect of a judicial act</Strong></Emphasis></Title>
</TitleBlock>
<Figure ImageLayout=""vertical"" Orientation=""portrait"">
<Image ResourceRef=""r00002"" Width=""354.96pt"" Height=""200.88pt""/>
</Figure>
</Form>
</ScheduleBody>
</Schedule>
</Schedules>
<ExplanatoryNotes"
WS-01,ukpga/1998/42,section-9-5,whole-act,text,SI,nisr/2000/282,http://www.legislation.gov.uk/id/nisr/2000/282,schedule-1-paragraph-26,true,http://www.legislation.gov.uk/id/ukpga/1998/42,as practicable thereafter; and c where a Minister has nominated a person or a government department under section 9(5) of the Human Rights Act 1998,"ov.uk/nisr/2000/282/schedule/1/paragraph/26/2/c/made"" IdURI=""http://www.legislation.gov.uk/id/nisr/2000/282/schedule/1/paragraph/26/2/c"" id=""schedule-1-paragraph-26-2-c"">
<Pnumber>c</Pnumber>
<P3para>
<Text>where a Minister has nominated a person or a government department under section 9(5) of the Human Rights Act 1998, shall be accompanied by a copy of that nomination in writing.</Text>
</P3para>
</P3>
</P2para>
</P2>
<P2 DocumentURI=""http://www.legislation.gov.uk/nisr/2000/282/schedule/1/paragraph/26/3/made"" IdURI=""http://www.legislation.gov.uk/id/nisr/2000/282/schedule/1/paragraph/26/3"" id"
WS-01,ukpga/1998/42,,whole-act,text,SI,nisr/2000/282,http://www.legislation.gov.uk/id/nisr/2000/282,schedule-1-paragraph-26,true,http://www.legislation.gov.uk/id/ukpga/1998/42,(This note is not part of the Rules) These Rules amend the County Court Rules (Northern Ireland) 1981 so as to insert into Order 52 a new Part VII which prescribes the practice and procedure in relation to proceedings in a county court under the Human Rights Act 1998,"ent>
<Para>
<Text>(This note is not part of the Rules)</Text>
</Para>
</Comment>
<P>
<Text>These Rules amend the County Court Rules (Northern Ireland) 1981 so as to insert into Order 52 a new Part VII which prescribes the practice and procedure in relation to proceedings in a county court under the Human Rights Act 1998.</Text>
</P>
</ExplanatoryNotes>
</Secondary><Footnotes><Footnote id=""f00001"">
<FootnoteText>
<Para>
<Text><Acronym Expansion=""Statutory Instrument"">S.I.</Acronym> <Citation URI=""http://www.legislation.gov.uk/id/nisi/1980/397"" id=""c00001"" Class=""NorthernIrelandOrderInCouncil"" A"
WS-01,ukpga/1998/42,section-7-1,whole-act,text,SI,nisr/2000/282,http://www.legislation.gov.uk/id/nisr/2000/282,schedule-1-paragraph-26,true,http://www.legislation.gov.uk/id/ukpga/1998/42,(or rights) in proceedings otherwise than in originating process or notice of appeal Form 398 Notice to appropriate person of proceedings under section 7(1) (a) of Human Rights Act 1998,"hasis></Title>
</TitleBlock>
<Figure ImageLayout=""vertical"" Orientation=""portrait"">
<Image ResourceRef=""r00000"" Width=""364.32pt"" Height=""182.16pt""/>
</Figure>
</Form>
<Form>
<Number>Form 398</Number>
<TitleBlock>
<Title><Emphasis><Strong>Notice to appropriate person of proceedings under section 7(1)(a) of Human Rights Act 1998 in respect of a judicial act</Strong></Emphasis></Title>
</TitleBlock>
<Figure ImageLayout=""vertical"" Orientation=""portrait"">
<Image ResourceRef=""r00001"" Width=""359.52pt"" Height=""181.20pt""/>
</Figure>
</Form>
<Form>
<Number>Form 399</Number>
<TitleBlock>
<Title><Emphasis"
WS-01,ukpga/1998/42,article-47,whole-act,enabling,SI,nisr/2000/282,http://www.legislation.gov.uk/id/nisr/2000/282,,true,http://www.legislation.gov.uk/id/ukpga/1998/42,"Committee, appointed by the Lord Chancellor under Article 46 of the County Courts (Northern Ireland) Order 1980 , in exercise of the powers conferred on us by Article 47 of that Order, sections 7(2) and (9) of the Human Rights Act 1998","Para>
<Text>We, the County Court Rules Committee, appointed by the Lord Chancellor under Article 46 of the County Courts (Northern Ireland) Order 1980<FootnoteRef Ref=""f00001""/>, in exercise of the powers conferred on us by Article 47 of that Order, sections 7(2) and (9) of the Human Rights Act 1998<FootnoteRef Ref=""f00002""/>, and all other powers enabling us in that behalf, hereby make the following Rules:—</Text>
</Para>
</EnactingText>"
WS-01,ukpga/1998/42,,whole-act,text,SI,nisr/2000/282,http://www.legislation.gov.uk/id/nisr/2000/282,,true,http://www.legislation.gov.uk/id/ukpga/1998/42,Printer for Northern Ireland2016-10-12COUNTY COURTS These Rules amend the County Court Rules (Northern Ireland) 1981 so as to insert into Order 52 a new Part VII which prescribes the practice and procedure in relation to proceedings in a county court under the Human Rights Act 1998,"dc:modified><dc:subject scheme=""SIheading"">COUNTY COURTS</dc:subject>
					<dc:description>These Rules amend the County Court Rules (Northern Ireland) 1981 so as to insert into Order 52 a new Part VII which prescribes the practice and procedure in relation to proceedings in a county court under the Human Rights Act 1998.</dc:description>
					<atom:link rel=""self"" href=""http://www.legislation.gov.uk/nisr/2000/282/made/data.xml"" type=""application/xml""/><atom:link rel=""http://www.legislation.gov.uk/def/navigation/resources"" href=""http://www.legislation.gov.uk/nisr/2000/282/resources"" title=""More"
WS-01,ukpga/1998/42,,whole-act,enabling,SI,nisr/2000/282,http://www.legislation.gov.uk/id/nisr/2000/282,,true,http://www.legislation.gov.uk/id/ukpga/1998/42,"Committee, appointed by the Lord Chancellor under Article 46 of the County Courts (Northern Ireland) Order 1980 , in exercise of the powers conferred on us by Article 47 of that Order, sections 7(2) and (9) of the Human Rights Act 1998","Para>
<Text>We, the County Court Rules Committee, appointed by the Lord Chancellor under Article 46 of the County Courts (Northern Ireland) Order 1980<FootnoteRef Ref=""f00001""/>, in exercise of the powers conferred on us by Article 47 of that Order, sections 7(2) and (9) of the Human Rights Act 1998<FootnoteRef Ref=""f00002""/>, and all other powers enabling us in that behalf, hereby make the following Rules:—</Text>
</Para>
</EnactingText>"
WS-01,ukpga/1998/42,section-4,whole-act,text,SI,nisr/2000/387,http://www.legislation.gov.uk/id/nisr/2000/387,article-2,true,http://www.legislation.gov.uk/id/ukpga/1998/42,"c in Rule 21, after paragraph (1)(c) there shall be inserted the following sub-paragraph— d in the case of a declaration of incompatibility under section 4 of the Human Rights Act 1998","mphasis>) there shall be inserted the following sub-paragraph—</Text>
<BlockAmendment TargetClass=""secondary"" TargetSubClass=""rule"" Context=""main"" Format=""default"" NumberFormat=""default"">
<P3>
<Pnumber>d</Pnumber>
<P3para>
<Text>in the case of a declaration of incompatibility under section 4 of the Human Rights Act 1998, a copy of the declaration shall be served on—</Text>
<P4>
<Pnumber>i</Pnumber>
<P4para>
<Text>all of the parties to the proceedings; and</Text>
</P4para>
</P4>
<P4>
<Pnumber>ii</Pnumber>
<P4para>
<Text>where a Minister of the Crown, Northern Ireland Department or other person "
WS-01,ukpga/1998/42,section-9-5,whole-act,text,SI,nisr/2000/387,http://www.legislation.gov.uk/id/nisr/2000/387,article-2,true,http://www.legislation.gov.uk/id/ukpga/1998/42,the Court may specify after the date of service of notice under Rule 20C; b a copy shall be served on each of the parties to the proceedings as soon as practicable thereafter; and c where a Minister has nominated a person or government department under section 9(5) of the Human Rights Act 1998,"<P3>
<Pnumber>b</Pnumber>
<P3para>
<Text>a copy shall be served on each of the parties to the proceedings as soon as practicable thereafter; and</Text>
</P3para>
</P3>
<P3>
<Pnumber>c</Pnumber>
<P3para>
<Text>where a Minister has nominated a person or government department under section 9(5) of the Human Rights Act 1998, shall be accompanied by a copy of that nomination in writing.</Text>
</P3para>
</P3>
</P2para>
</P2>
<P2>
<Pnumber>3</Pnumber>
<P2para>
<Text>Where the appropriate person does not give notice within the time allowed by paragraph (2) above, the Court may direct that he be joine"
WS-01,ukpga/1998/42,section-7-1-a,whole-act,text,SI,nisr/2000/387,http://www.legislation.gov.uk/id/nisr/2000/387,article-2,true,http://www.legislation.gov.uk/id/ukpga/1998/42,"of the Human Rights Act 1998, shall be accompanied by a copy of that nomination in writing. Proceedings in respect of judicial act: Notice to appropriate person 20C 1 Where proceedings under section 7(1)(a) of the Human Rights Act 1998","
</P3para>
</P3>
</P2para>
</P2>
</P1para>
</P1>
</P1group>
<P1group>
<Title>Proceedings in respect of judicial act: Notice to appropriate person</Title>
<P1>
<Pnumber>20C</Pnumber>
<P1para>
<P2>
<Pnumber>1</Pnumber>
<P2para>
<Text>Where proceedings under section 7(1)(<Emphasis>a</Emphasis>) of the Human Rights Act 1998 in respect of a judicial act are brought in the Court of Appeal in accordance with section 9(1)(<Emphasis>a</Emphasis>) of that Act, the Court shall give notice of those proceedings to the appropriate person.</Text>
</P2para>
</P2>
<P2>
<Pnumber>2</Pnumber>
<P2para>
<Text>The n"
WS-01,ukpga/1998/42,section-5-2-a,whole-act,text,SI,nisr/2000/387,http://www.legislation.gov.uk/id/nisr/2000/387,article-2,true,http://www.legislation.gov.uk/id/ukpga/1998/42,above— a shall be in writing and shall be filed in the Central Office of the Supreme Court and a copy shall be served as soon as practicable thereafter on each of the parties to the proceedings; b where a Minister has nominated a person under section 5(2)(a) of the Human Rights Act 1998,"n the Central Office of the Supreme Court and a copy shall be served as soon as practicable thereafter on each of the parties to the proceedings;</Text>
</P3para>
</P3>
<P3>
<Pnumber>b</Pnumber>
<P3para>
<Text>where a Minister has nominated a person under section 5(2)(<Emphasis>a</Emphasis>) of the Human Rights Act 1998, shall be accompanied by a copy of that nomination in writing.</Text>
</P3para>
</P3>
</P2para>
</P2>
</P1para>
</P1>
</P1group>
<P1group>
<Title>Proceedings in respect of judicial act: Notice to appropriate person</Title>
<P1>
<Pnumber>20C</Pnumber>
<P1para>
<P2>
<Pnumber>1</P"
WS-01,ukpga/1998/42,section-5-1,whole-act,text,SI,nisr/2000/387,http://www.legislation.gov.uk/id/nisr/2000/387,article-2,true,http://www.legislation.gov.uk/id/ukpga/1998/42,referred to in paragraph (1) above shall be in writing and shall contain such information as the Court considers necessary. Declaration of incompatibility: Notice of intention to be joined as a party 20B 1 In any case to which section 5(1) of the Human Rights Act 1998,"he Court considers necessary.</Text>
</P2para>
</P2>
</P1para>
</P1>
</P1group>
<P1group>
<Title>Declaration of incompatibility: Notice of intention to be joined as a party</Title>
<P1>
<Pnumber>20B</Pnumber>
<P1para>
<P2>
<Pnumber>1</Pnumber>
<P2para>
<Text>In any case to which section 5(1) of the Human Rights Act 1998 applies, a Minister, Northern Ireland Department or other person entitled under section 5(2) of that Act to be joined as a party to the proceedings, shall be so joined on giving notice in accordance with paragraph (2) below.</Text>
</P2para>
</P2>
<P2>
<Pnumber>2</Pnumber>
<P2p"
WS-01,ukpga/1998/42,section-4,whole-act,text,SI,nisr/2000/387,http://www.legislation.gov.uk/id/nisr/2000/387,article-2,true,http://www.legislation.gov.uk/id/ukpga/1998/42,"TargetSubClass=""unknown"" Context=""unknown"" Format=""default"" NumberFormat=""default""> Declaration of incompatibility: Notice to the Crown 20A 1 Where at any time in proceedings the Court is considering whether to make a declaration of incompatibility under section 4 of the Human Rights Act 1998","mat=""default"">
<P1group>
<Title>Declaration of incompatibility: Notice to the Crown</Title>
<P1>
<Pnumber>20A</Pnumber>
<P1para>
<P2>
<Pnumber>1</Pnumber>
<P2para>
<Text>Where at any time in proceedings the Court is considering whether to make a declaration of incompatibility under section 4 of the Human Rights Act 1998, it shall give notice—</Text>
<P3>
<Pnumber>a</Pnumber>
<P3para>
<Text>to the Crown; and</Text>
</P3para>
</P3>
<P3>
<Pnumber>b</Pnumber>
<P3para>
<Text>to each of the parties to the proceedings as soon as practicable thereafter.</Text>
</P3para>
</P3>
</P2para>
</P2>
<P2>
<Pnu"
WS-01,ukpga/1998/42,section-9-3,whole-act,text,SI,nisr/2000/387,http://www.legislation.gov.uk/id/nisr/2000/387,article-2,true,http://www.legislation.gov.uk/id/ukpga/1998/42,"Rights Act 1998, details of the legislative provision or provisions alleged to be incompatible and the grounds on which it is (or they are) alleged to be incompatible; iii where the appellant is claiming for damages in respect of a judicial act to which section 9(3) of the Human Rights Act 1998","slative provision or provisions alleged to be incompatible and the grounds on which it is (or they are) alleged to be incompatible;</Text>
</P4para>
</P4>
<P4>
<Pnumber>iii</Pnumber>
<P4para>
<Text>where the appellant is claiming for damages in respect of a judicial act to which section 9(3) of the Human Rights Act 1998 applies, notice of that fact and details of the judicial act complained of.</Text>
</P4para>
</P4>
</P3para>
</P3>
<P3>
<Pnumber PuncAfter="") "">ab</Pnumber>
<P3para>
<Text>Sub-paragraph (<Emphasis>a</Emphasis>)(i) above shall not apply to any appellant except where such an appe"
WS-01,ukpga/1998/42,section-4,whole-act,text,SI,nisr/2000/387,http://www.legislation.gov.uk/id/nisr/2000/387,article-2,true,http://www.legislation.gov.uk/id/ukpga/1998/42,rights (as defined by section 1 of the Human Rights Act 1998) which the appellant alleges have been (or would be) infringed and details of the alleged infringement; ii where the appellant intends to apply to the Court for a declaration of incompatibility under section 4 of the Human Rights Act 1998,"uman Rights Act 1998) which the appellant alleges have been (or would be) infringed and details of the alleged infringement;</Text>
</P4para>
</P4>
<P4>
<Pnumber>ii</Pnumber>
<P4para>
<Text>where the appellant intends to apply to the Court for a declaration of incompatibility under section 4 of the Human Rights Act 1998, details of the legislative provision or provisions alleged to be incompatible and the grounds on which it is (or they are) alleged to be incompatible;</Text>
</P4para>
</P4>
<P4>
<Pnumber>iii</Pnumber>
<P4para>
<Text>where the appellant is claiming for damages in respect of a "
WS-01,ukpga/1998/42,section-1,whole-act,text,SI,nisr/2000/387,http://www.legislation.gov.uk/id/nisr/2000/387,article-2,true,http://www.legislation.gov.uk/id/ukpga/1998/42,aa A notice of the grounds of appeal or application set out in Form 3 shall include— i details of any Convention right or rights (as defined by section 1 of the Human Rights Act 1998,"rmat=""default"" NumberFormat=""default"">
<P3>
<Pnumber PuncAfter="") "">aa</Pnumber>
<P3para>
<Text>A notice of the grounds of appeal or application set out in Form 3 shall include—</Text>
<P4>
<Pnumber>i</Pnumber>
<P4para>
<Text>details of any Convention right or rights (as defined by section 1 of the Human Rights Act 1998) which the appellant alleges have been (or would be) infringed and details of the alleged infringement;</Text>
</P4para>
</P4>
<P4>
<Pnumber>ii</Pnumber>
<P4para>
<Text>where the appellant intends to apply to the Court for a declaration of incompatibility under section 4 of the"
WS-01,ukpga/1998/42,section-5-2,whole-act,text,SI,nisr/2000/387,http://www.legislation.gov.uk/id/nisr/2000/387,article-2,true,http://www.legislation.gov.uk/id/ukpga/1998/42,"of incompatibility under section 4 of the Human Rights Act 1998, a copy of the declaration shall be served on— i all of the parties to the proceedings; and ii where a Minister of the Crown, Northern Ireland Department or other person entitled under section 5(2) of the Human Rights Act 1998","e declaration shall be served on—</Text>
<P4>
<Pnumber>i</Pnumber>
<P4para>
<Text>all of the parties to the proceedings; and</Text>
</P4para>
</P4>
<P4>
<Pnumber>ii</Pnumber>
<P4para>
<Text>where a Minister of the Crown, Northern Ireland Department or other person entitled under section 5(2) of the Human Rights Act 1998 to be joined as a party, has not been so joined, the Crown in accordance with Rule 20A(2) above.</Text>
</P4para>
</P4>
</P3para>
</P3>
</BlockAmendment>
<AppendText>.</AppendText></P3para>
</P3>
</P1para>
</P1>
</P1group>
<SignedSection DocumentURI=""http://www.legislation.gov."
WS-01,ukpga/1998/42,,whole-act,text,SI,nisr/2000/387,http://www.legislation.gov.uk/id/nisr/2000/387,article-2,true,http://www.legislation.gov.uk/id/ukpga/1998/42,(This note is not part of the Rules.) These Rules amend the Criminal Appeal (Northern Ireland) Rules 1968 to prescribe the practice and procedure to apply where issues under the Human Rights Act 1998,""" IdURI=""http://www.legislation.gov.uk/id/nisr/2000/387/note"">
<Comment>
<Para>
<Text>(This note is not part of the Rules.)</Text>
</Para>
</Comment>
<P>
<Text>These Rules amend the Criminal Appeal (Northern Ireland) Rules 1968 to prescribe the practice and procedure to apply where issues under the Human Rights Act 1998 arise in criminal appeal proceedings in the Court of Appeal.</Text>
</P>
</ExplanatoryNotes>
</Secondary><Footnotes><Footnote id=""f00001"">
<FootnoteText>
<Para>
<Text><Citation URI=""http://www.legislation.gov.uk/id/ukpga/1978/23"" id=""c00001"" Class=""UnitedKingdomPublicGeneralAct"
WS-01,ukpga/1998/42,section-5,whole-act,enabling,SI,nisr/2000/387,http://www.legislation.gov.uk/id/nisr/2000/387,,true,http://www.legislation.gov.uk/id/ukpga/1998/42,"the Northern Ireland Supreme Court Rules Committee, being the authority for the time being having power under section 55 of the Judicature (Northern Ireland) Act 1978 and section 5 of the Human Rights Act 1998","<EnactingText>
<Para>
<Text>We, the Northern Ireland Supreme Court Rules Committee, being the authority for the time being having power under section 55 of the Judicature (Northern Ireland) Act 1978<FootnoteRef Ref=""f00001""/> and section 5 of the Human Rights Act 1998<FootnoteRef Ref=""f00002""/> to make, amend or revoke rules regulating the practice and procedure of the Supreme Court of Judicature of Northern Ireland, hereby with the concurrence of the Lord Chancellor, exercise those powers and all other powers enabling us in that behalf as follows:—</Text>
</Par"
WS-01,ukpga/1998/42,,whole-act,text,SI,nisr/2000/387,http://www.legislation.gov.uk/id/nisr/2000/387,,true,http://www.legislation.gov.uk/id/ukpga/1998/42,"and human rightsGovernment Printer for Northern Ireland2022-05-17CRIMINAL PROCEDURE, NORTHERN IRELAND These Rules amend the Criminal Appeal (Northern Ireland) Rules 1968 to prescribe the practice and procedure to apply where issues under the Human Rights Act 1998","reland</dc:publisher><dc:modified>2022-05-17</dc:modified><dc:subject scheme=""SIheading"">CRIMINAL PROCEDURE, NORTHERN IRELAND</dc:subject>
					<dc:description>These Rules amend the Criminal Appeal (Northern Ireland) Rules 1968 to prescribe the practice and procedure to apply where issues under the Human Rights Act 1998 arise in criminal appeal proceedings in the Court of Appeal.</dc:description>
					<atom:link rel=""self"" href=""http://www.legislation.gov.uk/nisr/2000/387/made/data.xml"" type=""application/xml""/><atom:link rel=""http://www.legislation.gov.uk/def/navigation/resources"" href=""http:/"
WS-01,ukpga/1998/42,,whole-act,enabling,SI,nisr/2000/387,http://www.legislation.gov.uk/id/nisr/2000/387,,true,http://www.legislation.gov.uk/id/ukpga/1998/42,"the Northern Ireland Supreme Court Rules Committee, being the authority for the time being having power under section 55 of the Judicature (Northern Ireland) Act 1978 and section 5 of the Human Rights Act 1998","<EnactingText>
<Para>
<Text>We, the Northern Ireland Supreme Court Rules Committee, being the authority for the time being having power under section 55 of the Judicature (Northern Ireland) Act 1978<FootnoteRef Ref=""f00001""/> and section 5 of the Human Rights Act 1998<FootnoteRef Ref=""f00002""/> to make, amend or revoke rules regulating the practice and procedure of the Supreme Court of Judicature of Northern Ireland, hereby with the concurrence of the Lord Chancellor, exercise those powers and all other powers enabling us in that behalf as follows:—</Text>
</Par"
WS-01,ukpga/1998/42,section-4,whole-act,text,SI,nisr/2001/250,http://www.legislation.gov.uk/id/nisr/2001/250,article-2,true,http://www.legislation.gov.uk/id/ukpga/1998/42,"ii by inserting after paragraph (1), the following new paragraph— 1A Where the final determination relates to an application for a declaration of incompatibility under section 4 of the Human Rights Act 1998","w paragraph—</Text>
<BlockAmendment TargetClass=""unknown"" TargetSubClass=""unknown"" Context=""unknown"" Format=""default"" NumberFormat=""default"">
<P2>
<Pnumber>1A</Pnumber>
<P2para>
<Text>Where the final determination relates to an application for a declaration of incompatibility under section 4 of the Human Rights Act 1998, the proper officer shall serve a copy of the declaration on—</Text>
<P3>
<Pnumber>a</Pnumber>
<P3para>
<Text>any other party to the proceedings not referred to in paragraph (1)(<Emphasis>a</Emphasis>)-(<Emphasis>c</Emphasis>) above; and</Text>
</P3para>
</P3>
<P3>
<Pnumber>b</"
WS-01,ukpga/1998/42,section-5-2,whole-act,text,SI,nisr/2001/250,http://www.legislation.gov.uk/id/nisr/2001/250,article-2,true,http://www.legislation.gov.uk/id/ukpga/1998/42,"shall serve a copy of the declaration on— a any other party to the proceedings not referred to in paragraph (1)(a)-(c) above; and b where a Minister of the Crown, Northern Ireland Department or other person entitled under section 5(2) of the Human Rights Act 1998","y other party to the proceedings not referred to in paragraph (1)(<Emphasis>a</Emphasis>)-(<Emphasis>c</Emphasis>) above; and</Text>
</P3para>
</P3>
<P3>
<Pnumber>b</Pnumber>
<P3para>
<Text>where a Minister of the Crown, Northern Ireland Department or other person entitled under section 5(2) of the Human Rights Act 1998 to be joined as a party, has not been so joined, the Crown in accordance with Rule 20A(2) above.</Text>
</P3para>
</P3>
</P2para>
</P2>
</BlockAmendment>
<AppendText>.</AppendText></P4para>
</P4>
</P3para>
</P3>
</P1para>
</P1>
</P1group>
<SignedSection DocumentURI=""http://www."
WS-01,ukpga/1998/42,,whole-act,text,SI,nisr/2001/250,http://www.legislation.gov.uk/id/nisr/2001/250,article-2,true,http://www.legislation.gov.uk/id/ukpga/1998/42,(This note is not part of the Rules.) These Rules amend the Criminal Appeal (Northern Ireland) Rules 1968 to make corrections to the provisions which apply where issues under the Human Rights Act 1998," IdURI=""http://www.legislation.gov.uk/id/nisr/2001/250/note"">
<Comment>
<Para>
<Text>(This note is not part of the Rules.)</Text>
</Para>
</Comment>
<P>
<Text>These Rules amend the Criminal Appeal (Northern Ireland) Rules 1968 to make corrections to the provisions which apply where issues under the Human Rights Act 1998 arise in criminal appeal proceedings in the Court of Appeal.</Text>
</P>
</ExplanatoryNotes>
</Secondary><Footnotes><Footnote id=""f00001"">
<FootnoteText>
<Para>
<Text><Citation URI=""http://www.legislation.gov.uk/id/ukpga/1978/23"" id=""c00002"" Class=""UnitedKingdomPublicGeneralAct"
WS-01,ukpga/1998/42,,whole-act,text,SI,nisr/2001/250,http://www.legislation.gov.uk/id/nisr/2001/250,,true,http://www.legislation.gov.uk/id/ukpga/1998/42,"and human rightsGovernment Printer for Northern Ireland2022-05-17CRIMINAL PROCEDURE, NORTHERN IRELAND These Rules amend the Criminal Appeal (Northern Ireland) Rules 1968 to make corrections to the provisions which apply where issues under the Human Rights Act 1998","eland</dc:publisher><dc:modified>2022-05-17</dc:modified><dc:subject scheme=""SIheading"">CRIMINAL PROCEDURE, NORTHERN IRELAND</dc:subject>
					<dc:description>These Rules amend the Criminal Appeal (Northern Ireland) Rules 1968 to make corrections to the provisions which apply where issues under the Human Rights Act 1998 arise in criminal appeal proceedings in the Court of Appeal.</dc:description>
					<atom:link rel=""self"" href=""http://www.legislation.gov.uk/nisr/2001/250/made/data.xml"" type=""application/xml""/><atom:link rel=""http://www.legislation.gov.uk/def/navigation/resources"" href=""http:/"
WS-01,ukpga/1998/42,,whole-act,text,SI,nisr/2002/120,http://www.legislation.gov.uk/id/nisr/2002/120,schedule-paragraph-163,true,http://www.legislation.gov.uk/id/ukpga/1998/42,"id=""schedule-paragraph-163"">163. . . . . . . . . . . . . . . . . . . . . . . . . . . . . . . .Appeals on questions of EC law and the Human Rights Act 1998","key-REDACTED-CLML-COMMENTARY-HANDLE""/>163</Pnumber><P1para><Text>. . . . . . . . . . . . . . . . . . . . . . . . . . . . . . . .</Text></P1para></P1></P1group><P1group RestrictExtent=""N.I."" RestrictStartDate=""2012-09-27"" Status=""Repealed"" Match=""false""><Title>Appeals on questions of EC law and the Human Rights Act 1998</Title><P1 DocumentURI=""http://www.legislation.gov.uk/nisr/2002/120/schedule/paragraph/164"" IdURI=""http://www.legislation.gov.uk/id/nisr/2002/120/schedule/paragraph/164"" id=""schedule-paragraph-164""><Pnumber><CommentaryRef Ref=""key-REDACTED-CLML-COMMENTARY-HANDLE""/>164</Pnumber"
WS-01,ukpga/1998/42,,whole-act,text,SI,nisr/2002/120,http://www.legislation.gov.uk/id/nisr/2002/120,schedule-paragraph-89,true,http://www.legislation.gov.uk/id/ukpga/1998/42,. . XVI. Questions of EC Law and the Human Rights Act 1998,"02/120/schedule/part/XVI."" IdURI=""http://www.legislation.gov.uk/id/nisr/2002/120/schedule/part/XVI."" NumberOfProvisions=""5"" id=""schedule-part-XVI."" RestrictExtent=""N.I."" Status=""Repealed"" Match=""false"" RestrictStartDate=""2012-09-27""><Number><CommentaryRef Ref=""key-REDACTED-CLML-COMMENTARY-HANDLE""/>XVI.</Number><Title>Questions of <Acronym Expansion=""European Community"">EC</Acronym> Law and the Human Rights Act 1998</Title><P1group RestrictExtent=""N.I."" RestrictStartDate=""2012-09-27"" Status=""Repealed"" Match=""false""><Title>Appointment of legal adviser</Title><P1 DocumentURI=""http://www.legislat"
WS-01,ukpga/1998/42,,whole-act,text,SI,nisr/2002/15,http://www.legislation.gov.uk/id/nisr/2002/15,article-4,true,http://www.legislation.gov.uk/id/ukpga/1998/42,with regard to a suspected offence under any of sections 15-18 of the 2000 Act; to amend Order 121 to provide for the Crown to be given notice where the High Court or Court of Appeal is considering the compatibility of subordinate legislation with Convention rights under the Human Rights Act 1998,"f the 2000 Act;</Text>
<OrderedList Decoration=""parens"" Type=""alpha"" Start=""2"">
<ListItem>
<Para>
<Text>to amend Order 121 to provide for the Crown to be given notice where the High Court or Court of Appeal is considering the compatibility of subordinate legislation with Convention rights under the Human Rights Act 1998.</Text>
</Para>
</ListItem>
</OrderedList></Para>
</ListItem>
</UnorderedList>
</P>
</ExplanatoryNotes>
</Secondary><Footnotes><Footnote id=""f00001"">
<FootnoteText>
<Para>
<Text><Citation URI=""http://www.legislation.gov.uk/id/ukpga/1978/23"" id=""c00001"" Class=""UnitedKingdomPubli"
WS-01,ukpga/1998/42,,whole-act,text,SI,nisr/2002/15,http://www.legislation.gov.uk/id/nisr/2002/15,,true,http://www.legislation.gov.uk/id/ukpga/1998/42,with regard to a suspected offence under any of sections 15-18 of the 2000 Act;to amend Order 121 to provide for the Crown to be given notice where the High Court or Court of Appeal is considering the compatibility of subordinate legislation with Convention rights under the Human Rights Act 1998,"rted in Northern Ireland with regard to a suspected offence under any of sections 15-18 of the 2000 Act;to amend Order 121 to provide for the Crown to be given notice where the High Court or Court of Appeal is considering the compatibility of subordinate legislation with Convention rights under the Human Rights Act 1998.</dc:description>
					<atom:link rel=""self"" href=""http://www.legislation.gov.uk/nisr/2002/15/made/data.xml"" type=""application/xml""/><atom:link rel=""http://www.legislation.gov.uk/def/navigation/resources"" href=""http://www.legislation.gov.uk/nisr/2002/15/resources"" title=""More R"
WS-01,ukpga/1998/42,,whole-act,text,SI,nisr/2003/68,http://www.legislation.gov.uk/id/nisr/2003/68,schedule-paragraph-D,true,http://www.legislation.gov.uk/id/ukpga/1998/42,2 to make police officers aware of the rights and obligations arising out of the European Convention on Human Rights (Within the meaning of the Human Rights Act 1998,"graph/D/2/made"" IdURI=""http://www.legislation.gov.uk/id/nisr/2003/68/schedule/paragraph/D/2"" id=""schedule-paragraph-D-2"">
<Pnumber>2</Pnumber>
<P2para>
<Text>to make police officers aware of the rights and obligations arising out of the European Convention on Human Rights (Within the meaning of the Human Rights Act 1998).</Text>
</P2para>
</P2>
</P1para>
<P1para>
<Text><Emphasis>(Sourced from: Section 52(1) Police (N.I.) Act 2000)</Emphasis></Text>
</P1para>
</P1>
<P1 DocumentURI=""http://www.legislation.gov.uk/nisr/2003/68/schedule/paragraph/E/made"" IdURI=""http://www.legislation.gov.uk/id/nisr"
WS-01,ukpga/1998/42,,whole-act,text,SI,nisr/2006/206,http://www.legislation.gov.uk/id/nisr/2006/206,schedule-paragraph-114,true,http://www.legislation.gov.uk/id/ukpga/1998/42,"id=""schedule-paragraph-114"">114. . . . . . . . . . . . . . . . . . . . . . . . . . . . . . . .Appeals on questions of EC law and the Human Rights Act 1998","key-REDACTED-CLML-COMMENTARY-HANDLE""/>114</Pnumber><P1para><Text>. . . . . . . . . . . . . . . . . . . . . . . . . . . . . . . .</Text></P1para></P1></P1group><P1group RestrictStartDate=""2012-09-27"" RestrictExtent=""N.I."" Status=""Repealed"" Match=""false""><Title>Appeals on questions of EC law and the Human Rights Act 1998</Title><P1 DocumentURI=""http://www.legislation.gov.uk/nisr/2006/206/schedule/paragraph/115"" IdURI=""http://www.legislation.gov.uk/id/nisr/2006/206/schedule/paragraph/115"" id=""schedule-paragraph-115""><Pnumber><CommentaryRef Ref=""key-REDACTED-CLML-COMMENTARY-HANDLE""/>115</Pnumber"
WS-01,ukpga/1998/42,section-4,whole-act,text,SI,nisr/2006/47,http://www.legislation.gov.uk/id/nisr/2006/47,schedule-1-paragraph-95,true,http://www.legislation.gov.uk/id/ukpga/1998/42,"in respect of a judicial act, as defined in section 9(5) of that Act referred to in paragraph 1(O) of rule 11; and b to hear proceedings in which there is an issue which may lead to the Court considering whether to make a declaration of incompatibility under section 4 of the Human Rights Act 1998","ed in section 9(5) of that Act referred to in paragraph 1(O) of rule 11; and</Text>
</P3para>
</P3>
<P3>
<Pnumber>b</Pnumber>
<P3para>
<Text>to hear proceedings in which there is an issue which may lead to the Court considering whether to make a declaration of incompatibility under section 4 of the Human Rights Act 1998</Text>
</P3para>
</P3>
<Text>shall apply to the Master (Bankruptcy) in relation to insolvency proceedings.</Text>
</P2para>
</P2>
</BlockAmendment>
<AppendText>.</AppendText></P2para>
</P2>
</P1para>
</P1>
</P1group>
<P1group>
<Title>Amendments to Rule 7.05</Title>
<P1 Document"
WS-01,ukpga/1998/42,section-7-1,whole-act,text,SI,nisr/2006/47,http://www.legislation.gov.uk/id/nisr/2006/47,schedule-1-paragraph-95,true,http://www.legislation.gov.uk/id/ukpga/1998/42,paragraph (6) there shall be inserted— 7 In Order 32 of the Supreme Court Rules the exceptions from the powers of a master— a to hear proceedings under section 7(1) (a) of the Human Rights Act 1998,"nown"" TargetSubClass=""unknown"" Context=""unknown"" Format=""default"" NumberFormat=""default"">
<P2>
<Pnumber>7</Pnumber>
<P2para>
<Text>In Order 32 of the Supreme Court Rules the exceptions from the powers of a master—</Text>
<P3>
<Pnumber>a</Pnumber>
<P3para>
<Text>to hear proceedings under section 7(1)(a) of the Human Rights Act 1998 in respect of a judicial act, as defined in section 9(5) of that Act referred to in paragraph 1(O) of rule 11; and</Text>
</P3para>
</P3>
<P3>
<Pnumber>b</Pnumber>
<P3para>
<Text>to hear proceedings in which there is an issue which may lead to the Court considering w"
WS-01,ukpga/1998/42,,whole-act,text,SI,nisr/2008/56,http://www.legislation.gov.uk/id/nisr/2008/56,regulation-3,true,http://www.legislation.gov.uk/id/ukpga/1998/42,"where an offence has been committed, to take measures to bring the offender to justice. When carrying out these duties, police officers shall obey and uphold the law, protect human dignity and uphold the human rights and fundamental freedoms of all persons as enshrined in the Human Rights Act 1998","ring the offender to justice.</Text>
</P3para>
</P3>
<UnorderedList Decoration=""none"">
<ListItem>
<Para>
<Text>When carrying out these duties, police officers shall obey and uphold the law, protect human dignity and uphold the human rights and fundamental freedoms of all persons as enshrined in the Human Rights Act 1998, the European Convention on Human Rights and other relevant international human rights instruments.</Text>
</Para>
</ListItem>
<ListItem>
<Para>
<Text><Emphasis>(Sourced from: Section 32(1) Police (Northern Ireland) Act 2000; Article 2 United Nations Code of Conduct for Law Enf"
WS-01,ukpga/1998/42,,whole-act,text,SI,nisr/2008/56,http://www.legislation.gov.uk/id/nisr/2008/56,regulation-3,true,http://www.legislation.gov.uk/id/ukpga/1998/42,"of harassment or discrimination in any form. f This Code of Ethics is intended: i to lay down standards of conduct and practice for police officers, and ii to make police officers aware of their rights and obligations under the Human Rights Act 1998","ara>
<Text>This Code of Ethics is intended:</Text>
<P4>
<Pnumber>i</Pnumber>
<P4para>
<Text>to lay down standards of conduct and practice for police officers, and</Text>
</P4para>
</P4>
<P4>
<Pnumber>ii</Pnumber>
<P4para>
<Text>to make police officers aware of their rights and obligations under the Human Rights Act 1998 and the European Convention on Human Rights.</Text>
</P4para>
</P4>
</P3para>
</P3>
<P3>
<Pnumber>g</Pnumber>
<P3para>
<Text>The standards in this Code are to be applied to:</Text>
<P4>
<Pnumber>i</Pnumber>
<P4para>
<Text>relationships between police officers and the general pu"
WS-01,ukpga/1998/42,,whole-act,text,SI,nisr/2012/135,http://www.legislation.gov.uk/id/nisr/2012/135,article-4,true,http://www.legislation.gov.uk/id/ukpga/1998/42,"paragraphs (6) and (7), where a judge of the court before which the assisted person is to be tried is of the opinion that in the interests of justice a criminal aid certificate in respect of two counsel must be granted in order to protect the assisted person's rights under the Human Rights Act 1998",">Without prejudice to paragraphs (6) and (7), where a judge of the court before which the assisted person is to be tried is of the opinion that in the interests of justice a criminal aid certificate in respect of two counsel must be granted in order to protect the assisted person's rights under the Human Rights Act 1998 <CommentaryRef Ref=""c21223861""/>, the judge shall grant such a certificate.</Text></P2para></P2></P1para></P1></P1group><P1group RestrictStartDate=""2012-04-16""><Title>Assigning solicitors and counsel: free legal aid in the county court</Title><P1 DocumentURI=""http://www.legisla"
WS-01,ukpga/1998/42,,whole-act,text,SI,nisr/2012/301,http://www.legislation.gov.uk/id/nisr/2012/301,schedule-paragraph-111,true,http://www.legislation.gov.uk/id/ukpga/1998/42,"id=""schedule-paragraph-111-6""> 6 In this section, “the Scheme” means the arbitration scheme set out in the Schedule to the Labour Relations Agency Arbitration Scheme Order (Northern Ireland) 2012. Appeals on questions of EC law and the Human Rights Act 1998","er>6</Pnumber>
<P2para>
<Text>In this section, “the Scheme” means the arbitration scheme set out in the Schedule to the Labour Relations Agency Arbitration Scheme Order (Northern Ireland) 2012.</Text>
</P2para>
</P2>
</P1para>
</P1>
</P1group>
<P1group>
<Title>Appeals on questions of EC law and the Human Rights Act 1998</Title>
<P1 DocumentURI=""http://www.legislation.gov.uk/nisr/2012/301/schedule/paragraph/112/made"" IdURI=""http://www.legislation.gov.uk/id/nisr/2012/301/schedule/paragraph/112"" id=""schedule-paragraph-112"">
<Pnumber>112</Pnumber>
<P1para>
<P2 DocumentURI=""http://www.legislation.g"
WS-01,ukpga/1998/42,,whole-act,text,SI,nisr/2012/301,http://www.legislation.gov.uk/id/nisr/2012/301,schedule-paragraph-112,true,http://www.legislation.gov.uk/id/ukpga/1998/42,"id=""schedule-paragraph-112-2-a""> a of EC law, or b concerning the application of the Human Rights Act 1998","Text>
</P3para></P3>
<P3 DocumentURI=""http://www.legislation.gov.uk/nisr/2012/301/schedule/paragraph/112/2/b/made"" IdURI=""http://www.legislation.gov.uk/id/nisr/2012/301/schedule/paragraph/112/2/b"" id=""schedule-paragraph-112-2-b"">
<Pnumber>b</Pnumber>
<P3para>
<Text>concerning the application of the Human Rights Act 1998.</Text>
</P3para></P3>
</P2para>
</P2>
<P2 DocumentURI=""http://www.legislation.gov.uk/nisr/2012/301/schedule/paragraph/112/3/made"" IdURI=""http://www.legislation.gov.uk/id/nisr/2012/301/schedule/paragraph/112/3"" id=""schedule-paragraph-112-3"">
<Pnumber>3</Pnumber>
<P2para>
<Text>"
WS-01,ukpga/1998/42,,whole-act,text,SI,nisr/2012/301,http://www.legislation.gov.uk/id/nisr/2012/301,schedule-paragraph-4,true,http://www.legislation.gov.uk/id/ukpga/1998/42,There are specified opportunities to appeal or otherwise challenge the result. 4 The Scheme also caters for requirements imposed as a matter of law (e.g. the Human Rights Act 1998,"</P1>
<P1 DocumentURI=""http://www.legislation.gov.uk/nisr/2012/301/schedule/paragraph/4/made"" IdURI=""http://www.legislation.gov.uk/id/nisr/2012/301/schedule/paragraph/4"" id=""schedule-paragraph-4"">
<Pnumber>4</Pnumber>
<P1para>
<Text>The Scheme also caters for requirements imposed as a matter of law (e.g. the Human Rights Act 1998, existing domestic law in the field of arbitration and European Community (hereafter referred to as EC) law).</Text>
</P1para>
</P1>
</Part>
<Part DocumentURI=""http://www.legislation.gov.uk/nisr/2012/301/schedule/part/II/made"" IdURI=""http://www.legislation.gov.uk/id/n"
WS-01,ukpga/1998/42,,whole-act,text,SI,nisr/2012/301,http://www.legislation.gov.uk/id/nisr/2012/301,schedule-paragraph-84,true,http://www.legislation.gov.uk/id/ukpga/1998/42,"of or foreseen. Where permission is granted, any material is to be sent to the LRA, to be forwarded to the arbitrator and all other parties. PART XVI Questions of EC Law and the Human Rights Act 1998","d to the arbitrator and all other parties.</Text>
</P1para>
</P1>
</P1group>
</Part>
<Part DocumentURI=""http://www.legislation.gov.uk/nisr/2012/301/schedule/part/XVI/made"" IdURI=""http://www.legislation.gov.uk/id/nisr/2012/301/schedule/part/XVI"" NumberOfProvisions=""5"" id=""schedule-part-XVI"">
<Number>PART XVI</Number><Title id=""p00070"">Questions of EC Law and the Human Rights Act 1998</Title>
<P1group>
<Title>Appointment of legal adviser</Title>
<P1 DocumentURI=""http://www.legislation.gov.uk/nisr/2012/301/schedule/paragraph/85/made"" IdURI=""http://www.legislation.gov.uk/id/nisr/2012/301/schedule/"
WS-01,ukpga/1998/42,,whole-act,text,SI,nisr/2012/301,http://www.legislation.gov.uk/id/nisr/2012/301,schedule-paragraph-85,true,http://www.legislation.gov.uk/id/ukpga/1998/42,"id=""schedule-paragraph-85""> 85 The arbitrator shall have the power, on the application of any party or of his or her own volition, to require the appointment of a legal adviser to assist with respect to any issue of EC law or the Human Rights Act 1998","isr/2012/301/schedule/paragraph/85"" id=""schedule-paragraph-85"">
<Pnumber>85</Pnumber>
<P1para>
<Text>The arbitrator shall have the power, on the application of any party or of his or her own volition, to require the appointment of a legal adviser to assist with respect to any issue of EC law or the Human Rights Act 1998 that, in the arbitrator’s view and subject to paragraph <InternalLink Ref=""schedule-paragraph-10"" id=""i00048"" IdURI=""http://www.legislation.gov.uk/id/nisr/2012/301/schedule/paragraph/10"" DocumentURI=""http://www.legislation.gov.uk/nisr/2012/301/schedule/paragraph/10/made"">10</In"
WS-01,ukpga/1998/42,,whole-act,text,SI,nisr/2012/301,http://www.legislation.gov.uk/id/nisr/2012/301,schedule-paragraph-89,true,http://www.legislation.gov.uk/id/ukpga/1998/42,"id=""schedule-paragraph-89-2-a""> a of EC law; or b concerning the application of the Human Rights Act 1998","r</Text>
</P3para></P3>
<P3 DocumentURI=""http://www.legislation.gov.uk/nisr/2012/301/schedule/paragraph/89/2/b/made"" IdURI=""http://www.legislation.gov.uk/id/nisr/2012/301/schedule/paragraph/89/2/b"" id=""schedule-paragraph-89-2-b"">
<Pnumber>b</Pnumber>
<P3para>
<Text>concerning the application of the Human Rights Act 1998; and</Text>
</P3para></P3>
<Text>arising in the course of the proceedings which the court is satisfied substantially affects the rights of one or more of the parties.</Text>
</P2para>
</P2>
<P2 DocumentURI=""http://www.legislation.gov.uk/nisr/2012/301/schedule/paragraph/89/3/mad"
WS-01,ukpga/1998/42,,whole-act,text,SI,nisr/2013/171,http://www.legislation.gov.uk/id/nisr/2013/171,article-19,true,http://www.legislation.gov.uk/id/ukpga/1998/42,so orders; or b in any criminal or civil proceedings in Northern Ireland unless it is necessary to avoid a breach of convention rights (within the meaning of the Human Rights Act 1998,"3/171/article/19/2/b/made"" IdURI=""http://www.legislation.gov.uk/id/nisr/2013/171/article/19/2/b"" id=""article-19-2-b"">
<Pnumber>b</Pnumber>
<P3para>
<Text>in any criminal or civil proceedings in Northern Ireland unless it is necessary to avoid a breach of convention rights (within the meaning of the Human Rights Act 1998)<FootnoteRef Ref=""f00002""/>.</Text>
</P3para></P3>
</P2para>
</P2>
<P2 DocumentURI=""http://www.legislation.gov.uk/nisr/2013/171/article/19/3/made"" IdURI=""http://www.legislation.gov.uk/id/nisr/2013/171/article/19/3"" id=""article-19-3"">
<Pnumber>3</Pnumber>
<P2para>
<Text>Where a "
WS-01,ukpga/1998/42,section-6,whole-act,text,SI,nisr/2014/224,http://www.legislation.gov.uk/id/nisr/2014/224,regulation-2,true,http://www.legislation.gov.uk/id/ukpga/1998/42,"of the general public” means an individual who is acting for purposes not connected with that individual's trade, business or profession (and a trade, business or profession may include the performance of a function of a public nature within the meaning of section 6 of the Human Rights Act 1998"," public</Term>” means an individual <CommentaryRef Ref=""c22206901""/> who is acting for purposes not connected with that individual's trade, business or profession (and a trade, business or profession may include the performance of a function of a public nature within the meaning of section 6 of the Human Rights Act 1998 <CommentaryRef Ref=""c22206911""/>);</Text></Para></ListItem><ListItem><Para><Text><CommentaryRef Ref=""key-REDACTED-CLML-COMMENTARY-HANDLE""/>...</Text></Para></ListItem><ListItem><Para><Text>“<Term id=""term-mixture"">mixture</Term>” means a mixture or solution composed of two or "
WS-01,ukpga/1998/42,section-21-1,whole-act,text,SI,nisr/2015/196,http://www.legislation.gov.uk/id/nisr/2015/196,regulation-8,true,http://www.legislation.gov.uk/id/ukpga/1998/42,"IdURI=""http://www.legislation.gov.uk/id/nisr/2015/196/regulation/8/3"" id=""regulation-8-3"">3In this regulation—“the Human Rights Convention” has the meaning given to “the Convention” by section 21(1) of the Human Rights Act 1998","=""regulation-8-3""><Pnumber>3</Pnumber><P2para><Text>In this regulation—</Text><UnorderedList Decoration=""none"" Class=""Definition""><ListItem><Para><Text>“<Term id=""term-the-human-rights-convention"">the Human Rights Convention</Term>” has the meaning given to  “the Convention” by section 21(1) of the Human Rights Act 1998 <CommentaryRef Ref=""c22508901""/>; and</Text></Para></ListItem><ListItem><Para><Text>“relevant determination” is a determination under—</Text></Para><OrderedList Type=""alpha"" Decoration=""parens""><ListItem NumberOverride=""a""><Para><Text>Article 12A(2)(a) of the Order; or</Text></"
WS-01,ukpga/1998/42,,whole-act,text,SI,nisr/2016/41,http://www.legislation.gov.uk/id/nisr/2016/41,regulation-58,true,http://www.legislation.gov.uk/id/ukpga/1998/42,"of harassment or discrimination in any form. This Code of Ethics is intended: to lay down standards of conduct and practice for police officers, and to make police officers aware of their rights and obligations under the Human Rights Act 1998","his Code of Ethics is intended:</Text><OrderedList Decoration=""parens"" Type=""roman"">
<ListItem>
<Para><Text>to lay down standards of conduct and practice for police officers, and</Text></Para>
</ListItem>
<ListItem>
<Para><Text>to make police officers aware of their rights and obligations under the Human Rights Act 1998 and the European Convention on Human Rights.</Text></Para>
</ListItem>
</OrderedList>
</Para>
</ListItem>
<ListItem>
<Para><Text>The standards in this Code are to be applied to:</Text><OrderedList Decoration=""parens"" Type=""roman"">
<ListItem>
<Para><Text>relationships between po"
WS-01,ukpga/1998/42,,whole-act,text,SI,nisr/2016/41,http://www.legislation.gov.uk/id/nisr/2016/41,schedule-paragraph-1.1,true,http://www.legislation.gov.uk/id/ukpga/1998/42,"where an offence has been committed, to take measures to bring the offender to justice. When carrying out these duties, police officers shall obey and uphold the law, protect human dignity and uphold the human rights and fundamental freedoms of all persons as enshrined in the Human Rights Act 1998","n committed, to take measures to bring the offender to justice.</Text>
</P3para></P3>
</P1para>
<P1para>
<Text>When carrying out these duties, police officers shall obey and uphold the law, protect human dignity and uphold the human rights and fundamental freedoms of all persons as enshrined in the Human Rights Act 1998, the European Convention on Human Rights and other relevant international human rights instruments.</Text>
<Text><Emphasis>(Sourced from: Section 32(1) Police (Northern Ireland) Act 2000; Article 2 United Nations Code of Conduct for Law Enforcement Officials; Article 1 European"
WS-01,ukpga/1998/42,section-1,whole-act,text,SI,nisr/2020/3,http://www.legislation.gov.uk/id/nisr/2020/3,schedule-1-paragraph-44,true,http://www.legislation.gov.uk/id/ukpga/1998/42,other proceedings being heard as part of the same hearing. 6 “Convention rights” has the meaning given to it in section 1 of the Human Rights Act 1998,"P2 DocumentURI=""http://www.legislation.gov.uk/nisr/2020/3/schedule/1/paragraph/44/6"" IdURI=""http://www.legislation.gov.uk/id/nisr/2020/3/schedule/1/paragraph/44/6"" id=""schedule-1-paragraph-44-6"">
<Pnumber>6</Pnumber>
<P2para>
<Text>“Convention rights” has the meaning given to it in section 1 of the Human Rights Act 1998<FootnoteRef Ref=""f00038""/>.</Text>
</P2para>
</P2>
</P1para>
</P1>
</P1group>
</Part>
<Part DocumentURI=""http://www.legislation.gov.uk/nisr/2020/3/schedule/1/part/8"" IdURI=""http://www.legislation.gov.uk/id/nisr/2020/3/schedule/1/part/8"" NumberOfProvisions=""2"" id=""schedule-1-par"
WS-01,ukpga/1998/42,,whole-act,text,SI,ssi/2000/301,http://www.legislation.gov.uk/id/ssi/2000/301,article-1,true,http://www.legislation.gov.uk/id/ukpga/1998/42,"IdURI=""http://www.legislation.gov.uk/id/ssi/2000/301/article/1"" id=""article-1""> 1 1 These Rules may be cited as the Human Rights Act 1998","ssi/2000/301/article/1"" id=""article-1"">
<Pnumber>1</Pnumber>
<P1para>
<P2 DocumentURI=""http://www.legislation.gov.uk/ssi/2000/301/article/1/1/made"" IdURI=""http://www.legislation.gov.uk/id/ssi/2000/301/article/1/1"" id=""article-1-1"">
<Pnumber>1</Pnumber>
<P2para>
<Text>These Rules may be cited as the Human Rights Act 1998 (Jurisdiction) (Scotland) Rules 2000 and shall come into force on 2nd October 2000.</Text>
</P2para>
</P2>
<P2 DocumentURI=""http://www.legislation.gov.uk/ssi/2000/301/article/1/2/made"" IdURI=""http://www.legislation.gov.uk/id/ssi/2000/301/article/1/2"" id=""article-1-2"">
<Pnumber>"
WS-01,ukpga/1998/42,,whole-act,text,SI,ssi/2000/301,http://www.legislation.gov.uk/id/ssi/2000/301,article-2,true,http://www.legislation.gov.uk/id/ukpga/1998/42,"only. Interpretation 2 In these Rules, “the Act” means the Human Rights Act 1998","e>
<P1 DocumentURI=""http://www.legislation.gov.uk/ssi/2000/301/article/2/made"" IdURI=""http://www.legislation.gov.uk/id/ssi/2000/301/article/2"" id=""article-2"">
<Pnumber>2</Pnumber>
<P1para>
<Text>In these Rules, “<Abbreviation Expansion=""Human Rights Act 1998 c. 42"">the Act</Abbreviation>” means the Human Rights Act 1998.</Text>
</P1para>
</P1>
</P1group>
<P1group>
<Title>Proceedings under section 7 of the Act</Title>
<P1 DocumentURI=""http://www.legislation.gov.uk/ssi/2000/301/article/3/made"" IdURI=""http://www.legislation.gov.uk/id/ssi/2000/301/article/3"" id=""article-3"">
<Pnumber>3</Pnumber>
<P"
WS-01,ukpga/1998/42,section-7-1,whole-act,text,SI,ssi/2000/301,http://www.legislation.gov.uk/id/ssi/2000/301,article-4,true,http://www.legislation.gov.uk/id/ukpga/1998/42,"(This note does not form part of the Rules) These Rules— a specify, for the purposes of section 7(1) (a) of the Human Rights Act 1998","tion.gov.uk/ssi/2000/301/note/made"" IdURI=""http://www.legislation.gov.uk/id/ssi/2000/301/note"">
<Comment>
<Para>
<Text>(This note does not form part of the Rules)</Text>
</Para>
</Comment>
<P><Text>These Rules—</Text>
<P3>
<Pnumber>a</Pnumber>
<P3para>
<Text>specify, for the purposes of section 7(1)(a) of the Human Rights Act 1998 (“the Act”), the appropriate court or tribunal within which proceedings may be brought (rule 3); and</Text>
</P3para>
</P3>
<P3>
<Pnumber>b</Pnumber>
<P3para>
<Text>prescribe the Court of Session, for the purposes of section 9(1)(c) of the Act, as the forum in which "
WS-01,ukpga/1998/42,section-9,whole-act,enabling,SI,ssi/2000/301,http://www.legislation.gov.uk/id/ssi/2000/301,,true,http://www.legislation.gov.uk/id/ukpga/1998/42,"Scottish Ministers, in exercise of the powers conferred on them by sections 7 and 9 of the Human Rights Act 1998","<EnactingText>
<Para>
<Text>The Scottish Ministers, in exercise of the powers conferred on them by sections 7 and 9 of the Human Rights Act 1998<FootnoteRef Ref=""f00001""/>, and of all other powers enabling them in that behalf, hereby make the following Rules:</Text>
</Para>
</EnactingText>"
WS-01,ukpga/1998/42,section-7,whole-act,enabling,SI,ssi/2000/301,http://www.legislation.gov.uk/id/ssi/2000/301,,true,http://www.legislation.gov.uk/id/ukpga/1998/42,"Scottish Ministers, in exercise of the powers conferred on them by sections 7 and 9 of the Human Rights Act 1998","<EnactingText>
<Para>
<Text>The Scottish Ministers, in exercise of the powers conferred on them by sections 7 and 9 of the Human Rights Act 1998<FootnoteRef Ref=""f00001""/>, and of all other powers enabling them in that behalf, hereby make the following Rules:</Text>
</Para>
</EnactingText>"
WS-01,ukpga/1998/42,,whole-act,enabling,SI,ssi/2000/301,http://www.legislation.gov.uk/id/ssi/2000/301,,true,http://www.legislation.gov.uk/id/ukpga/1998/42,"Scottish Ministers, in exercise of the powers conferred on them by sections 7 and 9 of the Human Rights Act 1998","<EnactingText>
<Para>
<Text>The Scottish Ministers, in exercise of the powers conferred on them by sections 7 and 9 of the Human Rights Act 1998<FootnoteRef Ref=""f00001""/>, and of all other powers enabling them in that behalf, hereby make the following Rules:</Text>
</Para>
</EnactingText>"
WS-01,ukpga/1998/42,,whole-act,text,SI,ssi/2000/301,http://www.legislation.gov.uk/id/ssi/2000/301,,true,http://www.legislation.gov.uk/id/ukpga/1998/42,"http://www.legislation.gov.uk/schema/legislation.xsd"" SchemaVersion=""1.0""> http://www.legislation.gov.uk/ssi/2000/301/made The Human Rights Act 1998","=""1.0""><ukm:Metadata xmlns:dc=""http://purl.org/dc/elements/1.1/"" xmlns:dct=""http://purl.org/dc/terms/"" xmlns:atom=""http://www.w3.org/2005/Atom"" xmlns:ukm=""http://www.legislation.gov.uk/namespaces/metadata"">
					<dc:identifier>http://www.legislation.gov.uk/ssi/2000/301/made</dc:identifier><dc:title>The Human Rights Act 1998 (Jurisdiction) (Scotland) Rules 2000</dc:title><dc:subject>Civil and human rights</dc:subject><dc:subject>Legislation</dc:subject><dc:publisher>King's Printer for Scotland</dc:publisher><dc:modified>2014-07-15</dc:modified><dc:subject scheme=""SIheading"">HUMAN RIGHTS</dc:sub"
WS-01,ukpga/1998/42,section-7-1,whole-act,text,SI,ssi/2000/301,http://www.legislation.gov.uk/id/ssi/2000/301,,true,http://www.legislation.gov.uk/id/ukpga/1998/42,"Human Rights Act 1998 (Jurisdiction) (Scotland) Rules 2000Civil and human rightsLegislationKing's Printer for Scotland2014-07-15HUMAN RIGHTS These Rules—specify, for the purposes of section 7(1) (a) of the Human Rights Act 1998","ject>Civil and human rights</dc:subject><dc:subject>Legislation</dc:subject><dc:publisher>King's Printer for Scotland</dc:publisher><dc:modified>2014-07-15</dc:modified><dc:subject scheme=""SIheading"">HUMAN RIGHTS</dc:subject>
					<dc:description>These Rules—specify, for the purposes of section 7(1)(a) of the Human Rights Act 1998 (“the Act”), the appropriate court or tribunal within which proceedings may be brought (rule 3); andprescribe the Court of Session, for the purposes of section 9(1)(c) of the Act, as the forum in which proceedings may be brought that cannot be brought by—exercising a"
WS-01,ukpga/1998/42,,whole-act,text,SI,ssi/2000/301,http://www.legislation.gov.uk/id/ssi/2000/301,,true,http://www.legislation.gov.uk/id/ukpga/1998/42,"Value=""0""/> 2000 No. 301 HUMAN RIGHTS The Human Rights Act 1998","es Value=""0""/>
								</ukm:Statistics>
				</ukm:Metadata><Secondary>
<SecondaryPrelims DocumentURI=""http://www.legislation.gov.uk/ssi/2000/301/introduction/made"" IdURI=""http://www.legislation.gov.uk/id/ssi/2000/301/introduction"">
<Number>2000 No. 301</Number>
<SubjectInformation><Subject>
<Title>HUMAN RIGHTS</Title>
</Subject>
</SubjectInformation>
<Title>The Human Rights Act 1998 (Jurisdiction) (Scotland) Rules 2000</Title>
<MadeDate>
<Text>Made</Text>
<DateText>28th August 2000</DateText>
</MadeDate>
<LaidDate>
<Text>Laid before the Scottish Parliament</Text>
<DateText>30th August 2000</D"
WS-01,ukpga/1998/42,section-2,whole-act,text,SI,ssi/2000/314,http://www.legislation.gov.uk/id/ssi/2000/314,section-2,true,http://www.legislation.gov.uk/id/ukpga/1998/42,"id=""section-2""> 2 1 Evidence of any judgment, decision, declaration or opinion of which account has to be taken by the court under section 2 of the Human Rights Act 1998","w.legislation.gov.uk/ssi/2000/314/section/2/1/made"" IdURI=""http://www.legislation.gov.uk/id/ssi/2000/314/section/2/1"" id=""section-2-1"">
<Pnumber>1</Pnumber>
<P2para>
<Text>Evidence of any judgment, decision, declaration or opinion of which account has to be taken by the court under section 2 of the Human Rights Act 1998<FootnoteRef Ref=""f00002""/> shall be given by reference to any authoritative and complete report of the said judgment, decision, declaration or opinion and may be given in any manner.</Text>
</P2para>
</P2>
<P2 DocumentURI=""http://www.legislation.gov.uk/ssi/2000/314/section/2/2/"
WS-01,ukpga/1998/42,section-2,whole-act,text,SI,ssi/2000/314,http://www.legislation.gov.uk/id/ssi/2000/314,section-2,true,http://www.legislation.gov.uk/id/ukpga/1998/42,"of Sederunt) This Act of Sederunt provides for the manner in which evidence is to be given of any judgment, decision, declaration or opinion of another court or tribunal, of which the Court hearing the matter at issue is required to take account by virtue of section 2 of the Human Rights Act 1998","</Text>
</Para>
</Comment>
<P>
<Text>This Act of Sederunt provides for the manner in which evidence is to be given of any judgment, decision, declaration or opinion of another court or tribunal, of which the Court hearing the matter at issue is required to take account by virtue of section 2 of the Human Rights Act 1998 (rule 2).</Text>
</P>
</ExplanatoryNotes>
</Secondary><Footnotes><Footnote id=""f00001"">
<FootnoteText>
<Para>
<Text><Citation URI=""http://www.legislation.gov.uk/id/ukpga/1971/58"" id=""c00001"" Class=""UnitedKingdomPublicGeneralAct"" Year=""1971"" Number=""0058"">1971 c. 58</Citation>. "
WS-01,ukpga/1998/42,section-2,whole-act,text,SI,ssi/2000/314,http://www.legislation.gov.uk/id/ssi/2000/314,,true,http://www.legislation.gov.uk/id/ukpga/1998/42,"COURT This Act of Sederunt provides for the manner in which evidence is to be given of any judgment, decision, declaration or opinion of another court or tribunal, of which the Court hearing the matter at issue is required to take account by virtue of section 2 of the Human Rights Act 1998","RT</dc:subject>
					<dc:description>This Act of Sederunt provides for the manner in which evidence is to be given of any judgment, decision, declaration or opinion of another court or tribunal, of which the Court hearing the matter at issue is required to take account by virtue of section 2 of the Human Rights Act 1998 (rule 2).</dc:description>
					<atom:link rel=""self"" href=""http://www.legislation.gov.uk/ssi/2000/314/made/data.xml"" type=""application/xml""/><atom:link rel=""http://www.legislation.gov.uk/def/navigation/resources"" href=""http://www.legislation.gov.uk/ssi/2000/314/resources"" titl"
WS-01,ukpga/1998/42,,whole-act,text,SI,ssi/2000/315,http://www.legislation.gov.uk/id/ssi/2000/315,article-1,true,http://www.legislation.gov.uk/id/ukpga/1998/42,on 2nd October 2000; and c shall be inserted in the Books of Adjournal. Procedure in matters arising out of the Human Rights Act 1998,"/2000/315/article/1/c/made"" IdURI=""http://www.legislation.gov.uk/id/ssi/2000/315/article/1/c"" id=""article-1-c"">
<Pnumber>c</Pnumber>
<P3para>
<Text>shall be inserted in the Books of Adjournal.</Text>
</P3para>
</P3>
</P1para>
</P1>
</P1group>
<P1group>
<Title>Procedure in matters arising out of the Human Rights Act 1998</Title>
<P1 DocumentURI=""http://www.legislation.gov.uk/ssi/2000/315/article/2/made"" IdURI=""http://www.legislation.gov.uk/id/ssi/2000/315/article/2"" id=""article-2"">
<Pnumber>2</Pnumber>
<P1para>
<Text>After Chapter 40 of the Criminal Procedure Rules 1996<FootnoteRef Ref=""f00003"""
WS-01,ukpga/1998/42,,whole-act,text,SI,ssi/2000/315,http://www.legislation.gov.uk/id/ssi/2000/315,article-2,true,http://www.legislation.gov.uk/id/ukpga/1998/42,"TargetSubClass=""unknown"" Context=""unknown"" Format=""default"" NumberFormat=""default""> CHAPTER 41 HUMAN RIGHTS ACT 1998 Application and interpretation 41.1 1 This Chapter deals with various matters relating to the Human Rights Act 1998",""">
<Part>
<Number><Strong>CHAPTER 41</Strong></Number>
<Title><Strong>HUMAN RIGHTS ACT 1998</Strong></Title>
<P1group>
<Title>Application and interpretation</Title>
<P1>
<Pnumber>41.1</Pnumber>
<P1para>
<P2>
<Pnumber>1</Pnumber>
<P2para>
<Text>This Chapter deals with various matters relating to the Human Rights Act 1998.</Text>
</P2para>
</P2>
<P2>
<Pnumber>2</Pnumber>
<P2para>
<Text>In this Chapter–</Text>
<UnorderedList Decoration=""none"" Class=""Definition"">
<ListItem>
<Para>
<Text>“the <Abbreviation Expansion=""Human Rights Act 1998 c. 42"">1998 Act</Abbreviation>” means the Human Rights Act 1"
WS-01,ukpga/1998/42,,whole-act,text,SI,ssi/2000/315,http://www.legislation.gov.uk/id/ssi/2000/315,article-2,true,http://www.legislation.gov.uk/id/ukpga/1998/42,1 This Chapter deals with various matters relating to the Human Rights Act 1998. 2 In this Chapter– “the 1998 Act” means the Human Rights Act 1998,"s relating to the Human Rights Act 1998.</Text>
</P2para>
</P2>
<P2>
<Pnumber>2</Pnumber>
<P2para>
<Text>In this Chapter–</Text>
<UnorderedList Decoration=""none"" Class=""Definition"">
<ListItem>
<Para>
<Text>“the <Abbreviation Expansion=""Human Rights Act 1998 c. 42"">1998 Act</Abbreviation>” means the Human Rights Act 1998;</Text>
</Para>
</ListItem>
<ListItem>
<Para>
<Text>“declaration of incompatibility” has the meaning given by section 4 of the 1998 Act.</Text>
</Para>
</ListItem>
</UnorderedList>
</P2para>
</P2>
</P1para>
</P1>
</P1group>
<P1group>
<Title>Evidence of judgments <Abbreviation E"
WS-01,ukpga/1998/42,,whole-act,text,SI,ssi/2000/315,http://www.legislation.gov.uk/id/ssi/2000/315,article-3,true,http://www.legislation.gov.uk/id/ukpga/1998/42,(This note is not part of the Act of Adjournal) This Act of Adjournal adds new rules and Forms to the Criminal Procedure Rules 1996 to deal with matters arising out of the Human Rights Act 1998,"te/made"" IdURI=""http://www.legislation.gov.uk/id/ssi/2000/315/note"">
<Comment>
<Para>
<Text>(This note is not part of the Act of Adjournal)</Text>
</Para>
</Comment>
<P>
<Text>This Act of Adjournal adds new rules and Forms to the Criminal Procedure Rules 1996 to deal with matters arising out of the Human Rights Act 1998.</Text>
</P>
<P>
<Text>New rule 41.2 makes provision for the citing of evidence of judgments, opinions etc of the European Court of Human Rights, the European Commission of Human Rights and the Committee of Ministers.</Text>
</P>
<P>
<Text>New rules 41.3 to 41.5 make provision "
WS-01,ukpga/1998/42,section-2,whole-act,enabling,SI,ssi/2000/315,http://www.legislation.gov.uk/id/ssi/2000/315,,true,http://www.legislation.gov.uk/id/ukpga/1998/42,"Justice General, the Lord Justice Clerk and the Lords Commissioners of Justiciary in exercise of the powers conferred upon them by section 305 of the Criminal Procedure (Scotland) Act 1995 and sections 2 and 5 of the Human Rights Act 1998","nactingText>
<Para>
<Text>The Lord Justice General, the Lord Justice Clerk and the Lords Commissioners of Justiciary in exercise of the powers conferred upon them by section 305 of the Criminal Procedure (Scotland) Act 1995<FootnoteRef Ref=""f00001""/> and sections 2 and 5 of the Human Rights Act 1998<FootnoteRef Ref=""f00002""/> and of all other powers enabling them in that behalf, do hereby enact and declare:</Text>
</Para>
</EnactingText>"
WS-01,ukpga/1998/42,,whole-act,text,SI,ssi/2000/315,http://www.legislation.gov.uk/id/ssi/2000/315,,true,http://www.legislation.gov.uk/id/ukpga/1998/42,of lawKing's Printer for Scotland2015-01-19HIGH COURT OF JUSTICIARY This Act of Adjournal adds new rules and Forms to the Criminal Procedure Rules 1996 to deal with matters arising out of the Human Rights Act 1998,"lisher>King's Printer for Scotland</dc:publisher><dc:modified>2015-01-19</dc:modified><dc:subject scheme=""SIheading"">HIGH COURT OF JUSTICIARY</dc:subject>
					<dc:description>This Act of Adjournal adds new rules and Forms to the Criminal Procedure Rules 1996 to deal with matters arising out of the Human Rights Act 1998.</dc:description>
					<atom:link rel=""self"" href=""http://www.legislation.gov.uk/ssi/2000/315/made/data.xml"" type=""application/xml""/><atom:link rel=""http://www.legislation.gov.uk/def/navigation/resources"" href=""http://www.legislation.gov.uk/ssi/2000/315/resources"" title=""More R"
WS-01,ukpga/1998/42,section-5,whole-act,enabling,SI,ssi/2000/315,http://www.legislation.gov.uk/id/ssi/2000/315,,true,http://www.legislation.gov.uk/id/ukpga/1998/42,"Justice General, the Lord Justice Clerk and the Lords Commissioners of Justiciary in exercise of the powers conferred upon them by section 305 of the Criminal Procedure (Scotland) Act 1995 and sections 2 and 5 of the Human Rights Act 1998","nactingText>
<Para>
<Text>The Lord Justice General, the Lord Justice Clerk and the Lords Commissioners of Justiciary in exercise of the powers conferred upon them by section 305 of the Criminal Procedure (Scotland) Act 1995<FootnoteRef Ref=""f00001""/> and sections 2 and 5 of the Human Rights Act 1998<FootnoteRef Ref=""f00002""/> and of all other powers enabling them in that behalf, do hereby enact and declare:</Text>
</Para>
</EnactingText>"
WS-01,ukpga/1998/42,,whole-act,enabling,SI,ssi/2000/315,http://www.legislation.gov.uk/id/ssi/2000/315,,true,http://www.legislation.gov.uk/id/ukpga/1998/42,"Justice General, the Lord Justice Clerk and the Lords Commissioners of Justiciary in exercise of the powers conferred upon them by section 305 of the Criminal Procedure (Scotland) Act 1995 and sections 2 and 5 of the Human Rights Act 1998","nactingText>
<Para>
<Text>The Lord Justice General, the Lord Justice Clerk and the Lords Commissioners of Justiciary in exercise of the powers conferred upon them by section 305 of the Criminal Procedure (Scotland) Act 1995<FootnoteRef Ref=""f00001""/> and sections 2 and 5 of the Human Rights Act 1998<FootnoteRef Ref=""f00002""/> and of all other powers enabling them in that behalf, do hereby enact and declare:</Text>
</Para>
</EnactingText>"
WS-01,ukpga/1998/42,,whole-act,text,SI,ssi/2000/316,http://www.legislation.gov.uk/id/ssi/2000/316,article-1,true,http://www.legislation.gov.uk/id/ukpga/1998/42,on 2nd October 2000; and c shall be inserted in the Books of Sederunt. Procedure in matters arising out of the Human Rights Act 1998,"i/2000/316/article/1/c/made"" IdURI=""http://www.legislation.gov.uk/id/ssi/2000/316/article/1/c"" id=""article-1-c"">
<Pnumber>c</Pnumber>
<P3para>
<Text>shall be inserted in the Books of Sederunt.</Text>
</P3para>
</P3>
</P1para>
</P1>
</P1group>
<P1group>
<Title>Procedure in matters arising out of the Human Rights Act 1998</Title>
<P1 DocumentURI=""http://www.legislation.gov.uk/ssi/2000/316/article/2/made"" IdURI=""http://www.legislation.gov.uk/id/ssi/2000/316/article/2"" id=""article-2"">
<Pnumber>2</Pnumber>
<P1para>
<Text>After Chapter 81 of the Rules of the Court of Session <FootnoteRef Ref=""f00003"
WS-01,ukpga/1998/42,,whole-act,text,SI,ssi/2000/316,http://www.legislation.gov.uk/id/ssi/2000/316,article-2,true,http://www.legislation.gov.uk/id/ukpga/1998/42,1 This Chapter deals with various matters relating to the Human Rights Act 1998. 2 In this Chapter– “the 1998 Act” means the Human Rights Act 1998,"s relating to the Human Rights Act 1998.</Text>
</P2para>
</P2>
<P2>
<Pnumber>2</Pnumber>
<P2para>
<Text>In this Chapter–</Text>
<UnorderedList Decoration=""none"" Class=""Definition"">
<ListItem>
<Para>
<Text>“the <Abbreviation Expansion=""Human Rights Act 1998 c. 42"">1998 Act</Abbreviation>” means the Human Rights Act 1998;</Text>
</Para>
</ListItem>
<ListItem>
<Para>
<Text>“declaration of incompatibility” has the meaning given by section 4 of the 1998 Act.</Text>
</Para>
</ListItem>
</UnorderedList>
</P2para>
</P2>
</P1para>
</P1>
</P1group>
<P1group>
<Title>Evidence of judgments <Abbreviation E"
WS-01,ukpga/1998/42,,whole-act,text,SI,ssi/2000/316,http://www.legislation.gov.uk/id/ssi/2000/316,article-2,true,http://www.legislation.gov.uk/id/ukpga/1998/42,"TargetSubClass=""unknown"" Context=""unknown"" Format=""default"" NumberFormat=""default""> CHAPTER 82 THE HUMAN RIGHTS ACT 1998 Application and interpretation 82.1 1 This Chapter deals with various matters relating to the Human Rights Act 1998","><Strong>CHAPTER 82</Strong></Number>
<Title><Strong>THE HUMAN RIGHTS ACT 1998</Strong></Title>
<P1group>
<Title>Application and interpretation</Title>
<P1>
<Pnumber PuncAfter="""">82.1</Pnumber>
<P1para>
<P2>
<Pnumber>1</Pnumber>
<P2para>
<Text>This Chapter deals with various matters relating to the Human Rights Act 1998.</Text>
</P2para>
</P2>
<P2>
<Pnumber>2</Pnumber>
<P2para>
<Text>In this Chapter–</Text>
<UnorderedList Decoration=""none"" Class=""Definition"">
<ListItem>
<Para>
<Text>“the <Abbreviation Expansion=""Human Rights Act 1998 c. 42"">1998 Act</Abbreviation>” means the Human Rights Act 1"
WS-01,ukpga/1998/42,,whole-act,text,SI,ssi/2000/316,http://www.legislation.gov.uk/id/ssi/2000/316,article-3,true,http://www.legislation.gov.uk/id/ukpga/1998/42,note is not part of the Act of Sederunt) This Act of Sederunt adds new rules and Forms to the Rules of the Court of Session to deal with matters arising out of the Human Rights Act 1998,"note/made"" IdURI=""http://www.legislation.gov.uk/id/ssi/2000/316/note"">
<Comment>
<Para>
<Text>(This note is not part of the Act of Sederunt)</Text>
</Para>
</Comment>
<P>
<Text>This Act of Sederunt adds new rules and Forms to the Rules of the Court of Session to deal with matters arising out of the Human Rights Act 1998.</Text>
</P>
<P>
<Text>New rule 82.2 makes provision for the citing of evidence of judgments, opinions etc of the European Court of Human Rights, the European Commission of Human Rights and the Committee of Ministers.</Text>
</P>
<P>
<Text>New rules 82.3 to 82.5 make provision "
WS-01,ukpga/1998/42,section-5,whole-act,enabling,SI,ssi/2000/316,http://www.legislation.gov.uk/id/ssi/2000/316,,true,http://www.legislation.gov.uk/id/ukpga/1998/42,"Lords of Council and Session, in exercise of the powers conferred upon them by section 5 of the Court of Session Act 1988 and sections 2 and 5 of the Human Rights Act 1998","<EnactingText>
<Para>
<Text>The Lords of Council and Session, in exercise of the powers conferred upon them by section 5 of the Court of Session Act 1988<FootnoteRef Ref=""f00001""/> and sections 2 and 5 of the Human Rights Act 1998<FootnoteRef Ref=""f00002""/> and of all other powers enabling them in that behalf, do hereby enact and declare:</Text>
</Para>
</EnactingText>"
WS-01,ukpga/1998/42,,whole-act,enabling,SI,ssi/2000/316,http://www.legislation.gov.uk/id/ssi/2000/316,,true,http://www.legislation.gov.uk/id/ukpga/1998/42,"Lords of Council and Session, in exercise of the powers conferred upon them by section 5 of the Court of Session Act 1988 and sections 2 and 5 of the Human Rights Act 1998","<EnactingText>
<Para>
<Text>The Lords of Council and Session, in exercise of the powers conferred upon them by section 5 of the Court of Session Act 1988<FootnoteRef Ref=""f00001""/> and sections 2 and 5 of the Human Rights Act 1998<FootnoteRef Ref=""f00002""/> and of all other powers enabling them in that behalf, do hereby enact and declare:</Text>
</Para>
</EnactingText>"
WS-01,ukpga/1998/42,,whole-act,text,SI,ssi/2000/316,http://www.legislation.gov.uk/id/ssi/2000/316,,true,http://www.legislation.gov.uk/id/ukpga/1998/42,2000Civil and human rightsLegislationKing's Printer for Scotland2015-01-19COURT OF SESSION This Act of Sederunt adds new rules and Forms to the Rules of the Court of Session to deal with matters arising out of the Human Rights Act 1998,"t><dc:publisher>King's Printer for Scotland</dc:publisher><dc:modified>2015-01-19</dc:modified><dc:subject scheme=""SIheading"">COURT OF SESSION</dc:subject>
					<dc:description>This Act of Sederunt adds new rules and Forms to the Rules of the Court of Session to deal with matters arising out of the Human Rights Act 1998.</dc:description>
					<atom:link rel=""self"" href=""http://www.legislation.gov.uk/ssi/2000/316/made/data.xml"" type=""application/xml""/><atom:link rel=""http://www.legislation.gov.uk/def/navigation/resources"" href=""http://www.legislation.gov.uk/ssi/2000/316/resources"" title=""More R"
WS-01,ukpga/1998/42,section-2,whole-act,enabling,SI,ssi/2000/316,http://www.legislation.gov.uk/id/ssi/2000/316,,true,http://www.legislation.gov.uk/id/ukpga/1998/42,"Lords of Council and Session, in exercise of the powers conferred upon them by section 5 of the Court of Session Act 1988 and sections 2 and 5 of the Human Rights Act 1998","<EnactingText>
<Para>
<Text>The Lords of Council and Session, in exercise of the powers conferred upon them by section 5 of the Court of Session Act 1988<FootnoteRef Ref=""f00001""/> and sections 2 and 5 of the Human Rights Act 1998<FootnoteRef Ref=""f00002""/> and of all other powers enabling them in that behalf, do hereby enact and declare:</Text>
</Para>
</EnactingText>"
WS-01,ukpga/1998/42,,whole-act,text,SI,ssi/2001/234,http://www.legislation.gov.uk/id/ssi/2001/234,article-24,true,http://www.legislation.gov.uk/id/ukpga/1998/42,"IdURI=""http://www.legislation.gov.uk/id/ssi/2001/234/article/24"" id=""article-24""> 24 1 Having regard to the Human Rights Act 1998","k/id/ssi/2001/234/article/24"" id=""article-24"">
<Pnumber>24</Pnumber>
<P1para>
<P2 DocumentURI=""http://www.legislation.gov.uk/ssi/2001/234/article/24/1/made"" IdURI=""http://www.legislation.gov.uk/id/ssi/2001/234/article/24/1"" id=""article-24-1"">
<Pnumber>1</Pnumber>
<P2para>
<Text>Having regard to the Human Rights Act 1998 the Board shall make such rules and put in place such procedures as they think fit in relation to any appeal:–</Text>
<P3 DocumentURI=""http://www.legislation.gov.uk/ssi/2001/234/article/24/1/a/made"" IdURI=""http://www.legislation.gov.uk/id/ssi/2001/234/article/24/1/a"" id=""articl"
WS-01,ukpga/1998/42,,whole-act,text,SI,ssi/2001/305,http://www.legislation.gov.uk/id/ssi/2001/305,article-18,true,http://www.legislation.gov.uk/id/ukpga/1998/42,"in the rule numbered 82.3, for the words “rule 82.2(1)” there is substituted “rule 83.2(1)”. 18 That Chapter shall follow the Chapter of the rules entitled “ The Human Rights Act 1998",")”.</Text>
</P3para>
</P3>
</P1para>
</P1>
<P1 DocumentURI=""http://www.legislation.gov.uk/ssi/2001/305/article/18/made"" IdURI=""http://www.legislation.gov.uk/id/ssi/2001/305/article/18"" id=""article-18"">
<Pnumber>18</Pnumber>
<P1para>
<Text>That Chapter shall follow the Chapter of the rules entitled “The Human Rights Act 1998”.</Text>
</P1para>
</P1>
</P1group>
<SignedSection DocumentURI=""http://www.legislation.gov.uk/ssi/2001/305/signature/made"" IdURI=""http://www.legislation.gov.uk/id/ssi/2001/305/signature"">
<Signatory>
<Signee>
<PersonName>Rodger of Earlsferry</PersonName>
<JobTitle>Lord Pres"
WS-01,ukpga/1998/42,,whole-act,text,SI,ssi/2001/479,http://www.legislation.gov.uk/id/ssi/2001/479,article-1,true,http://www.legislation.gov.uk/id/ukpga/1998/42,on 21 December 2001; and c shall be inserted in the Books of Adjournal. Procedure in matters arising out of the Human Rights Act 1998,"/2001/479/article/1/c/made"" IdURI=""http://www.legislation.gov.uk/id/ssi/2001/479/article/1/c"" id=""article-1-c"">
<Pnumber>c</Pnumber>
<P3para>
<Text>shall be inserted in the Books of Adjournal.</Text>
</P3para>
</P3>
</P1para>
</P1>
</P1group>
<P1group>
<Title>Procedure in matters arising out of the Human Rights Act 1998</Title>
<P1 DocumentURI=""http://www.legislation.gov.uk/ssi/2001/479/article/2/made"" IdURI=""http://www.legislation.gov.uk/id/ssi/2001/479/article/2"" id=""article-2"">
<Pnumber>2</Pnumber>
<P1para>
<Text>After Chapter 41 of the Criminal Procedure Rules 1996<FootnoteRef Ref=""f00002"""
WS-01,ukpga/1998/42,,whole-act,text,SI,ssi/2004/52,http://www.legislation.gov.uk/id/ssi/2004/52,article-2,true,http://www.legislation.gov.uk/id/ukpga/1998/42,e Form 64-B shall be numbered “Form 64.9”; and f in Form 82.3-A and Form 82.3-B for “1998 Act” there shall be substituted “ Human Rights Act 1998,"ext>
</P3para>
</P3>
<P3 DocumentURI=""http://www.legislation.gov.uk/ssi/2004/52/article/2/18/f/made"" IdURI=""http://www.legislation.gov.uk/id/ssi/2004/52/article/2/18/f"" id=""article-2-18-f"">
<Pnumber>f</Pnumber>
<P3para>
<Text>in Form 82.3-A and Form 82.3-B for “1998 Act” there shall be substituted “Human Rights Act 1998”.</Text>
</P3para>
</P3>
</P2para>
</P2>
</P1para>
</P1>
</P1group>
<SignedSection DocumentURI=""http://www.legislation.gov.uk/ssi/2004/52/signature/made"" IdURI=""http://www.legislation.gov.uk/id/ssi/2004/52/signature"">
<Signatory>
<Signee>
<PersonName>Cullen of Whitekirk</Person"
WS-01,ukpga/1998/42,,whole-act,text,SI,ssi/2005/581,http://www.legislation.gov.uk/id/ssi/2005/581,article-15,true,http://www.legislation.gov.uk/id/ukpga/1998/42,of it. 4 The third condition is that giving effect to the external forfeiture order would not be incompatible with any of the Convention rights (within the meaning of the Human Rights Act 1998,"icle/15/4/made"" IdURI=""http://www.legislation.gov.uk/id/ssi/2005/581/article/15/4"" id=""article-15-4"">
<Pnumber>4</Pnumber>
<P2para>
<Text>The third condition is that giving effect to the external forfeiture order would not be incompatible with any of the Convention rights (within the meaning of the Human Rights Act 1998<FootnoteRef Ref=""f00014""/>) of any person affected by it.</Text>
</P2para>
</P2>
<P2 DocumentURI=""http://www.legislation.gov.uk/ssi/2005/581/article/15/5/made"" IdURI=""http://www.legislation.gov.uk/id/ssi/2005/581/article/15/5"" id=""article-15-5"">
<Pnumber>5</Pnumber>
<P2para>
<T"
WS-01,ukpga/1998/42,,whole-act,text,SI,ssi/2006/436,http://www.legislation.gov.uk/id/ssi/2006/436,article-2,true,http://www.legislation.gov.uk/id/ukpga/1998/42,Rules to provide for issues relating to references to the European Court of Justice to be considered at the preliminary hearing or first diet. Paragraph 2(6) amends rule 41.3 in relation to the provision of notice by a party seeking a declaration of incompatibility under the Human Rights Act 1998,"e Rules to provide for issues relating to references to the European Court of Justice to be considered at the preliminary hearing or first diet.</Text>
</P>
<P>
<Text>Paragraph 2(6) amends rule 41.3 in relation to the provision of notice by a party seeking a declaration of incompatibility under the Human Rights Act 1998.</Text>
</P>
<P>
<Text>Paragraph 2(7) introduces a new Chapter 50 into the Rules which makes provision for the form of football banning order and for applications for variation and termination of football banning orders under the Police, Public Order and Criminal Justice Act 20"
WS-01,ukpga/1998/42,,whole-act,text,SI,ssi/2006/83,http://www.legislation.gov.uk/id/ssi/2006/83,article-2,true,http://www.legislation.gov.uk/id/ukpga/1998/42,the Energy Administration (Scotland) Rules 2006. Paragraph 2(10) makes provision for the appointment of a replacement liquidator in more than one petition for the winding up of a company. Paragraph 2(11) amends the Rules relating to declarations of incompatibility under the Human Rights Act 1998,"ration (Scotland) Rules 2006.</Text>
</P>
<P>
<Text>Paragraph 2(10) makes provision for the appointment of a replacement liquidator in more than one petition for the winding up of a company.</Text>
</P>
<P>
<Text>Paragraph 2(11) amends the Rules relating to declarations of incompatibility under the Human Rights Act 1998.</Text>
</P>
<P>
<Text>Paragraph 2(12)–(17) makes various minor amendments to the Rules relating to the Council Regulation (E.C.) No. 2201/2003 of 27th November 2003 on jurisdiction and the recognition and enforcement of judgments in matrimonial matters and matters of parental "
WS-01,ukpga/1998/42,,whole-act,text,SI,ssi/2010/370,http://www.legislation.gov.uk/id/ssi/2010/370,article-4,true,http://www.legislation.gov.uk/id/ukpga/1998/42,(on the application of F (by his litigation friend F)) and Thompson (FC)vSecretary of State for the Home Department [2010] UKSC 17 (21stApril 2010) the Supreme Court of the United Kingdom made a declaration under section4 of the Human Rights Act 1998,"ame=""NonBreakingSpace""/>v<Character Name=""NonBreakingSpace""/>Secretary of State for the Home Department</Emphasis> [2010] UKSC 17 (21st<Character Name=""NonBreakingSpace""/>April 2010) the Supreme Court of the United Kingdom made a declaration under section<Character Name=""NonBreakingSpace""/>4 of the Human Rights Act 1998 that—</Text><Tabular Orientation=""portrait"">
<table xmlns=""http://www.w3.org/1999/xhtml"" cols=""1"">
<colgroup span=""1""><col width=""394.05pt"" span=""1""/></colgroup>
<tbody><tr><td rowspan=""1"" colspan=""1"">“the indefinite notification requirements in section<Character xmlns=""http://"
WS-01,ukpga/1998/42,,whole-act,enabling,SI,ssi/2010/370,http://www.legislation.gov.uk/id/ssi/2010/370,,true,http://www.legislation.gov.uk/id/ukpga/1998/42,"[preamble-recital] or expedient in consequence of Part 2 of the Sexual Offences Act 2003 , so far as making a person subject to the notification requirements of that Part for an indefinite period has been declared to be incompatible with a Convention right","y or expedient in consequence of Part<Character Name=""NonBreakingSpace""/>2 of the Sexual Offences Act 2003<FootnoteRef Ref=""f00002""/>, so far as making a person subject to the notification requirements of that Part for an indefinite period has been declared to be incompatible with a Convention right<FootnoteRef Ref=""f00003""/>.</Text></P>
<P>
<Text>In accordance with section 12(2) of the 2001 Act they are of the opinion that there are compelling reasons for making a remedial order as distinct from taking any other action.</Text></P>
</IntroductoryText>
<EnactingText>
<Para>
<Text>In accordance "
WS-01,ukpga/1998/42,,whole-act,text,SI,ssi/2011/45,http://www.legislation.gov.uk/id/ssi/2011/45,article-5,true,http://www.legislation.gov.uk/id/ukpga/1998/42,R (on the application of F (by his litigation friend F)) and Thompson (FC)vSecretary of State for the Home Department [2010] UKSC 17 (21stApril 2010) the Supreme Court of the United Kingdom made a declaration under section4 of the Human Rights Act 1998,"ame=""NonBreakingSpace""/>v<Character Name=""NonBreakingSpace""/>Secretary of State for the Home Department</Emphasis> [2010] UKSC 17 (21st<Character Name=""NonBreakingSpace""/>April 2010) the Supreme Court of the United Kingdom made a declaration under section<Character Name=""NonBreakingSpace""/>4 of the Human Rights Act 1998 that—</Text><BlockExtract SourceClass=""unknown"" Format=""default"" Context=""unknown""><P><Text>the indefinite notification requirements in section<Character Name=""NonBreakingSpace""/>82(1) of the Sexual Offences Act 2003 are incompatible with article<Character Name=""NonBreakingSpac"
WS-01,ukpga/1998/42,,whole-act,enabling,SI,ssi/2011/45,http://www.legislation.gov.uk/id/ssi/2011/45,,true,http://www.legislation.gov.uk/id/ukpga/1998/42,"[preamble-recital] or expedient in consequence of Part 2 of the Sexual Offences Act 2003 , so far as making a person subject to the notification requirements of that Part for an indefinite period has been declared to be incompatible with a Convention right","y or expedient in consequence of Part<Character Name=""NonBreakingSpace""/>2 of the Sexual Offences Act 2003<FootnoteRef Ref=""f00002""/>, so far as making a person subject to the notification requirements of that Part for an indefinite period has been declared to be incompatible with a Convention right<FootnoteRef Ref=""f00003""/>.</Text></P><P><Text>In accordance with section 12(2) of the 2001 Act they are of the opinion that there are compelling reasons for making a remedial order as distinct from taking any other action.</Text></P><P><Text>In accordance with section<Character Name=""NonBreakingSp"
WS-01,ukpga/1998/42,,whole-act,enabling,SI,ssi/2014/98,http://www.legislation.gov.uk/id/ssi/2014/98,,true,http://www.legislation.gov.uk/id/ukpga/1998/42,[preamble-recital] them to do so. The Scottish Ministers consider the provision made by this Order to be necessary or expedient in consequence of section 72(10) of the Agricultural Holdings (Scotland) Act 2003 being incompatible with a Convention right,"er powers enabling them to do so.</Text></P>
<P>
<Text>The Scottish Ministers consider the provision made by this Order to be necessary or expedient in consequence of section 72(10) of the Agricultural Holdings (Scotland) Act 2003<FootnoteRef Ref=""f00002""/> being incompatible with a Convention right<FootnoteRef Ref=""f00003""/>.</Text></P>
<P>
<Text>In accordance with section 12(2) of the 2001 Act the Scottish Ministers are of the opinion that there are compelling reasons for making a remedial order as distinct from taking any other action.</Text></P>
<P>
<Text>In accordance with section 13(3) o"
WS-01,ukpga/1998/42,section-72,whole-act,enabling,SI,ssi/2014/98,http://www.legislation.gov.uk/id/ssi/2014/98,,true,http://www.legislation.gov.uk/id/ukpga/1998/42,[preamble-recital] them to do so. The Scottish Ministers consider the provision made by this Order to be necessary or expedient in consequence of section 72(10) of the Agricultural Holdings (Scotland) Act 2003 being incompatible with a Convention right,"er powers enabling them to do so.</Text></P>
<P>
<Text>The Scottish Ministers consider the provision made by this Order to be necessary or expedient in consequence of section 72(10) of the Agricultural Holdings (Scotland) Act 2003<FootnoteRef Ref=""f00002""/> being incompatible with a Convention right<FootnoteRef Ref=""f00003""/>.</Text></P>
<P>
<Text>In accordance with section 12(2) of the 2001 Act the Scottish Ministers are of the opinion that there are compelling reasons for making a remedial order as distinct from taking any other action.</Text></P>
<P>
<Text>In accordance with section 13(3) o"
WS-01,ukpga/1998/42,,whole-act,text,SI,ssi/2015/338,http://www.legislation.gov.uk/id/ssi/2015/338,schedule-1-paragraph-1,true,http://www.legislation.gov.uk/id/ukpga/1998/42,the Courts Reform (Scotland) Act 2014”. PART 2Modification of secondary legislation The Human Rights Act 1998,"I=""http://www.legislation.gov.uk/ssi/2015/338/schedule/1/part/2/made"" IdURI=""http://www.legislation.gov.uk/id/ssi/2015/338/schedule/1/part/2"" NumberOfProvisions=""3"" id=""schedule-1-part-2"">
<Number>PART 2</Number><Title>Modification of secondary legislation</Title>
<P1group>
<Title><Emphasis><Strong>The Human Rights Act 1998 (Jurisdiction) (Scotland) Rules 2000</Strong></Emphasis></Title>
<P1 DocumentURI=""http://www.legislation.gov.uk/ssi/2015/338/schedule/1/paragraph/2/made"" IdURI=""http://www.legislation.gov.uk/id/ssi/2015/338/schedule/1/paragraph/2"" id=""schedule-1-paragraph-2"">
<Pnumber>2</Pn"
WS-01,ukpga/1998/42,regulation-4-2,whole-act,text,SI,ssi/2015/338,http://www.legislation.gov.uk/id/ssi/2015/338,schedule-1-paragraph-2,true,http://www.legislation.gov.uk/id/ukpga/1998/42,legislation The Human Rights Act 1998 (Jurisdiction) (Scotland) Rules 2000 2 In rule 4(2) of the Human Rights Act 1998,"Scotland) Rules 2000</Strong></Emphasis></Title>
<P1 DocumentURI=""http://www.legislation.gov.uk/ssi/2015/338/schedule/1/paragraph/2/made"" IdURI=""http://www.legislation.gov.uk/id/ssi/2015/338/schedule/1/paragraph/2"" id=""schedule-1-paragraph-2"">
<Pnumber>2</Pnumber>
<P1para>
<Text>In rule 4(2) of the Human Rights Act 1998 (Jurisdiction) (Scotland) Rules 2000<FootnoteRef Ref=""f00005""/> (proceedings under section 9 of the Human Rights Act 1998), for “section 7 of the Sheriff Courts (Scotland) Act 1907” substitute “section 39 of the Courts Reform (Scotland) Act 2014”.</Text>
</P1para>
</P1>
</P1gro"
WS-01,ukpga/1998/42,section-9,whole-act,text,SI,ssi/2015/338,http://www.legislation.gov.uk/id/ssi/2015/338,schedule-1-paragraph-2,true,http://www.legislation.gov.uk/id/ukpga/1998/42,2 In rule 4(2) of the Human Rights Act 1998 (Jurisdiction) (Scotland) Rules 2000 (proceedings under section 9 of the Human Rights Act 1998,"ragraph/2/made"" IdURI=""http://www.legislation.gov.uk/id/ssi/2015/338/schedule/1/paragraph/2"" id=""schedule-1-paragraph-2"">
<Pnumber>2</Pnumber>
<P1para>
<Text>In rule 4(2) of the Human Rights Act 1998 (Jurisdiction) (Scotland) Rules 2000<FootnoteRef Ref=""f00005""/> (proceedings under section 9 of the Human Rights Act 1998), for “section 7 of the Sheriff Courts (Scotland) Act 1907” substitute “section 39 of the Courts Reform (Scotland) Act 2014”.</Text>
</P1para>
</P1>
</P1group>
<P1group>
<Title><Emphasis><Strong>The Sheriff Courts (Scotland) Act 1971 (Privative Jurisdiction and Summary Cause) O"
WS-01,ukpga/1998/42,section-4,whole-act,text,SI,ssi/2015/423,http://www.legislation.gov.uk/id/ssi/2015/423,article-12,true,http://www.legislation.gov.uk/id/ukpga/1998/42,"Rights (“the Convention”). In the case of R (on the application of T and another) v Secretary of State for the Home Department and another [2014] UKSC 35 (judgment of 18th June 2014), the United Kingdom Supreme Court made a declaration of incompatibility under section 4 of the Human Rights Act 1998","tion”).</Text></P>
<P><Text>In the case of <Emphasis>R (on the application of T and another) v Secretary of State for the Home Department and another [2014] UKSC 35 </Emphasis>(judgment of 18th June 2014), the United Kingdom Supreme Court made a declaration of incompatibility under section 4 of the Human Rights Act 1998 that the provisions in sections 113A and 113B of the 1997 Act (as they applied in England and Wales) were incompatible with article 8 of the Convention because the requirements in relation to blanket disclosure of all spent convictions were not in accordance with the law. Simil"
WS-01,ukpga/1998/42,,whole-act,enabling,SI,ssi/2015/423,http://www.legislation.gov.uk/id/ssi/2015/423,,true,http://www.legislation.gov.uk/id/ukpga/1998/42,[preamble-recital] of the provisions in the Police Act 1997 and the Protection of Vulnerable Groups (Scotland) Act 2007 in relation to disclosure of spent criminal convictions and other related matters which may be incompatible with Convention rights,"in consequence of the provisions in the Police Act 1997<FootnoteRef Ref=""f00002""/> and the Protection of Vulnerable Groups (Scotland) Act 2007<FootnoteRef Ref=""f00003""/> in relation to disclosure of spent criminal convictions and other related matters which may be incompatible with Convention rights<FootnoteRef Ref=""f00004""/>.</Text></P>
<P>
<Text>In accordance with section 12(2) of the 2001 Act the Scottish Ministers are of the opinion that there are compelling reasons for making a remedial order as distinct from taking any other action.</Text></P>
<P>
<Text>In accordance with section 14(2) o"
WS-01,ukpga/1998/42,section-1,whole-act,text,SI,ssi/2016/232,http://www.legislation.gov.uk/id/ssi/2016/232,schedule-rule-1,true,http://www.legislation.gov.uk/id/ukpga/1998/42,question” has the meaning given by section 31(1) of the 2024 Act; “Convention rights” has the meaning given to it in section 1 of the Human Rights Act 1998," ChangeId=""key-REDACTED-CLML-COMMENTARY-HANDLE-1779877528632"" CommentaryRef=""key-REDACTED-CLML-COMMENTARY-HANDLE"">” has the meaning given by section 31(1) of the 2024 Act;</Addition> </Text></Para></ListItem><ListItem><Para><Text>“Convention rights” has the meaning given to it in section 1 of the Human Rights Act 1998<FootnoteRef Ref=""f00002""/>;</Text></Para></ListItem><ListItem><Para><Text>“document” means anything in which information is recorded in any form;</Text></Para></ListItem><ListItem><Para><Text>“excluded decision” means a decision referred to in section 51 of the 2014 Act;</Text>"
WS-01,ukpga/1998/42,section-1,whole-act,text,SI,ssi/2017/69,http://www.legislation.gov.uk/id/ssi/2017/69,schedule-paragraph-1,true,http://www.legislation.gov.uk/id/ukpga/1998/42,of the First-tier Tribunal; “Complex case” means a case allocated to the Complex category under rule 24; “Convention Rights” has the meaning given to it in section 1 of the Human Rights Act 1998,"e” means a case allocated to the Complex category under rule 24;</Text>
</Para>
</ListItem>
<ListItem>
<Para><Text>“<Abbreviation Expansion=""has the meaning given to it in section 1 of the Human Rights Act 1998 c. 42"">Convention Rights</Abbreviation>” has the meaning given to it in section 1 of the Human Rights Act 1998<FootnoteRef Ref=""f00004""/>;</Text>
</Para>
</ListItem>
<ListItem>
<Para><Text>“Default Paper case” means a case allocated to the Default Paper category under rule 24;</Text>
</Para>
</ListItem>
<ListItem>
<Para><Text>“document” means anything in which information is recorded in"
WS-01,ukpga/1998/42,section-1,whole-act,text,SI,ssi/2018/273,http://www.legislation.gov.uk/id/ssi/2018/273,schedule-paragraph-1,true,http://www.legislation.gov.uk/id/ukpga/1998/42,"CommentaryRef=""key-REDACTED-CLML-COMMENTARY-HANDLE"">” has the meaning given by section 31(1) of the 2024 Act; “the Convention rights” has the meaning given to it in section 1 of the Human Rights Act 1998","31(1) of the 2024 Act;</Addition> </Text></Para></ListItem><ListItem><Para><Text>“the <Addition ChangeId=""key-REDACTED-CLML-COMMENTARY-HANDLE-1551188869896"" CommentaryRef=""key-REDACTED-CLML-COMMENTARY-HANDLE"" Extent=""S"">Convention rights</Addition>” has the meaning given to it in section 1 of the Human Rights Act 1998<FootnoteRef Ref=""f00006""/>;</Text></Para></ListItem><ListItem><Para><Text>“decision maker” means the maker of a decision or determination against which an appeal to the First-tier Tribunal is brought;</Text></Para></ListItem><ListItem><Para><Text>“document” means anything in wh"
WS-01,ukpga/1998/42,section-1,whole-act,text,SI,ssi/2018/274,http://www.legislation.gov.uk/id/ssi/2018/274,schedule-paragraph-1,true,http://www.legislation.gov.uk/id/ukpga/1998/42,question” has the meaning given by section 31(1) of the 2024 Act; “ the Convention rights” has the meaning given to it in section 1 of the Human Rights Act 1998,"79872552864"" CommentaryRef=""key-REDACTED-CLML-COMMENTARY-HANDLE"">” has the meaning given by section 31(1) of the 2024 Act;</Addition> </Text></Para></ListItem><ListItem><Para><Text>“<Term id=""term-the-convention-rights""> the Convention rights</Term>” has the meaning given to it in section 1 of the Human Rights Act 1998 <CommentaryRef Ref=""c23386671""/>;</Text></Para></ListItem><ListItem><Para><Text>“<Term id=""term-document"">document</Term>” means anything in which information is recorded in any form;</Text></Para></ListItem><ListItem><Para><Text>“<Term id=""term-electronic-communication"">electr"
WS-01,ukpga/1998/42,,whole-act,enabling,SI,ssi/2018/52,http://www.legislation.gov.uk/id/ssi/2018/52,,true,http://www.legislation.gov.uk/id/ukpga/1998/42,"[preamble-recital] or expedient in consequence of provisions in the Police Act 1997 and the Protection of Vulnerable Groups (Scotland) Act 2007 , insofar as they require automatic disclosure of certain convictions, being incompatible with Convention rights","necessary or expedient in consequence of provisions in the Police Act 1997<FootnoteRef Ref=""f00002""/> and the Protection of Vulnerable Groups (Scotland) Act 2007<FootnoteRef Ref=""f00003""/>, insofar as they require automatic disclosure of certain convictions, being incompatible with Convention rights<FootnoteRef Ref=""f00004""/>.</Text></P>
<P>
<Text>In accordance with section 12(2) of the 2001 Act the Scottish Ministers are of the opinion that there are compelling reasons for making a remedial order as distinct from taking any other action.</Text></P>
<P>
<Text>In accordance with section 13(3) o"
WS-01,ukpga/1998/42,section-6,whole-act,text,SI,ssi/2021/349,http://www.legislation.gov.uk/id/ssi/2021/349,regulation-2,true,http://www.legislation.gov.uk/id/ukpga/1998/42,"for the premises (whether as an employee, volunteer, or otherwise), g is on the premises in the course of the person’s functions as an emergency responder, h is on the premises acting on behalf of a public authority (as construed in accordance with section 6 of the Human Rights Act 1998","3>
<P3>
<Pnumber>g</Pnumber>
<P3para><Text>is on the premises in the course of the person’s functions as an emergency responder,</Text>
</P3para>
</P3>
<P3>
<Pnumber>h</Pnumber>
<P3para><Text>is on the premises acting on behalf of a public authority (as construed in accordance with section 6 of the Human Rights Act 1998<FootnoteRef Ref=""f00004""/>).</Text>
</P3para>
</P3>
</P2para>
</P2>
<P2>
<Pnumber>4</Pnumber>
<P2para><Text>In considering what is a reasonable system for the purposes of paragraph (1), a person must have regard to any guidance issued by the Scottish Ministers.</Text>
</P2para>"
WS-01,ukpga/1998/42,section-6,whole-act,text,SI,ssi/2021/355,http://www.legislation.gov.uk/id/ssi/2021/355,article-2,true,http://www.legislation.gov.uk/id/ukpga/1998/42,into force section 98 of the Criminal Justice and Licensing (Scotland) Act 2010 (“the 2010 Act”) on 8 November 2021. Section 98 of the 2010 Act amends the Serious Crime Act 2007 (“the 2007 Act”). The 2007 Act allows public authorities (within the meaning of section 6 of the Human Rights Act 1998,"ion 98 of the Criminal Justice and Licensing (Scotland) Act 2010 (“the 2010 Act”) on 8 November 2021.</Text></P>
<P><Text>Section 98 of the 2010 Act amends the Serious Crime Act 2007 (“the 2007 Act”).</Text></P>
<P><Text>The 2007 Act allows public authorities (within the meaning of section 6 of the Human Rights Act 1998) throughout the United Kingdom to disclose information as a member of a specified anti-fraud organisation (see section 68(8) of the 2007 Act) for the purposes of preventing fraud.</Text></P>
<P><Text>Sections 68 to 72 of the 2007 Act provide the framework for the information sh"
WS-01,ukpga/1998/42,section-1,whole-act,text,SI,ssi/2022/365,http://www.legislation.gov.uk/id/ssi/2022/365,schedule-4-paragraph-1,true,http://www.legislation.gov.uk/id/ukpga/1998/42,rights” has the meaning given to it in section 1 of the Human Rights Act 1998,"b70ebc04c1ffbc886676b-1779808103447"" CommentaryRef=""key-REDACTED-CLML-COMMENTARY-HANDLE"">Convention rights</Addition></Term><Addition ChangeId=""key-REDACTED-CLML-COMMENTARY-HANDLE-1779808103447"" CommentaryRef=""key-REDACTED-CLML-COMMENTARY-HANDLE"">” has the meaning given to it in section 1 of the Human Rights Act 1998,</Addition></Text></Para></ListItem><ListItem><Para><Text><Addition ChangeId=""key-REDACTED-CLML-COMMENTARY-HANDLE-1779808103447"" CommentaryRef=""key-REDACTED-CLML-COMMENTARY-HANDLE"">“</Addition><Term><Addition ChangeId=""key-REDACTED-CLML-COMMENTARY-HANDLE-1779808103447"" Comme"
WS-01,ukpga/1998/42,,whole-act,text,SI,ssi/2024/174,http://www.legislation.gov.uk/id/ssi/2024/174,rule-2,true,http://www.legislation.gov.uk/id/ukpga/1998/42,and interpretation) substitute— Application and interpretation 41.1 1 This Chapter deals with various matters relating to— a the Human Rights Act 1998,"argetClass=""secondary"" TargetSubClass=""rule"">
<P1group>
<Title>Application and interpretation</Title>
<P1>
<Pnumber PuncAfter=""."">41.1</Pnumber>
<P1para>
<P2>
<Pnumber>1</Pnumber>
<P2para>
<Text>This Chapter deals with various matters relating to—</Text>
<P3>
<Pnumber>a</Pnumber>
<P3para>
<Text>the Human Rights Act 1998;</Text>
</P3para>
</P3>
<P3>
<Pnumber>b</Pnumber>
<P3para>
<Text>the United Nations Convention on the Rights of the Child (Incorporation) (Scotland) Act 2024.</Text>
</P3para>
</P3>
</P2para>
</P2>
<P2>
<Pnumber>2</Pnumber>
<P2para>
<Text>In this Chapter—</Text>
<UnorderedList "
WS-01,ukpga/1998/42,,whole-act,text,SI,ssi/2024/174,http://www.legislation.gov.uk/id/ssi/2024/174,rule-2,true,http://www.legislation.gov.uk/id/ukpga/1998/42,Rights Act 1998; b the United Nations Convention on the Rights of the Child (Incorporation) (Scotland) Act 2024. 2 In this Chapter— “the 1998 Act” means the Human Rights Act 1998,"tions Convention on the Rights of the Child (Incorporation) (Scotland) Act 2024.</Text>
</P3para>
</P3>
</P2para>
</P2>
<P2>
<Pnumber>2</Pnumber>
<P2para>
<Text>In this Chapter—</Text>
<UnorderedList Class=""Definition"" Decoration=""none"">
<ListItem>
<Para>
<Text>“<Term>the 1998 Act</Term>” means the Human Rights Act 1998<FootnoteRef Ref=""f00010""/>;</Text>
</Para>
</ListItem>
<ListItem>
<Para>
<Text>“<Term>the 2024 Act</Term>” means the United Nations Convention on the Rights of the Child (Incorporation) (Scotland) Act 2024<FootnoteRef Ref=""f00011""/>;</Text>
</Para>
</ListItem>
<ListItem>
<Para>"
WS-01,ukpga/1998/42,,whole-act,text,SI,ssi/2024/174,http://www.legislation.gov.uk/id/ssi/2024/174,rule-2,true,http://www.legislation.gov.uk/id/ukpga/1998/42,for the heading substitute “Form of notice in respect of declarations and declarators”; ii after “ Human Rights Act 1998,"ect of declarations and declarators</Strong>”</InlineAmendment>;</Text>
</P4para>
</P4>
<P4 DocumentURI=""http://www.legislation.gov.uk/ssi/2024/174/rule/2/5/c/ii/made"" IdURI=""http://www.legislation.gov.uk/id/ssi/2024/174/rule/2/5/c/ii"" id=""rule-2-5-c-ii"">
<Pnumber>ii</Pnumber>
<P4para>
<Text>after “Human Rights Act 1998” insert <InlineAmendment>“[<Emphasis>or</Emphasis> an incompatibility declarator under section 26(2) of the United Nations Convention on the Rights of the Child (Incorporation) (Scotland) Act 2024] [<Emphasis>or </Emphasis>a strike down declarator under section 25(2) of the Uni"
WS-01,ukpga/1998/42,,whole-act,text,SI,ssi/2024/174,http://www.legislation.gov.uk/id/ssi/2024/174,rule-2,true,http://www.legislation.gov.uk/id/ukpga/1998/42,“or declarator”; iv after “Convention right” insert “under the Human Rights Act 1998,"P4>
<P4 DocumentURI=""http://www.legislation.gov.uk/ssi/2024/174/rule/2/5/c/iv/made"" IdURI=""http://www.legislation.gov.uk/id/ssi/2024/174/rule/2/5/c/iv"" id=""rule-2-5-c-iv"">
<Pnumber>iv</Pnumber>
<P4para>
<Text>after “<Emphasis>Convention right</Emphasis>” insert <InlineAmendment>“<Emphasis>under the Human Rights Act 1998 or the UNCRC requirement under the United Nations Convention on the Rights of the Child (Incorporation) (Scotland) Act 2024</Emphasis>”</InlineAmendment>;</Text>
</P4para>
</P4>
</P3para>
</P3>
<P3 DocumentURI=""http://www.legislation.gov.uk/ssi/2024/174/rule/2/5/d/made"" IdURI="""
WS-01,ukpga/1998/42,section-5-2,whole-act,text,SI,ssi/2024/174,http://www.legislation.gov.uk/id/ssi/2024/174,rule-2,true,http://www.legislation.gov.uk/id/ukpga/1998/42,“join” insert “[or take part]”; iii after “proceedings” insert “under section 5(2) of the Human Rights Act 1998,"xt>
</P4para>
</P4>
<P4 DocumentURI=""http://www.legislation.gov.uk/ssi/2024/174/rule/2/5/d/iii/made"" IdURI=""http://www.legislation.gov.uk/id/ssi/2024/174/rule/2/5/d/iii"" id=""rule-2-5-d-iii"">
<Pnumber>iii</Pnumber>
<P4para>
<Text>after “proceedings” insert <InlineAmendment>“under section 5(2) of the Human Rights Act 1998 [<Emphasis>or</Emphasis> section 27(2) of the United Nations Convention on the Rights of the Child (Incorporation) (Scotland) Act 2024]”</InlineAmendment>;</Text>
</P4para>
</P4>
<P4 DocumentURI=""http://www.legislation.gov.uk/ssi/2024/174/rule/2/5/d/iv/made"" IdURI=""http://www.l"
WS-01,ukpga/1998/42,section-5-2,whole-act,text,SI,ssi/2024/195,http://www.legislation.gov.uk/id/ssi/2024/195,rule-2,true,http://www.legislation.gov.uk/id/ukpga/1998/42,on the Rights of the Child (Incorporation) (Scotland) Act 2024”; j in Form 82.3-B (form of notice to court under section 5(2) of the Human Rights Act 1998,"/Text>
</P4para>
</P4>
</P3para>
</P3>
<P3 DocumentURI=""http://www.legislation.gov.uk/ssi/2024/195/rule/2/4/j/made"" IdURI=""http://www.legislation.gov.uk/id/ssi/2024/195/rule/2/4/j"" id=""rule-2-4-j"">
<Pnumber>j</Pnumber>
<P3para>
<Text>in Form 82.3-B (form of notice to court under section 5(2) of the Human Rights Act 1998 Act)<FootnoteRef Ref=""f00013""/>—</Text>
<P4 DocumentURI=""http://www.legislation.gov.uk/ssi/2024/195/rule/2/4/j/i/made"" IdURI=""http://www.legislation.gov.uk/id/ssi/2024/195/rule/2/4/j/i"" id=""rule-2-4-j-i"">
<Pnumber>i</Pnumber>
<P4para>
<Text>for the title substitute <InlineAmend"
WS-01,ukpga/1998/42,,whole-act,text,SI,ssi/2024/195,http://www.legislation.gov.uk/id/ssi/2024/195,rule-2,true,http://www.legislation.gov.uk/id/ukpga/1998/42,notice of their intention to take part in the proceedings. . 3 In Chapter 82 (the Human Rights Act 1998,"
</P1para>
</P1>
</P1group>
</Part>
</BlockAmendment>
<AppendText>.</AppendText>
</P2para>
</P2>
<P2 DocumentURI=""http://www.legislation.gov.uk/ssi/2024/195/rule/2/3/made"" IdURI=""http://www.legislation.gov.uk/id/ssi/2024/195/rule/2/3"" id=""rule-2-3"">
<Pnumber>3</Pnumber>
<P2para>
<Text>In Chapter 82 (the Human Rights Act 1998)<FootnoteRef Ref=""f00006""/>—</Text>
<P3 DocumentURI=""http://www.legislation.gov.uk/ssi/2024/195/rule/2/3/a/made"" IdURI=""http://www.legislation.gov.uk/id/ssi/2024/195/rule/2/3/a"" id=""rule-2-3-a"">
<Pnumber>a</Pnumber>
<P3para>
<Text>for the Chapter heading substitute <Inline"
WS-01,ukpga/1998/42,,whole-act,text,SI,ssi/2024/195,http://www.legislation.gov.uk/id/ssi/2024/195,rule-2,true,http://www.legislation.gov.uk/id/ukpga/1998/42,and interpretation) substitute— Application and interpretation 82.1 1 This Chapter deals with various matters relating to— a the Human Rights Act 1998,"etClass=""secondary"" TargetSubClass=""unknown"">
<P1group>
<Title>Application and interpretation</Title>
<P1>
<Pnumber PuncAfter=""."">82.1</Pnumber>
<P1para>
<P2>
<Pnumber>1</Pnumber>
<P2para>
<Text>This Chapter deals with various matters relating to—</Text>
<P3>
<Pnumber>a</Pnumber>
<P3para>
<Text>the Human Rights Act 1998;</Text>
</P3para>
</P3>
<P3>
<Pnumber>b</Pnumber>
<P3para>
<Text>the United Nations Convention on the Rights of the Child (Incorporation) (Scotland) Act 2024.</Text>
</P3para>
</P3>
</P2para>
</P2>
<P2>
<Pnumber>2</Pnumber>
<P2para>
<Text>In this Chapter—</Text>
<UnorderedList "
WS-01,ukpga/1998/42,,whole-act,text,SI,ssi/2024/195,http://www.legislation.gov.uk/id/ssi/2024/195,rule-2,true,http://www.legislation.gov.uk/id/ukpga/1998/42,Rights Act 1998; b the United Nations Convention on the Rights of the Child (Incorporation) (Scotland) Act 2024. 2 In this Chapter— “the 1998 Act” means the Human Rights Act 1998,"tions Convention on the Rights of the Child (Incorporation) (Scotland) Act 2024.</Text>
</P3para>
</P3>
</P2para>
</P2>
<P2>
<Pnumber>2</Pnumber>
<P2para>
<Text>In this Chapter—</Text>
<UnorderedList Class=""Definition"" Decoration=""none"">
<ListItem>
<Para>
<Text>“<Term>the 1998 Act</Term>” means the Human Rights Act 1998;</Text>
</Para>
</ListItem>
<ListItem>
<Para>
<Text>“<Term>the 2024 Act</Term>” means the United Nations Convention on the Rights of the Child (Incorporation) (Scotland) Act 2024;</Text>
</Para>
</ListItem>
<ListItem>
<Para>
<Text>“<Term>declaration of incompatibility</Term>” h"
WS-01,ukpga/1998/42,section-5-1,whole-act,text,SI,ssi/2024/195,http://www.legislation.gov.uk/id/ssi/2024/195,rule-2,true,http://www.legislation.gov.uk/id/ukpga/1998/42,an order suspending the effect of a strike down declarator) as set out in the schedule of this Act of Sederunt. i in Form 82.3-A (form of notice to Crown under section 5(1) of the Human Rights Act 1998,"ct of Sederunt.</Text>
</P3para>
</P3>
<P3 DocumentURI=""http://www.legislation.gov.uk/ssi/2024/195/rule/2/4/i/made"" IdURI=""http://www.legislation.gov.uk/id/ssi/2024/195/rule/2/4/i"" id=""rule-2-4-i"">
<Pnumber>i</Pnumber>
<P3para>
<Text>in Form 82.3-A (form of notice to Crown under section 5(1) of the Human Rights Act 1998 Act)<FootnoteRef Ref=""f00012""/>—</Text>
<P4 DocumentURI=""http://www.legislation.gov.uk/ssi/2024/195/rule/2/4/i/i/made"" IdURI=""http://www.legislation.gov.uk/id/ssi/2024/195/rule/2/4/i/i"" id=""rule-2-4-i-i"">
<Pnumber>i</Pnumber>
<P4para>
<Text>for the title substitute <InlineAmend"
WS-01,ukpga/1998/42,,whole-act,text,SI,ssi/2024/195,http://www.legislation.gov.uk/id/ssi/2024/195,rule-2,true,http://www.legislation.gov.uk/id/ukpga/1998/42,for the title substitute “Form of notice in respect of declarations or declarators”; ii after “ Human Rights Act 1998,"pect of declarations or declarators</Strong>”</InlineAmendment>;</Text>
</P4para>
</P4>
<P4 DocumentURI=""http://www.legislation.gov.uk/ssi/2024/195/rule/2/4/i/ii/made"" IdURI=""http://www.legislation.gov.uk/id/ssi/2024/195/rule/2/4/i/ii"" id=""rule-2-4-i-ii"">
<Pnumber>ii</Pnumber>
<P4para>
<Text>after “Human Rights Act 1998” insert <InlineAmendment>“[<Emphasis>or</Emphasis> an incompatibility declarator under section 26(2) of the United Nations Convention on the Rights of the Child (Incorporation) (Scotland) Act 2024] [<Emphasis>or</Emphasis> a strike down declarator under section 25(2) of the Uni"
WS-01,ukpga/1998/42,,whole-act,text,SI,ssi/2024/195,http://www.legislation.gov.uk/id/ssi/2024/195,rule-2,true,http://www.legislation.gov.uk/id/ukpga/1998/42,“or declarator”; iv after “Convention right” insert “under the Human Rights Act 1998,"P4>
<P4 DocumentURI=""http://www.legislation.gov.uk/ssi/2024/195/rule/2/4/i/iv/made"" IdURI=""http://www.legislation.gov.uk/id/ssi/2024/195/rule/2/4/i/iv"" id=""rule-2-4-i-iv"">
<Pnumber>iv</Pnumber>
<P4para>
<Text>after “<Emphasis>Convention right</Emphasis>” insert <InlineAmendment>“<Emphasis>under the Human Rights Act 1998 or the UNCRC requirements under the United Nations Convention on the Rights of the Child (Incorporation) (Scotland) Act 2024</Emphasis>”</InlineAmendment>;</Text>
</P4para>
</P4>
</P3para>
</P3>
<P3 DocumentURI=""http://www.legislation.gov.uk/ssi/2024/195/rule/2/4/j/made"" IdURI="
WS-01,ukpga/1998/42,section-5-2,whole-act,text,SI,ssi/2024/195,http://www.legislation.gov.uk/id/ssi/2024/195,rule-2,true,http://www.legislation.gov.uk/id/ukpga/1998/42,“join” insert “[or take part]”; iii after “proceedings” insert “under section 5(2) of the Human Rights Act 1998,"xt>
</P4para>
</P4>
<P4 DocumentURI=""http://www.legislation.gov.uk/ssi/2024/195/rule/2/4/j/iii/made"" IdURI=""http://www.legislation.gov.uk/id/ssi/2024/195/rule/2/4/j/iii"" id=""rule-2-4-j-iii"">
<Pnumber>iii</Pnumber>
<P4para>
<Text>after “proceedings” insert <InlineAmendment>“under section 5(2) of the Human Rights Act 1998 [<Emphasis>or </Emphasis>section 27(2) of the United Nations Convention on the Rights of the Child (Incorporation) (Scotland) Act 2024]”</InlineAmendment>;</Text>
</P4para>
</P4>
</P3para>
</P3>
<P3 DocumentURI=""http://www.legislation.gov.uk/ssi/2024/195/rule/2/4/k/made"" IdURI="
WS-01,ukpga/1998/42,section-1,whole-act,text,SI,ssi/2024/249,http://www.legislation.gov.uk/id/ssi/2024/249,schedule-rule-1,true,http://www.legislation.gov.uk/id/ukpga/1998/42,"question” has the meaning given by section 31(1) of the 2024 Act, “Convention rights” has the meaning given to it in section 1 of the Human Rights Act 1998","e5d43f-1778670338619"" CommentaryRef=""key-REDACTED-CLML-COMMENTARY-HANDLE"">” has the meaning given by section 31(1) of the 2024 Act,</Addition> </Text></Para></ListItem><ListItem><Para><Text>“<Term id=""term-convention-rights"">Convention rights</Term>” has the meaning given to it in section 1 of the Human Rights Act 1998<FootnoteRef Ref=""f00008""/>,</Text></Para></ListItem><ListItem><Para><Text>“<Term id=""term-document"">document</Term>” means anything in which information is recorded in any form,</Text></Para></ListItem><ListItem><Para><Text>“<Term id=""term-electronic-communication"">electronic c"
WS-01,ukpga/1998/42,,whole-act,enabling,SI,ssi/2025/353,http://www.legislation.gov.uk/id/ssi/2025/353,,true,http://www.legislation.gov.uk/id/ukpga/1998/42,to be necessary or expedient in consequence of the provisions in the Representation of the People Act 1983 in relation to the disfranchisement of offenders detained in mental hospitals which is or may be incompatible with Convention rights,"ision made by this remedial Order to be necessary or expedient in consequence of the provisions in the Representation of the People Act 1983<FootnoteRef Ref=""f00002""/> in relation to the disfranchisement of offenders detained in mental hospitals which is or may be incompatible with Convention rights<FootnoteRef Ref=""f00003""/>.</Text>
</Para>
<Para>
<Text>In accordance with section 12(2) of the 2001 Act the Scottish Ministers are of the opinion that there are compelling reasons for making a remedial order as distinct from taking any other action.</Text>
</Para>
<Para>
<Text>In accordance with s"
WS-01,ukpga/1998/42,section-1,whole-act,text,SI,ssi/2026/161,http://www.legislation.gov.uk/id/ssi/2026/161,regulation-4,true,http://www.legislation.gov.uk/id/ukpga/1998/42,"as an appellant under rule 11(1) (addition, substitution and removal of parties), “compatibility question” has the meaning given in section 31(1) of the 2024 Act, “Convention rights” has the meaning given to it in section 1 of the Human Rights Act 1998","a>
</ListItem>
</OrderedList>
</Para>
</ListItem>
<ListItem>
<Para>
<Text>“<Term>compatibility question</Term>” has the meaning given in section 31(1) of the 2024 Act,</Text>
</Para>
</ListItem>
<ListItem>
<Para>
<Text>“<Term>Convention rights</Term>” has the meaning given to it in section 1 of the Human Rights Act 1998<FootnoteRef Ref=""f00016""/>,</Text>
</Para>
</ListItem>
<ListItem>
<Para>
<Text>“<Term>document</Term>” means anything in which information is recorded in any form,</Text>
</Para>
</ListItem>
<ListItem>
<Para>
<Text>“<Term>excluded decision</Term>” means a decision referred to i"
WS-01,ukpga/1998/42,,whole-act,text,SI,uksi/1994/1443,http://www.legislation.gov.uk/id/uksi/1994/1443,schedule-2-paragraph-82.1,true,http://www.legislation.gov.uk/id/ukpga/1998/42,"CommentaryRef=""key-REDACTED-CLML-COMMENTARY-HANDLE"">athe Human Rights Act 1998","tution></Addition></Pnumber><P3para><Text><Addition ChangeId=""key-REDACTED-CLML-COMMENTARY-HANDLE-1726065699180"" CommentaryRef=""key-REDACTED-CLML-COMMENTARY-HANDLE""><Substitution ChangeId=""key-REDACTED-CLML-COMMENTARY-HANDLE-1777978433894"" CommentaryRef=""key-REDACTED-CLML-COMMENTARY-HANDLE"">the Human Rights Act 1998;</Substitution></Addition></Text></P3para></P3><P3 DocumentURI=""http://www.legislation.gov.uk/uksi/1994/1443/schedule/2/paragraph/82.1/1/b"" IdURI=""http://www.legislation.gov.uk/id/uksi/1994/1443/schedule/2/paragraph/82.1/1/b"" id=""schedule-2-paragraph-82.1-1-b""><Pnumber><Additio"
WS-01,ukpga/1998/42,,whole-act,text,SI,uksi/1994/1443,http://www.legislation.gov.uk/id/uksi/1994/1443,schedule-2-paragraph-82.1,true,http://www.legislation.gov.uk/id/ukpga/1998/42,"CommentaryRef=""key-REDACTED-CLML-COMMENTARY-HANDLE"">the 1998 Act” means the Human Rights Act 1998","t</Substitution></Addition></Term><Addition ChangeId=""key-REDACTED-CLML-COMMENTARY-HANDLE-1726065699180"" CommentaryRef=""key-REDACTED-CLML-COMMENTARY-HANDLE""><Substitution ChangeId=""key-REDACTED-CLML-COMMENTARY-HANDLE-1777978433894"" CommentaryRef=""key-REDACTED-CLML-COMMENTARY-HANDLE"">” means the Human Rights Act 1998;</Substitution></Addition></Text></Para></ListItem><ListItem><Para><Text><Addition ChangeId=""key-REDACTED-CLML-COMMENTARY-HANDLE-1726065699180"" CommentaryRef=""key-REDACTED-CLML-COMMENTARY-HANDLE""><Substitution ChangeId=""key-REDACTED-CLML-COMMENTARY-HANDLE-1777978433894"" Comm"
WS-01,ukpga/1998/42,,whole-act,text,SI,uksi/1996/513,http://www.legislation.gov.uk/id/uksi/1996/513,schedule-2-paragraph-41.1,true,http://www.legislation.gov.uk/id/ukpga/1998/42,"CommentaryRef=""key-REDACTED-CLML-COMMENTARY-HANDLE"">athe Human Rights Act 1998","tution></Addition></Pnumber><P3para><Text><Addition ChangeId=""key-REDACTED-CLML-COMMENTARY-HANDLE-1741882166351"" CommentaryRef=""key-REDACTED-CLML-COMMENTARY-HANDLE""><Substitution ChangeId=""key-REDACTED-CLML-COMMENTARY-HANDLE-1765794422703"" CommentaryRef=""key-REDACTED-CLML-COMMENTARY-HANDLE"">the Human Rights Act 1998;</Substitution></Addition></Text></P3para></P3><P3 DocumentURI=""http://www.legislation.gov.uk/uksi/1996/513/schedule/2/rule/41.1/1/b"" IdURI=""http://www.legislation.gov.uk/id/uksi/1996/513/schedule/2/rule/41.1/1/b"" id=""schedule-2-rule-41.1-1-b""><Pnumber><Addition ChangeId=""key-a"
WS-01,ukpga/1998/42,,whole-act,text,SI,uksi/1996/513,http://www.legislation.gov.uk/id/uksi/1996/513,schedule-2-paragraph-41.1,true,http://www.legislation.gov.uk/id/ukpga/1998/42,"CommentaryRef=""key-REDACTED-CLML-COMMENTARY-HANDLE"">the 1998 Act” means the Human Rights Act 1998","t</Substitution></Addition></Term><Addition ChangeId=""key-REDACTED-CLML-COMMENTARY-HANDLE-1741882166351"" CommentaryRef=""key-REDACTED-CLML-COMMENTARY-HANDLE""><Substitution ChangeId=""key-REDACTED-CLML-COMMENTARY-HANDLE-1765794422703"" CommentaryRef=""key-REDACTED-CLML-COMMENTARY-HANDLE"">” means the Human Rights Act 1998;</Substitution></Addition></Text></Para></ListItem><ListItem><Para><Text><Addition ChangeId=""key-REDACTED-CLML-COMMENTARY-HANDLE-1741882166351"" CommentaryRef=""key-REDACTED-CLML-COMMENTARY-HANDLE""><Substitution ChangeId=""key-REDACTED-CLML-COMMENTARY-HANDLE-1765794422703"" Comm"
WS-01,ukpga/1998/42,,whole-act,text,SI,uksi/1998/2768,http://www.legislation.gov.uk/id/uksi/1998/2768,article-2,true,http://www.legislation.gov.uk/id/ukpga/1998/42,2 In this Order: “the Act” means the Human Rights Act 1998,"""http://www.legislation.gov.uk/id/uksi/1998/2768/article/2"" id=""article-2"">
<Pnumber>2</Pnumber>
<P1para>
<Text>In this Order:</Text>
<UnorderedList Decoration=""none"" Class=""Definition"">
<ListItem>
<Para>
<Text>“<Abbreviation Expansion=""Human Rights Act 1998 c. 42"">the Act</Abbreviation>” means the Human Rights Act 1998.</Text>
</Para>
</ListItem>
<ListItem>
<Para>
<Text>“the <Abbreviation Expansion=""Judicial Pensions Act 1981 c. 20"">1981 Act</Abbreviation>” means the Judicial Pensions Act 1981<FootnoteRef Ref=""f00002""/>.</Text>
</Para>
</ListItem>
<ListItem>
<Para>
<Text>“the <Abbreviation Ex"
WS-01,ukpga/1998/42,schedule-4,whole-act,text,SI,uksi/1998/2768,http://www.legislation.gov.uk/id/uksi/1998/2768,article-8,true,http://www.legislation.gov.uk/id/ukpga/1998/42,"November 1998 (This note is not part of the Order) This Order is a pension order, as defined by Schedule 4 to the Human Rights Act 1998","toryNotes DocumentURI=""http://www.legislation.gov.uk/uksi/1998/2768/note/made"" IdURI=""http://www.legislation.gov.uk/id/uksi/1998/2768/note"">
<Comment>
<Para>
<Text>(This note is not part of the Order)</Text>
</Para>
</Comment>
<P>
<Text>This Order is a pension order, as defined by Schedule 4 to the Human Rights Act 1998. It makes provision for a judge appointed to the European Court of Human Rights, who was a member, either of one of the judicial pension schemes constituted by the Judicial Pensions Act 1981, or of the judicial pension scheme constituted by Part I of the Judicial Pensions and R"
WS-01,ukpga/1998/42,,whole-act,enabling,SI,uksi/1998/2768,http://www.legislation.gov.uk/id/uksi/1998/2768,,true,http://www.legislation.gov.uk/id/ukpga/1998/42,"in relation to any judicial office whose jurisdiction is exercisable exclusively in relation to Scotland, the Secretary of State, in exercise of the powers conferred on them by section 18 of, and Schedule 4 to, the Human Rights Act 1998","<EnactingText>
<Para>
<Text>The Lord Chancellor and, in relation to any judicial office whose jurisdiction is exercisable exclusively in relation to Scotland, the Secretary of State, in exercise of the powers conferred on them by section 18 of, and Schedule 4 to, the Human Rights Act 1998<FootnoteRef Ref=""f00001""/>, hereby make the following Order:</Text>
</Para>
</EnactingText>"
WS-01,ukpga/1998/42,section-18,whole-act,enabling,SI,uksi/1998/2768,http://www.legislation.gov.uk/id/uksi/1998/2768,,true,http://www.legislation.gov.uk/id/ukpga/1998/42,"in relation to any judicial office whose jurisdiction is exercisable exclusively in relation to Scotland, the Secretary of State, in exercise of the powers conferred on them by section 18 of, and Schedule 4 to, the Human Rights Act 1998","<EnactingText>
<Para>
<Text>The Lord Chancellor and, in relation to any judicial office whose jurisdiction is exercisable exclusively in relation to Scotland, the Secretary of State, in exercise of the powers conferred on them by section 18 of, and Schedule 4 to, the Human Rights Act 1998<FootnoteRef Ref=""f00001""/>, hereby make the following Order:</Text>
</Para>
</EnactingText>"
WS-01,ukpga/1998/42,schedule-4,whole-act,text,SI,uksi/1998/2768,http://www.legislation.gov.uk/id/uksi/1998/2768,,true,http://www.legislation.gov.uk/id/ukpga/1998/42,"Judicial Pensions (European Court of Human Rights) Order 1998Civil and human rightsKing's Printer of Acts of Parliament2015-04-13PENSIONS This Order is a pension order, as defined by Schedule 4 to the Human Rights Act 1998","998</dc:title><dc:subject>Civil and human rights</dc:subject><dc:publisher>King's Printer of Acts of Parliament</dc:publisher><dc:modified>2015-04-13</dc:modified><dc:subject scheme=""SIheading"">PENSIONS</dc:subject>
					<dc:description>This Order is a pension order, as defined by Schedule 4 to the Human Rights Act 1998. It makes provision for a judge appointed to the European Court of Human Rights, who was a member, either of one of the judicial pension schemes constituted by the Judicial Pensions Act 1981, or of the judicial pension scheme constituted by Part I of the Judicial Pensions and R"
WS-01,ukpga/1998/42,,whole-act,text,SI,uksi/1998/2882,http://www.legislation.gov.uk/id/uksi/1998/2882,article-1,true,http://www.legislation.gov.uk/id/ukpga/1998/42,"IdURI=""http://www.legislation.gov.uk/id/uksi/1998/2882/body"" NumberOfProvisions=""2"" NumberFormat=""default""> 1 This Order may be cited as the Human Rights Act 1998","k/id/uksi/1998/2882/body"" NumberOfProvisions=""2"" NumberFormat=""default"">
<P1 DocumentURI=""http://www.legislation.gov.uk/uksi/1998/2882/article/1/made"" IdURI=""http://www.legislation.gov.uk/id/uksi/1998/2882/article/1"" id=""article-1"">
<Pnumber>1</Pnumber>
<P1para>
<Text>This Order may be cited as the Human Rights Act 1998 (Commencement) Order 1998.</Text>
</P1para>
</P1>
<P1 DocumentURI=""http://www.legislation.gov.uk/uksi/1998/2882/article/2/made"" IdURI=""http://www.legislation.gov.uk/id/uksi/1998/2882/article/2"" id=""article-2"">
<Pnumber>2</Pnumber>
<P1para>
<Text>The day appointed for the coming"
WS-01,ukpga/1998/42,section-19,whole-act,text,SI,uksi/1998/2882,http://www.legislation.gov.uk/id/uksi/1998/2882,article-2,true,http://www.legislation.gov.uk/id/ukpga/1998/42,This Order may be cited as the Human Rights Act 1998 (Commencement) Order 1998. 2 The day appointed for the coming into force of section 19 of the Human Rights Act 1998,"nt) Order 1998.</Text>
</P1para>
</P1>
<P1 DocumentURI=""http://www.legislation.gov.uk/uksi/1998/2882/article/2/made"" IdURI=""http://www.legislation.gov.uk/id/uksi/1998/2882/article/2"" id=""article-2"">
<Pnumber>2</Pnumber>
<P1para>
<Text>The day appointed for the coming into force of section 19 of the Human Rights Act 1998 is 24th November 1998.</Text>
</P1para>
</P1>
<SignedSection DocumentURI=""http://www.legislation.gov.uk/uksi/1998/2882/signature/made"" IdURI=""http://www.legislation.gov.uk/id/uksi/1998/2882/signature"">
<Signatory>
<Signee>
<PersonName>Jack Straw</PersonName>
<JobTitle>One of He"
WS-01,ukpga/1998/42,section-19,whole-act,text,SI,uksi/1998/2882,http://www.legislation.gov.uk/id/uksi/1998/2882,article-2,true,http://www.legislation.gov.uk/id/ukpga/1998/42,20th November 1998 (This note is not part of the Order) This Order brings section 19 of the Human Rights Act 1998,"edSection>
</Body>
<ExplanatoryNotes DocumentURI=""http://www.legislation.gov.uk/uksi/1998/2882/note/made"" IdURI=""http://www.legislation.gov.uk/id/uksi/1998/2882/note"">
<Comment>
<Para>
<Text>(This note is not part of the Order)</Text>
</Para>
</Comment>
<P>
<Text>This Order brings section 19 of the Human Rights Act 1998 (“<Abbreviation Expansion=""Human Rights Act 1998 c. 42"">the Act</Abbreviation>”) into force on 24th November 1998.</Text>
</P>
<P>
<Text>Section 19 provides that the Minister in charge of a Bill in either House of Parliament must, before Second Reading, make and publish a writt"
WS-01,ukpga/1998/42,,whole-act,enabling,SI,uksi/1998/2882,http://www.legislation.gov.uk/id/uksi/1998/2882,,true,http://www.legislation.gov.uk/id/ukpga/1998/42,exercise of the powers conferred upon me by section 22(3) of the Human Rights Act 1998,"<EnactingText>
<Para>
<Text>In exercise of the powers conferred upon me by section 22(3) of the Human Rights Act 1998<FootnoteRef Ref=""f00001""/>, I hereby make the following Order:</Text>
</Para>
</EnactingText>"
WS-01,ukpga/1998/42,,whole-act,text,SI,uksi/1998/2882,http://www.legislation.gov.uk/id/uksi/1998/2882,,true,http://www.legislation.gov.uk/id/ukpga/1998/42,"Value=""0""/> 1998 No. 2882 (C.71) HUMAN RIGHTS The Human Rights Act 1998","/>
								</ukm:Statistics>
				</ukm:Metadata><Secondary>
<SecondaryPrelims DocumentURI=""http://www.legislation.gov.uk/uksi/1998/2882/introduction/made"" IdURI=""http://www.legislation.gov.uk/id/uksi/1998/2882/introduction"">
<Number>1998 No. 2882 (C.71)</Number>
<SubjectInformation><Subject>
<Title>HUMAN RIGHTS</Title>
</Subject>
</SubjectInformation>
<Title>The Human Rights Act 1998 (Commencement) Order 1998</Title>
<MadeDate>
<Text>Made</Text>
<DateText>20th November 1998</DateText>
</MadeDate>
<SecondaryPreamble>
<EnactingText>
<Para>
<Text>In exercise of the powers conferred upon me by sec"
WS-01,ukpga/1998/42,section-19,whole-act,text,SI,uksi/1998/2882,http://www.legislation.gov.uk/id/uksi/1998/2882,,true,http://www.legislation.gov.uk/id/ukpga/1998/42,Human Rights Act 1998 (Commencement) Order 1998Civil and human rightsKing's Printer of Acts of Parliament2014-08-20HUMAN RIGHTS This Order brings section 19 of the Human Rights Act 1998," (Commencement) Order 1998</dc:title><dc:subject>Civil and human rights</dc:subject><dc:publisher>King's Printer of Acts of Parliament</dc:publisher><dc:modified>2014-08-20</dc:modified><dc:subject scheme=""SIheading"">HUMAN RIGHTS</dc:subject>
					<dc:description>This Order brings section 19 of the Human Rights Act 1998 (“the Act”) into force on 24th November 1998.</dc:description>
					<atom:link rel=""self"" href=""http://www.legislation.gov.uk/uksi/1998/2882/made/data.xml"" type=""application/xml""/><atom:link rel=""http://www.legislation.gov.uk/def/navigation/resources"" href=""http://www.legislati"
WS-01,ukpga/1998/42,,whole-act,text,SI,uksi/1998/2882,http://www.legislation.gov.uk/id/uksi/1998/2882,,true,http://www.legislation.gov.uk/id/ukpga/1998/42,"http://www.legislation.gov.uk/schema/legislation.xsd"" SchemaVersion=""1.0""> http://www.legislation.gov.uk/uksi/1998/2882/made The Human Rights Act 1998","1.0""><ukm:Metadata xmlns:dc=""http://purl.org/dc/elements/1.1/"" xmlns:dct=""http://purl.org/dc/terms/"" xmlns:atom=""http://www.w3.org/2005/Atom"" xmlns:ukm=""http://www.legislation.gov.uk/namespaces/metadata"">
					<dc:identifier>http://www.legislation.gov.uk/uksi/1998/2882/made</dc:identifier><dc:title>The Human Rights Act 1998 (Commencement) Order 1998</dc:title><dc:subject>Civil and human rights</dc:subject><dc:publisher>King's Printer of Acts of Parliament</dc:publisher><dc:modified>2014-08-20</dc:modified><dc:subject scheme=""SIheading"">HUMAN RIGHTS</dc:subject>
					<dc:description>This Order "
WS-01,ukpga/1998/42,section-22,whole-act,enabling,SI,uksi/1998/2882,http://www.legislation.gov.uk/id/uksi/1998/2882,,true,http://www.legislation.gov.uk/id/ukpga/1998/42,exercise of the powers conferred upon me by section 22(3) of the Human Rights Act 1998,"<EnactingText>
<Para>
<Text>In exercise of the powers conferred upon me by section 22(3) of the Human Rights Act 1998<FootnoteRef Ref=""f00001""/>, I hereby make the following Order:</Text>
</Para>
</EnactingText>"
WS-01,ukpga/1998/42,section-4,whole-act,text,SI,uksi/1998/3132,http://www.legislation.gov.uk/id/uksi/1998/3132,rule-19.5,true,http://www.legislation.gov.uk/id/ukpga/1998/42,court may not make a declaration of incompatibility in accordance with section 4 of the Human Rights Act 1998,"4f1093-1664457256063"" CommentaryRef=""key-REDACTED-CLML-COMMENTARY-HANDLE""><Addition ChangeId=""M_F_d4fc775f-3c67-420e-8e78-373cf8b79109-1698839501610"" CommentaryRef=""M_F_d4fc775f-3c67-420e-8e78-373cf8b79109"">The court may not make a declaration of incompatibility in accordance with section 4 of the Human Rights Act 1998 unless 21 days’ notice, or such other period of notice as the court directs, has been given to the Crown by the claimant.</Addition></Substitution></Text></P2para></P2><P2 DocumentURI=""http://www.legislation.gov.uk/uksi/1998/3132/rule/19.5/2n1"" IdURI=""http://www.legislation.gov"
WS-01,ukpga/1998/42,section-5-2,whole-act,text,SI,uksi/1998/3132,http://www.legislation.gov.uk/id/uksi/1998/3132,rule-19.5,true,http://www.legislation.gov.uk/id/ukpga/1998/42,"the Minister has, under section 5(2) (a) of the Human Rights Act 1998","stitution ChangeId=""key-REDACTED-CLML-COMMENTARY-HANDLE-1664457256063"" CommentaryRef=""key-REDACTED-CLML-COMMENTARY-HANDLE""><Addition ChangeId=""M_F_d4fc775f-3c67-420e-8e78-373cf8b79109-1698839501610"" CommentaryRef=""M_F_d4fc775f-3c67-420e-8e78-373cf8b79109"">Where the Minister has, under section 5(2)(a) of the Human Rights Act 1998, nominated a person to be joined, the notice consenting to be joined must be accompanied by the written nomination.</Addition></Substitution></Text></P2para></P2><P2 DocumentURI=""http://www.legislation.gov.uk/uksi/1998/3132/rule/19.5/7"" IdURI=""http://www.legislation."
WS-01,ukpga/1998/42,,whole-act,text,SI,uksi/1998/3132,http://www.legislation.gov.uk/id/uksi/1998/3132,rule-19.5,true,http://www.legislation.gov.uk/id/ukpga/1998/42,"notice has been given to the Crown, a Minister or other person permitted by the Human Rights Act 1998","dcf2dc4f1093-1664457256063"" CommentaryRef=""key-REDACTED-CLML-COMMENTARY-HANDLE""><Addition ChangeId=""M_F_d4fc775f-3c67-420e-8e78-373cf8b79109-1698839501610"" CommentaryRef=""M_F_d4fc775f-3c67-420e-8e78-373cf8b79109"">Where notice has been given to the Crown, a Minister or other person permitted by the Human Rights Act 1998 shall be joined as a party on notifying their consent to the court and all other parties.</Addition></Substitution></Text></P2para></P2><P2 DocumentURI=""http://www.legislation.gov.uk/uksi/1998/3132/rule/19.5/6"" IdURI=""http://www.legislation.gov.uk/id/uksi/1998/3132/rule/19.5/6"""
WS-01,ukpga/1998/42,section-9,whole-act,text,SI,uksi/1998/3132,http://www.legislation.gov.uk/id/uksi/1998/3132,rule-19.5,true,http://www.legislation.gov.uk/id/ukpga/1998/42,"Treasury Solicitor on behalf of the Lord Chancellor, in respect of a claim under section 9 of the Human Rights Act 1998","4457256063"" CommentaryRef=""key-REDACTED-CLML-COMMENTARY-HANDLE""><Addition ChangeId=""M_F_d4fc775f-3c67-420e-8e78-373cf8b79109-1698839501610"" CommentaryRef=""M_F_d4fc775f-3c67-420e-8e78-373cf8b79109"">the Treasury Solicitor on behalf of the Lord Chancellor, in respect of a claim under section 9 of the Human Rights Act 1998, except where the judicial act is of a Court-Martial when service must be on the Treasury Solicitor on behalf of the Secretary of State for Defence;</Addition></Substitution></Text></P3para></P3><P3 DocumentURI=""http://www.legislation.gov.uk/uksi/1998/3132/rule/19.5/4/d"" IdURI="
WS-01,ukpga/1998/42,section-9,whole-act,text,SI,uksi/1998/3132,http://www.legislation.gov.uk/id/uksi/1998/3132,rule-19.5,true,http://www.legislation.gov.uk/id/ukpga/1998/42,a claim is made under section 9 of the Human Rights Act 1998,"tution ChangeId=""key-REDACTED-CLML-COMMENTARY-HANDLE-1664457256063"" CommentaryRef=""key-REDACTED-CLML-COMMENTARY-HANDLE""><Addition ChangeId=""M_F_d4fc775f-3c67-420e-8e78-373cf8b79109-1698839501610"" CommentaryRef=""M_F_d4fc775f-3c67-420e-8e78-373cf8b79109"">Where a claim is made under section 9 of the Human Rights Act 1998 for damages in respect of a judicial act—</Addition></Substitution></Text><P3 DocumentURI=""http://www.legislation.gov.uk/uksi/1998/3132/rule/19.5/2/an1"" IdURI=""http://www.legislation.gov.uk/id/uksi/1998/3132/rule/19.5/2/an1"" id=""rule-19.5-2-an1""><Pnumber><Substitution ChangeId="
WS-01,ukpga/1998/42,,whole-act,text,SI,uksi/1998/3132,http://www.legislation.gov.uk/id/uksi/1998/3132,rule-26.9,true,http://www.legislation.gov.uk/id/ukpga/1998/42,"id=""rule-26.9-10-e-ii"">iirelief or a remedy in relation to a breach of the Human Rights Act 1998","c32481e196d-1700482296320"" CommentaryRef=""key-REDACTED-CLML-COMMENTARY-HANDLE"">ii</Substitution></Pnumber><P4para><Text><Substitution ChangeId=""key-REDACTED-CLML-COMMENTARY-HANDLE-1700482296320"" CommentaryRef=""key-REDACTED-CLML-COMMENTARY-HANDLE"">relief or a remedy in relation to a breach of the Human Rights Act 1998 </Substitution><Substitution ChangeId=""key-REDACTED-CLML-COMMENTARY-HANDLE-1700482296320"" CommentaryRef=""key-REDACTED-CLML-COMMENTARY-HANDLE""><Substitution ChangeId=""key-REDACTED-CLML-COMMENTARY-HANDLE-1713952863667"" CommentaryRef=""key-REDACTED-CLML-COMMENTARY-HANDLE"">; or<"
WS-01,ukpga/1998/42,section-4,whole-act,text,SI,uksi/1998/3132,http://www.legislation.gov.uk/id/uksi/1998/3132,rule-30.3,true,http://www.legislation.gov.uk/id/ukpga/1998/42,"id=""rule-30.3-2-g"">gwhether the making of a declaration of incompatibility under section 4 of the Human Rights Act 1998","765986"" CommentaryRef=""key-REDACTED-CLML-COMMENTARY-HANDLE"">g</Addition></Pnumber><P3para><Text><Addition ChangeId=""key-REDACTED-CLML-COMMENTARY-HANDLE-1667561765986"" CommentaryRef=""key-REDACTED-CLML-COMMENTARY-HANDLE"">whether the making of a declaration of incompatibility under section 4 of the Human Rights Act 1998 has arisen or may arise</Addition>;</Text></P3para></P3><P3 DocumentURI=""http://www.legislation.gov.uk/uksi/1998/3132/rule/30.3/2/f"" IdURI=""http://www.legislation.gov.uk/id/uksi/1998/3132/rule/30.3/2/f"" id=""rule-30.3-2-f""><Pnumber><Addition ChangeId=""key-ca8a4733e9bb980a3518aac"
WS-01,ukpga/1998/42,section-7,whole-act,text,SI,uksi/1998/3132,http://www.legislation.gov.uk/id/uksi/1998/3132,rule-33.9,true,http://www.legislation.gov.uk/id/ukpga/1998/42,"id=""rule-33.9-1-a"">afor a remedy under section 7 of the Human Rights Act 1998","y-5c447528f7f9f42ee77f65fa1dcc3fa0-1667555813465"" CommentaryRef=""key-REDACTED-CLML-COMMENTARY-HANDLE"">a</Addition></Pnumber><P3para><Text><Addition ChangeId=""key-REDACTED-CLML-COMMENTARY-HANDLE-1667555813465"" CommentaryRef=""key-REDACTED-CLML-COMMENTARY-HANDLE"">for a remedy under section 7 of the Human Rights Act 1998 in respect of a judicial act which is alleged to have infringed the claimant’s Article 5 Convention rights; and</Addition></Text></P3para></P3><P3 DocumentURI=""http://www.legislation.gov.uk/uksi/1998/3132/rule/33.9/1/b"" IdURI=""http://www.legislation.gov.uk/id/uksi/1998/3132/rul"
WS-01,ukpga/1998/42,,whole-act,text,SI,uksi/1998/3132,http://www.legislation.gov.uk/id/uksi/1998/3132,rule-55.30,true,http://www.legislation.gov.uk/id/ukpga/1998/42,"CommentaryRef=""key-REDACTED-CLML-COMMENTARY-HANDLE"">Convention rights” has the meaning provided by the Human Rights Act 1998","Addition></Term><Addition ChangeId=""key-REDACTED-CLML-COMMENTARY-HANDLE-1668090295158"" CommentaryRef=""key-REDACTED-CLML-COMMENTARY-HANDLE""><Addition ChangeId=""key-REDACTED-CLML-COMMENTARY-HANDLE-1698682232142"" CommentaryRef=""key-REDACTED-CLML-COMMENTARY-HANDLE"">” has the meaning provided by the Human Rights Act 1998;</Addition></Addition></Text></P3para></P3><P3 DocumentURI=""http://www.legislation.gov.uk/uksi/1998/3132/rule/55.30/d"" IdURI=""http://www.legislation.gov.uk/id/uksi/1998/3132/rule/55.30/d"" id=""rule-55.30-d""><Pnumber><Addition ChangeId=""key-REDACTED-CLML-COMMENTARY-HANDLE-166809"
WS-01,ukpga/1998/42,section-7-1,whole-act,text,SI,uksi/1998/3132,http://www.legislation.gov.uk/id/uksi/1998/3132,rule-7.11,true,http://www.legislation.gov.uk/id/ukpga/1998/42,"id=""rule-7.11-1"">1A claim under section 7(1) (a) of the Human Rights Act 1998","angeId=""key-REDACTED-CLML-COMMENTARY-HANDLE-1667555188990"" CommentaryRef=""key-REDACTED-CLML-COMMENTARY-HANDLE"">1</Addition></Pnumber><P2para><Text><Addition ChangeId=""key-REDACTED-CLML-COMMENTARY-HANDLE-1667555188990"" CommentaryRef=""key-REDACTED-CLML-COMMENTARY-HANDLE"">A claim under section 7(1)(a) of the Human Rights Act 1998 in respect of a judicial act may be brought only in the High Court.</Addition></Text></P2para></P2><P2 DocumentURI=""http://www.legislation.gov.uk/uksi/1998/3132/rule/7.11/2"" IdURI=""http://www.legislation.gov.uk/id/uksi/1998/3132/rule/7.11/2"" id=""rule-7.11-2""><Pnumber"
WS-01,ukpga/1998/42,section-6-1,whole-act,text,SI,uksi/1999/2979,http://www.legislation.gov.uk/id/uksi/1999/2979,regulation-11,true,http://www.legislation.gov.uk/id/ukpga/1998/42,orbso as to prevent an award of damages made in respect of an act or omission on the ground that the act or omission was unlawful as a result of section 6(1) of the Human Rights Act 1998,"1/2/b"" IdURI=""http://www.legislation.gov.uk/id/uksi/1999/2979/regulation/11/2/b"" id=""regulation-11-2-b""><Pnumber>b</Pnumber><P3para><Text>so as to prevent an award of damages made in respect of an act or omission on the ground that the act or omission was unlawful as a result of section 6(1) of the Human Rights Act 1998<FootnoteRef Ref=""f00014""/> (acts of public authorities).</Text></P3para></P3></P2para></P2></P1para></P1></P1group><P1group RestrictStartDate=""1999-12-11""><Title>Publication of information and advice</Title><P1 DocumentURI=""http://www.legislation.gov.uk/uksi/1999/2979/regulatio"
WS-01,ukpga/1998/42,,whole-act,text,SI,uksi/1999/728,http://www.legislation.gov.uk/id/uksi/1999/728,article-34,true,http://www.legislation.gov.uk/id/ukpga/1998/42,to convention rights are to the convention rights within the meaning of the Human Rights Act 1998,"yRef=""key-REDACTED-CLML-COMMENTARY-HANDLE"">c</Substitution></Pnumber><P3para><Text><Substitution ChangeId=""key-REDACTED-CLML-COMMENTARY-HANDLE-1621855567696"" CommentaryRef=""key-REDACTED-CLML-COMMENTARY-HANDLE"">references to convention rights are to the convention rights within the meaning of the Human Rights Act 1998</Substitution><Substitution ChangeId=""key-REDACTED-CLML-COMMENTARY-HANDLE-1621855567696"" CommentaryRef=""key-REDACTED-CLML-COMMENTARY-HANDLE"">.</Substitution></Text></P3para></P3></P2para></P2></P1para></P1></P1group><P1group RestrictStartDate=""2020-05-15""><Title> Personal let"
WS-01,ukpga/1998/42,,whole-act,text,SI,uksi/2000/1830,http://www.legislation.gov.uk/id/uksi/2000/1830,article-1,true,http://www.legislation.gov.uk/id/ukpga/1998/42,"legislation made by the National Assembly or a Minister of the Crown shall be construed as including subordinate legislation confirmed or approved by the National Assembly or, as the case may be, a Minister of the Crown and like expressions shall be construed accordingly. Human Rights Act 1998","of the Crown shall be construed as including subordinate legislation confirmed or approved by the National Assembly or, as the case may be, a Minister of the Crown and like expressions shall be construed accordingly.</Text>
</P3para>
</P3>
</P2para>
</P2>
</P1para>
</P1>
</P1group>
<P1group>
<Title>Human Rights Act 1998</Title>
<P1 DocumentURI=""http://www.legislation.gov.uk/uksi/2000/1830/article/2/made"" IdURI=""http://www.legislation.gov.uk/id/uksi/2000/1830/article/2"" id=""article-2"">
<Pnumber>2</Pnumber>
<P1para>
<P2 DocumentURI=""http://www.legislation.gov.uk/uksi/2000/1830/article/2/1/made"" "
WS-01,ukpga/1998/42,,whole-act,text,SI,uksi/2000/1830,http://www.legislation.gov.uk/id/uksi/2000/1830,article-1,true,http://www.legislation.gov.uk/id/ukpga/1998/42,In this Order – a “the Act” means the Human Rights Act 1998,"e/1/2/a/made"" IdURI=""http://www.legislation.gov.uk/id/uksi/2000/1830/article/1/2/a"" id=""article-1-2-a"">
<Pnumber>a</Pnumber>
<P3para>
<UnorderedList Decoration=""none"" Class=""Definition"">
<ListItem>
<Para>
<Text>“<Abbreviation Expansion=""Human Rights Act 1998 c. 42"">the Act</Abbreviation>” means the Human Rights Act 1998<FootnoteRef Ref=""f00002""/>;</Text>
</Para>
</ListItem>
<ListItem>
<Para>
<Text>“the Convention rights” and “primary legislation” have the same meaning as in the Act;</Text>
</Para>
</ListItem>
<ListItem>
<Para>
<Text>“court” has the same meaning as in section 4(5) of the Act;</"
WS-01,ukpga/1998/42,section-4,whole-act,text,SI,uksi/2000/1830,http://www.legislation.gov.uk/id/uksi/2000/1830,article-2,true,http://www.legislation.gov.uk/id/ukpga/1998/42,2 This paragraph applies to any proceedings in which a court is considering whether to make a declaration of incompatibility within the meaning of section 4 of the Human Rights Act 1998,"ticle/2/2/made"" IdURI=""http://www.legislation.gov.uk/id/uksi/2000/1830/article/2/2"" id=""article-2-2"">
<Pnumber>2</Pnumber>
<P2para>
<Text>This paragraph applies to any proceedings in which a court is considering whether to make a declaration of incompatibility within the meaning of section 4 of the Human Rights Act 1998 in respect of –</Text>
<P3 DocumentURI=""http://www.legislation.gov.uk/uksi/2000/1830/article/2/2/a/made"" IdURI=""http://www.legislation.gov.uk/id/uksi/2000/1830/article/2/2/a"" id=""article-2-2-a"">
<Pnumber>a</Pnumber>
<P3para>
<Text>subordinate legislation made by the National As"
WS-01,ukpga/1998/42,,whole-act,text,SI,uksi/2000/1851,http://www.legislation.gov.uk/id/uksi/2000/1851,article-1,true,http://www.legislation.gov.uk/id/ukpga/1998/42,"IdURI=""http://www.legislation.gov.uk/id/uksi/2000/1851/body"" NumberOfProvisions=""2"" NumberFormat=""default""> 1 This Order may be cited as the Human Rights Act 1998","k/id/uksi/2000/1851/body"" NumberOfProvisions=""2"" NumberFormat=""default"">
<P1 DocumentURI=""http://www.legislation.gov.uk/uksi/2000/1851/article/1/made"" IdURI=""http://www.legislation.gov.uk/id/uksi/2000/1851/article/1"" id=""article-1"">
<Pnumber>1</Pnumber>
<P1para>
<Text>This Order may be cited as the Human Rights Act 1998 (Commencement No. 2) Order 2000.</Text>
</P1para>
</P1>
<P1 DocumentURI=""http://www.legislation.gov.uk/uksi/2000/1851/article/2/made"" IdURI=""http://www.legislation.gov.uk/id/uksi/2000/1851/article/2"" id=""article-2"">
<Pnumber>2</Pnumber>
<P1para>
<Text>The day appointed for the "
WS-01,ukpga/1998/42,,whole-act,text,SI,uksi/2000/1851,http://www.legislation.gov.uk/id/uksi/2000/1851,article-2,true,http://www.legislation.gov.uk/id/ukpga/1998/42,which those provisions of the Human Rights Act 1998 that are not already in force will come into force. The provisions give further effect to the European Convention on Human Rights. Section 19 (statements of compatibility) was brought into force on 24th November 1998 by the Human Rights Act 1998,"n which those provisions of the Human Rights Act 1998 that are not already in force will come into force. The provisions give further effect to the European Convention on Human Rights.</Text>
</P>
<P>
<Text>Section 19 (statements of compatibility) was brought into force on 24th November 1998 by the Human Rights Act 1998 (Commencement No. 1) Order 1998 (<Acronym Expansion=""Statutory Instrument"">S.I.</Acronym> <Citation URI=""http://www.legislation.gov.uk/id/uksi/1998/2882"" id=""c00001"" Class=""UnitedKingdomStatutoryInstrument"" Year=""1998"" Number=""2882"">1998/2882</Citation>).</Text>
</P>
</Explanat"
WS-01,ukpga/1998/42,,whole-act,text,SI,uksi/2000/1851,http://www.legislation.gov.uk/id/uksi/2000/1851,article-2,true,http://www.legislation.gov.uk/id/ukpga/1998/42,(This note is not part of the Order) This Order appoints 2nd October 2000 as the date on which those provisions of the Human Rights Act 1998,"RI=""http://www.legislation.gov.uk/uksi/2000/1851/note/made"" IdURI=""http://www.legislation.gov.uk/id/uksi/2000/1851/note"">
<Comment>
<Para>
<Text>(This note is not part of the Order)</Text>
</Para>
</Comment>
<P>
<Text>This Order appoints 2nd October 2000 as the date on which those provisions of the Human Rights Act 1998 that are not already in force will come into force. The provisions give further effect to the European Convention on Human Rights.</Text>
</P>
<P>
<Text>Section 19 (statements of compatibility) was brought into force on 24th November 1998 by the Human Rights Act 1998 (Commencem"
WS-01,ukpga/1998/42,,whole-act,text,SI,uksi/2000/1851,http://www.legislation.gov.uk/id/uksi/2000/1851,article-2,true,http://www.legislation.gov.uk/id/ukpga/1998/42,This Order may be cited as the Human Rights Act 1998 (Commencement No. 2) Order 2000. 2 The day appointed for the coming into force of those provisions of the Human Rights Act 1998,"der 2000.</Text>
</P1para>
</P1>
<P1 DocumentURI=""http://www.legislation.gov.uk/uksi/2000/1851/article/2/made"" IdURI=""http://www.legislation.gov.uk/id/uksi/2000/1851/article/2"" id=""article-2"">
<Pnumber>2</Pnumber>
<P1para>
<Text>The day appointed for the coming into force of those provisions of the Human Rights Act 1998 that are not already in force is 2nd October 2000.</Text>
</P1para>
</P1>
<SignedSection DocumentURI=""http://www.legislation.gov.uk/uksi/2000/1851/signature/made"" IdURI=""http://www.legislation.gov.uk/id/uksi/2000/1851/signature"">
<Signatory>
<Signee>
<PersonName>Jack Straw</Per"
WS-01,ukpga/1998/42,,whole-act,text,SI,uksi/2000/1851,http://www.legislation.gov.uk/id/uksi/2000/1851,,true,http://www.legislation.gov.uk/id/ukpga/1998/42,Human Rights Act 1998 (Commencement No. 2) Order 2000Civil and human rightsKing's Printer of Acts of Parliament2011-07-04HUMAN RIGHTS This Order appoints 2nd October 2000 as the date on which those provisions of the Human Rights Act 1998,"ct>Civil and human rights</dc:subject><dc:publisher>King's Printer of Acts of Parliament</dc:publisher><dc:modified>2011-07-04</dc:modified><dc:subject scheme=""SIheading"">HUMAN RIGHTS</dc:subject>
					<dc:description>This Order appoints 2nd October 2000 as the date on which those provisions of the Human Rights Act 1998 that are not already in force will come into force. The provisions give further effect to the European Convention on Human Rights.</dc:description>
					<atom:link rel=""self"" href=""http://www.legislation.gov.uk/uksi/2000/1851/made/data.xml"" type=""application/xml""/><atom:link re"
WS-01,ukpga/1998/42,,whole-act,text,SI,uksi/2000/1851,http://www.legislation.gov.uk/id/uksi/2000/1851,,true,http://www.legislation.gov.uk/id/ukpga/1998/42,"http://www.legislation.gov.uk/schema/legislation.xsd"" SchemaVersion=""1.0""> http://www.legislation.gov.uk/uksi/2000/1851/made The Human Rights Act 1998","1.0""><ukm:Metadata xmlns:dc=""http://purl.org/dc/elements/1.1/"" xmlns:dct=""http://purl.org/dc/terms/"" xmlns:atom=""http://www.w3.org/2005/Atom"" xmlns:ukm=""http://www.legislation.gov.uk/namespaces/metadata"">
					<dc:identifier>http://www.legislation.gov.uk/uksi/2000/1851/made</dc:identifier><dc:title>The Human Rights Act 1998 (Commencement No. 2) Order 2000</dc:title><dc:subject>Civil and human rights</dc:subject><dc:publisher>King's Printer of Acts of Parliament</dc:publisher><dc:modified>2011-07-04</dc:modified><dc:subject scheme=""SIheading"">HUMAN RIGHTS</dc:subject>
					<dc:description>This "
WS-01,ukpga/1998/42,,whole-act,text,SI,uksi/2000/1851,http://www.legislation.gov.uk/id/uksi/2000/1851,,true,http://www.legislation.gov.uk/id/ukpga/1998/42,"Value=""0""/> 2000 No. 1851 (C. 47) HUMAN RIGHTS The Human Rights Act 1998",">
								</ukm:Statistics>
				</ukm:Metadata><Secondary>
<SecondaryPrelims DocumentURI=""http://www.legislation.gov.uk/uksi/2000/1851/introduction/made"" IdURI=""http://www.legislation.gov.uk/id/uksi/2000/1851/introduction"">
<Number>2000 No. 1851 (C. 47)</Number>
<SubjectInformation><Subject>
<Title>HUMAN RIGHTS</Title>
</Subject>
</SubjectInformation>
<Title>The Human Rights Act 1998 (Commencement <Abbreviation Expansion=""Number"">No.</Abbreviation> 2) Order 2000</Title>
<MadeDate>
<Text>Made</Text>
<DateText>12th July 2000</DateText>
</MadeDate>
<ComingIntoForce>
<Text>Coming into force</Text>"
WS-01,ukpga/1998/42,section-22,whole-act,enabling,SI,uksi/2000/1851,http://www.legislation.gov.uk/id/uksi/2000/1851,,true,http://www.legislation.gov.uk/id/ukpga/1998/42,exercise of the powers conferred upon me by section 22(3) of the Human Rights Act 1998,"<EnactingText>
<Para>
<Text>In exercise of the powers conferred upon me by section 22(3) of the Human Rights Act 1998<FootnoteRef Ref=""f00001""/>, I hereby make the following Order:</Text>
</Para>
</EnactingText>"
WS-01,ukpga/1998/42,,whole-act,enabling,SI,uksi/2000/1851,http://www.legislation.gov.uk/id/uksi/2000/1851,,true,http://www.legislation.gov.uk/id/ukpga/1998/42,exercise of the powers conferred upon me by section 22(3) of the Human Rights Act 1998,"<EnactingText>
<Para>
<Text>In exercise of the powers conferred upon me by section 22(3) of the Human Rights Act 1998<FootnoteRef Ref=""f00001""/>, I hereby make the following Order:</Text>
</Para>
</EnactingText>"
WS-01,ukpga/1998/42,,whole-act,text,SI,uksi/2000/2036,http://www.legislation.gov.uk/id/uksi/2000/2036,article-2,true,http://www.legislation.gov.uk/id/ukpga/1998/42,"or b such other period (specified in the notice), as the court shall allow in order that the relevant Minister or other person, may seek to be joined and prepare his case. 6 Unless the court otherwise directs, the Minister or other person entitled under the Human Rights Act 1998"," the notice), as the court shall allow in order that the relevant Minister or other person, may seek to be joined and prepare his case.</Text>
</P3para>
</P3>
</P2para>
</P2>
<P2>
<Pnumber>6</Pnumber>
<P2para>
<Text>Unless the court otherwise directs, the Minister or other person entitled under the Human Rights Act 1998 to be joined as a party shall, if he is to be joined, give written notice to the court and every other party.</Text>
</P2para>
</P2>
<P2>
<Pnumber>7</Pnumber>
<P2para>
<Text>Where a Minister of the Crown has nominated a person to be joined as a party by virtue of section 5(2)(a"
WS-01,ukpga/1998/42,section-5-2,whole-act,text,SI,uksi/2000/2036,http://www.legislation.gov.uk/id/uksi/2000/2036,article-2,true,http://www.legislation.gov.uk/id/ukpga/1998/42,"person entitled under the Human Rights Act 1998 to be joined as a party shall, if he is to be joined, give written notice to the court and every other party. 7 Where a Minister of the Crown has nominated a person to be joined as a party by virtue of section 5(2) (a) of the Human Rights Act 1998","e Human Rights Act 1998 to be joined as a party shall, if he is to be joined, give written notice to the court and every other party.</Text>
</P2para>
</P2>
<P2>
<Pnumber>7</Pnumber>
<P2para>
<Text>Where a Minister of the Crown has nominated a person to be joined as a party by virtue of section 5(2)(a) of the Human Rights Act 1998, a notice under paragraph (6) above shall be accompanied by a written nomination signed by or on behalf of the Minister.</Text>
</P2para>
</P2>
</P1para>
</P1>
</P1group>
</BlockAmendment>
<AppendText>.</AppendText></P3para>
</P3>
<P3 DocumentURI=""http://www.legislat"
WS-01,ukpga/1998/42,section-4,whole-act,text,SI,uksi/2000/2036,http://www.legislation.gov.uk/id/uksi/2000/2036,article-2,true,http://www.legislation.gov.uk/id/ukpga/1998/42,"id=""article-2-c""> c in rule 15 after paragraph (1)(d) there shall be inserted— e in the case of a declaration of incompatibility under section 4 of the Human Rights Act 1998","in rule 15 after paragraph (1)(d) there shall be inserted—</Text>
<BlockAmendment TargetClass=""unknown"" TargetSubClass=""unknown"" Context=""unknown"" Format=""default"" NumberFormat=""default"">
<P3>
<Pnumber>e</Pnumber>
<P3para>
<Text>in the case of a declaration of incompatibility under section 4 of the Human Rights Act 1998, the declaration shall be served on—</Text>
<P4>
<Pnumber>i</Pnumber>
<P4para>
<Text>all of the parties to the proceedings; and</Text>
</P4para>
</P4>
<P4>
<Pnumber>ii</Pnumber>
<P4para>
<Text>where a Minister of the Crown has not been joined as a party, the Crown (in accordanc"
WS-01,ukpga/1998/42,section-4,whole-act,text,SI,uksi/2000/2036,http://www.legislation.gov.uk/id/uksi/2000/2036,article-2,true,http://www.legislation.gov.uk/id/ukpga/1998/42,(This note is not part of the Rules) These Rules amend the Criminal Appeal Rules 1968 so as to provide the Crown with notice of issues relating to the Human Rights compatibility of primary legislation. Section 4 of the Human Rights Act 1998,"<Comment>
<Para>
<Text>(This note is not part of the Rules)</Text>
</Para>
</Comment>
<P>
<Text>These Rules amend the Criminal Appeal Rules 1968 so as to provide the Crown with notice of issues relating to the Human Rights compatibility of primary legislation.</Text>
</P>
<P>
<Text>Section 4 of the Human Rights Act 1998 (“the <Abbreviation Expansion=""Human Rights Act 1998 c. 42"">1998 Act</Abbreviation>”) provides the Court of Appeal with the power to make a declaration of incompatibility in respect of a provision of primary legislation. Section 5 of the 1998 Act provides the Crown with an enti"
WS-01,ukpga/1998/42,,whole-act,text,SI,uksi/2000/2036,http://www.legislation.gov.uk/id/uksi/2000/2036,article-2,true,http://www.legislation.gov.uk/id/ukpga/1998/42,"14A 1 The court shall not consider making a declaration of incompatibility under section 4 of the Human Rights Act 1998 unless it has given written notice to the Crown. 2 Where notice has been given to the Crown, a Minister, or other person entitled under the Human Rights Act 1998","not consider making a declaration of incompatibility under section 4 of the Human Rights Act 1998 unless it has given written notice to the Crown.</Text>
</P2para>
</P2>
<P2>
<Pnumber>2</Pnumber>
<P2para>
<Text>Where notice has been given to the Crown, a Minister, or other person entitled under the Human Rights Act 1998 to be joined as a party, shall be so joined on giving written notice to the court.</Text>
</P2para>
</P2>
<P2>
<Pnumber>3</Pnumber>
<P2para>
<Text>A notice given under paragraph (1) above shall be given to—</Text>
<P3>
<Pnumber>a</Pnumber>
<P3para>
<Text>the person named in the"
WS-01,ukpga/1998/42,section-4,whole-act,text,SI,uksi/2000/2036,http://www.legislation.gov.uk/id/uksi/2000/2036,article-2,true,http://www.legislation.gov.uk/id/ukpga/1998/42,shall be inserted— Human Rights Act 14A 1 The court shall not consider making a declaration of incompatibility under section 4 of the Human Rights Act 1998,"unknown"" Format=""default"" NumberFormat=""default"">
<P1group>
<Title><Strong><Emphasis>Human Rights Act</Emphasis></Strong></Title>
<P1>
<Pnumber>14A</Pnumber>
<P1para>
<P2>
<Pnumber>1</Pnumber>
<P2para>
<Text>The court shall not consider making a declaration of incompatibility under section 4 of the Human Rights Act 1998 unless it has given written notice to the Crown.</Text>
</P2para>
</P2>
<P2>
<Pnumber>2</Pnumber>
<P2para>
<Text>Where notice has been given to the Crown, a Minister, or other person entitled under the Human Rights Act 1998 to be joined as a party, shall be so joined on giving "
WS-01,ukpga/1998/42,section-4,whole-act,text,SI,uksi/2000/2036,http://www.legislation.gov.uk/id/uksi/2000/2036,article-2,true,http://www.legislation.gov.uk/id/ukpga/1998/42,"Context=""unknown"" Format=""default"" NumberFormat=""default""> aa A notice of the grounds of appeal or application set out in Form 3 shall include notice— i of any application to be made to the court for a declaration of incompatibility under section 4 of the Human Rights Act 1998","Format=""default"">
<P3>
<Pnumber>aa</Pnumber>
<P3para>
<Text>A notice of the grounds of appeal or application set out in Form 3 shall include notice—</Text>
<P4>
<Pnumber>i</Pnumber>
<P4para>
<Text>of any application to be made to the court for a declaration of incompatibility under section 4 of the Human Rights Act 1998; or</Text>
</P4para>
</P4>
<P4>
<Pnumber>ii</Pnumber>
<P4para>
<Text>of any issue for the court to decide which may lead to the court making such a declaration.</Text>
</P4para>
</P4>
</P3para>
</P3>
<P3>
<Pnumber>ab</Pnumber>
<P3para>
<Text>Where the grounds of appeal or appli"
WS-01,ukpga/1998/42,section-5,whole-act,enabling,SI,uksi/2000/2036,http://www.legislation.gov.uk/id/uksi/2000/2036,,true,http://www.legislation.gov.uk/id/ukpga/1998/42,"the Crown Court Rule Committee, in exercise of the powers conferred on us by sections 84(1), 84(2) and 86 of the Supreme Court Act 1981 and section 5 of the Human Rights Act 1998","<EnactingText>
<Para>
<Text>We, the Crown Court Rule Committee, in exercise of the powers conferred on us by sections 84(1), 84(2) and 86 of the Supreme Court Act 1981<FootnoteRef Ref=""f00001""/> and section 5 of the Human Rights Act 1998<FootnoteRef Ref=""f00002""/>, hereby makes the following Rules:</Text>
</Para>
</EnactingText>"
WS-01,ukpga/1998/42,,whole-act,enabling,SI,uksi/2000/2036,http://www.legislation.gov.uk/id/uksi/2000/2036,,true,http://www.legislation.gov.uk/id/ukpga/1998/42,"the Crown Court Rule Committee, in exercise of the powers conferred on us by sections 84(1), 84(2) and 86 of the Supreme Court Act 1981 and section 5 of the Human Rights Act 1998","<EnactingText>
<Para>
<Text>We, the Crown Court Rule Committee, in exercise of the powers conferred on us by sections 84(1), 84(2) and 86 of the Supreme Court Act 1981<FootnoteRef Ref=""f00001""/> and section 5 of the Human Rights Act 1998<FootnoteRef Ref=""f00002""/>, hereby makes the following Rules:</Text>
</Para>
</EnactingText>"
WS-01,ukpga/1998/42,section-94-2,whole-act,markup,SI,uksi/2000/2040,http://www.legislation.gov.uk/id/uksi/2000/2040,schedule-paragraph-20,true,http://www.legislation.gov.uk/id/ukpga/1998/42,"1999 or of an enactment comprised in, or contained in an instrument made under, an Act of the Scottish Parliament providing, or making provision for, the special procedure referred to in section 94(2) of the Scotland Act 1998 . Human Rights Act 1998 (c. 42)","de under, an Act of the Scottish Parliament providing, or making provision for, the special procedure referred to in section 94(2) of the Scotland Act 1998</Text>
</P4para>
</P4>
</BlockAmendment>
<AppendText>.</AppendText></P3para>
</P3>
</P1para>
</P1>
</P1group>
<P1group>
<Title>Human Rights Act <Citation URI=""http://www.legislation.gov.uk/id/ukpga/1998/42"" id=""c00021"" Class=""UnitedKingdomPublicGeneralAct"" Year=""1998"" Number=""0042"">1998 (c. 42)</Citation></Title>
<P1 DocumentURI=""http://www.legislation.gov.uk/uksi/2000/2040/schedule/paragraph/21/made"" IdURI=""http://www.legislation.gov.uk/id"
WS-01,ukpga/1998/42,section-94-2,whole-act,text,SI,uksi/2000/2040,http://www.legislation.gov.uk/id/uksi/2000/2040,schedule-paragraph-20,true,http://www.legislation.gov.uk/id/ukpga/1998/42,"the Scottish Parliament providing, or making provision for, the special procedure referred to in section 94(2) of the Scotland Act 1998 . Human Rights Act 1998"," an instrument made under, an Act of the Scottish Parliament providing, or making provision for, the special procedure referred to in section 94(2) of the Scotland Act 1998</Text>
</P4para>
</P4>
</BlockAmendment>
<AppendText>.</AppendText></P3para>
</P3>
</P1para>
</P1>
</P1group>
<P1group>
<Title>Human Rights Act <Citation URI=""http://www.legislation.gov.uk/id/ukpga/1998/42"" id=""c00021"" Class=""UnitedKingdomPublicGeneralAct"" Year=""1998"" Number=""0042"">1998 (c. 42)</Citation></Title>
<P1 DocumentURI=""http://www.legislation.gov.uk/uksi/2000/2040/schedule/paragraph/21/made"" IdURI=""http://www.legi"
WS-01,ukpga/1998/42,schedule-2,whole-act,text,SI,uksi/2000/2040,http://www.legislation.gov.uk/id/uksi/2000/2040,schedule-paragraph-21,true,http://www.legislation.gov.uk/id/ukpga/1998/42,"id=""c00021"" Class=""UnitedKingdomPublicGeneralAct"" Year=""1998"" Number=""0042"">1998 (c. 42) 21 In Schedule 2 to the Human Rights Act 1998","Number=""0042"">1998 (c. 42)</Citation></Title>
<P1 DocumentURI=""http://www.legislation.gov.uk/uksi/2000/2040/schedule/paragraph/21/made"" IdURI=""http://www.legislation.gov.uk/id/uksi/2000/2040/schedule/paragraph/21"" id=""schedule-paragraph-21"">
<Pnumber>21</Pnumber>
<P1para>
<Text>In Schedule 2 to the Human Rights Act 1998 (procedure in relation to remedial orders), after paragraph 6 there is inserted–</Text>
<BlockAmendment TargetClass=""unknown"" TargetSubClass=""unknown"" Context=""schedule"" Format=""default"" NumberFormat=""default"">
<P1>
<Pnumber>7</Pnumber>
<P1para>
<P2>
<Pnumber>1</Pnumber>
<P2par"
WS-01,ukpga/1998/42,section-4,whole-act,text,SI,uksi/2000/2092,http://www.legislation.gov.uk/id/uksi/2000/2092,article-13,true,http://www.legislation.gov.uk/id/ukpga/1998/42,"id=""article-13-b""> b after sub-paragraph (f), insert— g whether the making of a declaration of incompatibility under section 4 of the Human Rights Act 1998","er>
<P3para>
<Text>after sub-paragraph (f), insert—</Text>
<BlockAmendment TargetClass=""unknown"" TargetSubClass=""unknown"" Context=""unknown"" Format=""default"" NumberFormat=""default"">
<P3>
<Pnumber>g</Pnumber>
<P3para>
<Text>whether the making of a declaration of incompatibility under section 4 of the Human Rights Act 1998 has arisen or may arise.</Text>
</P3para>
</P3>
</BlockAmendment>
<AppendText>.</AppendText></P3para>
</P3>
</P1para>
</P1>
<P1 DocumentURI=""http://www.legislation.gov.uk/uksi/2000/2092/article/14/made"" IdURI=""http://www.legislation.gov.uk/id/uksi/2000/2092/article/14"" id=""arti"
WS-01,ukpga/1998/42,section-7,whole-act,text,SI,uksi/2000/2092,http://www.legislation.gov.uk/id/uksi/2000/2092,article-15,true,http://www.legislation.gov.uk/id/ukpga/1998/42,"rule 33.8, insert— Human Rights 33.9 1 This rule applies where a claim is— a for a remedy under section 7 of the Human Rights Act 1998","t=""main"" Format=""default"" NumberFormat=""default"">
<P1group>
<Title>Human Rights</Title>
<P1>
<Pnumber PuncAfter="""">33.9</Pnumber>
<P1para>
<P2>
<Pnumber>1</Pnumber>
<P2para>
<Text>This rule applies where a claim is—</Text>
<P3>
<Pnumber>a</Pnumber>
<P3para>
<Text>for a remedy under section 7 of the Human Rights Act 1998 in respect of a judicial act which is alleged to have infringed the claimant’s Article 5 Convention rights; and</Text>
</P3para>
</P3>
<P3>
<Pnumber>b</Pnumber>
<P3para>
<Text>based on a finding by a court or tribunal that the claimant’s Convention rights have been infringed.</"
WS-01,ukpga/1998/42,section-7-1,whole-act,text,SI,uksi/2000/2092,http://www.legislation.gov.uk/id/uksi/2000/2092,article-6,true,http://www.legislation.gov.uk/id/ukpga/1998/42,"id=""article-6""> 6 After rule 7.10, insert— Human Rights 7.11 1 A claim under section 7(1) (a) of the Human Rights Act 1998","rule 7.10, insert—</Text>
<BlockAmendment TargetClass=""secondary"" TargetSubClass=""rule"" Context=""main"" Format=""default"" NumberFormat=""default"">
<P1group>
<Title>Human Rights</Title>
<P1>
<Pnumber PuncAfter="""">7.11</Pnumber>
<P1para>
<P2>
<Pnumber>1</Pnumber>
<P2para>
<Text>A claim under section 7(1)(a) of the Human Rights Act 1998<FootnoteRef Ref=""f00003""/> in respect of a judicial act may be brought only in the High Court.</Text>
</P2para>
</P2>
<P2>
<Pnumber>2</Pnumber>
<P2para>
<Text>Any other claim under section 7(1)(a) of that Act may be brought in any court.</Text>
</P2para>
</P2>
</P1pa"
WS-01,ukpga/1998/42,section-9,whole-act,text,SI,uksi/2000/2092,http://www.legislation.gov.uk/id/uksi/2000/2092,article-8,true,http://www.legislation.gov.uk/id/ukpga/1998/42,"permitted by that Act, shall be joined as a party on giving notice to the court. (Only courts specified in section 4 of the Human Rights Act 1998 can make a declaration of incompatibility) Section 9 of the Human Rights Act 1998","deredList Decoration=""none"">
<ListItem>
<Para>
<Text>(Only courts specified in section 4 of the Human Rights Act 1998 can make a declaration of incompatibility)</Text>
</Para>
</ListItem>
</UnorderedList>
</P2para>
</P2>
</P1para>
</P1>
</P1group>
<P1group>
<Title><Strong><Emphasis>Section 9 of the Human Rights Act 1998</Emphasis></Strong></Title>
<P><Text/>
<P2>
<Pnumber>3</Pnumber>
<P2para>
<Text>Where a claim is made under that Act for damages in respect of a judicial act—</Text>
<P3>
<Pnumber>a</Pnumber>
<P3para>
<Text>that claim must be set out in the statement of case or the appeal notic"
WS-01,ukpga/1998/42,section-4,whole-act,text,SI,uksi/2000/2092,http://www.legislation.gov.uk/id/uksi/2000/2092,article-8,true,http://www.legislation.gov.uk/id/ukpga/1998/42,"other period of notice as the court directs, has been given to the Crown. 2 Where notice has been given to the Crown a Minister, or other person permitted by that Act, shall be joined as a party on giving notice to the court. (Only courts specified in section 4 of the Human Rights Act 1998","
<P2>
<Pnumber>2</Pnumber>
<P2para>
<Text>Where notice has been given to the Crown a Minister, or other person permitted by that Act, shall be joined as a party on giving notice to the court.</Text>
<UnorderedList Decoration=""none"">
<ListItem>
<Para>
<Text>(Only courts specified in section 4 of the Human Rights Act 1998 can make a declaration of incompatibility)</Text>
</Para>
</ListItem>
</UnorderedList>
</P2para>
</P2>
</P1para>
</P1>
</P1group>
<P1group>
<Title><Strong><Emphasis>Section 9 of the Human Rights Act 1998</Emphasis></Strong></Title>
<P><Text/>
<P2>
<Pnumber>3</Pnumber>
<P2para>
"
WS-01,ukpga/1998/42,section-4,whole-act,text,SI,uksi/2000/2092,http://www.legislation.gov.uk/id/uksi/2000/2092,article-8,true,http://www.legislation.gov.uk/id/ukpga/1998/42,"Context=""main"" Format=""default"" NumberFormat=""default""> Human Rights Section 4 of the Human Rights Act 1998 19.4A 1 The court may not make a declaration of incompatibility in accordance with section 4 of the Human Rights Act 1998","rong></Title><P1group>
<Title><Strong><Emphasis>Section 4 of the Human Rights Act 1998</Emphasis></Strong></Title>
<P1>
<Pnumber PuncAfter="""">19.4A</Pnumber>
<P1para>
<P2>
<Pnumber>1</Pnumber>
<P2para>
<Text>The court may not make a declaration of incompatibility in accordance with section 4 of the Human Rights Act 1998 unless 21 days' notice, or such other period of notice as the court directs, has been given to the Crown.</Text>
</P2para>
</P2>
<P2>
<Pnumber>2</Pnumber>
<P2para>
<Text>Where notice has been given to the Crown a Minister, or other person permitted by that Act, shall be joined "
WS-01,ukpga/1998/42,section-4,whole-act,text,SI,uksi/2000/2092,http://www.legislation.gov.uk/id/uksi/2000/2092,article-8,true,http://www.legislation.gov.uk/id/ukpga/1998/42,"IdURI=""http://www.legislation.gov.uk/id/uksi/2000/2092/article/8"" id=""article-8""> 8 After rule 19.4, insert— Human Rights Section 4 of the Human Rights Act 1998","icle-8"">
<Pnumber>8</Pnumber>
<P1para>
<Text>After rule 19.4, insert—</Text>
<BlockAmendment TargetClass=""secondary"" TargetSubClass=""rule"" Context=""main"" Format=""default"" NumberFormat=""default"">
<Pblock>
<Title><Strong>Human Rights</Strong></Title><P1group>
<Title><Strong><Emphasis>Section 4 of the Human Rights Act 1998</Emphasis></Strong></Title>
<P1>
<Pnumber PuncAfter="""">19.4A</Pnumber>
<P1para>
<P2>
<Pnumber>1</Pnumber>
<P2para>
<Text>The court may not make a declaration of incompatibility in accordance with section 4 of the Human Rights Act 1998 unless 21 days' notice, or such other perio"
WS-01,ukpga/1998/42,,whole-act,text,SI,uksi/2000/2092,http://www.legislation.gov.uk/id/uksi/2000/2092,schedule-paragraph-54.20,true,http://www.legislation.gov.uk/id/ukpga/1998/42,(This note is not part of the Rules) These Rules come into force on the same day as the majority of the Human Rights Act 1998,"Notes DocumentURI=""http://www.legislation.gov.uk/uksi/2000/2092/note/made"" IdURI=""http://www.legislation.gov.uk/id/uksi/2000/2092/note"">
<Comment>
<Para>
<Text>(This note is not part of the Rules)</Text>
</Para>
</Comment>
<P>
<Text>These Rules come into force on the same day as the majority of the Human Rights Act 1998. They add to the Civil Procedure Rules 1998 rules governing the procedure for an application under section 4 of that Act for a declaration of incompatibility, and for a claim under section 7(1)(a) that a public authority has acted in a way incompatible with a Convention right.<"
WS-01,ukpga/1998/42,,whole-act,text,SI,uksi/2000/2092,http://www.legislation.gov.uk/id/uksi/2000/2092,,true,http://www.legislation.gov.uk/id/ukpga/1998/42,"courtsKing's Printer of Acts of Parliament2012-06-13SUPREME COURT OF ENGLAND AND WALESCOUNTY COURTS, ENGLAND AND WALES These Rules come into force on the same day as the majority of the Human Rights Act 1998","ament</dc:publisher><dc:modified>2012-06-13</dc:modified><dc:subject scheme=""SIheading"">SUPREME COURT OF ENGLAND AND WALES</dc:subject><dc:subject scheme=""SIheading"">COUNTY COURTS, ENGLAND AND WALES</dc:subject>
					<dc:description>These Rules come into force on the same day as the majority of the Human Rights Act 1998. They add to the Civil Procedure Rules 1998 rules governing the procedure for an application under section 4 of that Act for a declaration of incompatibility, and for a claim under section 7(1)(a) that a public authority has acted in a way incompatible with a Convention right.<"
WS-01,ukpga/1998/42,section-4,whole-act,text,SI,uksi/2000/2228,http://www.legislation.gov.uk/id/uksi/2000/2228,article-3,true,http://www.legislation.gov.uk/id/ukpga/1998/42,shall be inserted— 1A A notice of application for leave to appeal shall specify— a any application to be made to the court for a declaration of incompatibility under section 4 of the Human Rights Act 1998,"xt=""main"" Format=""default"" NumberFormat=""default"">
<P2>
<Pnumber>1A</Pnumber>
<P2para>
<Text>A notice of application for leave to appeal shall specify—</Text>
<P3>
<Pnumber>a</Pnumber>
<P3para>
<Text>any application to be made to the court for a declaration of incompatibility under section 4 of the Human Rights Act 1998<FootnoteRef Ref=""f00003""/>; or</Text>
</P3para>
</P3>
<P3>
<Pnumber>b</Pnumber>
<P3para>
<Text>any issue for the court to decide which may lead to the court making such a declaration.</Text>
</P3para>
</P3>
</P2para>
</P2>
<P2>
<Pnumber>1B</Pnumber>
<P2para>
<Text>Where the not"
WS-01,ukpga/1998/42,,whole-act,text,SI,uksi/2000/2228,http://www.legislation.gov.uk/id/uksi/2000/2228,article-5,true,http://www.legislation.gov.uk/id/ukpga/1998/42,5 After rule 8 there shall be inserted— Human Rights Act 1998,""" IdURI=""http://www.legislation.gov.uk/id/uksi/2000/2228/article/5"" id=""article-5"">
<Pnumber>5</Pnumber>
<P1para>
<Text>After rule 8 there shall be inserted—</Text>
<BlockAmendment TargetClass=""secondary"" TargetSubClass=""rule"" Context=""main"" Format=""default"" NumberFormat=""default"">
<P1group>
<Title>Human Rights Act 1998</Title>
<P1>
<Pnumber>8A</Pnumber>
<P1para>
<P2>
<Pnumber>1</Pnumber>
<P2para>
<Text>The court shall not consider making a declaration of incompatibility under section 4 of the Human Rights Act 1998 unless it has given written notice to the Crown.</Text>
</P2para>
</P2>
<P2>
<P"
WS-01,ukpga/1998/42,section-4,whole-act,text,SI,uksi/2000/2228,http://www.legislation.gov.uk/id/uksi/2000/2228,article-5,true,http://www.legislation.gov.uk/id/ukpga/1998/42,After rule 8 there shall be inserted— Human Rights Act 1998 8A 1 The court shall not consider making a declaration of incompatibility under section 4 of the Human Rights Act 1998,"dary"" TargetSubClass=""rule"" Context=""main"" Format=""default"" NumberFormat=""default"">
<P1group>
<Title>Human Rights Act 1998</Title>
<P1>
<Pnumber>8A</Pnumber>
<P1para>
<P2>
<Pnumber>1</Pnumber>
<P2para>
<Text>The court shall not consider making a declaration of incompatibility under section 4 of the Human Rights Act 1998 unless it has given written notice to the Crown.</Text>
</P2para>
</P2>
<P2>
<Pnumber>2</Pnumber>
<P2para>
<Text>Where notice has been given to the Crown, a Minister or other person entitled under the Human Rights Act 1998 shall be so joined on giving written notice to the cour"
WS-01,ukpga/1998/42,,whole-act,text,SI,uksi/2000/2228,http://www.legislation.gov.uk/id/uksi/2000/2228,article-5,true,http://www.legislation.gov.uk/id/ukpga/1998/42,"8A 1 The court shall not consider making a declaration of incompatibility under section 4 of the Human Rights Act 1998 unless it has given written notice to the Crown. 2 Where notice has been given to the Crown, a Minister or other person entitled under the Human Rights Act 1998"," not consider making a declaration of incompatibility under section 4 of the Human Rights Act 1998 unless it has given written notice to the Crown.</Text>
</P2para>
</P2>
<P2>
<Pnumber>2</Pnumber>
<P2para>
<Text>Where notice has been given to the Crown, a Minister or other person entitled under the Human Rights Act 1998 shall be so joined on giving written notice to the court.</Text>
</P2para>
</P2>
<P2>
<Pnumber>3</Pnumber>
<P2para>
<Text>A notice given under paragraph (1) shall be served on—</Text>
<P3>
<Pnumber>a</Pnumber>
<P3para>
<Text>the person named in the list published under section "
WS-01,ukpga/1998/42,section-5-2,whole-act,text,SI,uksi/2000/2228,http://www.legislation.gov.uk/id/uksi/2000/2228,article-5,true,http://www.legislation.gov.uk/id/ukpga/1998/42,"person entitled under the Human Rights Act 1998 to be joined as a party shall, if he is to be joined, give written notice to the court and to every other party. 7 Where a Minister of the Crown has nominated a person to be joined as a party by virtue of section 5(2) (a) of the Human Rights Act 1998","uman Rights Act 1998 to be joined as a party shall, if he is to be joined, give written notice to the court and to every other party.</Text>
</P2para>
</P2>
<P2>
<Pnumber>7</Pnumber>
<P2para>
<Text>Where a Minister of the Crown has nominated a person to be joined as a party by virtue of section 5(2)(a) of the Human Rights Act 1998, a notice under paragraph (6) shall be accompanied by a written nomination signed by or on behalf of the Minister.</Text>
</P2para>
</P2>
</P1para>
</P1>
</P1group>
</BlockAmendment>
<AppendText>.</AppendText></P1para>
</P1>
<P1 DocumentURI=""http://www.legislation.go"
WS-01,ukpga/1998/42,,whole-act,text,SI,uksi/2000/2228,http://www.legislation.gov.uk/id/uksi/2000/2228,article-5,true,http://www.legislation.gov.uk/id/ukpga/1998/42,"or b such other period specified in the notice as the court shall allow, in order that the relevant Minister or other person may seek to be joined and to prepare his case. 6 Unless the court otherwise directs, the Minister or other person entitled under the Human Rights Act 1998","the notice as the court shall allow, in order that the relevant Minister or other person may seek to be joined and to prepare his case.</Text>
</P3para>
</P3>
</P2para>
</P2>
<P2>
<Pnumber>6</Pnumber>
<P2para>
<Text>Unless the court otherwise directs, the Minister or other person entitled under the Human Rights Act 1998 to be joined as a party shall, if he is to be joined, give written notice to the court and to every other party.</Text>
</P2para>
</P2>
<P2>
<Pnumber>7</Pnumber>
<P2para>
<Text>Where a Minister of the Crown has nominated a person to be joined as a party by virtue of section 5(2"
WS-01,ukpga/1998/42,section-4,whole-act,text,SI,uksi/2000/2228,http://www.legislation.gov.uk/id/uksi/2000/2228,article-6,true,http://www.legislation.gov.uk/id/ukpga/1998/42,C. Dated 9th August 2000 (This note is not part of the Rules) Section 4 of the Human Rights Act 1998,"</Signatory>
</SignedSection>
</Body>
<ExplanatoryNotes DocumentURI=""http://www.legislation.gov.uk/uksi/2000/2228/note/made"" IdURI=""http://www.legislation.gov.uk/id/uksi/2000/2228/note"">
<Comment>
<Para>
<Text>(This note is not part of the Rules)</Text>
</Para>
</Comment>
<P>
<Text>Section 4 of the Human Rights Act 1998 gives the Courts-Martial Appeal Court the power to make a declaration that a provision of primary legislation is incompatible with the European Convention on Human Rights. Rules 3, 5 and 6 of these Rules amend the Courts-Martial (Appeal) Rules 1968 to provide the procedure for "
WS-01,ukpga/1998/42,section-4,whole-act,text,SI,uksi/2000/2228,http://www.legislation.gov.uk/id/uksi/2000/2228,article-6,true,http://www.legislation.gov.uk/id/ukpga/1998/42,"id=""article-6""> 6 In rule 19, after paragraph (1) there shall be inserted— 1A In the case of a declaration of incompatibility under section 4 of the Human Rights Act 1998","Text>In rule 19, after paragraph (1) there shall be inserted—</Text>
<BlockAmendment TargetClass=""secondary"" TargetSubClass=""rule"" Context=""main"" Format=""default"" NumberFormat=""default"">
<P2>
<Pnumber>1A</Pnumber>
<P2para>
<Text>In the case of a declaration of incompatibility under section 4 of the Human Rights Act 1998, the declaration shall be served on—</Text>
<P3>
<Pnumber>a</Pnumber>
<P3para>
<Text>all the parties to the proceedings; and</Text>
</P3para>
</P3>
<P3>
<Pnumber>b</Pnumber>
<P3para>
<Text>where a Minister of the Crown has not been joined as a party, the person on whom notice h"
WS-01,ukpga/1998/42,section-4,whole-act,text,SI,uksi/2000/2228,http://www.legislation.gov.uk/id/uksi/2000/2228,,true,http://www.legislation.gov.uk/id/ukpga/1998/42,Courts-Martial Appeal (Amendment) Rules 2000Civil and human rightsKing's Printer of Acts of Parliament2011-07-04COURTS-MARTIAL (APPEALS) Section 4 of the Human Rights Act 1998,"ial Appeal (Amendment) Rules 2000</dc:title><dc:subject>Civil and human rights</dc:subject><dc:publisher>King's Printer of Acts of Parliament</dc:publisher><dc:modified>2011-07-04</dc:modified><dc:subject scheme=""SIheading"">COURTS-MARTIAL (APPEALS)</dc:subject>
					<dc:description>Section 4 of the Human Rights Act 1998 gives the Courts-Martial Appeal Court the power to make a declaration that a provision of primary legislation is incompatible with the European Convention on Human Rights. Rules 3, 5 and 6 of these Rules amend the Courts-Martial (Appeal) Rules 1968 to provide the procedure for "
WS-01,ukpga/1998/42,,whole-act,text,SI,uksi/2000/2267,http://www.legislation.gov.uk/id/uksi/2000/2267,article-10,true,http://www.legislation.gov.uk/id/ukpga/1998/42,"before the hearing. 4 The court shall not make a declaration of incompatibility unless 21 days' notice, or such other period of notice as the court directs, has been given to the Crown. 5 Where notice has been given to the Crown a Minister, or other person permitted by the Human Rights Act 1998","l not make a declaration of incompatibility unless 21 days' notice, or such other period of notice as the court directs, has been given to the Crown.</Text>
</P2para>
</P2>
<P2>
<Pnumber>5</Pnumber>
<P2para>
<Text>Where notice has been given to the Crown a Minister, or other person permitted by the Human Rights Act 1998, shall be joined as a party on giving notice to the court.</Text>
</P2para>
</P2>
<P2>
<Pnumber>6</Pnumber>
<P2para>
<Text>Where a party has included in his originating document or (as the case may be) answer:</Text>
<P3>
<Pnumber>a</Pnumber>
<P3para>
<Text>a claim for a declar"
WS-01,ukpga/1998/42,,whole-act,text,SI,uksi/2000/2267,http://www.legislation.gov.uk/id/uksi/2000/2267,article-10,true,http://www.legislation.gov.uk/id/ukpga/1998/42,After rule 10.25 there shall be inserted the following:— Human Rights Act 1998,"gislation.gov.uk/id/uksi/2000/2267/article/10"" id=""article-10"">
<Pnumber>10</Pnumber>
<P1para>
<Text>After rule 10.25 there shall be inserted the following:—</Text>
<BlockAmendment TargetClass=""secondary"" TargetSubClass=""rule"" Context=""main"" Format=""default"" NumberFormat=""default"">
<P1group>
<Title>Human Rights Act 1998</Title>
<P1>
<Pnumber PuncAfter="""">10.26</Pnumber>
<P1para>
<P2>
<Pnumber>1</Pnumber>
<P2para>
<Text>In this rule:—</Text>
<UnorderedList Decoration=""none"" Class=""Definition"">
<ListItem>
<Para>
<Text>“originating document” means a petition, application, originating application,"
WS-01,ukpga/1998/42,section-9-5,whole-act,text,SI,uksi/2000/2267,http://www.legislation.gov.uk/id/uksi/2000/2267,article-10,true,http://www.legislation.gov.uk/id/ukpga/1998/42,infringement; iii the judicial act complained of; and iv the court which made it. 21 Where paragraph (19) applies and the appropriate person (as defined in section 9(5) of the Human Rights Act 1998,"ct complained of; and</Text>
</P4para>
</P4>
<P4>
<Pnumber>iv</Pnumber>
<P4para>
<Text>the court which made it.</Text>
</P4para>
</P4>
</P3para>
</P3>
</P2para>
</P2>
<P2>
<Pnumber>21</Pnumber>
<P2para>
<Text>Where paragraph (19) applies and the appropriate person (as defined in section 9(5) of the Human Rights Act 1998) has not applied within 21 days, or such other period as the court directs, after the notice is served to be joined as a party, the court may join the appropriate person as a party.</Text>
</P2para>
</P2>
<P2>
<Pnumber>22</Pnumber>
<P2para>
<Text>On any application or appeal co"
WS-01,ukpga/1998/42,,whole-act,text,SI,uksi/2000/2267,http://www.legislation.gov.uk/id/uksi/2000/2267,article-10,true,http://www.legislation.gov.uk/id/ukpga/1998/42,"originating application, originating summons or other originating process; “answer” means an answer or other document filed or served by a party in reply to an originating document (but not an acknowledgement of service); “Convention right” has the same meaning as in the Human Rights Act 1998","</Text>
</Para>
</ListItem>
<ListItem>
<Para>
<Text>“answer” means an answer or other document filed or served by a party in reply to an originating document (but not an acknowledgement of service);</Text>
</Para>
</ListItem>
<ListItem>
<Para>
<Text>“Convention right” has the same meaning as in the Human Rights Act 1998<FootnoteRef Ref=""f00010""/>;</Text>
</Para>
</ListItem>
<ListItem>
<Para>
<Text>“declaration of incompatibility” means a declaration of incompatibility under section 4 of the Human Rights Act 1998.</Text>
</Para>
</ListItem>
</UnorderedList>
</P2para>
</P2>
<P2>
<Pnumber>2</Pnum"
WS-01,ukpga/1998/42,section-4,whole-act,text,SI,uksi/2000/2267,http://www.legislation.gov.uk/id/uksi/2000/2267,article-10,true,http://www.legislation.gov.uk/id/ukpga/1998/42,or served by a party in reply to an originating document (but not an acknowledgement of service); “Convention right” has the same meaning as in the Human Rights Act 1998; “declaration of incompatibility” means a declaration of incompatibility under section 4 of the Human Rights Act 1998,");</Text>
</Para>
</ListItem>
<ListItem>
<Para>
<Text>“Convention right” has the same meaning as in the Human Rights Act 1998<FootnoteRef Ref=""f00010""/>;</Text>
</Para>
</ListItem>
<ListItem>
<Para>
<Text>“declaration of incompatibility” means a declaration of incompatibility under section 4 of the Human Rights Act 1998.</Text>
</Para>
</ListItem>
</UnorderedList>
</P2para>
</P2>
<P2>
<Pnumber>2</Pnumber>
<P2para>
<Text>A party who seeks to rely on any provision of or right arising under the Human Rights Act 1998 or seeks a remedy available under that Act—</Text>
<P3>
<Pnumber>a</Pnumber>
<P3p"
WS-01,ukpga/1998/42,section-9-3,whole-act,text,SI,uksi/2000/2267,http://www.legislation.gov.uk/id/uksi/2000/2267,article-10,true,http://www.legislation.gov.uk/id/ukpga/1998/42,b notice must be given to the Crown in accordance with paragraph (18). 20 The appellant must in a notice of appeal to which paragraph (19)(a) applies— a state that a claim is being made under section 9(3) of the Human Rights Act 1998,"in accordance with paragraph (18).</Text>
</P3para>
</P3>
</P2para>
</P2>
<P2>
<Pnumber>20</Pnumber>
<P2para>
<Text>The appellant must in a notice of appeal to which paragraph (19)(a) applies—</Text>
<P3>
<Pnumber>a</Pnumber>
<P3para>
<Text>state that a claim is being made under section 9(3) of the Human Rights Act 1998; and</Text>
</P3para>
</P3>
<P3>
<Pnumber>b</Pnumber>
<P3para>
<Text>give details of—</Text>
<P4>
<Pnumber>i</Pnumber>
<P4para>
<Text>the Convention right which it is alleged has been infringed;</Text>
</P4para>
</P4>
<P4>
<Pnumber>ii</Pnumber>
<P4para>
<Text>the infringement;<"
WS-01,ukpga/1998/42,section-9-3,whole-act,text,SI,uksi/2000/2267,http://www.legislation.gov.uk/id/uksi/2000/2267,article-10,true,http://www.legislation.gov.uk/id/ukpga/1998/42,"joined, give notice of his intention to be joined as a party to the court and every other party, and where the Minister has nominated a person to be joined as a party the notice must be accompanied by the written nomination. 18 Where a claim is made under section 9(3) of the Human Rights Act 1998","o be joined as a party to the court and every other party, and where the Minister has nominated a person to be joined as a party the notice must be accompanied by the written nomination.</Text>
</P2para>
</P2>
<P2>
<Pnumber>18</Pnumber>
<P2para>
<Text>Where a claim is made under section 9(3) of the Human Rights Act 1998 in respect of a judicial act the procedure in paragraphs (6) to (17) shall also apply, but the notice to be given to the Crown:</Text>
<P3>
<Pnumber>a</Pnumber>
<P3para>
<Text>shall be given to the Lord Chancellor and shall be served on the Treasury Solicitor on his behalf; and"
WS-01,ukpga/1998/42,,whole-act,text,SI,uksi/2000/2267,http://www.legislation.gov.uk/id/uksi/2000/2267,article-10,true,http://www.legislation.gov.uk/id/ukpga/1998/42,"15 Copies of the notice shall be served on all the parties. 16 The court may require the parties to assist in the preparation of the notice. 17 Unless the court orders otherwise, the Minister or other person permitted by the Human Rights Act 1998","e parties.</Text>
</P2para>
</P2>
<P2>
<Pnumber>16</Pnumber>
<P2para>
<Text>The court may require the parties to assist in the preparation of the notice.</Text>
</P2para>
</P2>
<P2>
<Pnumber>17</Pnumber>
<P2para>
<Text>Unless the court orders otherwise, the Minister or other person permitted by the Human Rights Act 1998 to be joined as a party shall, if he wishes to be joined, give notice of his intention to be joined as a party to the court and every other party, and where the Minister has nominated a person to be joined as a party the notice must be accompanied by the written nomination.</Te"
WS-01,ukpga/1998/42,,whole-act,text,SI,uksi/2000/2267,http://www.legislation.gov.uk/id/uksi/2000/2267,article-10,true,http://www.legislation.gov.uk/id/ukpga/1998/42,"a claim for a declaration of incompatibility, or b an issue for the court to decide which may lead to the court considering making a declaration of incompatibility, then the court may at any time consider whether notice should be given to the Crown as required by the Human Rights Act 1998","3para>
</P3>
<P3>
<Pnumber>b</Pnumber>
<P3para>
<Text>an issue for the court to decide which may lead to the court considering making a declaration of incompatibility,</Text>
</P3para>
</P3>
<Text>then the court may at any time consider whether notice should be given to the Crown as required by the Human Rights Act 1998 and give directions for the content and service of the notice.</Text>
</P2para>
</P2>
<P2>
<Pnumber>7</Pnumber>
<P2para>
<Text>In the case of an appeal for which permission to appeal is required, the court shall, unless it decides that it is appropriate to do so at another stag"
WS-01,ukpga/1998/42,,whole-act,text,SI,uksi/2000/2267,http://www.legislation.gov.uk/id/uksi/2000/2267,article-10,true,http://www.legislation.gov.uk/id/ukpga/1998/42,the Human Rights Act 1998; “declaration of incompatibility” means a declaration of incompatibility under section 4 of the Human Rights Act 1998. 2 A party who seeks to rely on any provision of or right arising under the Human Rights Act 1998,">
<Text>“declaration of incompatibility” means a declaration of incompatibility under section 4 of the Human Rights Act 1998.</Text>
</Para>
</ListItem>
</UnorderedList>
</P2para>
</P2>
<P2>
<Pnumber>2</Pnumber>
<P2para>
<Text>A party who seeks to rely on any provision of or right arising under the Human Rights Act 1998 or seeks a remedy available under that Act—</Text>
<P3>
<Pnumber>a</Pnumber>
<P3para>
<Text>shall state that fact in his originating document or (as the case may be) answer; and</Text>
</P3para>
</P3>
<P3>
<Pnumber>b</Pnumber>
<P3para>
<Text>shall in his originating document or"
WS-01,ukpga/1998/42,,whole-act,text,SI,uksi/2000/2267,http://www.legislation.gov.uk/id/uksi/2000/2267,article-12,true,http://www.legislation.gov.uk/id/ukpga/1998/42,"rule provides a procedural code for applications for pension sharing and pension attachment orders. The remaining rules make other amendments concerned with ancillary relief and pensions. Rule 10 comes into force on 2nd October 2000, to coincide with the commencement of the Human Rights Act 1998","ew rule provides a procedural code for applications for pension sharing and pension attachment orders. The remaining rules make other amendments concerned with ancillary relief and pensions.</Text>
</P>
<P>
<Text>Rule 10 comes into force on 2nd October 2000, to coincide with the commencement of the Human Rights Act 1998; the remainder of these Rules comes into force on 1st December 2000, to coincide with the introduction of pension sharing.</Text>
</P>
</ExplanatoryNotes>
</Secondary><Footnotes><Footnote id=""f00001"">
<FootnoteText>
<Para>
<Text><Citation URI=""http://www.legislation.gov.uk/id/u"
WS-01,ukpga/1998/42,,whole-act,text,SI,uksi/2000/2267,http://www.legislation.gov.uk/id/uksi/2000/2267,article-12,true,http://www.legislation.gov.uk/id/ukpga/1998/42,"IdURI=""http://www.legislation.gov.uk/id/uksi/2000/2267/note""> (This note is not part of the Rules) These Rules amend the Family Proceedings Rules 1991 in two main respects. Rule 10 inserts a new rule 10.26, providing a procedural code for cases concerning the Human Rights Act 1998","ksi/2000/2267/note"">
<Comment>
<Para>
<Text>(This note is not part of the Rules)</Text>
</Para>
</Comment>
<P>
<Text>These Rules amend the Family Proceedings Rules 1991 in two main respects.</Text>
</P>
<P>
<Text>Rule 10 inserts a new rule 10.26, providing a procedural code for cases concerning the Human Rights Act 1998.</Text>
</P>
<P>
<Text>Rule 9 substitutes a new rule 2.70, concerning applications for ancillary relief in cases where one or both parties have pension rights; the new rule provides a procedural code for applications for pension sharing and pension attachment orders. The remain"
WS-01,ukpga/1998/42,,whole-act,text,SI,uksi/2000/2267,http://www.legislation.gov.uk/id/uksi/2000/2267,article-4,true,http://www.legislation.gov.uk/id/ukpga/1998/42,"IdURI=""http://www.legislation.gov.uk/id/uksi/2000/2267/article/4"" id=""article-4""> 4 In the Arrangement of Rules, after the entry for rule 10.25 there shall be inserted:— Human Rights Act 1998","2267/article/4"" id=""article-4"">
<Pnumber>4</Pnumber>
<P1para>
<Text>In the Arrangement of Rules, after the entry for rule 10.25 there shall be inserted:—</Text>
<BlockAmendment TargetClass=""unknown"" TargetSubClass=""unknown"" Context=""unknown"" Format=""default"" NumberFormat=""default"">
<P1group>
<Title>Human Rights Act 1998</Title>
<P1>
<Pnumber PuncAfter="""">10.26</Pnumber>
<P1para>
<Text/>
</P1para>
</P1>
</P1group>
</BlockAmendment>
<AppendText>.</AppendText></P1para>
</P1>
<P1 DocumentURI=""http://www.legislation.gov.uk/uksi/2000/2267/article/5/made"" IdURI=""http://www.legislation.gov.uk/id/uksi/"
WS-01,ukpga/1998/42,section-6-1,whole-act,text,SI,uksi/2000/2326,http://www.legislation.gov.uk/id/uksi/2000/2326,regulation-27,true,http://www.legislation.gov.uk/id/ukpga/1998/42,"id=""regulation-27-3""> 3 For the purposes of this Part, a decision-maker acts in breach of a person’s human rights if he acts, or fails to act, in relation to that other person in a way which is made unlawful by section 6(1) of the Human Rights Act 1998","id/uksi/2000/2326/regulation/27/3"" id=""regulation-27-3"">
<Pnumber>3</Pnumber>
<P2para>
<Text>For the purposes of this Part, a decision-maker acts in breach of a person’s human rights if he acts, or fails to act, in relation to that other person in a way which is made unlawful by section 6(1) of the Human Rights Act 1998<FootnoteRef Ref=""f00018""/>.</Text>
</P2para>
</P2>
</P1para>
</P1>
</P1group>
<P1group>
<Title>Scope of Part VII</Title>
<P1 DocumentURI=""http://www.legislation.gov.uk/uksi/2000/2326/regulation/28/made"" IdURI=""http://www.legislation.gov.uk/id/uksi/2000/2326/regulation/28"" id=""r"
WS-01,ukpga/1998/42,,whole-act,text,SI,uksi/2000/2641,http://www.legislation.gov.uk/id/uksi/2000/2641,article-4,true,http://www.legislation.gov.uk/id/ukpga/1998/42,"b references to restrictions and conditions upon communications include references to restrictions and conditions in relation to the length, duration and frequency of communications; and c references to convention rights are to the convention rights within the meaning of the Human Rights Act 1998","tions upon communications include references to restrictions and conditions in relation to the length, duration and frequency of communications; and</Text>
</P3para>
</P3>
<P3>
<Pnumber>c</Pnumber>
<P3para>
<Text>references to convention rights are to the convention rights within the meaning of the Human Rights Act 1998<FootnoteRef Ref=""f00003""/>.</Text>
</P3para>
</P3>
</P2para>
</P2>
</P1para>
</P1>
</BlockAmendment>
<AppendText>.</AppendText></P1para>
</P1>
<P1 DocumentURI=""http://www.legislation.gov.uk/uksi/2000/2641/article/5/made"" IdURI=""http://www.legislation.gov.uk/id/uksi/2000/2641/ar"
WS-01,ukpga/1998/42,section-7-1,whole-act,text,SI,uksi/2000/2665,http://www.legislation.gov.uk/id/uksi/2000/2665,article-13,true,http://www.legislation.gov.uk/id/ukpga/1998/42,"only govern the jurisdiction described in paragraphs (a) and (b) of that subsection. The remainder of the subsection will be brought into force later, and there will be further rules for that purpose. The Rules therefore cover: a cases brought under section 7(1) (a) of the Human Rights Act 1998","described in paragraphs (a) and (b) of that subsection. The remainder of the subsection will be brought into force later, and there will be further rules for that purpose.</Text>
</P>
<P><Text>The Rules therefore cover:</Text>
<P3>
<Pnumber>a</Pnumber>
<P3para>
<Text>cases brought under section 7(1)(a) of the Human Rights Act 1998 for which the Tribunal is the appropriate tribunal: this category of case is explained in subsections (3) and (5) to (8) of section 65 of the 2000 Act;</Text>
</P3para>
</P3>
<P3>
<Pnumber>b</Pnumber>
<P3para>
<Text>complaints for which the Tribunal is the appropriat"
WS-01,ukpga/1998/42,section-7-1,whole-act,text,SI,uksi/2000/2665,http://www.legislation.gov.uk/id/uksi/2000/2665,article-2,true,http://www.legislation.gov.uk/id/ukpga/1998/42,means a complaint for which the Tribunal is the appropriate forum by virtue of section 65(2)(b) and section 65(4) of the Act; “Convention right” has the same meaning as in the Human Rights Act 1998; “section 7 proceedings” means proceedings under section 7(1) (a) of the Human Rights Act 1998,"5(2)(b) and section 65(4) of the Act;</Text>
</Para>
</ListItem>
<ListItem>
<Para>
<Text>“Convention right” has the same meaning as in the Human Rights Act 1998<FootnoteRef Ref=""f00002""/>;</Text>
</Para>
</ListItem>
<ListItem>
<Para>
<Text>“section 7 proceedings” means proceedings under section 7(1)(a) of the Human Rights Act 1998 in relation to which the Tribunal is the only appropriate tribunal by virtue of section 65(2)(a) of the Act;</Text>
</Para>
</ListItem>
<ListItem>
<Para>
<Text>“the Tribunal” means the tribunal established under section 65(1) of the Act.</Text>
</Para>
</ListItem>
</"
WS-01,ukpga/1998/42,section-65-4,whole-act,text,SI,uksi/2000/2665,http://www.legislation.gov.uk/id/uksi/2000/2665,article-2,true,http://www.legislation.gov.uk/id/ukpga/1998/42,"a person who brings section 7 proceedings or, as the case may be, makes a complaint; “complaint” means a complaint for which the Tribunal is the appropriate forum by virtue of section 65(2)(b) and section 65(4) of the Act; “Convention right” has the same meaning as in the Human Rights Act 1998","omplaint;</Text>
</Para>
</ListItem>
<ListItem>
<Para>
<Text>“complaint” means a complaint for which the Tribunal is the appropriate forum by virtue of section 65(2)(b) and section 65(4) of the Act;</Text>
</Para>
</ListItem>
<ListItem>
<Para>
<Text>“Convention right” has the same meaning as in the Human Rights Act 1998<FootnoteRef Ref=""f00002""/>;</Text>
</Para>
</ListItem>
<ListItem>
<Para>
<Text>“section 7 proceedings” means proceedings under section 7(1)(a) of the Human Rights Act 1998 in relation to which the Tribunal is the only appropriate tribunal by virtue of section 65(2)(a) of the Ac"
WS-01,ukpga/1998/42,section-7-5,whole-act,text,SI,uksi/2000/2665,http://www.legislation.gov.uk/id/uksi/2000/2665,article-5,true,http://www.legislation.gov.uk/id/ukpga/1998/42,power under paragraph 5(2) of Schedule 3 to the Act to authorise an officer to obtain documents or information on the Tribunal’s behalf; e the power under section 7(5) (b) of the Human Rights Act 1998,"or information on the Tribunal’s behalf;</Text>
</P3para>
</P3>
<P3 DocumentURI=""http://www.legislation.gov.uk/uksi/2000/2665/article/5/1/e/made"" IdURI=""http://www.legislation.gov.uk/id/uksi/2000/2665/article/5/1/e"" id=""article-5-1-e"">
<Pnumber>e</Pnumber>
<P3para>
<Text>the power under section 7(5)(b) of the Human Rights Act 1998 to extend the time limit for section 7 proceedings;</Text>
</P3para>
</P3>
<P3 DocumentURI=""http://www.legislation.gov.uk/uksi/2000/2665/article/5/1/f/made"" IdURI=""http://www.legislation.gov.uk/id/uksi/2000/2665/article/5/1/f"" id=""article-5-1-f"">
<Pnumber>f</Pnumber>"
WS-01,ukpga/1998/42,,whole-act,text,SI,uksi/2000/3371,http://www.legislation.gov.uk/id/uksi/2000/3371,article-9,true,http://www.legislation.gov.uk/id/ukpga/1998/42,"and conditions in relation to the length, duration and frequency of communications; andcreferences to Convention rights are to the Convention rights within the meaning of the Human Rights Act 1998","/P3para></P3><P3 DocumentURI=""http://www.legislation.gov.uk/uksi/2000/3371/article/9/8/c"" IdURI=""http://www.legislation.gov.uk/id/uksi/2000/3371/article/9/8/c"" id=""article-9-8-c""><Pnumber>c</Pnumber><P3para><Text>references to Convention rights are to the Convention rights within the meaning of the Human Rights Act 1998 <CommentaryRef Ref=""c16103381""/>.</Text></P3para></P3></P2para></P2></P1para></P1></P1group><P1group RestrictStartDate=""2020-05-15""><Title> Personal letters and visits</Title><P1 DocumentURI=""http://www.legislation.gov.uk/uksi/2000/3371/article/10"" IdURI=""http://www.legislation"
WS-01,ukpga/1998/42,,whole-act,text,SI,uksi/2001/1185,http://www.legislation.gov.uk/id/uksi/2001/1185,article-6,true,http://www.legislation.gov.uk/id/ukpga/1998/42,"rowspan=""1""> Challenges on grounds of substantive jurisdiction162 Challenges for serious irregularity163 Appeals on questions of EC law and the Human Rights Act 1998","on</td><td colspan=""1"" rowspan=""1"">162</td></tr><tr><td colspan=""1"" rowspan=""1""> </td><td colspan=""1"" rowspan=""1"">Challenges for serious irregularity</td><td colspan=""1"" rowspan=""1"">163</td></tr><tr><td colspan=""1"" rowspan=""1""> </td><td colspan=""1"" rowspan=""1"">Appeals on questions of EC law and the Human Rights Act 1998</td><td colspan=""1"" rowspan=""1"">164</td></tr><tr><td colspan=""1"" rowspan=""1""> </td><td colspan=""1"" rowspan=""1"">Time limits and other procedural restrictions on challenges to awards</td><td colspan=""1"" rowspan=""1"">165</td></tr><tr><td colspan=""1"" rowspan=""1""> </td><td colspan=""1"
WS-01,ukpga/1998/42,,whole-act,text,SI,uksi/2001/1185,http://www.legislation.gov.uk/id/uksi/2001/1185,schedule-paragraph-12,true,http://www.legislation.gov.uk/id/ukpga/1998/42,"have done for the actions taken by the Employer. If the arbitrator finds the dismissal unfair, he or she shall determine the appropriate remedy under the terms of this Scheme. Nothing in the Terms of Reference affects the operation of the Human Rights Act 1998","t>If the arbitrator finds the dismissal unfair, he or she shall determine the appropriate remedy under the terms of this Scheme.</Text>
</Para>
</ListItem>
</UnorderedList>
</td></tr></tbody>
</table>
</Tabular>
</P1para>
<P1para>
<Text>Nothing in the Terms of Reference affects the operation of the Human Rights Act 1998 in so far as this is applicable and relevant and (with respect to procedural matters) has not been waived by virtue of the provisions of this Scheme.</Text>
</P1para>
</P1>
</Part>
<Part DocumentURI=""http://www.legislation.gov.uk/uksi/2001/1185/schedule/part/V./made"" IdURI=""htt"
WS-01,ukpga/1998/42,,whole-act,text,SI,uksi/2001/1185,http://www.legislation.gov.uk/id/uksi/2001/1185,schedule-paragraph-163,true,http://www.legislation.gov.uk/id/ukpga/1998/42,"Format=""default"" NumberFormat=""default""> 5 In this section,“the Scheme” means the arbitration scheme set out in the Schedule to the ACAS Arbitration Scheme (England and Wales) Order 2001. Appeals on questions of EC law and the Human Rights Act 1998","sis>In this section,“the Scheme” means the arbitration scheme set out in the Schedule to the ACAS Arbitration Scheme (England and Wales) Order 2001.</Emphasis></Text>
</P2para>
</P2>
</BlockAmendment>
</P2para>
</P2>
</P1para>
</P1>
</P1group>
<P1group>
<Title>Appeals on questions of EC law and the Human Rights Act 1998</Title>
<P1 DocumentURI=""http://www.legislation.gov.uk/uksi/2001/1185/schedule/paragraph/164/made"" IdURI=""http://www.legislation.gov.uk/id/uksi/2001/1185/schedule/paragraph/164"" id=""schedule-paragraph-164"">
<Pnumber>164</Pnumber>
<P1para>
<P2 DocumentURI=""http://www.legislation"
WS-01,ukpga/1998/42,,whole-act,text,SI,uksi/2001/1185,http://www.legislation.gov.uk/id/uksi/2001/1185,schedule-paragraph-164,true,http://www.legislation.gov.uk/id/ukpga/1998/42,"c for “a question of law” substitute “a question (a) of EC law, or (b) concerning the application of the Human Rights Act 1998","graph/164/2/c/made"" IdURI=""http://www.legislation.gov.uk/id/uksi/2001/1185/schedule/paragraph/164/2/c"" id=""schedule-paragraph-164-2-c"">
<Pnumber PuncAfter="") "">c</Pnumber>
<P3para>
<Text><Emphasis>for “a question of law” substitute “a question (a) of EC law, or (b) concerning the application of the Human Rights Act 1998”;</Emphasis></Text>
</P3para>
</P3>
<P3 DocumentURI=""http://www.legislation.gov.uk/uksi/2001/1185/schedule/paragraph/164/2/d/made"" IdURI=""http://www.legislation.gov.uk/id/uksi/2001/1185/schedule/paragraph/164/2/d"" id=""schedule-paragraph-164-2-d"">
<Pnumber>d</Pnumber>
<P3para>
<"
WS-01,ukpga/1998/42,,whole-act,text,SI,uksi/2001/1185,http://www.legislation.gov.uk/id/uksi/2001/1185,schedule-paragraph-4,true,http://www.legislation.gov.uk/id/ukpga/1998/42,limited opportunities for parties to appeal or otherwise challenge the result. 4 The Scheme also caters for requirements imposed as a matter of law (e.g. the Human Rights Act 1998,"P1>
<P1 DocumentURI=""http://www.legislation.gov.uk/uksi/2001/1185/schedule/paragraph/4/made"" IdURI=""http://www.legislation.gov.uk/id/uksi/2001/1185/schedule/paragraph/4"" id=""schedule-paragraph-4"">
<Pnumber>4</Pnumber>
<P1para>
<Text>The Scheme also caters for requirements imposed as a matter of law (e.g. the Human Rights Act 1998, existing law in the field of arbitration and EC law).</Text>
</P1para>
</P1>
</Part>
<Part DocumentURI=""http://www.legislation.gov.uk/uksi/2001/1185/schedule/part/II./made"" IdURI=""http://www.legislation.gov.uk/id/uksi/2001/1185/schedule/part/II."" NumberOfProvisions="""
WS-01,ukpga/1998/42,,whole-act,text,SI,uksi/2001/1185,http://www.legislation.gov.uk/id/uksi/2001/1185,schedule-paragraph-90,true,http://www.legislation.gov.uk/id/ukpga/1998/42,"id=""schedule-paragraph-90""> 90 The arbitrator shall have the power, on the application of any party or of his or her own motion, to require the appointment of a legal adviser to assist with respect to any issue of EC law or the Human Rights Act 1998","uksi/2001/1185/schedule/paragraph/90"" id=""schedule-paragraph-90"">
<Pnumber>90</Pnumber>
<P1para>
<Text>The arbitrator shall have the power, on the application of any party or of his or her own motion, to require the appointment of a legal adviser to assist with respect to any issue of EC law or the Human Rights Act 1998 that, in the arbitrator’s view and subject to paragraph 12 above (Arbitrator’s Terms of Reference), might be involved and relevant to the resolution of the dispute.</Text>
</P1para>
</P1>
<P1 DocumentURI=""http://www.legislation.gov.uk/uksi/2001/1185/schedule/paragraph/91/made"" "
WS-01,ukpga/1998/42,,whole-act,text,SI,uksi/2001/1185,http://www.legislation.gov.uk/id/uksi/2001/1185,schedule-paragraph-94,true,http://www.legislation.gov.uk/id/ukpga/1998/42,"b for “any question of law” substitute “any question (a) of EC law, or (b) concerning the application of the Human Rights Act 1998","/schedule/paragraph/94/2/b/made"" IdURI=""http://www.legislation.gov.uk/id/uksi/2001/1185/schedule/paragraph/94/2/b"" id=""schedule-paragraph-94-2-b"">
<Pnumber>b</Pnumber>
<P3para>
<Text><Emphasis>for “any question of law” substitute “any question (a) of EC law, or (b) concerning the application of the Human Rights Act 1998”;</Emphasis></Text>
</P3para>
</P3>
<P3 DocumentURI=""http://www.legislation.gov.uk/uksi/2001/1185/schedule/paragraph/94/2/c/made"" IdURI=""http://www.legislation.gov.uk/id/uksi/2001/1185/schedule/paragraph/94/2/c"" id=""schedule-paragraph-94-2-c"">
<Pnumber>c</Pnumber>
<P3para>
<Tex"
WS-01,ukpga/1998/42,,whole-act,text,SI,uksi/2001/1216,http://www.legislation.gov.uk/id/uksi/2001/1216,article-4,true,http://www.legislation.gov.uk/id/ukpga/1998/42,27th March 2001 (This note is not part of the Order) This Order amends the Human Rights Act 1998,"natory>
</SignedSection>
</Body>
<ExplanatoryNotes DocumentURI=""http://www.legislation.gov.uk/uksi/2001/1216/note/made"" IdURI=""http://www.legislation.gov.uk/id/uksi/2001/1216/note"">
<Comment>
<Para>
<Text>(This note is not part of the Order)</Text>
</Para>
</Comment>
<P>
<Text>This Order amends the Human Rights Act 1998 to reflect the withdrawal by the <Acronym Expansion=""United Kingdom"">UK</Acronym> Government of the derogation from Article 5(3) of the European Convention on Human Rights which was originally set out in Part I of Schedule 3 to that Act. The withdrawal of the derogation was eff"
WS-01,ukpga/1998/42,,whole-act,enabling,SI,uksi/2001/1216,http://www.legislation.gov.uk/id/uksi/2001/1216,,true,http://www.legislation.gov.uk/id/ukpga/1998/42,"United Kingdom’s designated derogation from Article 5(3) of the Convention having been withdrawn, the Secretary of State in exercise of the power conferred upon him by section 16(7) of the Human Rights Act 1998","<EnactingText>
<Para>
<Text>The United Kingdom’s designated derogation from Article 5(3) of the Convention having been withdrawn, the Secretary of State in exercise of the power conferred upon him by section 16(7) of the Human Rights Act 1998<FootnoteRef Ref=""f00001""/> (“<Abbreviation Expansion=""Human Rights Act 1998 c. 42"">the Act</Abbreviation>”) hereby makes the following Order:</Text>
</Para>
</EnactingText>"
WS-01,ukpga/1998/42,section-16,whole-act,enabling,SI,uksi/2001/1216,http://www.legislation.gov.uk/id/uksi/2001/1216,,true,http://www.legislation.gov.uk/id/ukpga/1998/42,"United Kingdom’s designated derogation from Article 5(3) of the Convention having been withdrawn, the Secretary of State in exercise of the power conferred upon him by section 16(7) of the Human Rights Act 1998","<EnactingText>
<Para>
<Text>The United Kingdom’s designated derogation from Article 5(3) of the Convention having been withdrawn, the Secretary of State in exercise of the power conferred upon him by section 16(7) of the Human Rights Act 1998<FootnoteRef Ref=""f00001""/> (“<Abbreviation Expansion=""Human Rights Act 1998 c. 42"">the Act</Abbreviation>”) hereby makes the following Order:</Text>
</Para>
</EnactingText>"
WS-01,ukpga/1998/42,,whole-act,text,SI,uksi/2001/1216,http://www.legislation.gov.uk/id/uksi/2001/1216,,true,http://www.legislation.gov.uk/id/ukpga/1998/42,http://www.legislation.gov.uk/uksi/2001/1216/madeThe Human Rights Act (Amendment) Order 2001Civil and human rightsKing's Printer of Acts of Parliament2014-09-26HUMAN RIGHTS This Order amends the Human Rights Act 1998," Human Rights Act (Amendment) Order 2001</dc:title><dc:subject>Civil and human rights</dc:subject><dc:publisher>King's Printer of Acts of Parliament</dc:publisher><dc:modified>2014-09-26</dc:modified><dc:subject scheme=""SIheading"">HUMAN RIGHTS</dc:subject>
					<dc:description>This Order amends the Human Rights Act 1998 to reflect the withdrawal by the UK Government of the derogation from Article 5(3) of the European Convention on Human Rights which was originally set out in Part I of Schedule 3 to that Act. The withdrawal of the derogation was effective from 26th February 2001 and followed th"
WS-01,ukpga/1998/42,section-7-9,whole-act,text,SI,uksi/2001/127,http://www.legislation.gov.uk/id/uksi/2001/127,article-2,true,http://www.legislation.gov.uk/id/ukpga/1998/42,"to the extent made under section 7(9)(a) of the Human Rights Act 1998, apply for the purposes of any proceedings before the Proscribed Organisations Appeal Commission outside Scotland, including Northern Ireland. These Rules, to the extent made under section 7(9) (b) of the Human Rights Act 1998","t>These Rules, to the extent made under section 7(9)(a) of the Human Rights Act 1998, apply for the purposes of any proceedings before the Proscribed Organisations Appeal Commission outside Scotland, including Northern Ireland.</Text>
</P>
<P>
<Text>These Rules, to the extent made under section 7(9)(b) of the Human Rights Act 1998, apply for the purposes of any proceedings before the Proscribed Organisations Appeal Commission in Scotland.</Text>
</P>
</ExplanatoryNotes>
</Secondary><Footnotes><Footnote id=""f00001"">
<FootnoteText>
<Para>
<Text><Citation URI=""http://www.legislation.gov.uk/id/ukp"
WS-01,ukpga/1998/42,section-7,whole-act,text,SI,uksi/2001/127,http://www.legislation.gov.uk/id/uksi/2001/127,article-2,true,http://www.legislation.gov.uk/id/ukpga/1998/42,(This note is not part of the Rules) The effect of these Rules is that the Proscribed Organisations Appeal Commission is the appropriate tribunal for the purposes of section 7 of the Human Rights Act 1998,"RI=""http://www.legislation.gov.uk/id/uksi/2001/127/note"">
<Comment>
<Para>
<Text>(This note is not part of the Rules)</Text>
</Para>
</Comment>
<P>
<Text>The effect of these Rules is that the Proscribed Organisations Appeal Commission is the appropriate tribunal for the purposes of section 7 of the Human Rights Act 1998 in relation to proceedings under section 7(1)(a) of that Act, where such proceedings relate to a refusal by the Secretary of State to remove an organisation from Schedule 2 to the Terrorism Act 2000.</Text>
</P>
<P>
<Text>These Rules, to the extent made under section 7(9)(a) of"
WS-01,ukpga/1998/42,section-7-9,whole-act,text,SI,uksi/2001/127,http://www.legislation.gov.uk/id/uksi/2001/127,article-2,true,http://www.legislation.gov.uk/id/ukpga/1998/42,"Rights Act 1998 in relation to proceedings under section 7(1)(a) of that Act, where such proceedings relate to a refusal by the Secretary of State to remove an organisation from Schedule 2 to the Terrorism Act 2000. These Rules, to the extent made under section 7(9) (a) of the Human Rights Act 1998","f the Human Rights Act 1998 in relation to proceedings under section 7(1)(a) of that Act, where such proceedings relate to a refusal by the Secretary of State to remove an organisation from Schedule 2 to the Terrorism Act 2000.</Text>
</P>
<P>
<Text>These Rules, to the extent made under section 7(9)(a) of the Human Rights Act 1998, apply for the purposes of any proceedings before the Proscribed Organisations Appeal Commission outside Scotland, including Northern Ireland.</Text>
</P>
<P>
<Text>These Rules, to the extent made under section 7(9)(b) of the Human Rights Act 1998, apply for the purp"
WS-01,ukpga/1998/42,section-7,whole-act,text,SI,uksi/2001/127,http://www.legislation.gov.uk/id/uksi/2001/127,article-2,true,http://www.legislation.gov.uk/id/ukpga/1998/42,1 The Proscribed Organisations Appeal Commission established by section 5 of the Terrorism Act 2000 shall be the appropriate tribunal for the purposes of section 7 of the Human Rights Act 1998,".legislation.gov.uk/id/uksi/2001/127/article/2/1"" id=""article-2-1"">
<Pnumber>1</Pnumber>
<P2para>
<Text>The Proscribed Organisations Appeal Commission established by section 5 of the Terrorism Act 2000<FootnoteRef Ref=""f00002""/> shall be the appropriate tribunal for the purposes of section 7 of the Human Rights Act 1998 in relation to any proceedings under subsection (1)(a) of that section (proceedings for actions incompatible with Convention rights) which fall within paragraph (2) of this rule.</Text>
</P2para>
</P2>
<P2 DocumentURI=""http://www.legislation.gov.uk/uksi/2001/127/article/2/2/mad"
WS-01,ukpga/1998/42,,whole-act,enabling,SI,uksi/2001/127,http://www.legislation.gov.uk/id/uksi/2001/127,,true,http://www.legislation.gov.uk/id/ukpga/1998/42,"Secretary of State, in exercise of the powers conferred on him by section 7(9)(a) and (b) of the Human Rights Act 1998","<EnactingText>
<Para>
<Text>The Secretary of State, in exercise of the powers conferred on him by section 7(9)(a) and (b) of the Human Rights Act 1998<FootnoteRef Ref=""f00001""/>, hereby makes the following Rules:</Text>
</Para>
</EnactingText>"
WS-01,ukpga/1998/42,section-7,whole-act,text,SI,uksi/2001/127,http://www.legislation.gov.uk/id/uksi/2001/127,,true,http://www.legislation.gov.uk/id/ukpga/1998/42,Rules 2001Civil and human rightsKing's Printer of Acts of Parliament2011-07-04HUMAN RIGHTS The effect of these Rules is that the Proscribed Organisations Appeal Commission is the appropriate tribunal for the purposes of section 7 of the Human Rights Act 1998,"er of Acts of Parliament</dc:publisher><dc:modified>2011-07-04</dc:modified><dc:subject scheme=""SIheading"">HUMAN RIGHTS</dc:subject>
					<dc:description>The effect of these Rules is that the Proscribed Organisations Appeal Commission is the appropriate tribunal for the purposes of section 7 of the Human Rights Act 1998 in relation to proceedings under section 7(1)(a) of that Act, where such proceedings relate to a refusal by the Secretary of State to remove an organisation from Schedule 2 to the Terrorism Act 2000.</dc:description>
					<atom:link rel=""self"" href=""http://www.legislation.gov.u"
WS-01,ukpga/1998/42,,whole-act,text,SI,uksi/2001/2005,http://www.legislation.gov.uk/id/uksi/2001/2005,article-24,true,http://www.legislation.gov.uk/id/ukpga/1998/42,"IdURI=""http://www.legislation.gov.uk/id/uksi/2001/2005/article/24"" id=""article-24""> 24 1 Having regard to the Human Rights Act 1998","ksi/2001/2005/article/24"" id=""article-24"">
<Pnumber>24</Pnumber>
<P1para>
<P2 DocumentURI=""http://www.legislation.gov.uk/uksi/2001/2005/article/24/1/made"" IdURI=""http://www.legislation.gov.uk/id/uksi/2001/2005/article/24/1"" id=""article-24-1"">
<Pnumber>1</Pnumber>
<P2para>
<Text>Having regard to the Human Rights Act 1998 the Board shall make such rules and put in place such procedures as they think fit in relation to any appeal:–</Text>
<P3 DocumentURI=""http://www.legislation.gov.uk/uksi/2001/2005/article/24/1/a/made"" IdURI=""http://www.legislation.gov.uk/id/uksi/2001/2005/article/24/1/a"" id=""ar"
WS-01,ukpga/1998/42,,whole-act,text,SI,uksi/2001/3500,http://www.legislation.gov.uk/id/uksi/2001/3500,schedule-1-paragraph-5,true,http://www.legislation.gov.uk/id/ukpga/1998/42,"NumberOfProvisions=""1"" id=""schedule-1-crossheading-human-rights""> Human rights 5 Functions of the Secretary of State under the Human Rights Act 1998","man rights</Title>
<P1 DocumentURI=""http://www.legislation.gov.uk/uksi/2001/3500/schedule/1/paragraph/5/made"" IdURI=""http://www.legislation.gov.uk/id/uksi/2001/3500/schedule/1/paragraph/5"" id=""schedule-1-paragraph-5"">
<Pnumber>5</Pnumber>
<P1para>
<Text>Functions of the Secretary of State under the Human Rights Act 1998<FootnoteRef Ref=""f00014""/> except for the powers under—</Text>
<P3 DocumentURI=""http://www.legislation.gov.uk/uksi/2001/3500/schedule/1/paragraph/5/a/made"" IdURI=""http://www.legislation.gov.uk/id/uksi/2001/3500/schedule/1/paragraph/5/a"" id=""schedule-1-paragraph-5-a"">
<Pnumber>a"
WS-01,ukpga/1998/42,,whole-act,text,SI,uksi/2001/3500,http://www.legislation.gov.uk/id/uksi/2001/3500,schedule-2-paragraph-16,true,http://www.legislation.gov.uk/id/ukpga/1998/42,"of those functions and of other functions formerly entrusted to the Home Secretary. Article 3 transfers to the Lord Chancellor the functions set out in Schedule 1, which include in particular the functions of the Secretary of State under the Data Protection Act 1998, the Human Rights Act 1998","sters of those functions and of other functions formerly entrusted to the Home Secretary.</Text>
</P>
<P>
<Text>Article 3 transfers to the Lord Chancellor the functions set out in Schedule 1, which include in particular the functions of the Secretary of State under the Data Protection Act 1998, the Human Rights Act 1998 and the Freedom of Information Act 2000.</Text>
</P>
<P>
<Text>Article 4 makes supplemental provision in relation to the transfers of functions effected by article 3 and in relation to the entrusting to the Lord Chancellor of other functions formerly entrusted to the Home Secre"
WS-01,ukpga/1998/42,,whole-act,markup,SI,uksi/2001/3500,http://www.legislation.gov.uk/id/uksi/2001/3500,schedule-2-paragraph-6,true,http://www.legislation.gov.uk/id/ukpga/1998/42,The Human Rights Act 1998 (c. 42),"ule/2/part/I/crossheading/the-human-rights-act-1998-c-42/made"" IdURI=""http://www.legislation.gov.uk/id/uksi/2001/3500/schedule/2/part/I/crossheading/the-human-rights-act-1998-c-42"" NumberOfProvisions=""1"" id=""schedule-2-part-I-crossheading-the-human-rights-act-1998-c-42"">
<Title>The Human Rights Act <Citation URI=""http://www.legislation.gov.uk/id/ukpga/1998/42"" id=""c00007"" Class=""UnitedKingdomPublicGeneralAct"" Year=""1998"" Number=""0042"">1998 (c. 42)</Citation></Title>
<P1 DocumentURI=""http://www.legislation.gov.uk/uksi/2001/3500/schedule/2/paragraph/7/made"" IdURI=""http://www.legislation.gov.uk/i"
WS-01,ukpga/1998/42,,whole-act,text,SI,uksi/2001/3500,http://www.legislation.gov.uk/id/uksi/2001/3500,schedule-2-paragraph-6,true,http://www.legislation.gov.uk/id/ukpga/1998/42,The Human Rights Act 1998,"/uksi/2001/3500/schedule/2/part/I/crossheading/the-human-rights-act-1998-c-42/made"" IdURI=""http://www.legislation.gov.uk/id/uksi/2001/3500/schedule/2/part/I/crossheading/the-human-rights-act-1998-c-42"" NumberOfProvisions=""1"" id=""schedule-2-part-I-crossheading-the-human-rights-act-1998-c-42"">
<Title>The Human Rights Act <Citation URI=""http://www.legislation.gov.uk/id/ukpga/1998/42"" id=""c00007"" Class=""UnitedKingdomPublicGeneralAct"" Year=""1998"" Number=""0042"">1998 (c. 42)</Citation></Title>
<P1 DocumentURI=""http://www.legislation.gov.uk/uksi/2001/3500/schedule/2/paragraph/7/made"" IdURI=""http://www"
WS-01,ukpga/1998/42,,whole-act,text,SI,uksi/2001/3500,http://www.legislation.gov.uk/id/uksi/2001/3500,schedule-2-paragraph-7,true,http://www.legislation.gov.uk/id/ukpga/1998/42,"id=""c00007"" Class=""UnitedKingdomPublicGeneralAct"" Year=""1998"" Number=""0042"">1998 (c. 42) 7 In the following provisions of the Human Rights Act 1998","98 (c. 42)</Citation></Title>
<P1 DocumentURI=""http://www.legislation.gov.uk/uksi/2001/3500/schedule/2/paragraph/7/made"" IdURI=""http://www.legislation.gov.uk/id/uksi/2001/3500/schedule/2/paragraph/7"" id=""schedule-2-paragraph-7"">
<Pnumber>7</Pnumber>
<P1para>
<Text>In the following provisions of the Human Rights Act 1998 for the words “Secretary of State” there shall be substituted the words “Lord Chancellor”—</Text>
<P3 DocumentURI=""http://www.legislation.gov.uk/uksi/2001/3500/schedule/2/paragraph/7/a/made"" IdURI=""http://www.legislation.gov.uk/id/uksi/2001/3500/schedule/2/paragraph/7/a"" id=""sc"
WS-01,ukpga/1998/42,,whole-act,text,SI,uksi/2001/3644,http://www.legislation.gov.uk/id/uksi/2001/3644,article-1,true,http://www.legislation.gov.uk/id/ukpga/1998/42,"IdURI=""http://www.legislation.gov.uk/id/uksi/2001/3644/body"" NumberOfProvisions=""2"" NumberFormat=""default""> Citation and commencement 1 This Order may be cited as the Human Rights Act 1998","mberFormat=""default"">
<P1group>
<Title>Citation and commencement</Title>
<P1 DocumentURI=""http://www.legislation.gov.uk/uksi/2001/3644/article/1/made"" IdURI=""http://www.legislation.gov.uk/id/uksi/2001/3644/article/1"" id=""article-1"">
<Pnumber>1</Pnumber>
<P1para>
<Text>This Order may be cited as the Human Rights Act 1998 (Designated Derogation) Order 2001 and shall come into force on 13th November 2001.</Text>
</P1para>
</P1>
</P1group>
<P1group>
<Title>Designation of proposed derogation</Title>
<P1 DocumentURI=""http://www.legislation.gov.uk/uksi/2001/3644/article/2/made"" IdURI=""http://www.legi"
WS-01,ukpga/1998/42,,whole-act,text,SI,uksi/2001/3644,http://www.legislation.gov.uk/id/uksi/2001/3644,article-2,true,http://www.legislation.gov.uk/id/ukpga/1998/42,"with Article 5(1)(f) because it is not for the time being possible to take action with a view to deportation, for example, if deportation would result in treatment contrary to Article 3 of the Convention. This Order designates the proposed derogation for the purposes of the Human Rights Act 1998","le with Article 5(1)(f) because it is not for the time being possible to take action with a view to deportation, for example, if deportation would result in treatment contrary to Article 3 of the Convention.</Text>
</P>
<P>
<Text>This Order designates the proposed derogation for the purposes of the Human Rights Act 1998. The proposed derogation is set out in the proposed notification of the derogation which is in the Schedule to the Order.</Text>
</P>
</ExplanatoryNotes>
</Secondary><Footnotes><Footnote id=""f00001"">
<FootnoteText>
<Para>
<Text><Citation URI=""http://www.legislation.gov.uk/id/uk"
WS-01,ukpga/1998/42,,whole-act,text,SI,uksi/2001/3644,http://www.legislation.gov.uk/id/uksi/2001/3644,,true,http://www.legislation.gov.uk/id/ukpga/1998/42,"http://www.legislation.gov.uk/schema/legislation.xsd"" SchemaVersion=""1.0""> http://www.legislation.gov.uk/uksi/2001/3644/made The Human Rights Act 1998","1.0""><ukm:Metadata xmlns:dc=""http://purl.org/dc/elements/1.1/"" xmlns:dct=""http://purl.org/dc/terms/"" xmlns:atom=""http://www.w3.org/2005/Atom"" xmlns:ukm=""http://www.legislation.gov.uk/namespaces/metadata"">
					<dc:identifier>http://www.legislation.gov.uk/uksi/2001/3644/made</dc:identifier><dc:title>The Human Rights Act 1998 (Designated Derogation) Order 2001</dc:title><dc:subject>Civil and human rights</dc:subject><dc:subject>National security</dc:subject><dc:subject>Organised crime and terrorism</dc:subject><dc:subject>Civil emergencies</dc:subject><dc:subject>Justice system</dc:subject><dc:p"
WS-01,ukpga/1998/42,,whole-act,enabling,SI,uksi/2001/3644,http://www.legislation.gov.uk/id/uksi/2001/3644,,true,http://www.legislation.gov.uk/id/ukpga/1998/42,"therefore, the Secretary of State, in exercise of the powers conferred upon him by section 14(1) and (6) of the Human Rights Act 1998 (“the 1998 Act ”)","<EnactingText>
<Para>
<Text>Now, therefore, the Secretary of State, in exercise of the powers conferred upon him by section 14(1) and (6) of the Human Rights Act 1998 (“the <Abbreviation Expansion=""Human Rights Act 1998 c. 42"">1998 Act</Abbreviation>”)<FootnoteRef Ref=""f00001""/>, hereby makes the following Order:</Text>
</Para>
</EnactingText>"
WS-01,ukpga/1998/42,,whole-act,text,SI,uksi/2001/3644,http://www.legislation.gov.uk/id/uksi/2001/3644,,true,http://www.legislation.gov.uk/id/ukpga/1998/42,"Value=""12""/> 2001 No. 3644 HUMAN RIGHTS The Human Rights Act 1998","lue=""0""/>
								</ukm:Statistics>
				</ukm:Metadata><Secondary>
<SecondaryPrelims DocumentURI=""http://www.legislation.gov.uk/uksi/2001/3644/introduction/made"" IdURI=""http://www.legislation.gov.uk/id/uksi/2001/3644/introduction"">
<Number>2001 No. 3644</Number>
<SubjectInformation><Subject>
<Title>HUMAN RIGHTS</Title>
</Subject>
</SubjectInformation>
<Title>The Human Rights Act 1998 (Designated Derogation) Order 2001</Title>
<Approved>Approved by both Houses of Parliament</Approved>
<MadeDate>
<Text>Made</Text>
<DateText>11th November 2001</DateText>
</MadeDate>
<LaidDate>
<Text>Laid before P"
WS-01,ukpga/1998/42,section-4,whole-act,text,SI,uksi/2001/3712,http://www.legislation.gov.uk/id/uksi/2001/3712,article-4,true,http://www.legislation.gov.uk/id/ukpga/1998/42,of those provisions with a Convention right. In the case of The Queen on the application of H v Mental Health Review Tribunal North & East London Region (Secretary of State for Health Intervening) (4 April 2001) the Court made a declaration under section 4 of the Human Rights Act 1998,"ovisions with a Convention right.</Text>
</P>
<P>
<Text>In the case of <Emphasis>The Queen on the application of H v Mental Health Review Tribunal North &amp; East London Region (Secretary of State for Health Intervening)</Emphasis> (4 April 2001) the Court made a declaration under section 4 of the Human Rights Act 1998 that—</Text>
<BlockAmendment TargetClass=""unknown"" TargetSubClass=""unknown"" Context=""unknown"" Format=""default"" NumberFormat=""default"">
<UnorderedList Decoration=""none"">
<ListItem>
<Para>
<Text>Sections 72(1) and 73(1) of the Mental Health Act 1983 are incompatible with Articles"
WS-01,ukpga/1998/42,schedule-2-paragraph-4,whole-act,text,SI,uksi/2001/3712,http://www.legislation.gov.uk/id/uksi/2001/3712,article-4,true,http://www.legislation.gov.uk/id/ukpga/1998/42,in hospital for treatment continue to exist. The Order also makes a consequential amendment to subsection (2) of section 73 of the 1983 Act. The Order will come into force on 26th November 2001 pursuant to the “urgent” procedure prescribed in paragraph 4 of Schedule 2 to the Human Rights Act 1998,"n in hospital for treatment continue to exist. The Order also makes a consequential amendment to subsection (2) of section 73 of the 1983 Act.</Text>
</P>
<P>
<Text>The Order will come into force on 26th November 2001 pursuant to the “urgent” procedure prescribed in paragraph 4 of Schedule 2 to the Human Rights Act 1998. The Order will cease to have effect if, at the end of the period of 120 days beginning with the day on which the Order was made, a resolution has not been passed by each House of Parliament approving the Order.</Text>
</P>
</ExplanatoryNotes>
</Secondary><Footnotes><Footnote i"
WS-01,ukpga/1998/42,section-4,whole-act,enabling,SI,uksi/2001/3712,http://www.legislation.gov.uk/id/uksi/2001/3712,,true,http://www.legislation.gov.uk/id/ukpga/1998/42,[preamble-recital] a sections 72(1) and 73(1) of the Mental Health Act 1983 have been declared under section 4 of the Human Rights Act 1998,"<SecondaryPreamble>
<IntroductoryText>
<P><Text>Whereas:</Text>
<P3>
<Pnumber>a</Pnumber>
<P3para>
<Text>sections 72(1) and 73(1) of the Mental Health Act 1983<FootnoteRef Ref=""f00001""/> have been declared<FootnoteRef Ref=""f00002""/> under section 4 of the Human Rights Act 1998<FootnoteRef Ref=""f00003""/> to be incompatible with a Convention right<FootnoteRef Ref=""f00004""/>;</Text>
</P3para>
</P3>
<P3>
<Pnumber>b</Pnumber>
<P3para>
<Text>the time for bringing an appeal has expired and no appeal has been brought within that time;</Text>
</P3para>
</P3>
<P3>
<Pnumber>c</Pnum"
WS-01,ukpga/1998/42,,whole-act,enabling,SI,uksi/2001/3712,http://www.legislation.gov.uk/id/uksi/2001/3712,,true,http://www.legislation.gov.uk/id/ukpga/1998/42,[preamble-recital] a sections 72(1) and 73(1) of the Mental Health Act 1983 have been declared under section 4 of the Human Rights Act 1998,"<SecondaryPreamble>
<IntroductoryText>
<P><Text>Whereas:</Text>
<P3>
<Pnumber>a</Pnumber>
<P3para>
<Text>sections 72(1) and 73(1) of the Mental Health Act 1983<FootnoteRef Ref=""f00001""/> have been declared<FootnoteRef Ref=""f00002""/> under section 4 of the Human Rights Act 1998<FootnoteRef Ref=""f00003""/> to be incompatible with a Convention right<FootnoteRef Ref=""f00004""/>;</Text>
</P3para>
</P3>
<P3>
<Pnumber>b</Pnumber>
<P3para>
<Text>the time for bringing an appeal has expired and no appeal has been brought within that time;</Text>
</P3para>
</P3>
<P3>
<Pnumber>c</Pnum"
WS-01,ukpga/1998/42,,whole-act,text,SI,uksi/2001/4032,http://www.legislation.gov.uk/id/uksi/2001/4032,article-1,true,http://www.legislation.gov.uk/id/ukpga/1998/42,"IdURI=""http://www.legislation.gov.uk/id/uksi/2001/4032/body"" NumberOfProvisions=""2"" NumberFormat=""default""> Citation and commencement 1 This Order may be cited as the Human Rights Act 1998","mberFormat=""default"">
<P1group>
<Title>Citation and commencement</Title>
<P1 DocumentURI=""http://www.legislation.gov.uk/uksi/2001/4032/article/1/made"" IdURI=""http://www.legislation.gov.uk/id/uksi/2001/4032/article/1"" id=""article-1"">
<Pnumber>1</Pnumber>
<P1para>
<Text>This Order may be cited as the Human Rights Act 1998 (Amendment No. 2) Order 2001, and shall come into force on 20th December 2001.</Text>
</P1para>
</P1>
</P1group>
<P1group>
<Title>Amendment of Schedule 3 to the Act</Title>
<P1 DocumentURI=""http://www.legislation.gov.uk/uksi/2001/4032/article/2/made"" IdURI=""http://www.legislati"
WS-01,ukpga/1998/42,schedule-3,whole-act,text,SI,uksi/2001/4032,http://www.legislation.gov.uk/id/uksi/2001/4032,article-2,true,http://www.legislation.gov.uk/id/ukpga/1998/42,"be incompatible with Article 5(1)(f) of the Convention because it is not for the time being possible to take action with a view to deportation, for example, if deportation would result in treatment contrary to Article 3 of the Convention. This Order amends Schedule 3 to the Human Rights Act 1998","ay be incompatible with Article 5(1)(f) of the Convention because it is not for the time being possible to take action with a view to deportation, for example, if deportation would result in treatment contrary to Article 3 of the Convention.</Text>
</P>
<P>
<Text>This Order amends Schedule 3 to the Human Rights Act 1998, to set out the derogation by the United Kingdom from Article 5(1) of the Convention.</Text>
</P>
</ExplanatoryNotes>
</Secondary><Footnotes><Footnote id=""f00001"">
<FootnoteText>
<Para>
<Text><Citation URI=""http://www.legislation.gov.uk/id/ukpga/1998/42"" id=""c00001"" Class=""Unit"
WS-01,ukpga/1998/42,schedule-3,whole-act,text,SI,uksi/2001/4032,http://www.legislation.gov.uk/id/uksi/2001/4032,article-2,true,http://www.legislation.gov.uk/id/ukpga/1998/42,"No. 2) Order 2001, and shall come into force on 20th December 2001. Amendment of Schedule 3 to the Act 2 Before Part II of Schedule 3 to the Human Rights Act 1998","1group>
<P1group>
<Title>Amendment of Schedule 3 to the Act</Title>
<P1 DocumentURI=""http://www.legislation.gov.uk/uksi/2001/4032/article/2/made"" IdURI=""http://www.legislation.gov.uk/id/uksi/2001/4032/article/2"" id=""article-2"">
<Pnumber>2</Pnumber>
<P1para>
<Text>Before Part II of Schedule 3 to the Human Rights Act 1998 there is inserted, as Part I, the text of the derogation set out in the Schedule to this Order.</Text>
</P1para>
</P1>
</P1group>
<SignedSection DocumentURI=""http://www.legislation.gov.uk/uksi/2001/4032/signature/made"" IdURI=""http://www.legislation.gov.uk/id/uksi/2001/4032/sign"
WS-01,ukpga/1998/42,,whole-act,text,SI,uksi/2001/4032,http://www.legislation.gov.uk/id/uksi/2001/4032,,true,http://www.legislation.gov.uk/id/ukpga/1998/42,"http://www.legislation.gov.uk/schema/legislation.xsd"" SchemaVersion=""1.0""> http://www.legislation.gov.uk/uksi/2001/4032/made The Human Rights Act 1998","1.0""><ukm:Metadata xmlns:dc=""http://purl.org/dc/elements/1.1/"" xmlns:dct=""http://purl.org/dc/terms/"" xmlns:atom=""http://www.w3.org/2005/Atom"" xmlns:ukm=""http://www.legislation.gov.uk/namespaces/metadata"">
					<dc:identifier>http://www.legislation.gov.uk/uksi/2001/4032/made</dc:identifier><dc:title>The Human Rights Act 1998 (Amendment No. 2)Order 2001</dc:title><dc:subject>Civil and human rights</dc:subject><dc:subject>National security</dc:subject><dc:subject>Organised crime and terrorism</dc:subject><dc:subject>International organisations</dc:subject><dc:subject>Civil emergencies</dc:subject"
WS-01,ukpga/1998/42,,whole-act,text,SI,uksi/2001/4032,http://www.legislation.gov.uk/id/uksi/2001/4032,,true,http://www.legislation.gov.uk/id/ukpga/1998/42,"Value=""12""/> 2001 No. 4032 HUMAN RIGHTS The Human Rights Act 1998","lue=""0""/>
								</ukm:Statistics>
				</ukm:Metadata><Secondary>
<SecondaryPrelims DocumentURI=""http://www.legislation.gov.uk/uksi/2001/4032/introduction/made"" IdURI=""http://www.legislation.gov.uk/id/uksi/2001/4032/introduction"">
<Number>2001 No. 4032</Number>
<SubjectInformation><Subject>
<Title>HUMAN RIGHTS</Title>
</Subject>
</SubjectInformation>
<Title>The Human Rights Act 1998 (Amendment No. 2)Order 2001</Title>
<MadeDate>
<Text>Made</Text>
<DateText>19th December 2001</DateText>
</MadeDate>
<LaidDate>
<Text>Laid before Parliament</Text>
<DateText>19th December 2001</DateText>
</LaidDat"
WS-01,ukpga/1998/42,section-7-1,whole-act,text,SI,uksi/2001/443,http://www.legislation.gov.uk/id/uksi/2001/443,article-26,true,http://www.legislation.gov.uk/id/ukpga/1998/42,"to appeal, on a question of law, to the Court of Appeal, the Court of Session or the Court of Appeal in Northern Ireland, as the case may be, from a determination of an appeal, brought under section 5 of the 2000 Act, or proceedings, brought under section 7(1) (a) of the Human Rights Act 1998"," applies to applications for permission to appeal, on a question of law, to the Court of Appeal, the Court of Session or the Court of Appeal in Northern Ireland, as the case may be, from a determination of an appeal, brought under section 5 of the 2000 Act, or proceedings, brought under section 7(1)(a) of the Human Rights Act 1998, by the Commission.</Text>
</P1para>
</P1>
</P1group>
<P1group>
<Title>Application of permission to appeal</Title>
<P1 DocumentURI=""http://www.legislation.gov.uk/uksi/2001/443/article/27/made"" IdURI=""http://www.legislation.gov.uk/id/uksi/2001/443/article/27"" id=""arti"
WS-01,ukpga/1998/42,section-7-1,whole-act,text,SI,uksi/2001/443,http://www.legislation.gov.uk/id/uksi/2001/443,article-27,true,http://www.legislation.gov.uk/id/ukpga/1998/42,"(This note is not part of the Rules) These Rules prescribe the practice and procedure to the followed on appeals to the Proscribed Organisations Appeal Commission under the Terrorism Act 2000, and in proceedings before that Commission under section 7(1) (a) of the Human Rights Act 1998","Para>
<Text>(This note is not part of the Rules)</Text>
</Para>
</Comment>
<P><Text>These Rules prescribe the practice and procedure to the followed on appeals to the Proscribed Organisations Appeal Commission under the Terrorism Act 2000, and in proceedings before that Commission under section 7(1)(a) of the Human Rights Act 1998. They include provision for—</Text>
<P3>
<Pnumber>a</Pnumber>
<P3para>
<Text>appeals to be heard in the absence of the appellant and his representative where necessary;</Text>
</P3para>
</P3>
<P3>
<Pnumber>b</Pnumber>
<P3para>
<Text>the circumstances in which a speci"
WS-01,ukpga/1998/42,section-7-1,whole-act,text,SI,uksi/2001/443,http://www.legislation.gov.uk/id/uksi/2001/443,article-6,true,http://www.legislation.gov.uk/id/ukpga/1998/42,"id=""article-6""> 6 1 This Part applies to appeals brought under section 5 of the 2000 Act and proceedings under section 7(1) (a) of the Human Rights Act 1998"," DocumentURI=""http://www.legislation.gov.uk/uksi/2001/443/article/6/1/made"" IdURI=""http://www.legislation.gov.uk/id/uksi/2001/443/article/6/1"" id=""article-6-1"">
<Pnumber>1</Pnumber>
<P2para>
<Text>This Part applies to appeals brought under section 5 of the 2000 Act and proceedings under section 7(1)(a) of the Human Rights Act 1998<FootnoteRef Ref=""f00002""/>, where rules within the meaning of section 7 of that Act provide for such proceedings to be brought before the Commission.</Text>
</P2para>
</P2>
<P2 DocumentURI=""http://www.legislation.gov.uk/uksi/2001/443/article/6/2/made"" IdURI=""http://w"
WS-01,ukpga/1998/42,section-7-1,whole-act,text,SI,uksi/2001/443,http://www.legislation.gov.uk/id/uksi/2001/443,article-6,true,http://www.legislation.gov.uk/id/ukpga/1998/42,to be brought before the Commission. 2 A reference in this Part to an appeal is a reference to an appeal under section 5 of the 2000 Act or proceedings under section 7(1) (a) of the Human Rights Act 1998,"islation.gov.uk/uksi/2001/443/article/6/2/made"" IdURI=""http://www.legislation.gov.uk/id/uksi/2001/443/article/6/2"" id=""article-6-2"">
<Pnumber>2</Pnumber>
<P2para>
<Text>A reference in this Part to an appeal is a reference to an appeal under section 5 of the 2000 Act or proceedings under section 7(1)(a) of the Human Rights Act 1998 and where proceedings are brought under that Act a reference in this Part to a notice of appeal is a reference to a notice of proceedings.</Text>
</P2para>
</P2>
</P1para>
</P1>
</P1group>
<P1group>
<Title>Time limit for appealing</Title>
<P1 DocumentURI=""http://www."
WS-01,ukpga/1998/42,section-7-1,whole-act,text,SI,uksi/2001/443,http://www.legislation.gov.uk/id/uksi/2001/443,article-8,true,http://www.legislation.gov.uk/id/ukpga/1998/42,the notice must be given by him or by his representative. 4 The notice of appeal must set out the grounds for the appeal and where proceedings are brought under section 7(1) (a) of the Human Rights Act 1998,"RI=""http://www.legislation.gov.uk/uksi/2001/443/article/8/4/made"" IdURI=""http://www.legislation.gov.uk/id/uksi/2001/443/article/8/4"" id=""article-8-4"">
<Pnumber>4</Pnumber>
<P2para>
<Text>The notice of appeal must set out the grounds for the appeal and where proceedings are brought under section 7(1)(a) of the Human Rights Act 1998, the notice of appeal must give details of the Convention right which is alleged has been infringed.</Text>
</P2para>
</P2>
<P2 DocumentURI=""http://www.legislation.gov.uk/uksi/2001/443/article/8/5/made"" IdURI=""http://www.legislation.gov.uk/id/uksi/2001/443/article/8/"
WS-01,ukpga/1998/42,section-7-1,whole-act,text,SI,uksi/2001/443,http://www.legislation.gov.uk/id/uksi/2001/443,,true,http://www.legislation.gov.uk/id/ukpga/1998/42,"AND SUPPRESSION OF TERRORISM These Rules prescribe the practice and procedure to the followed on appeals to the Proscribed Organisations Appeal Commission under the Terrorism Act 2000, and in proceedings before that Commission under section 7(1) (a) of the Human Rights Act 1998","Iheading"">PREVENTION AND SUPPRESSION OF TERRORISM</dc:subject>
					<dc:description>These Rules prescribe the practice and procedure to the followed on appeals to the Proscribed Organisations Appeal Commission under the Terrorism Act 2000, and in proceedings before that Commission under section 7(1)(a) of the Human Rights Act 1998. They include provision for—appeals to be heard in the absence of the appellant and his representative where necessary;the circumstances in which a special advocate is to be appointed to represent the interests of the appellant;the right of the appellant to be legall"
WS-01,ukpga/1998/42,section-7-1,whole-act,text,SI,uksi/2002/1843,http://www.legislation.gov.uk/id/uksi/2002/1843,article-3,true,http://www.legislation.gov.uk/id/ukpga/1998/42,These Rules apply to any appeal to the court from a determination by the Proscribed Organisations Appeal Commission of an appeal under section 5 of the Terrorism Act 2000 or proceedings under section 7(1) (a) of the Human Rights Act 1998,"slation.gov.uk/id/uksi/2002/1843/article/3"" id=""article-3"">
<Pnumber>3</Pnumber>
<P1para>
<Text>These Rules apply to any appeal to the court from a determination by the Proscribed Organisations Appeal Commission of an appeal under section 5 of the Terrorism Act 2000 or proceedings under section 7(1)(a) of the Human Rights Act 1998<FootnoteRef Ref=""f00002""/>.</Text>
</P1para>
</P1>
</P1group>
<P1group>
<Title>Non-disclosure of certain information and exclusion of parties</Title>
<P1 DocumentURI=""http://www.legislation.gov.uk/uksi/2002/1843/article/4/made"" IdURI=""http://www.legislation.gov.uk/id"
WS-01,ukpga/1998/42,,whole-act,text,SI,uksi/2002/1843,http://www.legislation.gov.uk/id/uksi/2002/1843,article-4,true,http://www.legislation.gov.uk/id/ukpga/1998/42,A party to that appeal may bring a further appeal to the Court of Appeal on a question of law with the permission of the Commission or the Court of Appeal. There may also be an appeal on a question of law in connection with proceedings brought before the Commission under the Human Rights Act 1998,"al of that application. A party to that appeal may bring a further appeal to the Court of Appeal on a question of law with the permission of the Commission or the Court of Appeal. There may also be an appeal on a question of law in connection with proceedings brought before the Commission under the Human Rights Act 1998, by virtue of section 6(1) of the Terrorism Act 2000 as applied by section 9 of that Act.</Text>
</P>
<P>
<Text>Rule 4 requires that the Court of Appeal must secure that information is not disclosed contrary to the interests of national security. In this context, rule 4(2) enab"
WS-01,ukpga/1998/42,,whole-act,markup,SI,uksi/2003/1887,http://www.legislation.gov.uk/id/uksi/2003/1887,article-9,true,http://www.legislation.gov.uk/id/ukpga/1998/42,"sections 6(4)(a) and (b) and 28, in Schedule 5, paragraph 12(2) so far as it relates to the resignation of the chairman or a deputy chairman, and in Schedule 6, paragraphs 2 and 3; Human Rights Act 1998 (c. 42)","n Schedule 5, paragraph 12(2) so far as it relates to the resignation of the chairman or a deputy chairman, and</Text>
</Para>
</ListItem>
<ListItem>
<Para>
<Text>in Schedule 6, paragraphs 2 and 3;</Text>
</Para>
</ListItem>
</OrderedList>
</Para>
</ListItem>
<ListItem>
<Para><Text>Human Rights Act <Citation URI=""http://www.legislation.gov.uk/id/ukpga/1998/42"" id=""c00011"" Class=""UnitedKingdomPublicGeneralAct"" Year=""1998"" Number=""0042"">1998 (c. 42)</Citation>, except—</Text>
<OrderedList Type=""alpha"" Decoration=""parens"">
<ListItem>
<Para>
<Text>sections 5, 10, 18 and 19, and</Text>
</Para>
</Li"
WS-01,ukpga/1998/42,,whole-act,text,SI,uksi/2003/1887,http://www.legislation.gov.uk/id/uksi/2003/1887,article-9,true,http://www.legislation.gov.uk/id/ukpga/1998/42,"5, paragraph 12(2) so far as it relates to the resignation of the chairman or a deputy chairman, and in Schedule 6, paragraphs 2 and 3; Human Rights Act 1998","m>
<Para>
<Text>in Schedule 5, paragraph 12(2) so far as it relates to the resignation of the chairman or a deputy chairman, and</Text>
</Para>
</ListItem>
<ListItem>
<Para>
<Text>in Schedule 6, paragraphs 2 and 3;</Text>
</Para>
</ListItem>
</OrderedList>
</Para>
</ListItem>
<ListItem>
<Para><Text>Human Rights Act <Citation URI=""http://www.legislation.gov.uk/id/ukpga/1998/42"" id=""c00011"" Class=""UnitedKingdomPublicGeneralAct"" Year=""1998"" Number=""0042"">1998 (c. 42)</Citation>, except—</Text>
<OrderedList Type=""alpha"" Decoration=""parens"">
<ListItem>
<Para>
<Text>sections 5, 10, 18 and 19, and</T"
WS-01,ukpga/1998/42,,whole-act,text,SI,uksi/2003/1887,http://www.legislation.gov.uk/id/uksi/2003/1887,schedule-2-paragraph-10,true,http://www.legislation.gov.uk/id/ukpga/1998/42,"id=""schedule-2-paragraph-10""> 10 1 In sections 1 and 14 to 16 of the Human Rights Act 1998","10</Pnumber>
<P1para>
<P2 DocumentURI=""http://www.legislation.gov.uk/uksi/2003/1887/schedule/2/paragraph/10/1/made"" IdURI=""http://www.legislation.gov.uk/id/uksi/2003/1887/schedule/2/paragraph/10/1"" id=""schedule-2-paragraph-10-1"">
<Pnumber>1</Pnumber>
<P2para>
<Text>In sections 1 and 14 to 16 of the Human Rights Act 1998, for “Lord Chancellor” in each place substitute “Secretary of State”.</Text>
</P2para>
</P2>
<P2 DocumentURI=""http://www.legislation.gov.uk/uksi/2003/1887/schedule/2/paragraph/10/2/made"" IdURI=""http://www.legislation.gov.uk/id/uksi/2003/1887/schedule/2/paragraph/10/2"" id=""sched"
WS-01,ukpga/1998/42,,whole-act,text,SI,uksi/2003/1887,http://www.legislation.gov.uk/id/uksi/2003/1887,schedule-2-paragraph-9,true,http://www.legislation.gov.uk/id/ukpga/1998/42,at the end insert “(in the case of the chairman or a deputy chairman) or to the Secretary of State (in the case of any other member)”. Human Rights Act 1998,"umber>2</Pnumber>
<P2para>
<Text>In Schedule 5 to that Act, in paragraph 12(2), at the end insert “(in the case of the chairman or a deputy chairman) or to the Secretary of State (in the case of any other member)”.</Text>
</P2para>
</P2>
</P1para>
</P1>
</P1group>
<P1group>
<Title><Strong><Emphasis>Human Rights Act <Citation URI=""http://www.legislation.gov.uk/id/ukpga/1998/42"" id=""c00027"" Class=""UnitedKingdomPublicGeneralAct"" Year=""1998"" Number=""0042"">1998 (c. 42)</Citation></Emphasis></Strong></Title>
<P1 DocumentURI=""http://www.legislation.gov.uk/uksi/2003/1887/schedule/2/paragraph/10/made"" "
WS-01,ukpga/1998/42,,whole-act,markup,SI,uksi/2003/1887,http://www.legislation.gov.uk/id/uksi/2003/1887,schedule-2-paragraph-9,true,http://www.legislation.gov.uk/id/ukpga/1998/42,"id=""schedule-2-paragraph-9-2""> 2 In Schedule 5 to that Act, in paragraph 12(2), at the end insert “(in the case of the chairman or a deputy chairman) or to the Secretary of State (in the case of any other member)”. Human Rights Act 1998 (c. 42)","
<P2para>
<Text>In Schedule 5 to that Act, in paragraph 12(2), at the end insert “(in the case of the chairman or a deputy chairman) or to the Secretary of State (in the case of any other member)”.</Text>
</P2para>
</P2>
</P1para>
</P1>
</P1group>
<P1group>
<Title><Strong><Emphasis>Human Rights Act <Citation URI=""http://www.legislation.gov.uk/id/ukpga/1998/42"" id=""c00027"" Class=""UnitedKingdomPublicGeneralAct"" Year=""1998"" Number=""0042"">1998 (c. 42)</Citation></Emphasis></Strong></Title>
<P1 DocumentURI=""http://www.legislation.gov.uk/uksi/2003/1887/schedule/2/paragraph/10/made"" IdURI=""http://www"
WS-01,ukpga/1998/42,schedule-1,whole-act,text,SI,uksi/2003/2838,http://www.legislation.gov.uk/id/uksi/2003/2838,regulation-3,true,http://www.legislation.gov.uk/id/ukpga/1998/42,"to do so, request the Secretary of State to disapply the eligibility limits in regulations 5(6) and 5A. 3 In considering whether to make such a request, the Commission shall have regard in particular to any applicable Convention rights under Article 2 of Schedule 1 to the Human Rights Act 1998","State to disapply the eligibility limits in regulations 5(6) and 5A.</Text>
</P2para>
</P2>
<P2>
<Pnumber>3</Pnumber>
<P2para>
<Text>In considering whether to make such a request, the Commission shall have regard in particular to any applicable Convention rights under Article 2 of Schedule 1 to the Human Rights Act 1998<FootnoteRef Ref=""f00004""/>.</Text>
</P2para>
</P2>
<P2>
<Pnumber>4</Pnumber>
<P2para>
<Text>On receipt of a request under paragraph (2) the Secretary of State may, if he thinks fit, disapply the eligibility limits.</Text>
</P2para>
</P2>
</P1para>
</P1>
</P1group>
</BlockAmendm"
WS-01,ukpga/1998/42,,whole-act,text,SI,uksi/2003/694,http://www.legislation.gov.uk/id/uksi/2003/694,article-4,true,http://www.legislation.gov.uk/id/ukpga/1998/42,on grounds of substantive jurisdiction113Challenges for serious irregularity114Appeals on questions of EC law and the Human Rights Act 1998,"jurisdiction</td><td colspan=""1"" rowspan=""1"">113</td></tr><tr><td colspan=""1"" rowspan=""1""/><td colspan=""1"" rowspan=""1"">Challenges for serious irregularity</td><td colspan=""1"" rowspan=""1"">114</td></tr><tr><td colspan=""1"" rowspan=""1""/><td colspan=""1"" rowspan=""1"">Appeals on questions of EC law and the Human Rights Act 1998</td><td colspan=""1"" rowspan=""1"">115</td></tr><tr><td colspan=""1"" rowspan=""1""/><td colspan=""1"" rowspan=""1"">Time limits and other procedural restrictions on challenges to awards</td><td colspan=""1"" rowspan=""1"">116</td></tr><tr><td colspan=""1"" rowspan=""1""/><td colspan=""1"" rowspan="
WS-01,ukpga/1998/42,,whole-act,text,SI,uksi/2003/694,http://www.legislation.gov.uk/id/uksi/2003/694,schedule-I.-paragraph-4,true,http://www.legislation.gov.uk/id/ukpga/1998/42,opportunities for parties to appeal or otherwise challenge the result. 4 The Scheme also caters for requirements imposed as a matter of law (eg. the Human Rights Act 1998," DocumentURI=""http://www.legislation.gov.uk/uksi/2003/694/schedule/I./paragraph/4/made"" IdURI=""http://www.legislation.gov.uk/id/uksi/2003/694/schedule/I./paragraph/4"" id=""schedule-I.-paragraph-4"">
<Pnumber>4</Pnumber>
<P1para>
<Text>The Scheme also caters for requirements imposed as a matter of law (eg. the Human Rights Act 1998, and existing law in the field of arbitration and EC law).</Text>
</P1para>
</P1>
</ScheduleBody>
</Schedule>
<Schedule DocumentURI=""http://www.legislation.gov.uk/uksi/2003/694/schedule/II./made"" IdURI=""http://www.legislation.gov.uk/id/uksi/2003/694/schedule/II."" Numbe"
WS-01,ukpga/1998/42,,whole-act,text,SI,uksi/2003/694,http://www.legislation.gov.uk/id/uksi/2003/694,schedule-IV.-paragraph-13,true,http://www.legislation.gov.uk/id/ukpga/1998/42,"actions taken by the Employer. If the arbitrator upholds the Flexible Working Claim, he or she shall determine the appropriate remedy under the terms of this Scheme. Nothing in the Terms of Reference affects the operation of the Human Rights Act 1998","es/legislation"">
<Text>If the arbitrator upholds the Flexible Working Claim, he or she shall determine the appropriate remedy under the terms of this Scheme.</Text>
</Para>
</td></tr></tbody>
</table>
</Tabular>
</P1para>
<P1para>
<Text>Nothing in the Terms of Reference affects the operation of the Human Rights Act 1998 in so far as this is applicable and relevant and (with respect to procedural matters) has not been waived by virtue of the provisions of this Scheme.</Text>
</P1para>
</P1>
</ScheduleBody>
</Schedule>
<Schedule DocumentURI=""http://www.legislation.gov.uk/uksi/2003/694/schedule/V"
WS-01,ukpga/1998/42,,whole-act,text,SI,uksi/2003/694,http://www.legislation.gov.uk/id/uksi/2003/694,schedule-XVI.-paragraph-89,true,http://www.legislation.gov.uk/id/ukpga/1998/42,"id=""schedule-XVI.-paragraph-89""> 89 The arbitrator shall have the power, on the application of any party or of his or her own motion, to require the appointment of a legal adviser to assist with respect to any issue of EC law or the Human Rights Act 1998","/694/schedule/XVI./paragraph/89"" id=""schedule-XVI.-paragraph-89"">
<Pnumber>89</Pnumber>
<P1para>
<Text>The arbitrator shall have the power, on the application of any party or of his or her own motion, to require the appointment of a legal adviser to assist with respect to any issue of EC law or the Human Rights Act 1998 that, in the arbitrator’s view and subject to paragraph 13 above (Arbitrator’s Terms of Reference), might be involved and relevant to the resolution of the dispute.</Text>
</P1para>
</P1>
<P1 DocumentURI=""http://www.legislation.gov.uk/uksi/2003/694/schedule/XVI./paragraph/90/ma"
WS-01,ukpga/1998/42,,whole-act,text,SI,uksi/2003/694,http://www.legislation.gov.uk/id/uksi/2003/694,schedule-XVI.-paragraph-93,true,http://www.legislation.gov.uk/id/ukpga/1998/42,"b for “any question of law” substitute “any question (a) of EC law, or (b) concerning the application of the Human Rights Act 1998","/paragraph/93/2/b/made"" IdURI=""http://www.legislation.gov.uk/id/uksi/2003/694/schedule/XVI./paragraph/93/2/b"" id=""schedule-XVI.-paragraph-93-2-b"">
<Pnumber>b</Pnumber>
<P3para>
<Text><Emphasis>for “any question of law” substitute “any question (a) of EC law, or (b) concerning the application of the Human Rights Act 1998”;</Emphasis></Text>
</P3para>
</P3>
<P3 DocumentURI=""http://www.legislation.gov.uk/uksi/2003/694/schedule/XVI./paragraph/93/2/c/made"" IdURI=""http://www.legislation.gov.uk/id/uksi/2003/694/schedule/XVI./paragraph/93/2/c"" id=""schedule-XVI.-paragraph-93-2-c"">
<Pnumber>c</Pnumber>
"
WS-01,ukpga/1998/42,,whole-act,text,SI,uksi/2003/694,http://www.legislation.gov.uk/id/uksi/2003/694,schedule-XXII.-paragraph-114,true,http://www.legislation.gov.uk/id/ukpga/1998/42,"NumberFormat=""default""> 5 In this section, “the Scheme” means the arbitration scheme set out in the Schedule to the ACAS (Flexible Working) Arbitration Scheme (England and Wales) Order 2003. Appeals on questions of EC law and the Human Rights Act 1998"," “the Scheme” means the arbitration scheme set out in the Schedule to the ACAS (Flexible Working) Arbitration Scheme (England and Wales) Order 2003.</Emphasis></Text>
</P2para>
</P2>
</BlockAmendment>
</P2para>
</P2>
</P1para>
</P1>
</P1group>
<P1group>
<Title>Appeals on questions of EC law and the Human Rights Act 1998</Title>
<P1 DocumentURI=""http://www.legislation.gov.uk/uksi/2003/694/schedule/XXII./paragraph/115/made"" IdURI=""http://www.legislation.gov.uk/id/uksi/2003/694/schedule/XXII./paragraph/115"" id=""schedule-XXII.-paragraph-115"">
<Pnumber>115</Pnumber>
<P1para>
<P2 DocumentURI=""http:/"
WS-01,ukpga/1998/42,,whole-act,text,SI,uksi/2003/694,http://www.legislation.gov.uk/id/uksi/2003/694,schedule-XXII.-paragraph-115,true,http://www.legislation.gov.uk/id/ukpga/1998/42,"for “a question of law” substitute “a question (a) of EC law, or (b) concerning the application of the Human Rights Act 1998","paragraph/115/2/c/made"" IdURI=""http://www.legislation.gov.uk/id/uksi/2003/694/schedule/XXII./paragraph/115/2/c"" id=""schedule-XXII.-paragraph-115-2-c"">
<Pnumber>c</Pnumber>
<P3para>
<Text><Emphasis>for “a question of law” substitute “a question (a) of EC law, or (b) concerning the application of the Human Rights Act 1998”;</Emphasis></Text>
</P3para>
</P3>
<P3 DocumentURI=""http://www.legislation.gov.uk/uksi/2003/694/schedule/XXII./paragraph/115/2/d/made"" IdURI=""http://www.legislation.gov.uk/id/uksi/2003/694/schedule/XXII./paragraph/115/2/d"" id=""schedule-XXII.-paragraph-115-2-d"">
<Pnumber>d</Pnu"
WS-01,ukpga/1998/42,,whole-act,text,SI,uksi/2004/1574,http://www.legislation.gov.uk/id/uksi/2004/1574,article-1,true,http://www.legislation.gov.uk/id/ukpga/1998/42,"IdURI=""http://www.legislation.gov.uk/id/uksi/2004/1574/body"" NumberOfProvisions=""2"" NumberFormat=""default""> Citation and commencement 1 This Order may be cited as the Human Rights Act 1998","mberFormat=""default"">
<P1group>
<Title>Citation and commencement</Title>
<P1 DocumentURI=""http://www.legislation.gov.uk/uksi/2004/1574/article/1/made"" IdURI=""http://www.legislation.gov.uk/id/uksi/2004/1574/article/1"" id=""article-1"">
<Pnumber>1</Pnumber>
<P1para>
<Text>This Order may be cited as the Human Rights Act 1998 (Amendment) Order 2004, and shall come into force on the day after the date on which it is made.</Text>
</P1para>
</P1>
</P1group>
<P1group>
<Title>Amendments to the Human Rights Act 1998</Title>
<P1 DocumentURI=""http://www.legislation.gov.uk/uksi/2004/1574/article/2/made"" IdUR"
WS-01,ukpga/1998/42,,whole-act,text,SI,uksi/2004/1574,http://www.legislation.gov.uk/id/uksi/2004/1574,article-1,true,http://www.legislation.gov.uk/id/ukpga/1998/42,"1 This Order may be cited as the Human Rights Act 1998 (Amendment) Order 2004, and shall come into force on the day after the date on which it is made. Amendments to the Human Rights Act 1998","egislation.gov.uk/id/uksi/2004/1574/article/1"" id=""article-1"">
<Pnumber>1</Pnumber>
<P1para>
<Text>This Order may be cited as the Human Rights Act 1998 (Amendment) Order 2004, and shall come into force on the day after the date on which it is made.</Text>
</P1para>
</P1>
</P1group>
<P1group>
<Title>Amendments to the Human Rights Act 1998</Title>
<P1 DocumentURI=""http://www.legislation.gov.uk/uksi/2004/1574/article/2/made"" IdURI=""http://www.legislation.gov.uk/id/uksi/2004/1574/article/2"" id=""article-2"">
<Pnumber>2</Pnumber>
<P1para>
<P2 DocumentURI=""http://www.legislation.gov.uk/uksi/2004/1574/"
WS-01,ukpga/1998/42,,whole-act,text,SI,uksi/2004/1574,http://www.legislation.gov.uk/id/uksi/2004/1574,article-2,true,http://www.legislation.gov.uk/id/ukpga/1998/42,"IdURI=""http://www.legislation.gov.uk/id/uksi/2004/1574/article/2"" id=""article-2""> 2 1 In section 1(1)(c) (the Convention rights) of the Human Rights Act 1998",""" id=""article-2"">
<Pnumber>2</Pnumber>
<P1para>
<P2 DocumentURI=""http://www.legislation.gov.uk/uksi/2004/1574/article/2/1/made"" IdURI=""http://www.legislation.gov.uk/id/uksi/2004/1574/article/2/1"" id=""article-2-1"">
<Pnumber>1</Pnumber>
<P2para>
<Text>In section 1(1)(c) (the Convention rights) of the Human Rights Act 1998 (“<Abbreviation Expansion=""Human Rights Act 1998 c. 42"">the Act</Abbreviation>”), for “Articles 1 and 2 of the Sixth Protocol” substitute “Article 1 of the Thirteenth Protocol”.</Text>
</P2para>
</P2>
<P2 DocumentURI=""http://www.legislation.gov.uk/uksi/2004/1574/article/2/2/mad"
WS-01,ukpga/1998/42,section-1,whole-act,text,SI,uksi/2004/1574,http://www.legislation.gov.uk/id/uksi/2004/1574,article-2,true,http://www.legislation.gov.uk/id/ukpga/1998/42,"by the Act. Article 1 of the Thirteenth Protocol is in identical terms to Article 1 of the Sixth Protocol, but omits the exception allowing the death penalty in time of war previously contained in Article 2 to the Sixth Protocol. This Order also amends sections 1 of the Human Rights Act 1998","tected by the Act. Article 1 of the Thirteenth Protocol is in identical terms to Article 1 of the Sixth Protocol, but omits the exception allowing the death penalty in time of war previously contained in Article 2 to the Sixth Protocol.</Text>
</P>
<P>
<Text>This Order also amends sections 1 of the Human Rights Act 1998 by substituting references to Article 1 of the Thirteenth Protocol for Articles 1 and 2 of the Sixth Protocol, and section 21 of that Act by omitting the definition of the Sixth Protocol and inserting a definition of the Thirteen Protocol.</Text>
</P>
</ExplanatoryNotes>
</Seco"
WS-01,ukpga/1998/42,,whole-act,text,SI,uksi/2004/1574,http://www.legislation.gov.uk/id/uksi/2004/1574,article-2,true,http://www.legislation.gov.uk/id/ukpga/1998/42,"supersedes the Sixth Protocol to the Convention, which abolished the death penalty in most circumstances, but permitted States to make provision in their law for the death penalty in respect of acts committed in time of war or of imminent threat of war. This Order amends the Human Rights Act 1998","t supersedes the Sixth Protocol to the Convention, which abolished the death penalty in most circumstances, but permitted States to make provision in their law for the death penalty in respect of acts committed in time of war or of imminent threat of war.</Text>
</P>
<P>
<Text>This Order amends the Human Rights Act 1998 by substituting Article 1 of the Thirteenth Protocol for Articles 1 and 2 of the Sixth Protocol in Part 3 of Schedule 1 to that Act, which gives Articles 1 and 2 of the Sixth Protocol the status of “Convention rights” protected by the Act. Article 1 of the Thirteenth Protocol i"
WS-01,ukpga/1998/42,,whole-act,enabling,SI,uksi/2004/1574,http://www.legislation.gov.uk/id/uksi/2004/1574,,true,http://www.legislation.gov.uk/id/ukpga/1998/42,"therefore, the Secretary of State, in exercise of the powers conferred upon him by section 1(4) of the Human Rights Act 1998","<EnactingText>
<Para>
<Text>Now, therefore, the Secretary of State, in exercise of the powers conferred upon him by section 1(4) of the Human Rights Act 1998<FootnoteRef Ref=""f00003""/>, hereby makes the following Order:</Text>
</Para>
</EnactingText>"
WS-01,ukpga/1998/42,section-1,whole-act,enabling,SI,uksi/2004/1574,http://www.legislation.gov.uk/id/uksi/2004/1574,,true,http://www.legislation.gov.uk/id/ukpga/1998/42,"therefore, the Secretary of State, in exercise of the powers conferred upon him by section 1(4) of the Human Rights Act 1998","<EnactingText>
<Para>
<Text>Now, therefore, the Secretary of State, in exercise of the powers conferred upon him by section 1(4) of the Human Rights Act 1998<FootnoteRef Ref=""f00003""/>, hereby makes the following Order:</Text>
</Para>
</EnactingText>"
WS-01,ukpga/1998/42,,whole-act,text,SI,uksi/2004/1574,http://www.legislation.gov.uk/id/uksi/2004/1574,,true,http://www.legislation.gov.uk/id/ukpga/1998/42,"Value=""0""/> 2004 No. 1574 HUMAN RIGHTS The Human Rights Act 1998","lue=""0""/>
								</ukm:Statistics>
				</ukm:Metadata><Secondary>
<SecondaryPrelims DocumentURI=""http://www.legislation.gov.uk/uksi/2004/1574/introduction/made"" IdURI=""http://www.legislation.gov.uk/id/uksi/2004/1574/introduction"">
<Number>2004 No. 1574</Number>
<SubjectInformation><Subject>
<Title>HUMAN RIGHTS</Title>
</Subject>
</SubjectInformation>
<Title>The Human Rights Act 1998 (Amendment) Order 2004</Title>
<MadeDate>
<Text>Made</Text>
<DateText>21st June 2004</DateText>
</MadeDate>
<ComingIntoForce>
<Text>Coming into force in accordance with article 1</Text>
</ComingIntoForce>
<Seconda"
WS-01,ukpga/1998/42,,whole-act,text,SI,uksi/2004/1574,http://www.legislation.gov.uk/id/uksi/2004/1574,,true,http://www.legislation.gov.uk/id/ukpga/1998/42,"http://www.legislation.gov.uk/schema/legislation.xsd"" SchemaVersion=""1.0""> http://www.legislation.gov.uk/uksi/2004/1574/made The Human Rights Act 1998","1.0""><ukm:Metadata xmlns:dc=""http://purl.org/dc/elements/1.1/"" xmlns:dct=""http://purl.org/dc/terms/"" xmlns:atom=""http://www.w3.org/2005/Atom"" xmlns:ukm=""http://www.legislation.gov.uk/namespaces/metadata"">
					<dc:identifier>http://www.legislation.gov.uk/uksi/2004/1574/made</dc:identifier><dc:title>The Human Rights Act 1998 (Amendment) Order 2004</dc:title><dc:subject>Civil and human rights</dc:subject><dc:publisher>King's Printer of Acts of Parliament</dc:publisher><dc:modified>2014-10-15</dc:modified><dc:subject scheme=""SIheading"">HUMAN RIGHTS</dc:subject>
					<dc:description>This Order is "
WS-01,ukpga/1998/42,,whole-act,text,SI,uksi/2004/1574,http://www.legislation.gov.uk/id/uksi/2004/1574,,true,http://www.legislation.gov.uk/id/ukpga/1998/42,The Human Rights Act 1998,"al""/>
<ukm:DocumentMinorType Value=""order""/>
</ukm:DocumentClassification><ukm:Year Value=""2004""/><ukm:Number Value=""1574""/><ukm:Made Date=""2004-06-21""/><ukm:ISBN Value=""0110494253""/></ukm:SecondaryMetadata>
					<ukm:Supersedes URI=""http://www.legislation.gov.uk/id/ukdsi/2004/0110491939""><dc:title>The Human Rights Act 1998 (Amendment) Order 2004</dc:title><ukm:DocumentMainType Value=""UnitedKingdomDraftStatutoryInstrument""/><ukm:Year Value=""2004""/><ukm:ISBN Value=""0110491939""/></ukm:Supersedes>

                    
									 
					<ukm:Alternatives>
      <ukm:Alternative Date=""2008-12-05"" UR"
WS-01,ukpga/1998/42,section-7-1,whole-act,text,SI,uksi/2004/2187,http://www.legislation.gov.uk/id/uksi/2004/2187,regulation-3,true,http://www.legislation.gov.uk/id/ukpga/1998/42,the Criminal Justice and Court Services Act 2000) are extended so that they can be exercised in respect of any – a proceedings under section 7(1) of the Human Rights Act 1998,"t they can be exercised in respect of any –</Text>
<P3 DocumentURI=""http://www.legislation.gov.uk/uksi/2004/2187/regulation/3/a/made"" IdURI=""http://www.legislation.gov.uk/id/uksi/2004/2187/regulation/3/a"" id=""regulation-3-a"">
<Pnumber>a</Pnumber>
<P3para>
<Text>proceedings under section 7(1) of the Human Rights Act 1998<FootnoteRef Ref=""f00004""/>;</Text>
</P3para>
</P3>
<P3 DocumentURI=""http://www.legislation.gov.uk/uksi/2004/2187/regulation/3/b/made"" IdURI=""http://www.legislation.gov.uk/id/uksi/2004/2187/regulation/3/b"" id=""regulation-3-b"">
<Pnumber>b</Pnumber>
<P3para>
<Text>claim for judici"
WS-01,ukpga/1998/42,,whole-act,text,SI,uksi/2004/2333,http://www.legislation.gov.uk/id/uksi/2004/2333,article-6,true,http://www.legislation.gov.uk/id/ukpga/1998/42,"Scottish arbitrations146S-150SAppeals on questions of EC law, the Human Rights Act 1998 and devolution issues: English/Welsh arbitrations151EWAppeals on questions of EC law, the Human Rights Act 1998","an=""1"" rowspan=""1""/><td colspan=""1"" rowspan=""1"">Appeals on questions of EC law, the Human Rights Act 1998 and devolution issues: English/Welsh arbitrations</td><td colspan=""1"" rowspan=""1"">151EW</td></tr><tr><td colspan=""1"" rowspan=""1""/><td colspan=""1"" rowspan=""1"">Appeals on questions of EC law, the Human Rights Act 1998 and devolution issues: Scottish arbitrations</td><td colspan=""1"" rowspan=""1"">152S-155S</td></tr><tr><td colspan=""1"" rowspan=""1""/><td colspan=""1"" rowspan=""1"">Time limits and other procedural restrictions on challenges to awards: English/Welsh arbitrations</td><td colspan=""1"" row"
WS-01,ukpga/1998/42,,whole-act,text,SI,uksi/2004/2333,http://www.legislation.gov.uk/id/uksi/2004/2333,article-6,true,http://www.legislation.gov.uk/id/ukpga/1998/42,"rowspan=""1"">Challenges for serious irregularity: English/Welsh arbitrations145EWChallenges for serious irregularity: Scottish arbitrations146S-150SAppeals on questions of EC law, the Human Rights Act 1998","=""1"" rowspan=""1"">145EW</td></tr><tr><td colspan=""1"" rowspan=""1""/><td colspan=""1"" rowspan=""1"">Challenges for serious irregularity: Scottish arbitrations</td><td colspan=""1"" rowspan=""1"">146S-150S</td></tr><tr><td colspan=""1"" rowspan=""1""/><td colspan=""1"" rowspan=""1"">Appeals on questions of EC law, the Human Rights Act 1998 and devolution issues: English/Welsh arbitrations</td><td colspan=""1"" rowspan=""1"">151EW</td></tr><tr><td colspan=""1"" rowspan=""1""/><td colspan=""1"" rowspan=""1"">Appeals on questions of EC law, the Human Rights Act 1998 and devolution issues: Scottish arbitrations</td><td colspan="""
WS-01,ukpga/1998/42,,whole-act,text,SI,uksi/2004/2333,http://www.legislation.gov.uk/id/uksi/2004/2333,schedule-paragraph-104,true,http://www.legislation.gov.uk/id/ukpga/1998/42,"id=""schedule-paragraph-104""> 104 The arbitrator shall have the power, on the application of any party or of his or her own motion, to require the appointment of a legal adviser to assist with respect to any issue of EC law or the Human Rights Act 1998","i/2004/2333/schedule/paragraph/104"" id=""schedule-paragraph-104"">
<Pnumber>104</Pnumber>
<P1para>
<Text>The arbitrator shall have the power, on the application of any party or of his or her own motion, to require the appointment of a legal adviser to assist with respect to any issue of EC law or the Human Rights Act 1998 or any devolution issue that, in the arbitrator’s view and subject to paragraph 18 above (Arbitrator’s Terms of Reference), might be involved and relevant to the resolution of the dispute.</Text>
</P1para>
</P1>
<P1 DocumentURI=""http://www.legislation.gov.uk/uksi/2004/2333/sche"
WS-01,ukpga/1998/42,,whole-act,text,SI,uksi/2004/2333,http://www.legislation.gov.uk/id/uksi/2004/2333,schedule-paragraph-108EW,true,http://www.legislation.gov.uk/id/ukpga/1998/42,"b for “any question of law” substitute “any question (a) of EC law, or (b) concerning the application of the Human Rights Act 1998","/paragraph/108EW/i/b/made"" IdURI=""http://www.legislation.gov.uk/id/uksi/2004/2333/schedule/paragraph/108EW/i/b"" id=""schedule-paragraph-108EW-i-b"">
<Pnumber>b</Pnumber>
<P5para>
<Text><Emphasis>for “any question of law” substitute “any question (a) of EC law, or (b) concerning the application of the Human Rights Act 1998”, or (c) any devolution issue;</Emphasis></Text>
</P5para>
</P5>
<P5 DocumentURI=""http://www.legislation.gov.uk/uksi/2004/2333/schedule/paragraph/108EW/i/c/made"" IdURI=""http://www.legislation.gov.uk/id/uksi/2004/2333/schedule/paragraph/108EW/i/c"" id=""schedule-paragraph-108EW-i-"
WS-01,ukpga/1998/42,,whole-act,text,SI,uksi/2004/2333,http://www.legislation.gov.uk/id/uksi/2004/2333,schedule-paragraph-109S,true,http://www.legislation.gov.uk/id/ukpga/1998/42,"i of any question of EC law, ii of any question concerning the application of the Human Rights Act 1998",">
<P4 DocumentURI=""http://www.legislation.gov.uk/uksi/2004/2333/schedule/paragraph/109S/ii/made"" IdURI=""http://www.legislation.gov.uk/id/uksi/2004/2333/schedule/paragraph/109S/ii"" id=""schedule-paragraph-109S-ii"">
<Pnumber>ii</Pnumber>
<P4para>
<Text>of any question concerning the application of the Human Rights Act 1998, or</Text>
</P4para>
</P4>
<P4 DocumentURI=""http://www.legislation.gov.uk/uksi/2004/2333/schedule/paragraph/109S/iii/made"" IdURI=""http://www.legislation.gov.uk/id/uksi/2004/2333/schedule/paragraph/109S/iii"" id=""schedule-paragraph-109S-iii"">
<Pnumber>iii</Pnumber>
<P4para>
<Text"
WS-01,ukpga/1998/42,,whole-act,text,SI,uksi/2004/2333,http://www.legislation.gov.uk/id/uksi/2004/2333,schedule-paragraph-150S,true,http://www.legislation.gov.uk/id/ukpga/1998/42,"iv reduce the award in whole or in part. Appeals on questions of EC law, the Human Rights Act 1998","made"" IdURI=""http://www.legislation.gov.uk/id/uksi/2004/2333/schedule/paragraph/150S/iv"" id=""schedule-paragraph-150S-iv"">
<Pnumber>iv</Pnumber>
<P4para>
<Text>reduce the award in whole or in part.</Text>
</P4para>
</P4>
</P1para>
</P1>
</P1group>
<P1group>
<Title>Appeals on questions of EC law, the Human Rights Act 1998 and devolution issues: English/Welsh arbitrations</Title>
<P1 DocumentURI=""http://www.legislation.gov.uk/uksi/2004/2333/schedule/paragraph/151EW/made"" IdURI=""http://www.legislation.gov.uk/id/uksi/2004/2333/schedule/paragraph/151EW"" id=""schedule-paragraph-151EW"">
<Pnumber>151EW<"
WS-01,ukpga/1998/42,,whole-act,text,SI,uksi/2004/2333,http://www.legislation.gov.uk/id/uksi/2004/2333,schedule-paragraph-151EW,true,http://www.legislation.gov.uk/id/ukpga/1998/42,"“the Scheme” means the arbitration scheme set out in the Schedule to the ACAS (Flexible Working) Arbitration Scheme (Great Britain) Order 2004. Appeals on questions of EC law, the Human Rights Act 1998","ation scheme set out in the Schedule to the ACAS (Flexible Working) Arbitration Scheme (Great Britain) Order 2004.</Emphasis></Text>
</Para>
</ListItem>
</UnorderedList>
</P2para>
</P2>
</BlockAmendment>
</P4para>
</P4>
</P1para>
</P1>
</P1group>
<P1group>
<Title>Appeals on questions of EC law, the Human Rights Act 1998 and devolution issues: Scottish arbitrations</Title>
<P1 DocumentURI=""http://www.legislation.gov.uk/uksi/2004/2333/schedule/paragraph/152S/made"" IdURI=""http://www.legislation.gov.uk/id/uksi/2004/2333/schedule/paragraph/152S"" id=""schedule-paragraph-152S"">
<Pnumber>152S</Pnumber>"
WS-01,ukpga/1998/42,,whole-act,text,SI,uksi/2004/2333,http://www.legislation.gov.uk/id/uksi/2004/2333,schedule-paragraph-151EW,true,http://www.legislation.gov.uk/id/ukpga/1998/42,"c for “a question of law” substitute “a question (a) of EC law, or (b) concerning the application of the Human Rights Act 1998","dule/paragraph/151EW/i/c/made"" IdURI=""http://www.legislation.gov.uk/id/uksi/2004/2333/schedule/paragraph/151EW/i/c"" id=""schedule-paragraph-151EW-i-c"">
<Pnumber>c</Pnumber>
<P5para>
<Text><Emphasis>for “a question of law” substitute “a question (a) of EC law, or (b) concerning the application of the Human Rights Act 1998, or (c) any devolution issue”;</Emphasis></Text>
</P5para>
</P5>
<P5 DocumentURI=""http://www.legislation.gov.uk/uksi/2004/2333/schedule/paragraph/151EW/i/d/made"" IdURI=""http://www.legislation.gov.uk/id/uksi/2004/2333/schedule/paragraph/151EW/i/d"" id=""schedule-paragraph-151EW-i-"
WS-01,ukpga/1998/42,,whole-act,text,SI,uksi/2004/2333,http://www.legislation.gov.uk/id/uksi/2004/2333,schedule-paragraph-152S,true,http://www.legislation.gov.uk/id/ukpga/1998/42,"i on a question of EC law, ii on a question concerning the application of the Human Rights Act 1998","P4>
<P4 DocumentURI=""http://www.legislation.gov.uk/uksi/2004/2333/schedule/paragraph/152S/ii/made"" IdURI=""http://www.legislation.gov.uk/id/uksi/2004/2333/schedule/paragraph/152S/ii"" id=""schedule-paragraph-152S-ii"">
<Pnumber>ii</Pnumber>
<P4para>
<Text>on a question concerning the application of the Human Rights Act 1998, or</Text>
</P4para>
</P4>
<P4 DocumentURI=""http://www.legislation.gov.uk/uksi/2004/2333/schedule/paragraph/152S/iii/made"" IdURI=""http://www.legislation.gov.uk/id/uksi/2004/2333/schedule/paragraph/152S/iii"" id=""schedule-paragraph-152S-iii"">
<Pnumber>iii</Pnumber>
<P4para>
<Text"
WS-01,ukpga/1998/42,,whole-act,text,SI,uksi/2004/2333,http://www.legislation.gov.uk/id/uksi/2004/2333,schedule-paragraph-4,true,http://www.legislation.gov.uk/id/ukpga/1998/42,"limited opportunities for parties to appeal or otherwise challenge the result. 4 The Scheme also caters for requirements imposed as a matter of law (eg, the Human Rights Act 1998","P1>
<P1 DocumentURI=""http://www.legislation.gov.uk/uksi/2004/2333/schedule/paragraph/4/made"" IdURI=""http://www.legislation.gov.uk/id/uksi/2004/2333/schedule/paragraph/4"" id=""schedule-paragraph-4"">
<Pnumber>4</Pnumber>
<P1para>
<Text>The Scheme also caters for requirements imposed as a matter of law (eg, the Human Rights Act 1998<FootnoteRef Ref=""f00007""/>, devolution issues, existing law in the field of arbitration and EC law).</Text>
</P1para>
</P1>
<P1 DocumentURI=""http://www.legislation.gov.uk/uksi/2004/2333/schedule/paragraph/5/made"" IdURI=""http://www.legislation.gov.uk/id/uksi/2004/2333/s"
WS-01,ukpga/1998/42,schedule-2-paragraph-4,whole-act,text,SI,uksi/2004/66,http://www.legislation.gov.uk/id/uksi/2004/66,article-6,true,http://www.legislation.gov.uk/id/ukpga/1998/42,"Naval Custody Rules 2000, the Summary Appeal Court (Navy) Rules 2000 and the Administration of Oaths (Summary Appeal Court) (Navy) Order 2000. The Order will come into force on 16th January 2004 pursuant to the “urgent” procedure prescribed in paragraph 4 of Schedule 2 to the Human Rights Act 1998"," Naval Custody Rules 2000, the Summary Appeal Court (Navy) Rules 2000 and the Administration of Oaths (Summary Appeal Court) (Navy) Order 2000.</Text>
</P>
<P>
<Text>The Order will come into force on 16th January 2004 pursuant to the “urgent” procedure prescribed in paragraph 4 of Schedule 2 to the Human Rights Act 1998. The Order will cease to have effect if, at the end of the period of 120 days beginning with the day on which the Order was made, a resolution has not been passed by each House of Parliament approving the Order.</Text>
</P>
</ExplanatoryNotes>
</Secondary><Footnotes><Footnote i"
WS-01,ukpga/1998/42,,whole-act,enabling,SI,uksi/2004/66,http://www.legislation.gov.uk/id/uksi/2004/66,,true,http://www.legislation.gov.uk/id/ukpga/1998/42,"[preamble-recital] it appears to the Secretary of State that, having regard to a finding of the European Court of Human Rights made after the coming into force of section 10 of the Human Rights Act 1998","<SecondaryPreamble>
<IntroductoryText>
<P>
<Text>Whereas it appears to the Secretary of State that, having regard to a finding of the European Court of Human Rights<FootnoteRef Ref=""f00001""/> made after the coming into force of section 10 of the Human Rights Act 1998<FootnoteRef Ref=""f00002""/> in proceedings against the United Kingdom, certain provisions of the Naval Discipline Act 1957<FootnoteRef Ref=""f00003""/> are incompatible with an obligation of the United Kingdom arising from the Convention<FootnoteRef Ref=""f00004""/>;</Text>
</P>
<P>
<Text>And whereas th"
WS-01,ukpga/1998/42,section-10,whole-act,enabling,SI,uksi/2004/66,http://www.legislation.gov.uk/id/uksi/2004/66,,true,http://www.legislation.gov.uk/id/ukpga/1998/42,"[preamble-recital] it appears to the Secretary of State that, having regard to a finding of the European Court of Human Rights made after the coming into force of section 10 of the Human Rights Act 1998","<SecondaryPreamble>
<IntroductoryText>
<P>
<Text>Whereas it appears to the Secretary of State that, having regard to a finding of the European Court of Human Rights<FootnoteRef Ref=""f00001""/> made after the coming into force of section 10 of the Human Rights Act 1998<FootnoteRef Ref=""f00002""/> in proceedings against the United Kingdom, certain provisions of the Naval Discipline Act 1957<FootnoteRef Ref=""f00003""/> are incompatible with an obligation of the United Kingdom arising from the Convention<FootnoteRef Ref=""f00004""/>;</Text>
</P>
<P>
<Text>And whereas th"
WS-01,ukpga/1998/42,,whole-act,text,SI,uksi/2004/753,http://www.legislation.gov.uk/id/uksi/2004/753,article-8,true,http://www.legislation.gov.uk/id/ukpga/1998/42,"for serious irregularity: English/Welsh arbitrations194EWChallenges for serious irregularity: Scottish arbitrations195S-199SAppeals on questions of EC law, devolution issues and the Human Rights Act 1998","</td></tr><tr><td colspan=""1"" rowspan=""1""/><td colspan=""1"" rowspan=""1"">Challenges for serious irregularity: Scottish arbitrations</td><td colspan=""1"" rowspan=""1"">195S-199S</td></tr><tr><td colspan=""1"" rowspan=""1""/><td colspan=""1"" rowspan=""1"">Appeals on questions of EC law, devolution issues and the Human Rights Act 1998: English/Welsh arbitrations</td><td colspan=""1"" rowspan=""1"">200EW</td></tr><tr><td colspan=""1"" rowspan=""1""/><td colspan=""1"" rowspan=""1"">Appeals on questions of EC law, devolution issues and the Human Rights Act 1998: Scottish Arbitrations</td><td colspan=""1"" rowspan=""1"">201S-20"
WS-01,ukpga/1998/42,,whole-act,text,SI,uksi/2004/753,http://www.legislation.gov.uk/id/uksi/2004/753,article-8,true,http://www.legislation.gov.uk/id/ukpga/1998/42,"on questions of EC law, devolution issues and the Human Rights Act 1998: English/Welsh arbitrations200EWAppeals on questions of EC law, devolution issues and the Human Rights Act 1998","d colspan=""1"" rowspan=""1"">Appeals on questions of EC law, devolution issues and the Human Rights Act 1998: English/Welsh arbitrations</td><td colspan=""1"" rowspan=""1"">200EW</td></tr><tr><td colspan=""1"" rowspan=""1""/><td colspan=""1"" rowspan=""1"">Appeals on questions of EC law, devolution issues and the Human Rights Act 1998: Scottish Arbitrations</td><td colspan=""1"" rowspan=""1"">201S-204S</td></tr><tr><td colspan=""1"" rowspan=""1""/><td colspan=""1"" rowspan=""1"">Time limits and other procedural restrictions on challenges to awards: English/Welsh arbitrations</td><td colspan=""1"" rowspan=""1"">205EW</td></t"
WS-01,ukpga/1998/42,,whole-act,text,SI,uksi/2004/753,http://www.legislation.gov.uk/id/uksi/2004/753,schedule-paragraph-106,true,http://www.legislation.gov.uk/id/ukpga/1998/42,"id=""schedule-paragraph-106""> 106 The arbitrator shall have the power, on the application of any party or of his or her own motion, to require the appointment of a legal adviser to assist with respect to any issue of EC law or the Human Rights Act 1998","si/2004/753/schedule/paragraph/106"" id=""schedule-paragraph-106"">
<Pnumber>106</Pnumber>
<P1para>
<Text>The arbitrator shall have the power, on the application of any party or of his or her own motion, to require the appointment of a legal adviser to assist with respect to any issue of EC law or the Human Rights Act 1998 or any devolution issue that, in the arbitrator’s view and subject to paragraph 17 above (Arbitrator’s Terms of Reference), might be involved and relevant to the resolution of the dispute.</Text>
</P1para>
</P1>
<P1 DocumentURI=""http://www.legislation.gov.uk/uksi/2004/753/sched"
WS-01,ukpga/1998/42,,whole-act,text,SI,uksi/2004/753,http://www.legislation.gov.uk/id/uksi/2004/753,schedule-paragraph-110EW,true,http://www.legislation.gov.uk/id/ukpga/1998/42,"b for “any question of law” substitute “any question (a) of EC law, or (b) concerning the application of the Human Rights Act 1998","chedule/paragraph/110EW/b/made"" IdURI=""http://www.legislation.gov.uk/id/uksi/2004/753/schedule/paragraph/110EW/b"" id=""schedule-paragraph-110EW-b"">
<Pnumber>b</Pnumber>
<P3para>
<Text><Emphasis>for “any question of law” substitute “any question (a) of EC law, or (b) concerning the application of the Human Rights Act 1998, or (c) any devolution issue”; and</Emphasis></Text>
</P3para>
</P3>
<P3 DocumentURI=""http://www.legislation.gov.uk/uksi/2004/753/schedule/paragraph/110EW/c/made"" IdURI=""http://www.legislation.gov.uk/id/uksi/2004/753/schedule/paragraph/110EW/c"" id=""schedule-paragraph-110EW-c"">
"
WS-01,ukpga/1998/42,,whole-act,text,SI,uksi/2004/753,http://www.legislation.gov.uk/id/uksi/2004/753,schedule-paragraph-111S,true,http://www.legislation.gov.uk/id/ukpga/1998/42,"i of any question of EC law, ii of any question concerning the application of the Human Rights Act 1998","P4>
<P4 DocumentURI=""http://www.legislation.gov.uk/uksi/2004/753/schedule/paragraph/111S/ii/made"" IdURI=""http://www.legislation.gov.uk/id/uksi/2004/753/schedule/paragraph/111S/ii"" id=""schedule-paragraph-111S-ii"">
<Pnumber>ii</Pnumber>
<P4para>
<Text>of any question concerning the application of the Human Rights Act 1998, or</Text>
</P4para>
</P4>
<P4 DocumentURI=""http://www.legislation.gov.uk/uksi/2004/753/schedule/paragraph/111S/iii/made"" IdURI=""http://www.legislation.gov.uk/id/uksi/2004/753/schedule/paragraph/111S/iii"" id=""schedule-paragraph-111S-iii"">
<Pnumber>iii</Pnumber>
<P4para>
<Text>o"
WS-01,ukpga/1998/42,,whole-act,text,SI,uksi/2004/753,http://www.legislation.gov.uk/id/uksi/2004/753,schedule-paragraph-199S,true,http://www.legislation.gov.uk/id/ukpga/1998/42,the award in whole or in part. Appeals on questions of EC law and the Human Rights Act 1998,"k DocumentURI=""http://www.legislation.gov.uk/uksi/2004/753/schedule/part/25/crossheading/5/made"" IdURI=""http://www.legislation.gov.uk/id/uksi/2004/753/schedule/part/25/crossheading/5"" NumberOfProvisions=""1"" id=""schedule-part-25-crossheading-5"">
<Number><Strong>Appeals on questions of EC law and the Human Rights Act 1998: English/Welsh arbitrations</Strong></Number>
<P1 DocumentURI=""http://www.legislation.gov.uk/uksi/2004/753/schedule/paragraph/200EW/made"" IdURI=""http://www.legislation.gov.uk/id/uksi/2004/753/schedule/paragraph/200EW"" id=""schedule-paragraph-200EW"">
<Pnumber>200EW</Pnumber>
<P1p"
WS-01,ukpga/1998/42,,whole-act,text,SI,uksi/2004/753,http://www.legislation.gov.uk/id/uksi/2004/753,schedule-paragraph-200EW,true,http://www.legislation.gov.uk/id/ukpga/1998/42,"c for “a question of law” substitute “a question (a) of EC law, or (b) concerning the application of the Human Rights Act 1998","53/schedule/paragraph/200EW/c/made"" IdURI=""http://www.legislation.gov.uk/id/uksi/2004/753/schedule/paragraph/200EW/c"" id=""schedule-paragraph-200EW-c"">
<Pnumber>c</Pnumber>
<P3para>
<Text><Emphasis>for “a question of law” substitute “a question (a) of EC law, or (b) concerning the application of the Human Rights Act 1998 or (c) any devolution issue”;</Emphasis></Text>
</P3para>
</P3>
<P3 DocumentURI=""http://www.legislation.gov.uk/uksi/2004/753/schedule/paragraph/200EW/d/made"" IdURI=""http://www.legislation.gov.uk/id/uksi/2004/753/schedule/paragraph/200EW/d"" id=""schedule-paragraph-200EW-d"">
<Pnum"
WS-01,ukpga/1998/42,,whole-act,text,SI,uksi/2004/753,http://www.legislation.gov.uk/id/uksi/2004/753,schedule-paragraph-200EW,true,http://www.legislation.gov.uk/id/ukpga/1998/42,"Appeals on questions of EC law, devolution issues and the Human Rights Act 1998","://www.legislation.gov.uk/uksi/2004/753/schedule/part/25/crossheading/6/made"" IdURI=""http://www.legislation.gov.uk/id/uksi/2004/753/schedule/part/25/crossheading/6"" NumberOfProvisions=""4"" id=""schedule-part-25-crossheading-6"">
<Number><Strong>Appeals on questions of EC law, devolution issues and the Human Rights Act 1998: Scottish arbitrations</Strong></Number>
<P1 DocumentURI=""http://www.legislation.gov.uk/uksi/2004/753/schedule/paragraph/201S/made"" IdURI=""http://www.legislation.gov.uk/id/uksi/2004/753/schedule/paragraph/201S"" id=""schedule-paragraph-201S"">
<Pnumber>201S</Pnumber>
<P1para>
<Tex"
WS-01,ukpga/1998/42,,whole-act,text,SI,uksi/2004/753,http://www.legislation.gov.uk/id/uksi/2004/753,schedule-paragraph-201S,true,http://www.legislation.gov.uk/id/ukpga/1998/42,"i on a question of EC law, ii on a question concerning the application of the Human Rights Act 1998","</P4>
<P4 DocumentURI=""http://www.legislation.gov.uk/uksi/2004/753/schedule/paragraph/201S/ii/made"" IdURI=""http://www.legislation.gov.uk/id/uksi/2004/753/schedule/paragraph/201S/ii"" id=""schedule-paragraph-201S-ii"">
<Pnumber>ii</Pnumber>
<P4para>
<Text>on a question concerning the application of the Human Rights Act 1998, or</Text>
</P4para>
</P4>
<P4 DocumentURI=""http://www.legislation.gov.uk/uksi/2004/753/schedule/paragraph/201S/iii/made"" IdURI=""http://www.legislation.gov.uk/id/uksi/2004/753/schedule/paragraph/201S/iii"" id=""schedule-paragraph-201S-iii"">
<Pnumber>iii</Pnumber>
<P4para>
<Text>o"
WS-01,ukpga/1998/42,,whole-act,text,SI,uksi/2004/753,http://www.legislation.gov.uk/id/uksi/2004/753,schedule-paragraph-4,true,http://www.legislation.gov.uk/id/ukpga/1998/42,"limited opportunities for parties to appeal or otherwise challenge the result. 4 The Scheme also caters for requirements imposed as a matter of law (eg, the Human Rights Act 1998","</P1>
<P1 DocumentURI=""http://www.legislation.gov.uk/uksi/2004/753/schedule/paragraph/4/made"" IdURI=""http://www.legislation.gov.uk/id/uksi/2004/753/schedule/paragraph/4"" id=""schedule-paragraph-4"">
<Pnumber>4</Pnumber>
<P1para>
<Text>The Scheme also caters for requirements imposed as a matter of law (eg, the Human Rights Act 1998, devolution issues, existing law in the field of arbitration and EC law).</Text>
</P1para>
</P1>
<P1 DocumentURI=""http://www.legislation.gov.uk/uksi/2004/753/schedule/paragraph/5/made"" IdURI=""http://www.legislation.gov.uk/id/uksi/2004/753/schedule/paragraph/5"" id=""sche"
WS-01,ukpga/1998/42,,whole-act,text,SI,uksi/2005/1071,http://www.legislation.gov.uk/id/uksi/2005/1071,article-1,true,http://www.legislation.gov.uk/id/ukpga/1998/42,"IdURI=""http://www.legislation.gov.uk/id/uksi/2005/1071/body"" NumberOfProvisions=""2"" NumberFormat=""default""> Citation and commencement 1 This Order may be cited as the Human Rights Act 1998","mberFormat=""default"">
<P1group>
<Title>Citation and commencement</Title>
<P1 DocumentURI=""http://www.legislation.gov.uk/uksi/2005/1071/article/1/made"" IdURI=""http://www.legislation.gov.uk/id/uksi/2005/1071/article/1"" id=""article-1"">
<Pnumber>1</Pnumber>
<P1para>
<Text>This Order may be cited as the Human Rights Act 1998 (Amendment) Order 2005, and shall come into force on 8th April 2005.</Text>
</P1para>
</P1>
</P1group>
<P1group>
<Title>Amendment to Schedule 3 to the Act</Title>
<P1 DocumentURI=""http://www.legislation.gov.uk/uksi/2005/1071/article/2/made"" IdURI=""http://www.legislation.gov.uk/"
WS-01,ukpga/1998/42,,whole-act,text,SI,uksi/2005/1071,http://www.legislation.gov.uk/id/uksi/2005/1071,article-2,true,http://www.legislation.gov.uk/id/ukpga/1998/42,(This note is not part of the Order) This Order amends Schedule 3 to the Human Rights Act 1998 to reflect the withdrawal by the United Kingdom of the derogation designated by the Human Rights Act 1998,"IdURI=""http://www.legislation.gov.uk/id/uksi/2005/1071/note"">
<Comment>
<Para>
<Text>(This note is not part of the Order)</Text>
</Para>
</Comment>
<P>
<Text>This Order amends Schedule 3 to the Human Rights Act 1998 to reflect the withdrawal by the United Kingdom of the derogation designated by the Human Rights Act 1998 (Designated Derogation) Order 2001 (<Acronym Expansion=""Statutory Instrument"">S.I.</Acronym> <Citation URI=""http://www.legislation.gov.uk/id/uksi/2001/3644"" id=""c00001"" Class=""UnitedKingdomStatutoryInstrument"" Year=""2001"" Number=""3644"">2001/3644</Citation>) (“the derogation”). "
WS-01,ukpga/1998/42,schedule-3,whole-act,text,SI,uksi/2005/1071,http://www.legislation.gov.uk/id/uksi/2005/1071,article-2,true,http://www.legislation.gov.uk/id/ukpga/1998/42,"Act 1998 (Amendment) Order 2005, and shall come into force on 8th April 2005. Amendment to Schedule 3 to the Act 2 Part I of Schedule 3 to the Human Rights Act 1998","/P1>
</P1group>
<P1group>
<Title>Amendment to Schedule 3 to the Act</Title>
<P1 DocumentURI=""http://www.legislation.gov.uk/uksi/2005/1071/article/2/made"" IdURI=""http://www.legislation.gov.uk/id/uksi/2005/1071/article/2"" id=""article-2"">
<Pnumber>2</Pnumber>
<P1para>
<Text>Part I of Schedule 3 to the Human Rights Act 1998<FootnoteRef Ref=""f00003""/> is repealed.</Text>
</P1para>
</P1>
</P1group>
<SignedSection DocumentURI=""http://www.legislation.gov.uk/uksi/2005/1071/signature/made"" IdURI=""http://www.legislation.gov.uk/id/uksi/2005/1071/signature"">
<Signatory>
<Signee>
<PersonName>Falconer of Tho"
WS-01,ukpga/1998/42,schedule-3,whole-act,text,SI,uksi/2005/1071,http://www.legislation.gov.uk/id/uksi/2005/1071,article-2,true,http://www.legislation.gov.uk/id/ukpga/1998/42,"Date=""2005-04-03""> 3rd April 2005 (This note is not part of the Order) This Order amends Schedule 3 to the Human Rights Act 1998","edSection>
</Body>
<ExplanatoryNotes DocumentURI=""http://www.legislation.gov.uk/uksi/2005/1071/note/made"" IdURI=""http://www.legislation.gov.uk/id/uksi/2005/1071/note"">
<Comment>
<Para>
<Text>(This note is not part of the Order)</Text>
</Para>
</Comment>
<P>
<Text>This Order amends Schedule 3 to the Human Rights Act 1998 to reflect the withdrawal by the United Kingdom of the derogation designated by the Human Rights Act 1998 (Designated Derogation) Order 2001 (<Acronym Expansion=""Statutory Instrument"">S.I.</Acronym> <Citation URI=""http://www.legislation.gov.uk/id/uksi/2001/3644"" id=""c00001"" Cla"
WS-01,ukpga/1998/42,section-16,whole-act,enabling,SI,uksi/2005/1071,http://www.legislation.gov.uk/id/uksi/2005/1071,,true,http://www.legislation.gov.uk/id/ukpga/1998/42,"therefore, the Secretary of State, in exercise of the powers conferred upon him by section 16(7) of the Human Rights Act 1998","<EnactingText>
<Para>
<Text>Now, therefore, the Secretary of State, in exercise of the powers conferred upon him by section 16(7) of the Human Rights Act 1998<FootnoteRef Ref=""f00002""/> hereby makes the following Order:</Text>
</Para>
</EnactingText>"
WS-01,ukpga/1998/42,,whole-act,text,SI,uksi/2005/1071,http://www.legislation.gov.uk/id/uksi/2005/1071,,true,http://www.legislation.gov.uk/id/ukpga/1998/42,Order 2005Civil and human rightsKing's Printer of Acts of Parliament2011-07-04HUMAN RIGHTS This Order amends Schedule 3 to the Human Rights Act 1998 to reflect the withdrawal by the United Kingdom of the derogation designated by the Human Rights Act 1998,"rinter of Acts of Parliament</dc:publisher><dc:modified>2011-07-04</dc:modified><dc:subject scheme=""SIheading"">HUMAN RIGHTS</dc:subject>
					<dc:description>This Order amends Schedule 3 to the Human Rights Act 1998 to reflect the withdrawal by the United Kingdom of the derogation designated by the Human Rights Act 1998 (Designated Derogation) Order 2001 (S.I. 2001/3644) (“the derogation”). The derogation was from Article 5(1) of the Convention for the Protection of Human Rights and Fundamental Freedoms, agreed by the Council of Europe at Rome on 4th November 1950 (“the Convention”). The derog"
WS-01,ukpga/1998/42,,whole-act,text,SI,uksi/2005/1071,http://www.legislation.gov.uk/id/uksi/2005/1071,,true,http://www.legislation.gov.uk/id/ukpga/1998/42,"Value=""0""/> 2005 No. 1071 HUMAN RIGHTS The Human Rights Act 1998","lue=""0""/>
								</ukm:Statistics>
				</ukm:Metadata><Secondary>
<SecondaryPrelims DocumentURI=""http://www.legislation.gov.uk/uksi/2005/1071/introduction/made"" IdURI=""http://www.legislation.gov.uk/id/uksi/2005/1071/introduction"">
<Number>2005 No. 1071</Number>
<SubjectInformation><Subject>
<Title>HUMAN RIGHTS</Title>
</Subject>
</SubjectInformation>
<Title>The Human Rights Act 1998 (Amendment) Order 2005</Title>
<MadeDate>
<Text>Made</Text>
<DateText>3rd April 2005</DateText>
</MadeDate>
<LaidDate>
<Text>Laid before Parliament</Text>
<DateText>4th April 2005</DateText>
</LaidDate>
<ComingInt"
WS-01,ukpga/1998/42,schedule-3,whole-act,text,SI,uksi/2005/1071,http://www.legislation.gov.uk/id/uksi/2005/1071,,true,http://www.legislation.gov.uk/id/ukpga/1998/42,Human Rights Act 1998 (Amendment) Order 2005Civil and human rightsKing's Printer of Acts of Parliament2011-07-04HUMAN RIGHTS This Order amends Schedule 3 to the Human Rights Act 1998,"998 (Amendment) Order 2005</dc:title><dc:subject>Civil and human rights</dc:subject><dc:publisher>King's Printer of Acts of Parliament</dc:publisher><dc:modified>2011-07-04</dc:modified><dc:subject scheme=""SIheading"">HUMAN RIGHTS</dc:subject>
					<dc:description>This Order amends Schedule 3 to the Human Rights Act 1998 to reflect the withdrawal by the United Kingdom of the derogation designated by the Human Rights Act 1998 (Designated Derogation) Order 2001 (S.I. 2001/3644) (“the derogation”). The derogation was from Article 5(1) of the Convention for the Protection of Human Rights and Fundam"
WS-01,ukpga/1998/42,,whole-act,text,SI,uksi/2005/1071,http://www.legislation.gov.uk/id/uksi/2005/1071,,true,http://www.legislation.gov.uk/id/ukpga/1998/42,"http://www.legislation.gov.uk/schema/legislation.xsd"" SchemaVersion=""1.0""> http://www.legislation.gov.uk/uksi/2005/1071/made The Human Rights Act 1998","1.0""><ukm:Metadata xmlns:dc=""http://purl.org/dc/elements/1.1/"" xmlns:dct=""http://purl.org/dc/terms/"" xmlns:atom=""http://www.w3.org/2005/Atom"" xmlns:ukm=""http://www.legislation.gov.uk/namespaces/metadata"">
					<dc:identifier>http://www.legislation.gov.uk/uksi/2005/1071/made</dc:identifier><dc:title>The Human Rights Act 1998 (Amendment) Order 2005</dc:title><dc:subject>Civil and human rights</dc:subject><dc:publisher>King's Printer of Acts of Parliament</dc:publisher><dc:modified>2011-07-04</dc:modified><dc:subject scheme=""SIheading"">HUMAN RIGHTS</dc:subject>
					<dc:description>This Order ame"
WS-01,ukpga/1998/42,,whole-act,enabling,SI,uksi/2005/1071,http://www.legislation.gov.uk/id/uksi/2005/1071,,true,http://www.legislation.gov.uk/id/ukpga/1998/42,"therefore, the Secretary of State, in exercise of the powers conferred upon him by section 16(7) of the Human Rights Act 1998","<EnactingText>
<Para>
<Text>Now, therefore, the Secretary of State, in exercise of the powers conferred upon him by section 16(7) of the Human Rights Act 1998<FootnoteRef Ref=""f00002""/> hereby makes the following Order:</Text>
</Para>
</EnactingText>"
WS-01,ukpga/1998/42,,whole-act,text,SI,uksi/2005/2795,http://www.legislation.gov.uk/id/uksi/2005/2795,article-115,true,http://www.legislation.gov.uk/id/ukpga/1998/42,"id=""article-115-6""> 6 Paragraph (4) does not apply to proceedings in a magistrates' court. PART 13 HUMAN RIGHTS Human Rights Act 1998","dings in a magistrates' court.</Text>
</P2para>
</P2>
</P1para>
</P1>
</P1group>
</Part>
<Part DocumentURI=""http://www.legislation.gov.uk/uksi/2005/2795/part/13/made"" IdURI=""http://www.legislation.gov.uk/id/uksi/2005/2795/part/13"" NumberOfProvisions=""1"" id=""part-13"">
<Number>PART 13</Number>
<Title>HUMAN RIGHTS</Title>
<P1group>
<Title>Human Rights Act 1998</Title>
<P1 DocumentURI=""http://www.legislation.gov.uk/uksi/2005/2795/article/116/made"" IdURI=""http://www.legislation.gov.uk/id/uksi/2005/2795/article/116"" id=""article-116"">
<Pnumber>116</Pnumber>
<P1para>
<P2 DocumentURI=""http://www.legisl"
WS-01,ukpga/1998/42,section-4,whole-act,text,SI,uksi/2005/2795,http://www.legislation.gov.uk/id/uksi/2005/2795,article-116,true,http://www.legislation.gov.uk/id/ukpga/1998/42,"id=""article-116-8""> 8 In this rule— “Convention right” has the same meaning as in the Human Rights Act 1998; and “declaration of incompatibility” means a declaration of incompatibility under section 4 of the Human Rights Act 1998","<UnorderedList Decoration=""none"" Class=""Definition"">
<ListItem>
<Para>
<Text>“Convention right” has the same meaning as in the Human Rights Act 1998; and</Text>
</Para>
</ListItem>
<ListItem>
<Para>
<Text>“declaration of incompatibility” means a declaration of incompatibility under section 4 of the Human Rights Act 1998.</Text>
</Para>
</ListItem>
<ListItem>
<Para>
<Text>(A practice direction makes provision for the notices mentioned in this rule.)</Text>
</Para>
</ListItem>
</UnorderedList>
</P2para>
</P2>
</P1para>
</P1>
</P1group>
</Part>
<Part DocumentURI=""http://www.legislation.gov.uk/uks"
WS-01,ukpga/1998/42,section-9-5,whole-act,text,SI,uksi/2005/2795,http://www.legislation.gov.uk/id/uksi/2005/2795,article-116,true,http://www.legislation.gov.uk/id/ukpga/1998/42,notice must be given to the Crown. 5 Where paragraph (4) applies and the appropriate person (as defined in section 9(5) of the Human Rights Act 1998,">
<P2 DocumentURI=""http://www.legislation.gov.uk/uksi/2005/2795/article/116/5/made"" IdURI=""http://www.legislation.gov.uk/id/uksi/2005/2795/article/116/5"" id=""article-116-5"">
<Pnumber>5</Pnumber>
<P2para>
<Text>Where paragraph (4) applies and the appropriate person (as defined in section 9(5) of the Human Rights Act 1998) has not applied within 21 days, or such other period as the court directs, beginning with the date on which the notice to be joined as a party was served, the court may join the appropriate person as a party.</Text>
</P2para>
</P2>
<P2 DocumentURI=""http://www.legislation.gov.u"
WS-01,ukpga/1998/42,,whole-act,text,SI,uksi/2005/2795,http://www.legislation.gov.uk/id/uksi/2005/2795,article-116,true,http://www.legislation.gov.uk/id/ukpga/1998/42,officer. 8 In this rule— “Convention right” has the same meaning as in the Human Rights Act 1998,"/2795/article/116/8/made"" IdURI=""http://www.legislation.gov.uk/id/uksi/2005/2795/article/116/8"" id=""article-116-8"">
<Pnumber>8</Pnumber>
<P2para>
<Text>In this rule—</Text>
<UnorderedList Decoration=""none"" Class=""Definition"">
<ListItem>
<Para>
<Text>“Convention right” has the same meaning as in the Human Rights Act 1998; and</Text>
</Para>
</ListItem>
<ListItem>
<Para>
<Text>“declaration of incompatibility” means a declaration of incompatibility under section 4 of the Human Rights Act 1998.</Text>
</Para>
</ListItem>
<ListItem>
<Para>
<Text>(A practice direction makes provision for the notices"
WS-01,ukpga/1998/42,,whole-act,text,SI,uksi/2005/2795,http://www.legislation.gov.uk/id/uksi/2005/2795,article-116,true,http://www.legislation.gov.uk/id/ukpga/1998/42,"id=""article-116""> 116 1 A party who seeks to rely on any provision of or right arising under the Human Rights Act 1998","/Pnumber>
<P1para>
<P2 DocumentURI=""http://www.legislation.gov.uk/uksi/2005/2795/article/116/1/made"" IdURI=""http://www.legislation.gov.uk/id/uksi/2005/2795/article/116/1"" id=""article-116-1"">
<Pnumber>1</Pnumber>
<P2para>
<Text>A party who seeks to rely on any provision of or right arising under the Human Rights Act 1998<FootnoteRef Ref=""f00027""/> or seeks a remedy available under that Act must inform the court in his application or otherwise in writing specifying—</Text>
<P3 DocumentURI=""http://www.legislation.gov.uk/uksi/2005/2795/article/116/1/a/made"" IdURI=""http://www.legislation.gov.uk/id/"
WS-01,ukpga/1998/42,section-7-1,whole-act,text,SI,uksi/2005/2795,http://www.legislation.gov.uk/id/uksi/2005/2795,article-116,true,http://www.legislation.gov.uk/id/ukpga/1998/42,"the Crown, a Minister, or other person permitted by that Act, will be joined as a party on giving notice to the court. 4 Where a claim is made under section 7(1) of the Human Rights Act 1998","notice to the court.</Text>
</P2para>
</P2>
<P2 DocumentURI=""http://www.legislation.gov.uk/uksi/2005/2795/article/116/4/made"" IdURI=""http://www.legislation.gov.uk/id/uksi/2005/2795/article/116/4"" id=""article-116-4"">
<Pnumber>4</Pnumber>
<P2para>
<Text>Where a claim is made under section 7(1) of the Human Rights Act 1998 (claim that public authority acted unlawfully) in respect of a judicial act—</Text>
<P3 DocumentURI=""http://www.legislation.gov.uk/uksi/2005/2795/article/116/4/a/made"" IdURI=""http://www.legislation.gov.uk/id/uksi/2005/2795/article/116/4/a"" id=""article-116-4-a"">
<Pnumber>a</Pnum"
WS-01,ukpga/1998/42,section-4,whole-act,text,SI,uksi/2005/2795,http://www.legislation.gov.uk/id/uksi/2005/2795,article-7,true,http://www.legislation.gov.uk/id/ukpga/1998/42,"id=""article-7-2""> 2 A deputy High Court judge and a district judge, including a district judge of the principal registry of the Family Division, may not try a claim for a declaration of incompatibility in accordance with section 4 of the Human Rights Act 1998","uksi/2005/2795/article/7/2"" id=""article-7-2"">
<Pnumber>2</Pnumber>
<P2para>
<Text>A deputy High Court judge and a district judge, including a district judge of the principal registry of the Family Division, may not try a claim for a declaration of incompatibility in accordance with section 4 of the Human Rights Act 1998<FootnoteRef Ref=""f00016""/>.</Text>
</P2para>
</P2>
</P1para>
</P1>
</P1group>
<P1group>
<Title>Court’s discretion as to where it deals with cases</Title>
<P1 DocumentURI=""http://www.legislation.gov.uk/uksi/2005/2795/article/8/made"" IdURI=""http://www.legislation.gov.uk/id/uksi/2"
WS-01,ukpga/1998/42,,whole-act,text,SI,uksi/2005/3179,http://www.legislation.gov.uk/id/uksi/2005/3179,article-17,true,http://www.legislation.gov.uk/id/ukpga/1998/42,of it. 4 The third condition is that giving effect to the external forfeiture order would not be incompatible with any of the Convention rights (within the meaning of the Human Rights Act 1998,"le/17/4/made"" IdURI=""http://www.legislation.gov.uk/id/uksi/2005/3179/article/17/4"" id=""article-17-4"">
<Pnumber>4</Pnumber>
<P2para>
<Text>The third condition is that giving effect to the external forfeiture order would not be incompatible with any of the Convention rights (within the meaning of the Human Rights Act 1998<FootnoteRef Ref=""f00015""/>) of any person affected by it.</Text>
</P2para>
</P2>
<P2 DocumentURI=""http://www.legislation.gov.uk/uksi/2005/3179/article/17/5/made"" IdURI=""http://www.legislation.gov.uk/id/uksi/2005/3179/article/17/5"" id=""article-17-5"">
<Pnumber>5</Pnumber>
<P2para"
WS-01,ukpga/1998/42,,whole-act,text,SI,uksi/2005/3180,http://www.legislation.gov.uk/id/uksi/2005/3180,article-18,true,http://www.legislation.gov.uk/id/ukpga/1998/42,of it. 4 The third condition is that giving effect to the external forfeiture order would not be incompatible with any of the Convention rights (within the meaning of the Human Rights Act 1998,"le/18/4/made"" IdURI=""http://www.legislation.gov.uk/id/uksi/2005/3180/article/18/4"" id=""article-18-4"">
<Pnumber>4</Pnumber>
<P2para>
<Text>The third condition is that giving effect to the external forfeiture order would not be incompatible with any of the Convention rights (within the meaning of the Human Rights Act 1998<FootnoteRef Ref=""f00016""/>) of any person affected by it.</Text>
</P2para>
</P2>
<P2 DocumentURI=""http://www.legislation.gov.uk/uksi/2005/3180/article/18/5/made"" IdURI=""http://www.legislation.gov.uk/id/uksi/2005/3180/article/18/5"" id=""article-18-5"">
<Pnumber>5</Pnumber>
<P2para"
WS-01,ukpga/1998/42,,whole-act,text,SI,uksi/2005/3181,http://www.legislation.gov.uk/id/uksi/2005/3181,article-107,true,http://www.legislation.gov.uk/id/ukpga/1998/42,respect of it. 4 The third condition is that giving effect to the external order would not be incompatible with any of the Convention rights (within the meaning of the Human Rights Act 1998,"81/article/107/4/made"" IdURI=""http://www.legislation.gov.uk/id/uksi/2005/3181/article/107/4"" id=""article-107-4"">
<Pnumber>4</Pnumber>
<P2para>
<Text>The third condition is that giving effect to the external order would not be incompatible with any of the Convention rights (within the meaning of the Human Rights Act 1998<FootnoteRef Ref=""f00072""/>) of any person affected by it.</Text>
</P2para>
</P2>
<P2 DocumentURI=""http://www.legislation.gov.uk/uksi/2005/3181/article/107/5/made"" IdURI=""http://www.legislation.gov.uk/id/uksi/2005/3181/article/107/5"" id=""article-107-5"">
<Pnumber>5</Pnumber>
<P2p"
WS-01,ukpga/1998/42,,whole-act,text,SI,uksi/2005/3181,http://www.legislation.gov.uk/id/uksi/2005/3181,article-177,true,http://www.legislation.gov.uk/id/ukpga/1998/42,"(6) is met and it would not be just and equitable to do so, or b any provision which is incompatible with any of the Convention rights (within the meaning of the Human Rights Act 1998","tURI=""http://www.legislation.gov.uk/uksi/2005/3181/article/177/4/b/made"" IdURI=""http://www.legislation.gov.uk/id/uksi/2005/3181/article/177/4/b"" id=""article-177-4-b"">
<Pnumber>b</Pnumber>
<P3para>
<Text>any provision which is incompatible with any of the Convention rights (within the meaning of the Human Rights Act 1998<FootnoteRef Ref=""f00093""/>).</Text>
</P3para>
</P3>
</P2para>
</P2>
<P2 DocumentURI=""http://www.legislation.gov.uk/uksi/2005/3181/article/177/5/made"" IdURI=""http://www.legislation.gov.uk/id/uksi/2005/3181/article/177/5"" id=""article-177-5"">
<Pnumber>5</Pnumber>
<P2para>
<Text>In"
WS-01,ukpga/1998/42,,whole-act,text,SI,uksi/2005/3181,http://www.legislation.gov.uk/id/uksi/2005/3181,article-21,true,http://www.legislation.gov.uk/id/ukpga/1998/42,in respect of it. 4 The third condition is that giving effect to the external order would not be incompatible with any of the Convention rights (within the meaning of the Human Rights Act 1998,"/3181/article/21/4/made"" IdURI=""http://www.legislation.gov.uk/id/uksi/2005/3181/article/21/4"" id=""article-21-4"">
<Pnumber>4</Pnumber>
<P2para>
<Text>The third condition is that giving effect to the external order would not be incompatible with any of the Convention rights (within the meaning of the Human Rights Act 1998<FootnoteRef Ref=""f00021""/>) of any person affected by it.</Text>
</P2para>
</P2>
<P2 DocumentURI=""http://www.legislation.gov.uk/uksi/2005/3181/article/21/5/made"" IdURI=""http://www.legislation.gov.uk/id/uksi/2005/3181/article/21/5"" id=""article-21-5"">
<Pnumber>5</Pnumber>
<P2para"
WS-01,ukpga/1998/42,,whole-act,text,SI,uksi/2005/3181,http://www.legislation.gov.uk/id/uksi/2005/3181,article-68,true,http://www.legislation.gov.uk/id/ukpga/1998/42,in respect of it. 4 The third condition is that giving effect to the order would not be incompatible with any of the Convention rights (within the meaning of the Human Rights Act 1998,"uksi/2005/3181/article/68/4/made"" IdURI=""http://www.legislation.gov.uk/id/uksi/2005/3181/article/68/4"" id=""article-68-4"">
<Pnumber>4</Pnumber>
<P2para>
<Text>The third condition is that giving effect to the order would not be incompatible with any of the Convention rights (within the meaning of the Human Rights Act 1998<FootnoteRef Ref=""f00047""/>) of any person affected by it.</Text>
</P2para>
</P2>
<P2 DocumentURI=""http://www.legislation.gov.uk/uksi/2005/3181/article/68/5/made"" IdURI=""http://www.legislation.gov.uk/id/uksi/2005/3181/article/68/5"" id=""article-68-5"">
<Pnumber>5</Pnumber>
<P2para"
WS-01,ukpga/1998/42,section-2-3,whole-act,text,SI,uksi/2005/3429,http://www.legislation.gov.uk/id/uksi/2005/3429,article-3,true,http://www.legislation.gov.uk/id/ukpga/1998/42,"Ref=""f00004""/>, Parts 1 and 2, and Part 7 so far as relating to any provision of those Parts. 2 The functions of the Secretary of State under section 2(3) (a) of the Human Rights Act 1998","</Text>
</P3para>
</P3>
</P2para>
</P2>
<P2 DocumentURI=""http://www.legislation.gov.uk/uksi/2005/3429/article/3/2/made"" IdURI=""http://www.legislation.gov.uk/id/uksi/2005/3429/article/3/2"" id=""article-3-2"">
<Pnumber>2</Pnumber>
<P2para>
<Text>The functions of the Secretary of State under section 2(3)(a) of the Human Rights Act 1998<FootnoteRef Ref=""f00005""/>, his functions under subsection (9)(a) of section 7 of that Act, and his functions under subsection (11) of that section by virtue of subsection (9)(a), are to be exercisable concurrently with the Lord Chancellor.</Text>
</P2para>
</P2>
</P"
WS-01,ukpga/1998/42,,whole-act,text,SI,uksi/2005/3429,http://www.legislation.gov.uk/id/uksi/2005/3429,schedule-paragraph-2,true,http://www.legislation.gov.uk/id/ukpga/1998/42,"the Courts and Legal Services Act 1990 (conditional fee agreements), for “Secretary of State” in each place substitute “Lord Chancellor”. Human Rights Act 1998","schedule/paragraph/2"" id=""schedule-paragraph-2"">
<Pnumber>2</Pnumber>
<P1para>
<Text>In sections 58 and 58A of the Courts and Legal Services Act 1990 (conditional fee agreements), for “Secretary of State” in each place substitute “Lord Chancellor”.</Text>
</P1para>
</P1>
</P1group>
<P1group>
<Title>Human Rights Act <Citation URI=""http://www.legislation.gov.uk/id/ukpga/1998/42"" id=""c00003"" Class=""UnitedKingdomPublicGeneralAct"" Year=""1998"" Number=""0042"">1998 (c. 42)</Citation></Title>
<P1 DocumentURI=""http://www.legislation.gov.uk/uksi/2005/3429/schedule/paragraph/3/made"" IdURI=""http://www.legis"
WS-01,ukpga/1998/42,,whole-act,markup,SI,uksi/2005/3429,http://www.legislation.gov.uk/id/uksi/2005/3429,schedule-paragraph-2,true,http://www.legislation.gov.uk/id/ukpga/1998/42,"IdURI=""http://www.legislation.gov.uk/id/uksi/2005/3429/schedule/paragraph/2"" id=""schedule-paragraph-2""> 2 In sections 58 and 58A of the Courts and Legal Services Act 1990 (conditional fee agreements), for “Secretary of State” in each place substitute “Lord Chancellor”. Human Rights Act 1998 (c. 42)","h/2"" id=""schedule-paragraph-2"">
<Pnumber>2</Pnumber>
<P1para>
<Text>In sections 58 and 58A of the Courts and Legal Services Act 1990 (conditional fee agreements), for “Secretary of State” in each place substitute “Lord Chancellor”.</Text>
</P1para>
</P1>
</P1group>
<P1group>
<Title>Human Rights Act <Citation URI=""http://www.legislation.gov.uk/id/ukpga/1998/42"" id=""c00003"" Class=""UnitedKingdomPublicGeneralAct"" Year=""1998"" Number=""0042"">1998 (c. 42)</Citation></Title>
<P1 DocumentURI=""http://www.legislation.gov.uk/uksi/2005/3429/schedule/paragraph/3/made"" IdURI=""http://www.legislation.gov.uk/id/"
WS-01,ukpga/1998/42,,whole-act,text,SI,uksi/2005/3429,http://www.legislation.gov.uk/id/uksi/2005/3429,schedule-paragraph-3,true,http://www.legislation.gov.uk/id/ukpga/1998/42,"id=""c00003"" Class=""UnitedKingdomPublicGeneralAct"" Year=""1998"" Number=""0042"">1998 (c. 42) 3 In sections 2(3)(a), 7(9)(a), and 20(2) and (4) of the Human Rights Act 1998","tation></Title>
<P1 DocumentURI=""http://www.legislation.gov.uk/uksi/2005/3429/schedule/paragraph/3/made"" IdURI=""http://www.legislation.gov.uk/id/uksi/2005/3429/schedule/paragraph/3"" id=""schedule-paragraph-3"">
<Pnumber>3</Pnumber>
<P1para>
<Text>In sections 2(3)(a), 7(9)(a), and 20(2) and (4) of the Human Rights Act 1998 (rules), before “the Secretary of State” insert “the Lord Chancellor or”.</Text>
</P1para>
</P1>
</P1group>
<P1group>
<Title>Access to Justice Act <Citation URI=""http://www.legislation.gov.uk/id/ukpga/1999/22"" id=""c00004"" Class=""UnitedKingdomPublicGeneralAct"" Year=""1999"" Number"
WS-01,ukpga/1998/42,,whole-act,text,SI,uksi/2005/3429,http://www.legislation.gov.uk/id/uksi/2005/3429,schedule-paragraph-4,true,http://www.legislation.gov.uk/id/ukpga/1998/42,"1975, transfers back to the Lord Chancellor functions under the Legal Aid Act 1988, functions relating to the funding of legal services under the Courts and Legal Services Act 1990 and Parts 1 and 2 of the Access to Justice Act 1999, and functions relating to rules under the Human Rights Act 1998","isters of the Crown Act 1975, transfers back to the Lord Chancellor functions under the Legal Aid Act 1988, functions relating to the funding of legal services under the Courts and Legal Services Act 1990 and Parts 1 and 2 of the Access to Justice Act 1999, and functions relating to rules under the Human Rights Act 1998. These were transferred from the Lord Chancellor to the Secretary of State by the Secretary of State for Constitutional Affairs Order 2003 (<Acronym Expansion=""Statutory Instrument"">S.I.</Acronym> <Citation URI=""http://www.legislation.gov.uk/id/uksi/2003/1887"" id=""c00005"" Class"
WS-01,ukpga/1998/42,,whole-act,text,SI,uksi/2005/3429,http://www.legislation.gov.uk/id/uksi/2005/3429,,true,http://www.legislation.gov.uk/id/ukpga/1998/42,"1975, transfers back to the Lord Chancellor functions under the Legal Aid Act 1988, functions relating to the funding of legal services under the Courts and Legal Services Act 1990 and Parts 1 and 2 of the Access to Justice Act 1999, and functions relating to rules under the Human Rights Act 1998","isters of the Crown Act 1975, transfers back to the Lord Chancellor functions under the Legal Aid Act 1988, functions relating to the funding of legal services under the Courts and Legal Services Act 1990 and Parts 1 and 2 of the Access to Justice Act 1999, and functions relating to rules under the Human Rights Act 1998. These were transferred from the Lord Chancellor to the Secretary of State by the Secretary of State for Constitutional Affairs Order 2003 (S.I. 2003/1887).</dc:description>
					<atom:link rel=""self"" href=""http://www.legislation.gov.uk/uksi/2005/3429/made/data.xml"" type=""appli"
WS-01,ukpga/1998/42,section-4,whole-act,text,SI,uksi/2005/384,http://www.legislation.gov.uk/id/uksi/2005/384,rule-68.27,true,http://www.legislation.gov.uk/id/ukpga/1998/42,"id=""rule-68.27""> 68.27 1 The court shall not consider making a declaration of incompatibility under section 4 of the Human Rights Act 1998","ara>
<P2 DocumentURI=""http://www.legislation.gov.uk/uksi/2005/384/rule/68.27/1/made"" IdURI=""http://www.legislation.gov.uk/id/uksi/2005/384/rule/68.27/1"" id=""rule-68.27-1"">
<Pnumber>1</Pnumber>
<P2para>
<Text>The court shall not consider making a declaration of incompatibility under section 4 of the Human Rights Act 1998 unless it has given written notice to the Crown.</Text>
</P2para>
</P2>
<P2 DocumentURI=""http://www.legislation.gov.uk/uksi/2005/384/rule/68.27/2/made"" IdURI=""http://www.legislation.gov.uk/id/uksi/2005/384/rule/68.27/2"" id=""rule-68.27-2"">
<Pnumber>2</Pnumber>
<P2para>
<Text>Whe"
WS-01,ukpga/1998/42,section-4,whole-act,text,SI,uksi/2005/384,http://www.legislation.gov.uk/id/uksi/2005/384,rule-68.29,true,http://www.legislation.gov.uk/id/ukpga/1998/42,case of an appellant detained under the Mental Health Act 1983 the responsible authority; and e in the case of a declaration of incompatibility under section 4 of the Human Rights Act 1998,"xt>
</P3para>
</P3>
<P3 DocumentURI=""http://www.legislation.gov.uk/uksi/2005/384/rule/68.29/1/e/made"" IdURI=""http://www.legislation.gov.uk/id/uksi/2005/384/rule/68.29/1/e"" id=""rule-68.29-1-e"">
<Pnumber>e</Pnumber>
<P3para>
<Text>in the case of a declaration of incompatibility under section 4 of the Human Rights Act 1998, the declaration shall be served on—</Text>
<P4 DocumentURI=""http://www.legislation.gov.uk/uksi/2005/384/rule/68.29/1/e/i/made"" IdURI=""http://www.legislation.gov.uk/id/uksi/2005/384/rule/68.29/1/e/i"" id=""rule-68.29-1-e-i"">
<Pnumber>i</Pnumber>
<P4para>
<Text>all of the parties "
WS-01,ukpga/1998/42,section-4,whole-act,text,SI,uksi/2005/384,http://www.legislation.gov.uk/id/uksi/2005/384,rule-68.3,true,http://www.legislation.gov.uk/id/ukpga/1998/42,application in the form set out in the Practice Direction shall include notice— a of any application to be made to the court for a declaration of incompatibility under section 4 of the Human Rights Act 1998,"entURI=""http://www.legislation.gov.uk/uksi/2005/384/rule/68.3/3/a/made"" IdURI=""http://www.legislation.gov.uk/id/uksi/2005/384/rule/68.3/3/a"" id=""rule-68.3-3-a"">
<Pnumber>a</Pnumber>
<P3para>
<Text>of any application to be made to the court for a declaration of incompatibility under section 4 of the Human Rights Act 1998<FootnoteRef Ref=""f00450""/>; or</Text>
</P3para>
</P3>
<P3 DocumentURI=""http://www.legislation.gov.uk/uksi/2005/384/rule/68.3/3/b/made"" IdURI=""http://www.legislation.gov.uk/id/uksi/2005/384/rule/68.3/3/b"" id=""rule-68.3-3-b"">
<Pnumber>b</Pnumber>
<P3para>
<Text>of any issue for t"
WS-01,ukpga/1998/42,,whole-act,text,SI,uksi/2005/930,http://www.legislation.gov.uk/id/uksi/2005/930,regulation-3,true,http://www.legislation.gov.uk/id/ukpga/1998/42,"or e the provision of accommodation is necessary for the purpose of avoiding a breach of a person’s Convention rights, within the meaning of the Human Rights Act 1998","5/930/regulation/3/2/e/made"" IdURI=""http://www.legislation.gov.uk/id/uksi/2005/930/regulation/3/2/e"" id=""regulation-3-2-e"">
<Pnumber>e</Pnumber>
<P3para>
<Text>the provision of accommodation is necessary for the purpose of avoiding a breach of a person’s Convention rights, within the meaning of the Human Rights Act 1998 <FootnoteRef Ref=""f00011""/>.</Text>
</P3para>
</P3>
</P2para>
</P2>
</P1para>
</P1>
</P1group>
<P1group>
<Title>Community activities: general</Title>
<P1 DocumentURI=""http://www.legislation.gov.uk/uksi/2005/930/regulation/4/made"" IdURI=""http://www.legislation.gov.uk/id/uksi/200"
WS-01,ukpga/1998/42,section-6,whole-act,text,SI,uksi/2006/1003,http://www.legislation.gov.uk/id/uksi/2006/1003,regulation-24AA,true,http://www.legislation.gov.uk/id/ukpga/1998/42,"of State certifies that, despite the appeals process not having been begun or not having been finally determined, removal of P to the country or territory to which P is proposed to be removed, pending the outcome of P’s appeal, would not be unlawful under section 6 of the Human Rights Act 1998","s removal if the Secretary of State certifies that, despite the appeals process not having been begun or not having been finally determined, removal of P to the country or territory to which P is proposed to be removed, pending the outcome of P’s appeal, would not be unlawful under section 6 of the Human Rights Act 1998 (public authority not to act contrary to Human Rights Convention).</Addition></Repeal></Text>
</P2para>
</P2>
<P2 DocumentURI=""http://www.legislation.gov.uk/uksi/2006/1003/regulation/24AA/3"" IdURI=""http://www.legislation.gov.uk/id/uksi/2006/1003/regulation/24AA/3"" id=""regulatio"
WS-01,ukpga/1998/42,section-6-1,whole-act,text,SI,uksi/2006/1183,http://www.legislation.gov.uk/id/uksi/2006/1183,regulation-16,true,http://www.legislation.gov.uk/id/ukpga/1998/42,bad faith; or b so as to prevent an award of damages in respect of the act or omission on the ground that it was unlawful as a result of section 6(1) of the Human Rights Act 1998,"/regulation/16/3/b/made"" IdURI=""http://www.legislation.gov.uk/id/uksi/2006/1183/regulation/16/3/b"" id=""regulation-16-3-b"">
<Pnumber>b</Pnumber>
<P3para>
<Text>so as to prevent an award of damages in respect of the act or omission on the ground that it was unlawful as a result of section 6(1) of the Human Rights Act 1998<FootnoteRef Ref=""f00006""/> (acts of public authorities incompatible with Convention rights).</Text>
</P3para>
</P3>
</P2para>
</P2>
</P1para>
</P1>
</P1group>
<P1group>
<Title>Privilege against self-incrimination</Title>
<P1 DocumentURI=""http://www.legislation.gov.uk/uksi/2006/"
WS-01,ukpga/1998/42,section-6,whole-act,text,SI,uksi/2006/2189,http://www.legislation.gov.uk/id/uksi/2006/2189,regulation-3,true,http://www.legislation.gov.uk/id/ukpga/1998/42,the duties of the appeal panel under the Disability Discrimination Act 1995; vi the duties the appeal panel may have under Part 4 of the Equality Act 2006; vii the effect of section 6 of the Human Rights Act 1998,"n Act 1995<FootnoteRef Ref=""f00006""/>;</Text></P4para>
</P4>
<P4>
<Pnumber>vi</Pnumber>
<P4para><Text>the duties the appeal panel may have under Part 4 of the Equality Act 2006<FootnoteRef Ref=""f00007""/>;</Text></P4para>
</P4>
<P4>
<Pnumber>vii</Pnumber>
<P4para><Text>the effect of section 6 of the Human Rights Act 1998<FootnoteRef Ref=""f00008""/> (acts of public authorities unlawful if not compatible with certain human rights) and the need to act compatibly with human rights protected by that Act; and</Text></P4para>
</P4>
<P4>
<Pnumber>viii</Pnumber>
<P4para><Text>the need for the appeal pane"
WS-01,ukpga/1998/42,section-6,whole-act,text,SI,uksi/2006/2189,http://www.legislation.gov.uk/id/uksi/2006/2189,regulation-6,true,http://www.legislation.gov.uk/id/ukpga/1998/42,"of a clerk to an appeal panel, the duties of the appeal panel under the Race Relations Act 1976, the duties of the appeal panel under the Disability Discrimination Act 1995, the duties the appeal panel may have under Part 4 Equality Act 2006, the effect of section 6 of the Human Rights Act 1998","an appeal panel, the role of a clerk to an appeal panel, the duties of the appeal panel under the Race Relations Act 1976, the duties of the appeal panel under the Disability Discrimination Act 1995, the duties the appeal panel may have under Part 4 Equality Act 2006, the effect of section 6 of the Human Rights Act 1998 and the need to observe procedural fairness and the rules of natural justice. Where a clerk to or member of an appeal panel has acted in that capacity within the year preceding the date these Regulations come into force he may continue to act in that capacity but must meet the "
WS-01,ukpga/1998/42,section-7,whole-act,text,SI,uksi/2006/2290,http://www.legislation.gov.uk/id/uksi/2006/2290,article-2,true,http://www.legislation.gov.uk/id/ukpga/1998/42,The Proscribed Organisations Appeal Commission established by section 5 of the Terrorism Act 2000 is the appropriate tribunal for the purposes of section 7 of the Human Rights Act 1998,"://www.legislation.gov.uk/id/uksi/2006/2290/article/2/1"" id=""article-2-1"">
<Pnumber>1</Pnumber>
<P2para><Text>The Proscribed Organisations Appeal Commission established by section 5 of the Terrorism Act 2000<FootnoteRef Ref=""f00002""/> is the appropriate tribunal for the purposes of section 7 of the Human Rights Act 1998 in relation to any proceedings under subsection (1)(a) of that section (proceedings for acts incompatible with Convention rights) which fall within paragraph (2).</Text>
</P2para>
</P2>
<P2 DocumentURI=""http://www.legislation.gov.uk/uksi/2006/2290/article/2/2/made"" IdURI=""http:"
WS-01,ukpga/1998/42,section-7,whole-act,text,SI,uksi/2006/2290,http://www.legislation.gov.uk/id/uksi/2006/2290,article-3,true,http://www.legislation.gov.uk/id/ukpga/1998/42,"EXPLANATORY NOTE (This note is not part of the Order) Under the Rules revoked by article 3 of these Rules, the Proscribed Organisations Appeal Commission was the appropriate tribunal for the purposes of section 7 of the Human Rights Act 1998","LANATORY NOTE</Title>
<Comment>
<Para><Text>(This note is not part of the Order)</Text></Para>
</Comment>
<P><Text Hanging=""indented"">Under the Rules revoked by article 3 of these Rules, the Proscribed Organisations Appeal Commission was the appropriate tribunal for the purposes of section 7 of the Human Rights Act 1998 in relation to proceedings under section 7(1)(a) of that Act, where such proceedings relate to a refusal by the Secretary of State to remove an organisation from the list of proscribed organisations in Schedule 2 to the Terrorism Act 2000. By virtue of article 2(2)(a), that Com"
WS-01,ukpga/1998/42,,whole-act,enabling,SI,uksi/2006/2290,http://www.legislation.gov.uk/id/uksi/2006/2290,,true,http://www.legislation.gov.uk/id/ukpga/1998/42,Secretary of State makes the following Rules under section 7(9)(a) and (b) of the Human Rights Act 1998,"<EnactingText>
<Para>
<Text>The Secretary of State makes the following Rules under section 7(9)(a) and (b) of the Human Rights Act 1998<FootnoteRef Ref=""f00001""/>, having had regard to section 9 of that Act.</Text></Para>
</EnactingText>"
WS-01,ukpga/1998/42,section-7,whole-act,text,SI,uksi/2006/2290,http://www.legislation.gov.uk/id/uksi/2006/2290,,true,http://www.legislation.gov.uk/id/ukpga/1998/42,"RIGHTSenKing's Printer of Acts of Parliament2011-07-04HUMAN RIGHTS Under the Rules revoked by article 3 of these Rules, the Proscribed Organisations Appeal Commission was the appropriate tribunal for the purposes of section 7 of the Human Rights Act 1998","ment</dc:publisher><dc:modified>2011-07-04</dc:modified><dc:subject scheme=""SIheading"">HUMAN RIGHTS</dc:subject>
					<dc:description>Under the Rules revoked by article 3 of these Rules, the Proscribed Organisations Appeal Commission was the appropriate tribunal for the purposes of section 7 of the Human Rights Act 1998 in relation to proceedings under section 7(1)(a) of that Act, where such proceedings relate to a refusal by the Secretary of State to remove an organisation from the list of proscribed organisations in Schedule 2 to the Terrorism Act 2000. By virtue of article 2(2)(a), that Com"
WS-01,ukpga/1998/42,,whole-act,text,SI,uksi/2007/1286,http://www.legislation.gov.uk/id/uksi/2007/1286,article-2,true,http://www.legislation.gov.uk/id/ukpga/1998/42,2 In these Rules— “the 1998 Act” means the Human Rights Act 1998,"://www.legislation.gov.uk/id/uksi/2007/1286/article/2"" id=""article-2"">
<Pnumber>2</Pnumber>
<P1para>
<Text>In these Rules—</Text>
<UnorderedList Decoration=""none"" Class=""Definition"">
<ListItem>
<Para><Text>“the <Abbreviation Expansion=""Human Rights Act 1998 c. 42"">1998 Act</Abbreviation>” means the Human Rights Act 1998<FootnoteRef Ref=""f00002""/>;</Text>
</Para>
</ListItem>
<ListItem>
<Para><Text>“the <Abbreviation Expansion=""Terrorism Act 2000 c. 11"">2000 Act</Abbreviation>” means the Terrorism Act 2000;</Text>
</Para>
</ListItem>
<ListItem>
<Para><Text>“appellant” includes the designated per"
WS-01,ukpga/1998/42,section-7-1-a,whole-act,markup,SI,uksi/2007/1286,http://www.legislation.gov.uk/id/uksi/2007/1286,article-40,true,http://www.legislation.gov.uk/id/ukpga/1998/42,Appeal Commission (“the Commission”) under the Terrorism Act 2000 (c.11) against refusals by the Secretary of State to deproscribe organisations and in related proceedings before the Commission under section 7(1)(a) of the Human Rights Act 1998 (c.42),"islation.gov.uk/id/ukpga/2000/11"" id=""c00001"" Class=""UnitedKingdomPublicGeneralAct"" Year=""2000"" Number=""0011"">2000 (c.11)</Citation> against refusals by the Secretary of State to deproscribe organisations and in related proceedings before the Commission under section 7(1)(a) of the Human Rights Act <Citation URI=""http://www.legislation.gov.uk/id/ukpga/1998/42"" id=""c00002"" Class=""UnitedKingdomPublicGeneralAct"" Year=""1998"" Number=""0042"">1998 (c.42)</Citation>. They replace the Proscribed Organisations Appeal Commission (Procedure) Rules 2001 (<Citation URI=""http://www.legislation.gov.uk/id/uksi/"
WS-01,ukpga/1998/42,section-7-1,whole-act,text,SI,uksi/2007/1286,http://www.legislation.gov.uk/id/uksi/2007/1286,article-40,true,http://www.legislation.gov.uk/id/ukpga/1998/42,by the Secretary of State to deproscribe organisations and in related proceedings before the Commission under section 7(1) (a) of the Human Rights Act 1998,"Citation URI=""http://www.legislation.gov.uk/id/ukpga/2000/11"" id=""c00001"" Class=""UnitedKingdomPublicGeneralAct"" Year=""2000"" Number=""0011"">2000 (c.11)</Citation> against refusals by the Secretary of State to deproscribe organisations and in related proceedings before the Commission under section 7(1)(a) of the Human Rights Act <Citation URI=""http://www.legislation.gov.uk/id/ukpga/1998/42"" id=""c00002"" Class=""UnitedKingdomPublicGeneralAct"" Year=""1998"" Number=""0042"">1998 (c.42)</Citation>. They replace the Proscribed Organisations Appeal Commission (Procedure) Rules 2001 (<Citation URI=""http://www"
WS-01,ukpga/1998/42,section-7-1,whole-act,text,SI,uksi/2007/1286,http://www.legislation.gov.uk/id/uksi/2007/1286,,true,http://www.legislation.gov.uk/id/ukpga/1998/42,followed on appeals to the Proscribed Organisations Appeal Commission (“the Commission”) under the Terrorism Act 2000 (c.11) against refusals by the Secretary of State to deproscribe organisations and in related proceedings before the Commission under section 7(1) (a) of the Human Rights Act 1998,"e Rules set out the procedure to be followed on appeals to the Proscribed Organisations Appeal Commission (“the Commission”) under the Terrorism Act 2000 (c.11) against refusals by the Secretary of State to deproscribe organisations and in related proceedings before the Commission under section 7(1)(a) of the Human Rights Act 1998 (c.42). They replace the Proscribed Organisations Appeal Commission (Procedure) Rules 2001 (S.I. 2001/443).</dc:description>
					<atom:link rel=""self"" href=""http://www.legislation.gov.uk/uksi/2007/1286/made/data.xml"" type=""application/xml""/><atom:link rel=""http://ww"
WS-01,ukpga/1998/42,,whole-act,text,SI,uksi/2007/1744,http://www.legislation.gov.uk/id/uksi/2007/1744,rule-83,true,http://www.legislation.gov.uk/id/ukpga/1998/42,"IdURI=""http://www.legislation.gov.uk/id/uksi/2007/1744/rule/83"" id=""rule-83""> 83 1 A party who seeks to rely upon any provision of or right arising under the Human Rights Act 1998","Pnumber>83</Pnumber>
<P1para>
<P2 DocumentURI=""http://www.legislation.gov.uk/uksi/2007/1744/rule/83/1/made"" IdURI=""http://www.legislation.gov.uk/id/uksi/2007/1744/rule/83/1"" id=""rule-83-1"">
<Pnumber>1</Pnumber>
<P2para><Text>A party who seeks to rely upon any provision of or right arising under the Human Rights Act 1998 (“the 1998 Act”)<FootnoteRef Ref=""f00012""/> or who seeks a remedy available under that Act must inform the court in the manner set out in the relevant practice direction specifying—</Text>
<P3 DocumentURI=""http://www.legislation.gov.uk/uksi/2007/1744/rule/83/1/a/made"" IdURI=""ht"
WS-01,ukpga/1998/42,section-4,whole-act,text,SI,uksi/2007/2317,http://www.legislation.gov.uk/id/uksi/2007/2317,article-36,true,http://www.legislation.gov.uk/id/ukpga/1998/42,Declaration of incompatibility with a Convention right 65.12 1 This rule applies where a party— a wants the court to make a declaration of incompatibility with a Convention right under section 4 of the Human Rights Act 1998,"vention right</Title>
<P1>
<Pnumber PuncAfter="""">65.12</Pnumber>
<P1para>
<P2>
<Pnumber>1</Pnumber>
<P2para>
<Text>This rule applies where a party—</Text>
<P3>
<Pnumber>a</Pnumber>
<P3para>
<Text>wants the court to make a declaration of incompatibility with a Convention right under section 4 of the Human Rights Act 1998<FootnoteRef Ref=""f00022""/>; or</Text>
</P3para>
</P3>
<P3>
<Pnumber>b</Pnumber>
<P3para>
<Text>raises an issue that the Registrar thinks may lead the court to make such a declaration.</Text>
</P3para>
</P3>
</P2para>
</P2>
<P2>
<Pnumber>2</Pnumber>
<P2para>
<Text>The Registrar "
WS-01,ukpga/1998/42,,whole-act,text,SI,uksi/2007/3206,http://www.legislation.gov.uk/id/uksi/2007/3206,regulation-5,true,http://www.legislation.gov.uk/id/ukpga/1998/42,"iii the role of the chair of an appeal panel, iv the role of the clerk to an appeal panel, v the role of panel members, vi the duties of an appeal panel under the Human Rights Act 1998","l,</Text></P4para>
</P4>
<P4>
<Pnumber>iv</Pnumber>
<P4para><Text>the role of the clerk to an appeal panel,</Text></P4para>
</P4>
<P4>
<Pnumber>v</Pnumber>
<P4para><Text>the role of panel members,</Text></P4para>
</P4>
<P4>
<Pnumber>vi</Pnumber>
<P4para><Text>the duties of an appeal panel under the Human Rights Act 1998<FootnoteRef Ref=""f00005""/>, the Sex Discrimination Act 1975<FootnoteRef Ref=""f00006""/>, the Race Relations Act 1976<FootnoteRef Ref=""f00007""/>, the Disability Discrimination Act 1995<FootnoteRef Ref=""f00008""/> and the Equality Act 2006<FootnoteRef Ref=""f00009""/>, and</Text></P4"
WS-01,ukpga/1998/42,,whole-act,text,SI,uksi/2007/3388,http://www.legislation.gov.uk/id/uksi/2007/3388,article-2,true,http://www.legislation.gov.uk/id/ukpga/1998/42,Section 54 provides that regulations made under sections 44 to 50 of the Act may not amend the Data Protection Act 1998 (c. 29) or the Human Rights Act 1998,"></P>
<P><Text>Section 54 provides that regulations made under sections 44 to 50 of the Act may not amend the Data Protection Act <Citation URI=""http://www.legislation.gov.uk/id/ukpga/1998/29"" id=""c00001"" Class=""UnitedKingdomPublicGeneralAct"" Year=""1998"" Number=""0029"">1998 (c. 29)</Citation> or the Human Rights Act <Citation URI=""http://www.legislation.gov.uk/id/ukpga/1998/42"" id=""c00002"" Class=""UnitedKingdomPublicGeneralAct"" Year=""1998"" Number=""0042"">1998 (c. 42)</Citation>.</Text></P>
<P><Text>Section 65 sets out the parliamentary procedure to be followed when secondary legislation is made u"
WS-01,ukpga/1998/42,,whole-act,markup,SI,uksi/2007/3388,http://www.legislation.gov.uk/id/uksi/2007/3388,article-2,true,http://www.legislation.gov.uk/id/ukpga/1998/42,by the Board to Scottish or Northern Irish public authorities respectively. Section 54 provides that regulations made under sections 44 to 50 of the Act may not amend the Data Protection Act 1998 (c. 29) or the Human Rights Act 1998 (c. 42),"ction 54 provides that regulations made under sections 44 to 50 of the Act may not amend the Data Protection Act <Citation URI=""http://www.legislation.gov.uk/id/ukpga/1998/29"" id=""c00001"" Class=""UnitedKingdomPublicGeneralAct"" Year=""1998"" Number=""0029"">1998 (c. 29)</Citation> or the Human Rights Act <Citation URI=""http://www.legislation.gov.uk/id/ukpga/1998/42"" id=""c00002"" Class=""UnitedKingdomPublicGeneralAct"" Year=""1998"" Number=""0042"">1998 (c. 42)</Citation>.</Text></P>
<P><Text>Section 65 sets out the parliamentary procedure to be followed when secondary legislation is made under different pr"
WS-01,ukpga/1998/42,,whole-act,enabling,SI,uksi/2007/438,http://www.legislation.gov.uk/id/uksi/2007/438,,true,http://www.legislation.gov.uk/id/ukpga/1998/42,"[preamble-recital] appears to the Lord Chancellor, following a finding of the European Court of Human Rights after the coming into force of section 10 of the Human Rights Act 1998","<SecondaryPreamble>
<IntroductoryText>
<P>
<Text>It appears to the Lord Chancellor, following a finding of the European Court of Human Rights<FootnoteRef Ref=""f00001""/> after the coming into force of section 10 of the Human Rights Act 1998<FootnoteRef Ref=""f00002""/> in proceedings against the United Kingdom, that certain provisions of the Marriage Act 1949<FootnoteRef Ref=""f00003""/> are incompatible with an obligation of the United Kingdom arising from the Convention<FootnoteRef Ref=""f00004""/>.</Text></P>
<P>
<Text>The Lord Chancello"
WS-01,ukpga/1998/42,section-10,whole-act,enabling,SI,uksi/2007/438,http://www.legislation.gov.uk/id/uksi/2007/438,,true,http://www.legislation.gov.uk/id/ukpga/1998/42,"[preamble-recital] appears to the Lord Chancellor, following a finding of the European Court of Human Rights after the coming into force of section 10 of the Human Rights Act 1998","<SecondaryPreamble>
<IntroductoryText>
<P>
<Text>It appears to the Lord Chancellor, following a finding of the European Court of Human Rights<FootnoteRef Ref=""f00001""/> after the coming into force of section 10 of the Human Rights Act 1998<FootnoteRef Ref=""f00002""/> in proceedings against the United Kingdom, that certain provisions of the Marriage Act 1949<FootnoteRef Ref=""f00003""/> are incompatible with an obligation of the United Kingdom arising from the Convention<FootnoteRef Ref=""f00004""/>.</Text></P>
<P>
<Text>The Lord Chancello"
WS-01,ukpga/1998/42,,whole-act,text,SI,uksi/2008/1206,http://www.legislation.gov.uk/id/uksi/2008/1206,schedule-2-paragraph-2,true,http://www.legislation.gov.uk/id/ukpga/1998/42,"id=""schedule-2-paragraph-2-1-a-ii""> ii relevant parts of other legislation, codes of practice, national and local policy guidance, in particular the Children Act 1989, the Children Act 2004, the Human Rights Act 1998","agraph/2/1/a/ii"" id=""schedule-2-paragraph-2-1-a-ii"">
<Pnumber>ii</Pnumber>
<P4para>
<Text>relevant parts of other legislation, codes of practice, national and local policy guidance, in particular the Children Act 1989<FootnoteRef Ref=""f00006""/>, the Children Act 2004<FootnoteRef Ref=""f00007""/>, the Human Rights Act 1998<FootnoteRef Ref=""f00008""/> and the Mental Capacity Act 2005<FootnoteRef Ref=""f00009""/>;</Text>
</P4para></P4>
</P3para></P3>
<P3 DocumentURI=""http://www.legislation.gov.uk/uksi/2008/1206/schedule/2/paragraph/2/1/b/made"" IdURI=""http://www.legislation.gov.uk/id/uksi/2008/1206/sch"
WS-01,ukpga/1998/42,section-6-1,whole-act,text,SI,uksi/2008/2674,http://www.legislation.gov.uk/id/uksi/2008/2674,article-33,true,http://www.legislation.gov.uk/id/ukpga/1998/42,"id=""article-33-3-a""> a in bad faith, or b in contravention of section 6(1) of the Human Rights Act 1998","a>
<Text>in bad faith, or</Text>
</P3para>
</P3>
<P3 DocumentURI=""http://www.legislation.gov.uk/uksi/2008/2674/article/33/3/b/made"" IdURI=""http://www.legislation.gov.uk/id/uksi/2008/2674/article/33/3/b"" id=""article-33-3-b"">
<Pnumber>b</Pnumber>
<P3para>
<Text>in contravention of section 6(1) of the Human Rights Act 1998<FootnoteRef Ref=""f00012""/>.</Text>
</P3para>
</P3>
</P2para>
</P2>
</P1para>
</P1>
</P1group>
<P1group>
<Title>Transfer of data</Title>
<P1 DocumentURI=""http://www.legislation.gov.uk/uksi/2008/2674/article/34/made"" IdURI=""http://www.legislation.gov.uk/id/uksi/2008/2674/article/"
WS-01,ukpga/1998/42,,whole-act,text,SI,uksi/2008/2994,http://www.legislation.gov.uk/id/uksi/2008/2994,article-1,true,http://www.legislation.gov.uk/id/ukpga/1998/42,"IdURI=""http://www.legislation.gov.uk/id/uksi/2008/2994/article/1/2"" id=""article-1-2""> 2 In this Order, “the Act” means the Health and Social Care Act 2008. Appointed day for provisions relating to the Human Rights Act 1998","-2"">
<Pnumber>2</Pnumber>
<P2para>
<Text>In this Order, “<Abbreviation Expansion=""Health and Social Care Act 2008 c. 14"">the Act</Abbreviation>” means the Health and Social Care Act 2008.</Text>
</P2para>
</P2>
</P1para>
</P1>
</P1group>
<P1group>
<Title>Appointed day for provisions relating to the Human Rights Act 1998</Title>
<P1 DocumentURI=""http://www.legislation.gov.uk/uksi/2008/2994/article/2/made"" IdURI=""http://www.legislation.gov.uk/id/uksi/2008/2994/article/2"" id=""article-2"">
<Pnumber>2</Pnumber>
<P1para>
<P2 DocumentURI=""http://www.legislation.gov.uk/uksi/2008/2994/article/2/1/made"" "
WS-01,ukpga/1998/42,,whole-act,text,SI,uksi/2008/2994,http://www.legislation.gov.uk/id/uksi/2008/2994,article-3,true,http://www.legislation.gov.uk/id/ukpga/1998/42,order made under the Health and Social Care Act 2008 (“the Act”). Article 2 brings into force on 1st December 2008 section 145 of the Act which makes the provision of certain accommodation and care in a care home a function of a public nature for the purposes of the Human Rights Act 1998,"commencement order made under the Health and Social Care Act 2008 (“the Act”).</Text></P>
<P><Text>Article 2 brings into force on 1st December 2008 section 145 of the Act which makes the provision of certain accommodation and care in a care home a function of a public nature for the purposes of the Human Rights Act 1998. Section 145 is not brought into force in relation to adult placement carers within the meaning of regulation 46 of the Care Homes (Wales) Regulations 2002.</Text></P>
<P><Text>Article 3 brings into force—</Text></P>
<P><Text>On 1st December 2008, section 155 of the Act which a"
WS-01,ukpga/1998/42,section-6-1,whole-act,markup,SI,uksi/2008/3122,http://www.legislation.gov.uk/id/uksi/2008/3122,schedule-paragraph-6,true,http://www.legislation.gov.uk/id/ukpga/1998/42,“or” preceding it. 6 In section 961(3) (extent of exemption from liability in damages) for “section 6(1) of the Human Rights Act 1998 (c 42),"on.gov.uk/uksi/2008/3122/schedule/paragraph/6/made"" IdURI=""http://www.legislation.gov.uk/id/uksi/2008/3122/schedule/paragraph/6"" id=""schedule-paragraph-6"">
<Pnumber>6</Pnumber>
<P1para>
<Text>In section 961(3) (extent of exemption from liability in damages) for “section 6(1) of the Human Rights Act <Citation URI=""http://www.legislation.gov.uk/id/ukpga/1998/42"" id=""c00002"" Class=""UnitedKingdomPublicGeneralAct"" Year=""1998"" Number=""0042"">1998 (c 42)</Citation>” substitute “section 6(1) of the Human Rights Act 2001 (an Act of Tynwald: c 1)”.</Text>
</P1para>
</P1>
<P1 DocumentURI=""http://www.legis"
WS-01,ukpga/1998/42,section-6-1,whole-act,text,SI,uksi/2008/3122,http://www.legislation.gov.uk/id/uksi/2008/3122,schedule-paragraph-6,true,http://www.legislation.gov.uk/id/ukpga/1998/42,(b) and the word “or” preceding it. 6 In section 961(3) (extent of exemption from liability in damages) for “section 6(1) of the Human Rights Act 1998,"p://www.legislation.gov.uk/uksi/2008/3122/schedule/paragraph/6/made"" IdURI=""http://www.legislation.gov.uk/id/uksi/2008/3122/schedule/paragraph/6"" id=""schedule-paragraph-6"">
<Pnumber>6</Pnumber>
<P1para>
<Text>In section 961(3) (extent of exemption from liability in damages) for “section 6(1) of the Human Rights Act <Citation URI=""http://www.legislation.gov.uk/id/ukpga/1998/42"" id=""c00002"" Class=""UnitedKingdomPublicGeneralAct"" Year=""1998"" Number=""0042"">1998 (c 42)</Citation>” substitute “section 6(1) of the Human Rights Act 2001 (an Act of Tynwald: c 1)”.</Text>
</P1para>
</P1>
<P1 DocumentURI="
WS-01,ukpga/1998/42,section-6,whole-act,text,SI,uksi/2008/3132,http://www.legislation.gov.uk/id/uksi/2008/3132,article-3,true,http://www.legislation.gov.uk/id/ukpga/1998/42,"have been in the care of a public authority, or have been provided with accommodation by a public authority in order to secure their well-being; “public authorities” means each public authority within the meaning of section 6 of the Human Rights Act 1998","Item>
<Para><Text>have been provided with accommodation by a public authority in order to secure their well-being;</Text></Para>
</ListItem>
</OrderedList>
</Para>
</ListItem>
<ListItem>
<Para><Text>“<Term>public authorities</Term>” means each public authority within the meaning of section 6 of the Human Rights Act 1998, apart from courts or tribunals;</Text>
</Para>
</ListItem>
<ListItem>
<Para><Text>“<Term>social care services</Term>” means any of the following provided in connection with the well-being of any person: residential or non-residential care services; advice, counselling or advoc"
WS-01,ukpga/1998/42,section-1,whole-act,text,SI,uksi/2008/3249,http://www.legislation.gov.uk/id/uksi/2008/3249,schedule-paragraph-5,true,http://www.legislation.gov.uk/id/ukpga/1998/42,"id=""schedule-paragraph-5-4""> 4 Compensation is payable in respect of a person’s consequential rights only if such compensation is required to be paid to comply with the Convention rights (within the meaning given by section 1 of the Human Rights Act 1998","008/3249/schedule/paragraph/5/4"" id=""schedule-paragraph-5-4"">
<Pnumber>4</Pnumber>
<P2para>
<Text>Compensation is payable in respect of a person’s consequential rights only if such compensation is required to be paid to comply with the Convention rights (within the meaning given by section 1 of the Human Rights Act 1998<FootnoteRef Ref=""f00004""/>).</Text>
</P2para>
</P2>
</P1para>
</P1>
</P1group>
</Part>
<Part DocumentURI=""http://www.legislation.gov.uk/uksi/2008/3249/schedule/part/3/made"" IdURI=""http://www.legislation.gov.uk/id/uksi/2008/3249/schedule/part/3"" NumberOfProvisions=""3"" id=""schedu"
WS-01,ukpga/1998/42,section-6,whole-act,text,SI,uksi/2008/532,http://www.legislation.gov.uk/id/uksi/2008/532,schedule-paragraph-4,true,http://www.legislation.gov.uk/id/ukpga/1998/42,the appeal panel may have under Part 4 of the Equality Act 2006; vii the effect of section 6 of the Human Rights Act 1998,"
</P4para></P4>
<P4 DocumentURI=""http://www.legislation.gov.uk/uksi/2008/532/schedule/paragraph/4/1/b/vii/made"" IdURI=""http://www.legislation.gov.uk/id/uksi/2008/532/schedule/paragraph/4/1/b/vii"" id=""schedule-paragraph-4-1-b-vii"">
<Pnumber>vii</Pnumber>
<P4para>
<Text>the effect of section 6 of the Human Rights Act 1998<FootnoteRef Ref=""f00011""/> (acts of public authorities unlawful if not compatible with certain human rights) and the need to act compatibly with human rights protected by that Act; and</Text>
</P4para></P4>
<P4 DocumentURI=""http://www.legislation.gov.uk/uksi/2008/532/schedule/p"
WS-01,ukpga/1998/42,,whole-act,enabling,SI,uksi/2008/539,http://www.legislation.gov.uk/id/uksi/2008/539,,true,http://www.legislation.gov.uk/id/ukpga/1998/42,that the nature of the information shared pursuant to either of those articles is such that there are likely to be circumstances in which it can be shared without breaching Convention rights (within the meaning of the Human Rights Act 1998,"urposes, police purposes or Revenue and Customs purposes and that the nature of the information shared pursuant to either of those articles is such that there are likely to be circumstances in which it can be shared without breaching Convention rights (within the meaning of the Human Rights Act 1998<FootnoteRef Ref=""f00002""/>).</Text></Para>
</EnactingText>"
WS-01,ukpga/1998/42,,whole-act,markup,SI,uksi/2008/680,http://www.legislation.gov.uk/id/uksi/2008/680,schedule-7-paragraph-10,true,http://www.legislation.gov.uk/id/ukpga/1998/42,"Relations Act 2004 (an Act of Tynwald) (public authorities: general statutory duty);”. 3 In subsection (1)(c), for “Human Rights Act 1998 (c.42)","P2para>
</P2>
<P2 DocumentURI=""http://www.legislation.gov.uk/uksi/2008/680/schedule/7/paragraph/10/3/made"" IdURI=""http://www.legislation.gov.uk/id/uksi/2008/680/schedule/7/paragraph/10/3"" id=""schedule-7-paragraph-10-3"">
<Pnumber>3</Pnumber>
<P2para>
<Text>In subsection (1)(c), for “Human Rights Act <Citation URI=""http://www.legislation.gov.uk/id/ukpga/1998/42"" id=""c00002"" Class=""UnitedKingdomPublicGeneralAct"" Year=""1998"" Number=""0042"">1998 (c.42)</Citation>” substitute “Human Rights Act 2001 (an Act of Tynwald)<FootnoteRef Ref=""f00132""/>”.</Text>
</P2para>
</P2>
<P2 DocumentURI=""http://www.leg"
WS-01,ukpga/1998/42,,whole-act,text,SI,uksi/2008/680,http://www.legislation.gov.uk/id/uksi/2008/680,schedule-7-paragraph-10,true,http://www.legislation.gov.uk/id/ukpga/1998/42,"In subsection (1)(d) and (g), for “United Kingdom” substitute “Isle of Man”. 5 In subsection (1)(g), for “ Human Rights Act 1998","f Man”.</Text>
</P2para>
</P2>
<P2 DocumentURI=""http://www.legislation.gov.uk/uksi/2008/680/schedule/7/paragraph/10/5/made"" IdURI=""http://www.legislation.gov.uk/id/uksi/2008/680/schedule/7/paragraph/10/5"" id=""schedule-7-paragraph-10-5"">
<Pnumber>5</Pnumber>
<P2para>
<Text>In subsection (1)(g), for “Human Rights Act 1998” substitute “Human Rights Act 2001 (an Act of Tynwald)”.</Text>
</P2para>
</P2>
<P2 DocumentURI=""http://www.legislation.gov.uk/uksi/2008/680/schedule/7/paragraph/10/6/made"" IdURI=""http://www.legislation.gov.uk/id/uksi/2008/680/schedule/7/paragraph/10/6"" id=""schedule-7-paragraph"
WS-01,ukpga/1998/42,,whole-act,text,SI,uksi/2008/680,http://www.legislation.gov.uk/id/uksi/2008/680,schedule-7-paragraph-10,true,http://www.legislation.gov.uk/id/ukpga/1998/42,"1 or 2 of the Race Relations Act 2004 (an Act of Tynwald) (public authorities: general statutory duty);”. 3 In subsection (1)(c), for “ Human Rights Act 1998","uty);”.</Text>
</P2para>
</P2>
<P2 DocumentURI=""http://www.legislation.gov.uk/uksi/2008/680/schedule/7/paragraph/10/3/made"" IdURI=""http://www.legislation.gov.uk/id/uksi/2008/680/schedule/7/paragraph/10/3"" id=""schedule-7-paragraph-10-3"">
<Pnumber>3</Pnumber>
<P2para>
<Text>In subsection (1)(c), for “Human Rights Act <Citation URI=""http://www.legislation.gov.uk/id/ukpga/1998/42"" id=""c00002"" Class=""UnitedKingdomPublicGeneralAct"" Year=""1998"" Number=""0042"">1998 (c.42)</Citation>” substitute “Human Rights Act 2001 (an Act of Tynwald)<FootnoteRef Ref=""f00132""/>”.</Text>
</P2para>
</P2>
<P2 DocumentUR"
WS-01,ukpga/1998/42,,whole-act,markup,SI,uksi/2008/680,http://www.legislation.gov.uk/id/uksi/2008/680,schedule-7-paragraph-33,true,http://www.legislation.gov.uk/id/ukpga/1998/42,ii before “United Kingdom” insert “Isle of Man or the”; iii for “Human Rights Act 1998 (c.42),"
</P4para></P4>
<P4 DocumentURI=""http://www.legislation.gov.uk/uksi/2008/680/schedule/7/paragraph/33/2/b/iii/made"" IdURI=""http://www.legislation.gov.uk/id/uksi/2008/680/schedule/7/paragraph/33/2/b/iii"" id=""schedule-7-paragraph-33-2-b-iii"">
<Pnumber>iii</Pnumber>
<P4para>
<Text>for “Human Rights Act <Citation URI=""http://www.legislation.gov.uk/id/ukpga/1998/42"" id=""c00004"" Class=""UnitedKingdomPublicGeneralAct"" Year=""1998"" Number=""0042"">1998 (c.42)</Citation>” substitute “Human Rights Act 2001 (an Act of Tynwald)”.</Text>
</P4para></P4>
</P3para></P3>
</P2para>
</P2>
<P2 DocumentURI=""http://www."
WS-01,ukpga/1998/42,,whole-act,text,SI,uksi/2008/680,http://www.legislation.gov.uk/id/uksi/2008/680,schedule-7-paragraph-33,true,http://www.legislation.gov.uk/id/ukpga/1998/42,ii before “United Kingdom” insert “Isle of Man or the”; iii for “ Human Rights Act 1998,"n or the”;</Text>
</P4para></P4>
<P4 DocumentURI=""http://www.legislation.gov.uk/uksi/2008/680/schedule/7/paragraph/33/2/b/iii/made"" IdURI=""http://www.legislation.gov.uk/id/uksi/2008/680/schedule/7/paragraph/33/2/b/iii"" id=""schedule-7-paragraph-33-2-b-iii"">
<Pnumber>iii</Pnumber>
<P4para>
<Text>for “Human Rights Act <Citation URI=""http://www.legislation.gov.uk/id/ukpga/1998/42"" id=""c00004"" Class=""UnitedKingdomPublicGeneralAct"" Year=""1998"" Number=""0042"">1998 (c.42)</Citation>” substitute “Human Rights Act 2001 (an Act of Tynwald)”.</Text>
</P4para></P4>
</P3para></P3>
</P2para>
</P2>
<P2 Documen"
WS-01,ukpga/1998/42,,whole-act,text,SI,uksi/2008/680,http://www.legislation.gov.uk/id/uksi/2008/680,schedule-8-paragraph-1,true,http://www.legislation.gov.uk/id/ukpga/1998/42,"a omit “or an official of the Secretary of State”; b in paragraph (b), for “ Human Rights Act 1998","f State”;</Text>
</P3para></P3>
<P3 DocumentURI=""http://www.legislation.gov.uk/uksi/2008/680/schedule/8/paragraph/1/6/b/made"" IdURI=""http://www.legislation.gov.uk/id/uksi/2008/680/schedule/8/paragraph/1/6/b"" id=""schedule-8-paragraph-1-6-b"">
<Pnumber>b</Pnumber>
<P3para>
<Text>in paragraph (b), for “Human Rights Act <Citation URI=""http://www.legislation.gov.uk/id/ukpga/1998/42"" id=""c00005"" Class=""UnitedKingdomPublicGeneralAct"" Year=""1998"" Number=""0042"">1998 (c.42)</Citation>” substitute “Human Rights Act 2001 (an Act of Tynwald)”.</Text>
</P3para></P3>
</P2para>
</P2>
<P2 DocumentURI=""http://ww"
WS-01,ukpga/1998/42,,whole-act,markup,SI,uksi/2008/680,http://www.legislation.gov.uk/id/uksi/2008/680,schedule-8-paragraph-1,true,http://www.legislation.gov.uk/id/ukpga/1998/42,"a omit “or an official of the Secretary of State”; b in paragraph (b), for “Human Rights Act 1998 (c.42)","</P3para></P3>
<P3 DocumentURI=""http://www.legislation.gov.uk/uksi/2008/680/schedule/8/paragraph/1/6/b/made"" IdURI=""http://www.legislation.gov.uk/id/uksi/2008/680/schedule/8/paragraph/1/6/b"" id=""schedule-8-paragraph-1-6-b"">
<Pnumber>b</Pnumber>
<P3para>
<Text>in paragraph (b), for “Human Rights Act <Citation URI=""http://www.legislation.gov.uk/id/ukpga/1998/42"" id=""c00005"" Class=""UnitedKingdomPublicGeneralAct"" Year=""1998"" Number=""0042"">1998 (c.42)</Citation>” substitute “Human Rights Act 2001 (an Act of Tynwald)”.</Text>
</P3para></P3>
</P2para>
</P2>
<P2 DocumentURI=""http://www.legislation.gov"
WS-01,ukpga/1998/42,section-1,whole-act,text,SI,uksi/2008/718,http://www.legislation.gov.uk/id/uksi/2008/718,schedule-paragraph-5,true,http://www.legislation.gov.uk/id/ukpga/1998/42,"id=""schedule-paragraph-5-4""> 4 Compensation is payable in respect of a person’s consequential rights only if such compensation is required to be paid to comply with the Convention rights (within the meaning given by section 1 of the Human Rights Act 1998","2008/718/schedule/paragraph/5/4"" id=""schedule-paragraph-5-4"">
<Pnumber>4</Pnumber>
<P2para>
<Text>Compensation is payable in respect of a person’s consequential rights only if such compensation is required to be paid to comply with the Convention rights (within the meaning given by section 1 of the Human Rights Act 1998<FootnoteRef Ref=""f00004""/>).</Text>
</P2para>
</P2>
</P1para>
</P1>
</P1group>
<P1group>
<Title>Valuation assumptions</Title>
<P1 DocumentURI=""http://www.legislation.gov.uk/uksi/2008/718/schedule/paragraph/6/made"" IdURI=""http://www.legislation.gov.uk/id/uksi/2008/718/schedule/p"
WS-01,ukpga/1998/42,,whole-act,text,SI,uksi/2008/82,http://www.legislation.gov.uk/id/uksi/2008/82,article-3,true,http://www.legislation.gov.uk/id/ukpga/1998/42,3 A police authority shall monitor the performance of the police force maintained for its area in— a complying with the duties imposed on that force by the Human Rights Act 1998,"olice force maintained for its area in—</Text>
<P3 DocumentURI=""http://www.legislation.gov.uk/uksi/2008/82/article/3/a/made"" IdURI=""http://www.legislation.gov.uk/id/uksi/2008/82/article/3/a"" id=""article-3-a"">
<Pnumber>a</Pnumber>
<P3para>
<Text>complying with the duties imposed on that force by the Human Rights Act 1998<FootnoteRef Ref=""f00003""/>; and</Text>
</P3para></P3>
<P3 DocumentURI=""http://www.legislation.gov.uk/uksi/2008/82/article/3/b/made"" IdURI=""http://www.legislation.gov.uk/id/uksi/2008/82/article/3/b"" id=""article-3-b"">
<Pnumber>b</Pnumber>
<P3para>
<Text>carrying out any plan issu"
WS-01,ukpga/1998/42,,whole-act,text,SI,uksi/2008/82,http://www.legislation.gov.uk/id/uksi/2008/82,article-6,true,http://www.legislation.gov.uk/id/ukpga/1998/42,of State can confer additional particular functions on police authorities and this Order confers a number of such functions. Article 3 of this Order requires police authorities to monitor the compliance of the force maintained for their area with the duties imposed under the Human Rights Act 1998,"s section the Secretary of State can confer additional particular functions on police authorities and this Order confers a number of such functions. Article 3 of this Order requires police authorities to monitor the compliance of the force maintained for their area with the duties imposed under the Human Rights Act 1998 and with the authority’s policing plan issued under section 6ZB of the 1996 Act. Article 6 provides that until that section is in force and a plan actually issued that requirement has no effect.</Text></P>
<P><Text Hanging=""indented"">Article 4 requires the police authority to s"
WS-01,ukpga/1998/42,,whole-act,text,SI,uksi/2009/1096,http://www.legislation.gov.uk/id/uksi/2009/1096,article-1,true,http://www.legislation.gov.uk/id/ukpga/1998/42,"Expansion=""Armed Forces Act 2006 c. 52"">the Act” means the Armed Forces Act 2006; “adjudicator” means a judge advocate selected by the Judge Advocate General for the purpose of hearing disciplinary charges under these Rules; “Convention rights” has the same meaning as in the Human Rights Act 1998","2006;</Text>
</Para>
</ListItem>
<ListItem>
<Para><Text>“adjudicator” means a judge advocate selected by the Judge Advocate General for the purpose of hearing disciplinary charges under these Rules;</Text>
</Para>
</ListItem>
<ListItem>
<Para><Text>“Convention rights” has the same meaning as in the Human Rights Act 1998<FootnoteRef Ref=""f00002""/>;</Text>
</Para>
</ListItem>
<ListItem>
<Para><Text>“commandant” means—</Text>
<OrderedList Decoration=""parens"" Type=""alpha"">
<ListItem>
<Para><Text>in relation to <Abbreviation Expansion=""Military Corrective Training Centre"">MCTC</Abbreviation>, the o"
WS-01,ukpga/1998/42,,whole-act,markup,SI,uksi/2009/1380,http://www.legislation.gov.uk/id/uksi/2009/1380,article-2,true,http://www.legislation.gov.uk/id/ukpga/1998/42,"or a member of the Scottish Executive, by virtue of the 1998 Act, on the ground that an act of the Scottish Ministers or of a member of the Scottish Executive is incompatible with “the Convention rights” (a term which under the 1998 Act has the same meaning as in the Human Rights Act 1998 (c. 42)","tish Ministers or a member of the Scottish Executive, by virtue of the 1998 Act, on the ground that an act of the Scottish Ministers or of a member of the Scottish Executive is incompatible with “the Convention rights” (a term which under the 1998 Act has the same meaning as in the Human Rights Act <Citation URI=""http://www.legislation.gov.uk/id/ukpga/1998/42"" id=""c00002"" Year=""1998"" Number=""0042"" Class=""UnitedKingdomPublicGeneralAct"">1998 (c. 42)</Citation>). The term “act” includes all acts and omissions other than the making of legislation.</Text>
</P>
<P>
<Text>The amendment enables the Sc"
WS-01,ukpga/1998/42,,whole-act,text,SI,uksi/2009/1380,http://www.legislation.gov.uk/id/uksi/2009/1380,article-2,true,http://www.legislation.gov.uk/id/ukpga/1998/42,of the Scottish Executive is incompatible with “the Convention rights” (a term which under the 1998 Act has the same meaning as in the Human Rights Act 1998," against the Scottish Ministers or a member of the Scottish Executive, by virtue of the 1998 Act, on the ground that an act of the Scottish Ministers or of a member of the Scottish Executive is incompatible with “the Convention rights” (a term which under the 1998 Act has the same meaning as in the Human Rights Act <Citation URI=""http://www.legislation.gov.uk/id/ukpga/1998/42"" id=""c00002"" Year=""1998"" Number=""0042"" Class=""UnitedKingdomPublicGeneralAct"">1998 (c. 42)</Citation>). The term “act” includes all acts and omissions other than the making of legislation.</Text>
</P>
<P>
<Text>The amendme"
WS-01,ukpga/1998/42,section-1,whole-act,text,SI,uksi/2009/1800,http://www.legislation.gov.uk/id/uksi/2009/1800,schedule-2-paragraph-3,true,http://www.legislation.gov.uk/id/ukpga/1998/42,of the Act. 4 Compensation is payable only if it is required to be paid to comply with the Convention rights (within the meaning of section 1 of the Human Rights Act 1998,"agraph/3/4/made"" IdURI=""http://www.legislation.gov.uk/id/uksi/2009/1800/schedule/2/paragraph/3/4"" id=""schedule-2-paragraph-3-4"">
<Pnumber>4</Pnumber>
<P2para>
<Text>Compensation is payable only if it is required to be paid to comply with the Convention rights (within the meaning of section 1 of the Human Rights Act 1998<FootnoteRef Ref=""f00013""/>).</Text>
</P2para>
</P2>
</P1para>
</P1>
</P1group>
<P1group>
<Title>Assessment notice</Title>
<P1 DocumentURI=""http://www.legislation.gov.uk/uksi/2009/1800/schedule/2/paragraph/4/made"" IdURI=""http://www.legislation.gov.uk/id/uksi/2009/1800/schedule/2"
WS-01,ukpga/1998/42,,whole-act,text,SI,uksi/2009/2657,http://www.legislation.gov.uk/id/uksi/2009/2657,article-2,true,http://www.legislation.gov.uk/id/ukpga/1998/42,1968 Act” means the Court Martial Appeals Act 1968 ;“the 1995 Act” means the Criminal Appeal Act 1995 ;“the 1998 Act” means the Human Rights Act 1998,"taryRef Ref=""c19891331""/>;</Text></Para></ListItem><ListItem><Para><Text>“<Term id=""term-the-1995-act"">the 1995 Act</Term>” means the Criminal Appeal Act 1995 <CommentaryRef Ref=""c19891341""/>;</Text></Para></ListItem><ListItem><Para><Text>“<Term id=""term-the-1998-act"">the 1998 Act</Term>” means the Human Rights Act 1998 <CommentaryRef Ref=""c19891351""/>;</Text></Para></ListItem><ListItem><Para><Text>“<Term id=""term-the-2003-act"">the 2003 Act</Term>” means the Criminal Justice Act 2003 <CommentaryRef Ref=""c19891361""/>;</Text></Para></ListItem><ListItem><Para><Text>“<Term id=""term-the-2006-act"">t"
WS-01,ukpga/1998/42,section-4,whole-act,text,SI,uksi/2009/2657,http://www.legislation.gov.uk/id/uksi/2009/2657,schedule-4-paragraph-3,true,http://www.legislation.gov.uk/id/ukpga/1998/42,before the court.Part 5 makes provision for particular circumstances relating to the exercise of the court's powers. Rule 24 sets out the procedures where a party requests the court to make a declaration of incompatibility with a Convention right under section 4 of the Human Rights Act 1998,Para></BlockText></P><P><BlockText><Para><Text>Part 5 makes provision for particular circumstances relating to the exercise of the court's powers. Rule 24 sets out the procedures where a party requests the court to make a declaration of incompatibility with a Convention right under section 4 of the Human Rights Act 1998 (c. 42). Rule 25 applies where a case is referred to the court by the Criminal Cases Review Commission.</Text></Para></BlockText></P><P><BlockText><Para><Text>Part 6 sets out the form and procedure for appeals against orders or rulings made at preliminary proceedings of the Cou
WS-01,ukpga/1998/42,section-6,whole-act,text,SI,uksi/2010/245,http://www.legislation.gov.uk/id/uksi/2010/245,article-3,true,http://www.legislation.gov.uk/id/ukpga/1998/42,"service of conveying letters, parcels, packets or other articles from one place to another by post and the incidental services of receiving, collecting, sorting and delivering such articles; “public authority” means each public authority within the meaning of section 6 of the Human Rights Act 1998","means the service of conveying letters, parcels, packets or other articles from one place to another by post and the incidental services of receiving, collecting, sorting and delivering such articles;</Text>
<Text>“public authority” means each public authority within the meaning of section 6 of the Human Rights Act 1998<FootnoteRef Ref=""f00004""/>;</Text>
<Text>“public money” means—</Text>
<P3>
<Pnumber>a</Pnumber>
<P3para><Text>moneys made available directly or indirectly by—</Text>
<P4>
<Pnumber>i</Pnumber>
<P4para><Text>the National Assembly for Wales;</Text></P4para>
</P4>
<P4>
<Pnumber>ii<"
WS-01,ukpga/1998/42,section-4,whole-act,text,SI,uksi/2010/2955,http://www.legislation.gov.uk/id/uksi/2010/2955,rule-2.5,true,http://www.legislation.gov.uk/id/ukpga/1998/42,"deputy High Court judge and a district judge, including a district judge of the principal registry, may not try a claim for a declaration of incompatibility in accordance with section 4 of the Human Rights Act 1998","//www.legislation.gov.uk/id/uksi/2010/2955/rule/2.5/2"" id=""rule-2.5-2""><Pnumber>2</Pnumber><P2para><Text>A deputy High Court judge and a district judge, including a district judge of the principal registry, may not try a claim for a declaration of incompatibility in accordance with section 4 of the Human Rights Act 1998 <CommentaryRef Ref=""c20647771""/>.</Text></P2para></P2></P1para></P1></P1group><P1group RestrictStartDate=""2014-04-22""><Title>Powers of the single justice to perform functions under the 1989 Act, the 1996 Act, the 2002 Act and the Childcare Act 2006</Title><P1 DocumentURI=""http:"
WS-01,ukpga/1998/42,,whole-act,text,SI,uksi/2010/2955,http://www.legislation.gov.uk/id/uksi/2010/2955,rule-29.4,true,http://www.legislation.gov.uk/id/ukpga/1998/42,"id=""rule-29.4-6"">6The court may deal with a written request under paragraph (3) without a hearing if the other parties, and any other persons directed by the court, have had an opportunity to make written representations to the court about the request. The Human Rights Act 1998","written request under paragraph (3) without a hearing if the other parties, and any other persons directed by the court, have had an opportunity to make written representations to the court about the request.</Text></P2para></P2></P1para></P1></P1group><P1group RestrictStartDate=""2011-04-06""><Title>The Human Rights Act 1998</Title><P1 DocumentURI=""http://www.legislation.gov.uk/uksi/2010/2955/rule/29.5"" IdURI=""http://www.legislation.gov.uk/id/uksi/2010/2955/rule/29.5"" id=""rule-29.5""><Pnumber PuncAfter="".5."">29</Pnumber><P1para><P2 DocumentURI=""http://www.legislation.gov.uk/uksi/2010/2955/rule/2"
WS-01,ukpga/1998/42,,whole-act,text,SI,uksi/2010/2955,http://www.legislation.gov.uk/id/uksi/2010/2955,rule-29.5,true,http://www.legislation.gov.uk/id/ukpga/1998/42,this rule—“the 1998 Act” means the Human Rights Act 1998,"si/2010/2955/rule/29.5/1"" IdURI=""http://www.legislation.gov.uk/id/uksi/2010/2955/rule/29.5/1"" id=""rule-29.5-1""><Pnumber>1</Pnumber><P2para><Text>In this rule—</Text><UnorderedList Decoration=""none"" Class=""Definition""><ListItem><Para><Text>“<Term id=""term-the-1998-act"">the 1998 Act</Term>” means the Human Rights Act 1998;</Text></Para></ListItem><ListItem><Para><Text>“<Term id=""term-convention-right"">Convention right</Term>” has the same meaning as in the 1998 Act; and</Text></Para></ListItem><ListItem><Para><Text>“<Term id=""term-declaration-of-incompatibility"">declaration of incompatibility</T"
WS-01,ukpga/1998/42,,whole-act,text,SI,uksi/2010/2955,http://www.legislation.gov.uk/id/uksi/2010/2955,rule-41.1,true,http://www.legislation.gov.uk/id/ukpga/1998/42,and includes provision relating to the giving of reasons in a magistrates' court;— Part 28 relates to costs across all three levels of court;— Part 29 contains miscellaneous provisions including provision for protection of personal details in proceedings and provision for Human Rights Act 1998,trates' court;</Text></Para></ListItem><ListItem><Para><Text>— Part 28 relates to costs across all three levels of court;</Text></Para></ListItem><ListItem><Para><Text>— Part 29 contains miscellaneous provisions including provision for protection of personal details in proceedings and provision for Human Rights Act 1998 (c.42) questions being raised in family proceedings;</Text></Para></ListItem><ListItem><Para><Text>— Part 30 deals with appeals;</Text></Para></ListItem><ListItem><Para><Text>— Parts 31 and 32 deal with registration and enforcement of foreign or Scottish or Northern Irish order
WS-01,ukpga/1998/42,section-4,whole-act,text,SI,uksi/2010/60,http://www.legislation.gov.uk/id/uksi/2010/60,article-65.12,true,http://www.legislation.gov.uk/id/ukpga/1998/42,1 This rule applies where a party— a wants the court to make a declaration of incompatibility with a Convention right under section 4 of the Human Rights Act 1998,"p://www.legislation.gov.uk/uksi/2010/60/article/65.12/1/a/made"" IdURI=""http://www.legislation.gov.uk/id/uksi/2010/60/article/65.12/1/a"" id=""article-65.12-1-a"">
<Pnumber>a</Pnumber>
<P3para>
<Text>wants the court to make a declaration of incompatibility with a Convention right under section 4 of the Human Rights Act 1998<FootnoteRef Ref=""f00519""/>; or</Text>
</P3para></P3>
<P3 DocumentURI=""http://www.legislation.gov.uk/uksi/2010/60/article/65.12/1/b/made"" IdURI=""http://www.legislation.gov.uk/id/uksi/2010/60/article/65.12/1/b"" id=""article-65.12-1-b"">
<Pnumber>b</Pnumber>
<P3para>
<Text>raises an"
WS-01,ukpga/1998/42,section-21-1,whole-act,text,SI,uksi/2010/818,http://www.legislation.gov.uk/id/uksi/2010/818,regulation-3,true,http://www.legislation.gov.uk/id/ukpga/1998/42,"(2) the Lord Chancellor may, if he considers it equitable to do so, disapply the eligibility limits in regulations 5 and 5A in respect of the application. 5 In paragraph (3) “the Human Rights Convention” has the meaning given to “the Convention” by section 21(1) of the Human Rights Act 1998"," he considers it equitable to do so, disapply the eligibility limits in regulations 5 and 5A in respect of the application.</Text>
</P2para>
</P2>
<P2>
<Pnumber>5</Pnumber>
<P2para><Text>In paragraph (3) “the Human Rights Convention” has the meaning given to “the Convention” by section 21(1) of the Human Rights Act 1998<FootnoteRef Ref=""f00003""/>.</Text>
</P2para>
</P2>
</P1para>
</P1>
</P1group>
</BlockAmendment>
<AppendText>.</AppendText>
</P1para>
</P1>
<P1 DocumentURI=""http://www.legislation.gov.uk/uksi/2010/818/regulation/4/made"" IdURI=""http://www.legislation.gov.uk/id/uksi/2010/818/regul"
WS-01,ukpga/1998/42,,whole-act,enabling,SI,uksi/2011/1158,http://www.legislation.gov.uk/id/uksi/2011/1158,,true,http://www.legislation.gov.uk/id/ukpga/1998/42,"[preamble-recital] 19(1) of the Asylum and Immigration (Treatment of Claimants, etc) Act 2004 has been declared under section 4 of the Human Rights Act 1998","<SecondaryPreamble>
<IntroductoryText>
<P>
<Text>Section 19(1) of the Asylum and Immigration (Treatment of Claimants, etc) Act 2004<FootnoteRef Ref=""f00001""/> has been declared <FootnoteRef Ref=""f00002""/> under section 4 of the Human Rights Act 1998<FootnoteRef Ref=""f00003""/> to be incompatible with a Convention right <FootnoteRef Ref=""f00004""/>.</Text></P>
<P>
<Text>The time for bringing an appeal has expired and no appeal has been brought within that time.</Text></P>
<P>
<Text>The Secretary of State considers that there are compelling reason"
WS-01,ukpga/1998/42,section-4,whole-act,enabling,SI,uksi/2011/1158,http://www.legislation.gov.uk/id/uksi/2011/1158,,true,http://www.legislation.gov.uk/id/ukpga/1998/42,"[preamble-recital] 19(1) of the Asylum and Immigration (Treatment of Claimants, etc) Act 2004 has been declared under section 4 of the Human Rights Act 1998","<SecondaryPreamble>
<IntroductoryText>
<P>
<Text>Section 19(1) of the Asylum and Immigration (Treatment of Claimants, etc) Act 2004<FootnoteRef Ref=""f00001""/> has been declared <FootnoteRef Ref=""f00002""/> under section 4 of the Human Rights Act 1998<FootnoteRef Ref=""f00003""/> to be incompatible with a Convention right <FootnoteRef Ref=""f00004""/>.</Text></P>
<P>
<Text>The time for bringing an appeal has expired and no appeal has been brought within that time.</Text></P>
<P>
<Text>The Secretary of State considers that there are compelling reason"
WS-01,ukpga/1998/42,section-10-2,whole-act,text,SI,uksi/2011/1171,http://www.legislation.gov.uk/id/uksi/2011/1171,regulation-2,true,http://www.legislation.gov.uk/id/ukpga/1998/42,"is not part of the Regulations) These Regulations amend the Civil Partnership (Registration Provisions) Regulations 2005 to reflect the amendments made to the Asylum and Immigration (Treatment of Claimants, etc.) Act 2004 by the Remedial Order made under section 10(2) of the Human Rights Act 1998","t of the Regulations)</Text></Para>
</Comment>
<P><Text>These Regulations amend the Civil Partnership (Registration Provisions) Regulations 2005 to reflect the amendments made to the Asylum and Immigration (Treatment of Claimants, etc.) Act 2004 by the Remedial Order made under section 10(2) of the Human Rights Act 1998 following judgement in the case of “Baiai and others v Secretary of State for the Home Department [2006] EWHC 823 QB”. The amendments in these Regulations remove the declaration on the forms giving notice of civil partnership which require a person subject to immigration contro"
WS-01,ukpga/1998/42,section-10-2,whole-act,text,SI,uksi/2011/1171,http://www.legislation.gov.uk/id/uksi/2011/1171,,true,http://www.legislation.gov.uk/id/ukpga/1998/42,"PARTNERSHIP, ENGLAND AND WALES These Regulations amend the Civil Partnership (Registration Provisions) Regulations 2005 to reflect the amendments made to the Asylum and Immigration (Treatment of Claimants, etc.) Act 2004 by the Remedial Order made under section 10(2) of the Human Rights Act 1998","IP, ENGLAND AND WALES</dc:subject>
					<dc:description>These Regulations amend the Civil Partnership (Registration Provisions) Regulations 2005 to reflect the amendments made to the Asylum and Immigration (Treatment of Claimants, etc.) Act 2004 by the Remedial Order made under section 10(2) of the Human Rights Act 1998 following judgement in the case of “Baiai and others v Secretary of State for the Home Department [2006] EWHC 823 QB”. The amendments in these Regulations remove the declaration on the forms giving notice of civil partnership which require a person subject to immigration contro"
WS-01,ukpga/1998/42,,whole-act,text,SI,uksi/2011/1408,http://www.legislation.gov.uk/id/uksi/2011/1408,schedule-paragraph-9,true,http://www.legislation.gov.uk/id/ukpga/1998/42,"6 In subsection (7), for “ Human Rights Act 1998","            </P2para>
                                       </P2>
                                       <P2>
                                          <Pnumber>6</Pnumber>
                                          <P2para>
                                             <Text>In subsection (7), for “Human Rights Act <Citation URI=""http://www.legislation.gov.uk/id/ukpga/1998/42"" id=""c00002"" Class=""UnitedKingdomPublicGeneralAct"" Year=""1998"" Number=""0042"">1998 (c.42)</Citation>” substitute “Human Rights Act 2001 (an Act of Tynwald)”.</Text>
                                          </P2para>
     "
WS-01,ukpga/1998/42,,whole-act,markup,SI,uksi/2011/1408,http://www.legislation.gov.uk/id/uksi/2011/1408,schedule-paragraph-9,true,http://www.legislation.gov.uk/id/ukpga/1998/42,"6 In subsection (7), for “Human Rights Act 1998 (c.42)","ara>
                                       </P2>
                                       <P2>
                                          <Pnumber>6</Pnumber>
                                          <P2para>
                                             <Text>In subsection (7), for “Human Rights Act <Citation URI=""http://www.legislation.gov.uk/id/ukpga/1998/42"" id=""c00002"" Class=""UnitedKingdomPublicGeneralAct"" Year=""1998"" Number=""0042"">1998 (c.42)</Citation>” substitute “Human Rights Act 2001 (an Act of Tynwald)”.</Text>
                                          </P2para>
                      "
WS-01,ukpga/1998/42,,whole-act,markup,SI,uksi/2011/1408,http://www.legislation.gov.uk/id/uksi/2011/1408,schedule-paragraph-9,true,http://www.legislation.gov.uk/id/ukpga/1998/42,"and b in subparagraph (b), for “Human Rights Act 1998 (c.42)","                  </P3>
                                             <P3>
                                                <Pnumber>b</Pnumber>
                                                <P3para>
                                                   <Text>in subparagraph (b), for “Human Rights Act <Citation URI=""http://www.legislation.gov.uk/id/ukpga/1998/42"" id=""c00003"" Class=""UnitedKingdomPublicGeneralAct"" Year=""1998"" Number=""0042"">1998 (c.42)</Citation>” substitute “Human Rights Act 2001 (an Act of Tynwald)”.</Text>
                                                </P3para>
                "
WS-01,ukpga/1998/42,,whole-act,text,SI,uksi/2011/1408,http://www.legislation.gov.uk/id/uksi/2011/1408,schedule-paragraph-9,true,http://www.legislation.gov.uk/id/ukpga/1998/42,"“customs”; and b in subparagraph (b), for “ Human Rights Act 1998","                                   </P3>
                                             <P3>
                                                <Pnumber>b</Pnumber>
                                                <P3para>
                                                   <Text>in subparagraph (b), for “Human Rights Act <Citation URI=""http://www.legislation.gov.uk/id/ukpga/1998/42"" id=""c00003"" Class=""UnitedKingdomPublicGeneralAct"" Year=""1998"" Number=""0042"">1998 (c.42)</Citation>” substitute “Human Rights Act 2001 (an Act of Tynwald)”.</Text>
                                                </P3para>"
WS-01,ukpga/1998/42,,whole-act,text,SI,uksi/2011/2444,http://www.legislation.gov.uk/id/uksi/2011/2444,article-6,true,http://www.legislation.gov.uk/id/ukpga/1998/42,"“ship” includes— i every description of vessel used in navigation, and ii hovercraft. ; in subsection (7) for “(within the meaning of the Human Rights Act 1998","ry description of vessel used in navigation, and</Text></P4para>
</P4>
<P4>
<Pnumber>ii</Pnumber>
<P4para><Text>hovercraft.</Text></P4para>
</P4>
</P3para>
</P3>
</BlockAmendment>
<AppendText>;</AppendText>
</Para>
</ListItem>
<ListItem>
<Para><Text>in subsection (7) for “(within the meaning of the Human Rights Act <Citation URI=""http://www.legislation.gov.uk/id/ukpga/1998/42"" id=""c00001"" Class=""UnitedKingdomPublicGeneralAct"" Year=""1998"" Number=""0042"">1998 (c 42)</Citation>)” substitute “(within the meaning of the Human Rights (Bailiwick of Guernsey) Law, 2000)”; and</Text></Para>
</ListItem>
"
WS-01,ukpga/1998/42,,whole-act,markup,SI,uksi/2011/2444,http://www.legislation.gov.uk/id/uksi/2011/2444,article-6,true,http://www.legislation.gov.uk/id/ukpga/1998/42,"“ship” includes— i every description of vessel used in navigation, and ii hovercraft. ; in subsection (7) for “(within the meaning of the Human Rights Act 1998 (c 42)"," vessel used in navigation, and</Text></P4para>
</P4>
<P4>
<Pnumber>ii</Pnumber>
<P4para><Text>hovercraft.</Text></P4para>
</P4>
</P3para>
</P3>
</BlockAmendment>
<AppendText>;</AppendText>
</Para>
</ListItem>
<ListItem>
<Para><Text>in subsection (7) for “(within the meaning of the Human Rights Act <Citation URI=""http://www.legislation.gov.uk/id/ukpga/1998/42"" id=""c00001"" Class=""UnitedKingdomPublicGeneralAct"" Year=""1998"" Number=""0042"">1998 (c 42)</Citation>)” substitute “(within the meaning of the Human Rights (Bailiwick of Guernsey) Law, 2000)”; and</Text></Para>
</ListItem>
<ListItem>
<Para>"
WS-01,ukpga/1998/42,schedule-2-paragraph-2-b,whole-act,text,SI,uksi/2011/631,http://www.legislation.gov.uk/id/uksi/2011/631,schedule-2-paragraph-6,true,http://www.legislation.gov.uk/id/ukpga/1998/42,"Act 2002 and the Police (Northern Ireland) Act 2003, which make provision for community support officers to have limited powers under the new stop and search powers. The Order is made pursuant to the “urgency” procedure prescribed in paragraph 2(b) and 4 of Schedule 2 to the Human Rights Act 1998","orm Act 2002 and the Police (Northern Ireland) Act 2003, which make provision for community support officers to have limited powers under the new stop and search powers.</Text></P>
<P><Text>The Order is made pursuant to the “urgency” procedure prescribed in paragraph 2(b) and 4 of Schedule 2 to the Human Rights Act 1998 and comes into force on 18<Superior>th</Superior> March 2011. The Order will cease to have effect if, at the end of the period of 120 days beginning with the day on which the Order was made (not including any time during which Parliament is dissolved or prorogued, or both House"
WS-01,ukpga/1998/42,section-10,whole-act,enabling,SI,uksi/2011/631,http://www.legislation.gov.uk/id/uksi/2011/631,,true,http://www.legislation.gov.uk/id/ukpga/1998/42,"[preamble-recital] appears to the Secretary of State, following a finding of the European Court of Human Rights after the coming into force of section 10 of the Human Rights Act 1998","<SecondaryPreamble>
<IntroductoryText>
<P>
<Text>It appears to the Secretary of State, following a finding of the European Court of Human Rights<FootnoteRef Ref=""f00001""/> after the coming into force of section 10 of the Human Rights Act 1998<FootnoteRef Ref=""f00002""/> in proceedings against the United Kingdom, that certain provisions of the Terrorism Act 2000<FootnoteRef Ref=""f00003""/> are incompatible with an obligation of the United Kingdom arising from the Convention<FootnoteRef Ref=""f00004""/>.</Text></P>
<P>
<Text>The Secretary of "
WS-01,ukpga/1998/42,,whole-act,enabling,SI,uksi/2011/631,http://www.legislation.gov.uk/id/uksi/2011/631,,true,http://www.legislation.gov.uk/id/ukpga/1998/42,"[preamble-recital] appears to the Secretary of State, following a finding of the European Court of Human Rights after the coming into force of section 10 of the Human Rights Act 1998","<SecondaryPreamble>
<IntroductoryText>
<P>
<Text>It appears to the Secretary of State, following a finding of the European Court of Human Rights<FootnoteRef Ref=""f00001""/> after the coming into force of section 10 of the Human Rights Act 1998<FootnoteRef Ref=""f00002""/> in proceedings against the United Kingdom, that certain provisions of the Terrorism Act 2000<FootnoteRef Ref=""f00003""/> are incompatible with an obligation of the United Kingdom arising from the Convention<FootnoteRef Ref=""f00004""/>.</Text></P>
<P>
<Text>The Secretary of "
WS-01,ukpga/1998/42,section-6,whole-act,text,SI,uksi/2012/1033,http://www.legislation.gov.uk/id/uksi/2012/1033,schedule-1-paragraph-5,true,http://www.legislation.gov.uk/id/ukpga/1998/42,relevant effect of the Equality Act 2010;ethe effect of section 6 of the Human Rights Act 1998,"Act 2010;</Text></P3para></P3><P3 DocumentURI=""http://www.legislation.gov.uk/uksi/2012/1033/schedule/1/paragraph/5/1/e"" IdURI=""http://www.legislation.gov.uk/id/uksi/2012/1033/schedule/1/paragraph/5/1/e"" id=""schedule-1-paragraph-5-1-e""><Pnumber>e</Pnumber><P3para><Text>the effect of section 6 of the Human Rights Act 1998 <CommentaryRef Ref=""c21238211""/>, and the need to act compatibly with human rights protected by that Act; and</Text></P3para></P3><P3 DocumentURI=""http://www.legislation.gov.uk/uksi/2012/1033/schedule/1/paragraph/5/1/f"" IdURI=""http://www.legislation.gov.uk/id/uksi/2012/1033/sch"
WS-01,ukpga/1998/42,,whole-act,text,SI,uksi/2012/1204,http://www.legislation.gov.uk/id/uksi/2012/1204,regulation-30,true,http://www.legislation.gov.uk/id/ukpga/1998/42,with the police; or ii would not involve the infringement of a person’s rights under Article 2 or 3 of the Convention (within the meaning of the Human Rights Act 1998,"2012/1204/regulation/30/2/b/ii/made"" IdURI=""http://www.legislation.gov.uk/id/uksi/2012/1204/regulation/30/2/b/ii"" id=""regulation-30-2-b-ii"">
<Pnumber>ii</Pnumber>
<P4para>
<Text>would not involve the infringement of a person’s rights under Article 2 or 3 of the Convention (within the meaning of the Human Rights Act 1998<FootnoteRef Ref=""f00013""/>);</Text>
</P4para></P4>
</P3para></P3>
<P3 DocumentURI=""http://www.legislation.gov.uk/uksi/2012/1204/regulation/30/2/c/made"" IdURI=""http://www.legislation.gov.uk/id/uksi/2012/1204/regulation/30/2/c"" id=""regulation-30-2-c"">
<Pnumber>c</Pnumber>
<P3para"
WS-01,ukpga/1998/42,section-4,whole-act,text,SI,uksi/2012/1726,http://www.legislation.gov.uk/id/uksi/2012/1726,rule-65.12,true,http://www.legislation.gov.uk/id/ukpga/1998/42,1 This rule applies where a party— a wants the court to make a declaration of incompatibility with a Convention right under section 4 of the Human Rights Act 1998,"=""http://www.legislation.gov.uk/uksi/2012/1726/rule/65.12/1/a/made"" IdURI=""http://www.legislation.gov.uk/id/uksi/2012/1726/rule/65.12/1/a"" id=""rule-65.12-1-a"">
<Pnumber>a</Pnumber>
<P3para>
<Text>wants the court to make a declaration of incompatibility with a Convention right under section 4 of the Human Rights Act 1998<FootnoteRef Ref=""f00741""/>; or</Text>
</P3para>
</P3>
<P3 DocumentURI=""http://www.legislation.gov.uk/uksi/2012/1726/rule/65.12/1/b/made"" IdURI=""http://www.legislation.gov.uk/id/uksi/2012/1726/rule/65.12/1/b"" id=""rule-65.12-1-b"">
<Pnumber>b</Pnumber>
<P3para>
<Text>raises an iss"
WS-01,ukpga/1998/42,,whole-act,text,SI,uksi/2012/1763,http://www.legislation.gov.uk/id/uksi/2012/1763,article-3,true,http://www.legislation.gov.uk/id/ukpga/1998/42,Secretary of State may make an order” substitute “The Minister for Home Affairs may make an Order”; and for “(within the meaning of the Human Rights Act 1998,"Para><Text>in subsection (7)—</Text><OrderedList Decoration=""parens"" Type=""roman"">
<ListItem>
<Para><Text>for “The Secretary of State may make an order” substitute “The Minister for Home Affairs may make an Order”; and</Text></Para>
</ListItem>
<ListItem>
<Para><Text>for “(within the meaning of the Human Rights Act <Citation URI=""http://www.legislation.gov.uk/id/ukpga/1998/42"" id=""c00001"" Class=""UnitedKingdomPublicGeneralAct"" Year=""1998"" Number=""0042"">1998 (c 42)</Citation>)” substitute “(within the meaning of the Human Rights (Jersey) Law 2000)”;</Text></Para>
</ListItem>
</OrderedList>
</Par"
WS-01,ukpga/1998/42,,whole-act,markup,SI,uksi/2012/1763,http://www.legislation.gov.uk/id/uksi/2012/1763,article-3,true,http://www.legislation.gov.uk/id/ukpga/1998/42,in subsection (7)— for “The Secretary of State may make an order” substitute “The Minister for Home Affairs may make an Order”; and for “(within the meaning of the Human Rights Act 1998 (c 42),"section (7)—</Text><OrderedList Decoration=""parens"" Type=""roman"">
<ListItem>
<Para><Text>for “The Secretary of State may make an order” substitute “The Minister for Home Affairs may make an Order”; and</Text></Para>
</ListItem>
<ListItem>
<Para><Text>for “(within the meaning of the Human Rights Act <Citation URI=""http://www.legislation.gov.uk/id/ukpga/1998/42"" id=""c00001"" Class=""UnitedKingdomPublicGeneralAct"" Year=""1998"" Number=""0042"">1998 (c 42)</Citation>)” substitute “(within the meaning of the Human Rights (Jersey) Law 2000)”;</Text></Para>
</ListItem>
</OrderedList>
</Para>
</ListItem>
<L"
WS-01,ukpga/1998/42,section-4,whole-act,text,SI,uksi/2012/1883,http://www.legislation.gov.uk/id/uksi/2012/1883,article-3,true,http://www.legislation.gov.uk/id/ukpga/1998/42,to England and Wales only. In the case of R (on the application of F (by his litigation friend F)) and Thompson (FC) v Secretary of State for the Home Department [2010] UKSC 17 the Supreme Court of the United Kingdom on 21st April 2010 made a declaration under section 4 of the Human Rights Act 1998,"s to England and Wales only.</Text></P>
<P><Text>In the case of R (on the application of F (by his litigation friend F)) and Thompson (FC) v Secretary of State for the Home Department [2010] UKSC 17 the Supreme Court of the United Kingdom on 21st April 2010 made a declaration under section 4 of the Human Rights Act 1998 that the “indefinite notification requirements in section 82(1) of the Sexual Offences Act 2003 are incompatible with article 8 of the European Convention on Human Rights in so far as they do not contain any provision for the review of the justification for continuing the requi"
WS-01,ukpga/1998/42,,whole-act,enabling,SI,uksi/2012/1883,http://www.legislation.gov.uk/id/uksi/2012/1883,,true,http://www.legislation.gov.uk/id/ukpga/1998/42,[preamble-recital] indefinite notification requirements in section 82(1) of the Sexual Offences Act 2003 have been declared under section 4 of the Human Rights Act 1998,"<SecondaryPreamble>
<IntroductoryText>
<P>
<Text>The indefinite notification requirements in section 82(1) of the Sexual Offences Act 2003<FootnoteRef Ref=""f00001""/> have been declared<FootnoteRef Ref=""f00002""/> under section 4 of the Human Rights Act 1998<FootnoteRef Ref=""f00003""/> to be incompatible with a Convention right<FootnoteRef Ref=""f00004""/>.</Text></P>
<P>
<Text>The Secretary of State considers that there are compelling reasons for proceeding by way of remedial order<FootnoteRef Ref=""f00005""/> to make such amendments to the Sexual Offences"
WS-01,ukpga/1998/42,section-4,whole-act,enabling,SI,uksi/2012/1883,http://www.legislation.gov.uk/id/uksi/2012/1883,,true,http://www.legislation.gov.uk/id/ukpga/1998/42,[preamble-recital] indefinite notification requirements in section 82(1) of the Sexual Offences Act 2003 have been declared under section 4 of the Human Rights Act 1998,"<SecondaryPreamble>
<IntroductoryText>
<P>
<Text>The indefinite notification requirements in section 82(1) of the Sexual Offences Act 2003<FootnoteRef Ref=""f00001""/> have been declared<FootnoteRef Ref=""f00002""/> under section 4 of the Human Rights Act 1998<FootnoteRef Ref=""f00003""/> to be incompatible with a Convention right<FootnoteRef Ref=""f00004""/>.</Text></P>
<P>
<Text>The Secretary of State considers that there are compelling reasons for proceeding by way of remedial order<FootnoteRef Ref=""f00005""/> to make such amendments to the Sexual Offences"
WS-01,ukpga/1998/42,,whole-act,text,SI,uksi/2012/3098,http://www.legislation.gov.uk/id/uksi/2012/3098,regulation-54,true,http://www.legislation.gov.uk/id/ukpga/1998/42,case is of significant wider public interest; oriithe substance of the case relates to a breach of Convention rights (within the meaning of the Human Rights Act 1998,"""http://www.legislation.gov.uk/uksi/2012/3098/regulation/54/3/e/ii"" IdURI=""http://www.legislation.gov.uk/id/uksi/2012/3098/regulation/54/3/e/ii"" id=""regulation-54-3-e-ii""><Pnumber>ii</Pnumber><P4para><Text>the substance of the case relates to a breach of Convention rights (within the meaning of the Human Rights Act 1998 <CommentaryRef Ref=""c21489831""/>), in order to determine whether the individual qualifies for civil legal services in accordance with the criteria set out in regulations made under section 11 of the Act;</Text></P4para></P4></P3para></P3><P3 DocumentURI=""http://www.legislation."
WS-01,ukpga/1998/42,section-6,whole-act,text,SI,uksi/2012/3098,http://www.legislation.gov.uk/id/uksi/2012/3098,schedule-1-paragraph-22,true,http://www.legislation.gov.uk/id/ukpga/1998/42,does not include an order made without notice to the respondent that was subsequently set aside by the court;“public authority” has the same meaning as in section 6 of the Human Rights Act 1998,"spondent that was subsequently set aside by the court;</Addition></Text></Para></ListItem><ListItem><Para><Text><Addition ChangeId=""key-REDACTED-CLML-COMMENTARY-HANDLE-1579784626359"" CommentaryRef=""key-REDACTED-CLML-COMMENTARY-HANDLE"">“public authority” has the same meaning as in section 6 of the Human Rights Act 1998;</Addition></Text></Para></ListItem><ListItem><Para><Text><Addition ChangeId=""key-REDACTED-CLML-COMMENTARY-HANDLE-1579784626359"" CommentaryRef=""key-REDACTED-CLML-COMMENTARY-HANDLE"">“refuge” means—</Addition></Text><OrderedList Decoration=""parens"" Type=""alpha""><ListItem><Para>"
WS-01,ukpga/1998/42,section-18,whole-act,enabling,SI,uksi/2012/489,http://www.legislation.gov.uk/id/uksi/2012/489,,true,http://www.legislation.gov.uk/id/ukpga/1998/42,"and, in relation to any judicial office whose jurisdiction is exercisable exclusively in relation to Scotland, the Secretary of State, in exercise of the powers conferred by section 18 of, and Schedule 4 to, the Human Rights Act 1998","<EnactingText>
<Para>
<Text>The Lord Chancellor and, in relation to any judicial office whose jurisdiction is exercisable exclusively in relation to Scotland, the Secretary of State, in exercise of the powers conferred by section 18 of, and Schedule 4 to, the Human Rights Act 1998<FootnoteRef Ref=""f00001""/>, make the following Order:</Text></Para>
</EnactingText>"
WS-01,ukpga/1998/42,,whole-act,enabling,SI,uksi/2012/489,http://www.legislation.gov.uk/id/uksi/2012/489,,true,http://www.legislation.gov.uk/id/ukpga/1998/42,"and, in relation to any judicial office whose jurisdiction is exercisable exclusively in relation to Scotland, the Secretary of State, in exercise of the powers conferred by section 18 of, and Schedule 4 to, the Human Rights Act 1998","<EnactingText>
<Para>
<Text>The Lord Chancellor and, in relation to any judicial office whose jurisdiction is exercisable exclusively in relation to Scotland, the Secretary of State, in exercise of the powers conferred by section 18 of, and Schedule 4 to, the Human Rights Act 1998<FootnoteRef Ref=""f00001""/>, make the following Order:</Text></Para>
</EnactingText>"
WS-01,ukpga/1998/42,section-1,whole-act,text,SI,uksi/2013/104,http://www.legislation.gov.uk/id/uksi/2013/104,regulation-2,true,http://www.legislation.gov.uk/id/ukpga/1998/42,agreements) ; orsection 58B of the 1990 Act (litigation funding agreements) ;“Convention rights” has the same meaning as in section 1 of the Human Rights Act 1998,"umberOverride=""c""><Para><Text>section 58B of the 1990 Act (litigation funding agreements) <CommentaryRef Ref=""c21538771""/>;</Text></Para></ListItem></OrderedList></ListItem><ListItem><Para><Text>“<Term id=""term-convention-rights"">Convention rights</Term>” has the same meaning as in section 1 of the Human Rights Act 1998 <CommentaryRef Ref=""c21538781""/>;</Text></Para></ListItem><ListItem><Para><Text>“<Term id=""term-domestic-violence-case""> <Substitution ChangeId=""key-REDACTED-CLML-COMMENTARY-HANDLE-1750160370943"" CommentaryRef=""key-REDACTED-CLML-COMMENTARY-HANDLE"">domestic abuse</Substitution"
WS-01,ukpga/1998/42,section-4,whole-act,text,SI,uksi/2013/1554,http://www.legislation.gov.uk/id/uksi/2013/1554,article-65.12,true,http://www.legislation.gov.uk/id/ukpga/1998/42,This rule applies where a party— a wants the court to make a declaration of incompatibility with a Convention right under section 4 of the Human Rights Act 1998,"www.legislation.gov.uk/uksi/2013/1554/article/65.12/1/a/made"" IdURI=""http://www.legislation.gov.uk/id/uksi/2013/1554/article/65.12/1/a"" id=""article-65.12-1-a"">
<Pnumber>a</Pnumber>
<P3para>
<Text>wants the court to make a declaration of incompatibility with a Convention right under section 4 of the Human Rights Act 1998<FootnoteRef Ref=""f00745""/>; or</Text>
</P3para></P3>
<P3 DocumentURI=""http://www.legislation.gov.uk/uksi/2013/1554/article/65.12/1/b/made"" IdURI=""http://www.legislation.gov.uk/id/uksi/2013/1554/article/65.12/1/b"" id=""article-65.12-1-b"">
<Pnumber>b</Pnumber>
<P3para>
<Text>raise"
WS-01,ukpga/1998/42,,whole-act,text,SI,uksi/2013/2325,http://www.legislation.gov.uk/id/uksi/2013/2325,regulation-24,true,http://www.legislation.gov.uk/id/ukpga/1998/42,"id=""regulation-24-6-b""> b the appropriate authority is satisfied that the conduct complained of (even if it were proved) would not involve the infringement of a person’s rights under Article 2 or 3 of the Convention (within the meaning of the Human Rights Act 1998","325/regulation/24/6/b"" id=""regulation-24-6-b"">
<Pnumber>b</Pnumber>
<P3para>
<Text>the appropriate authority is satisfied that the conduct complained of (even if it were proved) would not involve the infringement of a person’s rights under Article 2 or 3 of the Convention (within the meaning of the Human Rights Act 1998<FootnoteRef Ref=""f00009""/>).</Text>
</P3para></P3>
</P2para>
</P2>
<P2 DocumentURI=""http://www.legislation.gov.uk/uksi/2013/2325/regulation/24/7/made"" IdURI=""http://www.legislation.gov.uk/id/uksi/2013/2325/regulation/24/7"" id=""regulation-24-7"">
<Pnumber>7</Pnumber>
<P2para>
<Te"
WS-01,ukpga/1998/42,,whole-act,text,SI,uksi/2013/2325,http://www.legislation.gov.uk/id/uksi/2013/2325,regulation-83,true,http://www.legislation.gov.uk/id/ukpga/1998/42,with the police; or ii would not involve the infringement of a person’s rights under Article 2 or 3 of the Convention (within the meaning of the Human Rights Act 1998,"2013/2325/regulation/83/2/b/ii/made"" IdURI=""http://www.legislation.gov.uk/id/uksi/2013/2325/regulation/83/2/b/ii"" id=""regulation-83-2-b-ii"">
<Pnumber>ii</Pnumber>
<P4para>
<Text>would not involve the infringement of a person’s rights under Article 2 or 3 of the Convention (within the meaning of the Human Rights Act 1998<FootnoteRef Ref=""f00013""/>);</Text>
</P4para></P4>
</P3para></P3>
<P3 DocumentURI=""http://www.legislation.gov.uk/uksi/2013/2325/regulation/83/2/c/made"" IdURI=""http://www.legislation.gov.uk/id/uksi/2013/2325/regulation/83/2/c"" id=""regulation-83-2-c"">
<Pnumber>c</Pnumber>
<P3para"
WS-01,ukpga/1998/42,,whole-act,text,SI,uksi/2013/2384,http://www.legislation.gov.uk/id/uksi/2013/2384,article-2,true,http://www.legislation.gov.uk/id/ukpga/1998/42,"with section 108(4) of the Extradition Act 2003 if, or to the extent that, it is an appeal against an order by the Secretary of State for a person’s extradition on the grounds that the extradition would not be compatible with the Convention Rights within the meaning of the Human Rights Act 1998","ith section 108(4) of the Extradition Act 2003<FootnoteRef Ref=""f00002""/> if, or to the extent that, it is an appeal against an order by the Secretary of State for a person’s extradition on the grounds that the extradition would not be compatible with the Convention Rights within the meaning of the Human Rights Act 1998<FootnoteRef Ref=""f00003""/>; and</Text>
</P4para></P4>
<P4 DocumentURI=""http://www.legislation.gov.uk/uksi/2013/2384/article/2/a/ii/made"" IdURI=""http://www.legislation.gov.uk/id/uksi/2013/2384/article/2/a/ii"" id=""article-2-a-ii"">
<Pnumber>ii</Pnumber>
<P4para>
<Text>in circumsta"
WS-01,ukpga/1998/42,,whole-act,markup,SI,uksi/2013/2384,http://www.legislation.gov.uk/id/uksi/2013/2384,article-4,true,http://www.legislation.gov.uk/id/ukpga/1998/42,of State. Section 70(11) of the 2003 Act (as inserted by Part 2 of Schedule 20 to the Crime and Courts Act 2013) provides that the Secretary of State is not to consider whether the extradition would be compatible with the Convention rights within the meaning of the Human Rights Act 1998 (c. 42),"State.</Text></P>
<P><Text>Section 70(11) of the 2003 Act (as inserted by Part 2 of Schedule 20 to the Crime and Courts Act 2013) provides that the Secretary of State is not to consider whether the extradition would be compatible with the Convention rights within the meaning of the Human Rights Act <Citation URI=""http://www.legislation.gov.uk/id/ukpga/1998/42"" id=""c00002"" Class=""UnitedKingdomPublicGeneralAct"" Year=""1998"" Number=""0042"">1998 (c. 42)</Citation>.</Text></P>
<P><Text>This Order clarifies that the High Court is able to allow or dismiss an appeal brought on human rights grounds where"
WS-01,ukpga/1998/42,,whole-act,text,SI,uksi/2013/2384,http://www.legislation.gov.uk/id/uksi/2013/2384,article-4,true,http://www.legislation.gov.uk/id/ukpga/1998/42,the Secretary of State is not to consider whether the extradition would be compatible with the Convention rights within the meaning of the Human Rights Act 1998,"the Secretary of State.</Text></P>
<P><Text>Section 70(11) of the 2003 Act (as inserted by Part 2 of Schedule 20 to the Crime and Courts Act 2013) provides that the Secretary of State is not to consider whether the extradition would be compatible with the Convention rights within the meaning of the Human Rights Act <Citation URI=""http://www.legislation.gov.uk/id/ukpga/1998/42"" id=""c00002"" Class=""UnitedKingdomPublicGeneralAct"" Year=""1998"" Number=""0042"">1998 (c. 42)</Citation>.</Text></P>
<P><Text>This Order clarifies that the High Court is able to allow or dismiss an appeal brought on human rig"
WS-01,ukpga/1998/42,section-4,whole-act,text,SI,uksi/2014/1610,http://www.legislation.gov.uk/id/uksi/2014/1610,rule-17.28,true,http://www.legislation.gov.uk/id/ukpga/1998/42,1 This rule applies where a party— a wants the High Court to make a declaration of incompatibility with a Convention right under section 4 of the Human Rights Act 1998,"p://www.legislation.gov.uk/uksi/2014/1610/rule/17.28/1/a/made"" IdURI=""http://www.legislation.gov.uk/id/uksi/2014/1610/rule/17.28/1/a"" id=""rule-17.28-1-a"">
<Pnumber>a</Pnumber>
<P3para>
<Text>wants the High Court to make a declaration of incompatibility with a Convention right under section 4 of the Human Rights Act 1998<FootnoteRef Ref=""f00307""/>; or</Text>
</P3para></P3>
<P3 DocumentURI=""http://www.legislation.gov.uk/uksi/2014/1610/rule/17.28/1/b/made"" IdURI=""http://www.legislation.gov.uk/id/uksi/2014/1610/rule/17.28/1/b"" id=""rule-17.28-1-b"">
<Pnumber>b</Pnumber>
<P3para>
<Text>raises an issu"
WS-01,ukpga/1998/42,section-4,whole-act,text,SI,uksi/2014/1610,http://www.legislation.gov.uk/id/uksi/2014/1610,rule-65.12,true,http://www.legislation.gov.uk/id/ukpga/1998/42,1 This rule applies where a party— a wants the court to make a declaration of incompatibility with a Convention right under section 4 of the Human Rights Act 1998,"=""http://www.legislation.gov.uk/uksi/2014/1610/rule/65.12/1/a/made"" IdURI=""http://www.legislation.gov.uk/id/uksi/2014/1610/rule/65.12/1/a"" id=""rule-65.12-1-a"">
<Pnumber>a</Pnumber>
<P3para>
<Text>wants the court to make a declaration of incompatibility with a Convention right under section 4 of the Human Rights Act 1998<FootnoteRef Ref=""f00849""/>; or</Text>
</P3para></P3>
<P3 DocumentURI=""http://www.legislation.gov.uk/uksi/2014/1610/rule/65.12/1/b/made"" IdURI=""http://www.legislation.gov.uk/id/uksi/2014/1610/rule/65.12/1/b"" id=""rule-65.12-1-b"">
<Pnumber>b</Pnumber>
<P3para>
<Text>raises an issu"
WS-01,ukpga/1998/42,,whole-act,text,SI,uksi/2014/2011,http://www.legislation.gov.uk/id/uksi/2014/2011,regulation-28D,true,http://www.legislation.gov.uk/id/ukpga/1998/42,means —a public authority to which the Human Rights Act 1998,"ntaryRef=""key-REDACTED-CLML-COMMENTARY-HANDLE"">” means —</Addition></Text><OrderedList Type=""alpha"" Decoration=""parens""><ListItem><Para><Text><Addition ChangeId=""key-REDACTED-CLML-COMMENTARY-HANDLE-1758539898347"" CommentaryRef=""key-REDACTED-CLML-COMMENTARY-HANDLE"">a public authority to which the Human Rights Act 1998</Addition><Addition ChangeId=""key-REDACTED-CLML-COMMENTARY-HANDLE-1758539898347"" CommentaryRef=""key-REDACTED-CLML-COMMENTARY-HANDLE""> applies; or</Addition></Text></Para></ListItem><ListItem><Para><Text><Addition ChangeId=""key-REDACTED-CLML-COMMENTARY-HANDLE-1758539898347"" C"
WS-01,ukpga/1998/42,,whole-act,text,SI,uksi/2014/2013,http://www.legislation.gov.uk/id/uksi/2014/2013,regulation-13,true,http://www.legislation.gov.uk/id/ukpga/1998/42,"IdURI=""http://www.legislation.gov.uk/id/uksi/2014/2013/regulation/13/2"" id=""regulation-13-2"">2In paragraph (1)—“permitted person” means—a public authority to which the Human Rights Act 1998","gulation/13/2"" id=""regulation-13-2""><Pnumber>2</Pnumber><P2para><Text>In paragraph (1)—</Text><UnorderedList Decoration=""none"" Class=""Definition""><ListItem><Para><Text>“permitted person” means—</Text><OrderedList Decoration=""parens"" Type=""alpha""><ListItem><Para><Text>a public authority to which the Human Rights Act 1998<FootnoteRef Ref=""f00006""/> applies; or</Text></Para></ListItem><ListItem><Para><Text>a person providing services to the Secretary of State in relation to a permitted purpose or any officer, employee or agent of that person;</Text></Para></ListItem></OrderedList></Para></ListIte"
WS-01,ukpga/1998/42,section-6-1,whole-act,text,SI,uksi/2014/2013,http://www.legislation.gov.uk/id/uksi/2014/2013,regulation-15,true,http://www.legislation.gov.uk/id/ukpga/1998/42,"id=""regulation-15-3-b"">bprevent an award of damages in respect of an act or omission which is—iunlawful by virtue of section 6(1) of the Human Rights Act 1998","t of an act or omission which is—</Text><P4 DocumentURI=""http://www.legislation.gov.uk/uksi/2014/2013/regulation/15/3/b/i"" IdURI=""http://www.legislation.gov.uk/id/uksi/2014/2013/regulation/15/3/b/i"" id=""regulation-15-3-b-i""><Pnumber>i</Pnumber><P4para><Text>unlawful by virtue of section 6(1) of the Human Rights Act 1998<FootnoteRef Ref=""f00007""/>;</Text></P4para></P4><P4 DocumentURI=""http://www.legislation.gov.uk/uksi/2014/2013/regulation/15/3/b/ii"" IdURI=""http://www.legislation.gov.uk/id/uksi/2014/2013/regulation/15/3/b/ii"" id=""regulation-15-3-b-ii""><Pnumber>ii</Pnumber><P4para><Text>a breach"
WS-01,ukpga/1998/42,section-6-1,whole-act,text,SI,uksi/2014/2043,http://www.legislation.gov.uk/id/uksi/2014/2043,regulation-85,true,http://www.legislation.gov.uk/id/ukpga/1998/42,"id=""regulation-85-3-b"">bprevent an award of damages in respect of an act or omission which is—iunlawful by virtue of section 6(1) of the Human Rights Act 1998","t of an act or omission which is—</Text><P4 DocumentURI=""http://www.legislation.gov.uk/uksi/2014/2043/regulation/85/3/b/i"" IdURI=""http://www.legislation.gov.uk/id/uksi/2014/2043/regulation/85/3/b/i"" id=""regulation-85-3-b-i""><Pnumber>i</Pnumber><P4para><Text>unlawful by virtue of section 6(1) of the Human Rights Act 1998 <CommentaryRef Ref=""c22186281""/>;</Text></P4para></P4><P4 DocumentURI=""http://www.legislation.gov.uk/uksi/2014/2043/regulation/85/3/b/ii"" IdURI=""http://www.legislation.gov.uk/id/uksi/2014/2043/regulation/85/3/b/ii"" id=""regulation-85-3-b-ii""><Pnumber>ii</Pnumber><P4para><Text>a "
WS-01,ukpga/1998/42,section-6,whole-act,markup,SI,uksi/2014/2771,http://www.legislation.gov.uk/id/uksi/2014/2771,article-11,true,http://www.legislation.gov.uk/id/ukpga/1998/42,a claim made by a person to the Secretary of State that to remove the person from or require him to leave the United Kingdom would be unlawful under section 6 of the Human Rights Act 1998 (c.42),"ww.legislation.gov.uk/id/uksi/2014/2771/article/11/5/a/i"" id=""article-11-5-a-i"">
<Pnumber>i</Pnumber>
<P4para>
<Text>a claim made by a person to the Secretary of State that to remove the person from or require him to leave the United Kingdom would be unlawful under section 6 of the Human Rights Act <Citation URI=""http://www.legislation.gov.uk/id/ukpga/1998/42"" id=""c00001"" Class=""UnitedKingdomPublicGeneralAct"" Year=""1998"" Number=""0042"">1998 (c.42)</Citation> (public authority not to act contrary to Convention); or</Text>
</P4para></P4>
<P4 DocumentURI=""http://www.legislation.gov.uk/uksi/2014/27"
WS-01,ukpga/1998/42,section-6,whole-act,text,SI,uksi/2014/2771,http://www.legislation.gov.uk/id/uksi/2014/2771,article-11,true,http://www.legislation.gov.uk/id/ukpga/1998/42,the Secretary of State that to remove the person from or require him to leave the United Kingdom would be unlawful under section 6 of the Human Rights Act 1998,""" IdURI=""http://www.legislation.gov.uk/id/uksi/2014/2771/article/11/5/a/i"" id=""article-11-5-a-i"">
<Pnumber>i</Pnumber>
<P4para>
<Text>a claim made by a person to the Secretary of State that to remove the person from or require him to leave the United Kingdom would be unlawful under section 6 of the Human Rights Act <Citation URI=""http://www.legislation.gov.uk/id/ukpga/1998/42"" id=""c00001"" Class=""UnitedKingdomPublicGeneralAct"" Year=""1998"" Number=""0042"">1998 (c.42)</Citation> (public authority not to act contrary to Convention); or</Text>
</P4para></P4>
<P4 DocumentURI=""http://www.legislation.go"
WS-01,ukpga/1998/42,section-6-3,whole-act,text,SI,uksi/2014/2874,http://www.legislation.gov.uk/id/uksi/2014/2874,article-2,true,http://www.legislation.gov.uk/id/ukpga/1998/42,authority” has the meaning given by section 6(3) of the Human Rights Act 1998,"8c0b34973fee9d0778136bdca-1746110945860"" CommentaryRef=""key-REDACTED-CLML-COMMENTARY-HANDLE"">public authority</Addition></Term><Addition ChangeId=""key-REDACTED-CLML-COMMENTARY-HANDLE-1746110945860"" CommentaryRef=""key-REDACTED-CLML-COMMENTARY-HANDLE"">” has the meaning given by section 6(3) of the Human Rights Act 1998;</Addition></Text></Para></ListItem><ListItem><Para><Text> <Addition ChangeId=""key-REDACTED-CLML-COMMENTARY-HANDLE-1746131986645"" CommentaryRef=""key-REDACTED-CLML-COMMENTARY-HANDLE"">“</Addition><Term><Addition ChangeId=""key-REDACTED-CLML-COMMENTARY-HANDLE-1746131986645"" Comm"
WS-01,ukpga/1998/42,section-6-1,whole-act,text,SI,uksi/2014/631,http://www.legislation.gov.uk/id/uksi/2014/631,schedule-1-paragraph-12,true,http://www.legislation.gov.uk/id/ukpga/1998/42,"3 Paragraph (1) does not apply— a if it is shown that the act or omission was in bad faith, or b so as to prevent an award of damages made in respect of an act or omission on the ground that the act or omission was unlawful as a result of section 6(1) of the Human Rights Act 1998","<P3para><Text>if it is shown that the act or omission was in bad faith, or</Text>
</P3para>
</P3>
<P3>
<Pnumber>b</Pnumber>
<P3para><Text>so as to prevent an award of damages made in respect of an act or omission on the ground that the act or omission was unlawful as a result of section 6(1) of the Human Rights Act 1998<FootnoteRef Ref=""f00095""/>.</Text>
</P3para>
</P3>
</P2para>
</P2>
<P2>
<Pnumber>4</Pnumber>
<P2para><Text>In this section—</Text>
<UnorderedList Decoration=""none"" Class=""Definition"">
<ListItem>
<Para><Text>“charity trustee” in relation to Citizens Advice, has the meaning given"
WS-01,ukpga/1998/42,section-6-1,whole-act,text,SI,uksi/2014/631,http://www.legislation.gov.uk/id/uksi/2014/631,schedule-1-paragraph-21,true,http://www.legislation.gov.uk/id/ukpga/1998/42,"Sub-paragraph 1 does not apply— a if it is shown that the act or omission was in bad faith, or b so as to prevent an award of damages made in respect of an act or omission on the ground that the act or omission was unlawful as a result of section 6(1) of the Human Rights Act 1998","<P3para><Text>if it is shown that the act or omission was in bad faith, or</Text>
</P3para>
</P3>
<P3>
<Pnumber>b</Pnumber>
<P3para><Text>so as to prevent an award of damages made in respect of an act or omission on the ground that the act or omission was unlawful as a result of section 6(1) of the Human Rights Act 1998.</Text>
</P3para>
</P3>
</P2para>
</P2>
</P1para>
</P1>
</PsubBlock>
</BlockAmendment>
<AppendText>.</AppendText>
</P2para>
</P2>
</P1para>
</P1>
</P1group>
</Part>
<Part DocumentURI=""http://www.legislation.gov.uk/uksi/2014/631/schedule/1/part/4"" IdURI=""http://www.legislation.g"
WS-01,ukpga/1998/42,,whole-act,text,SI,uksi/2014/839,http://www.legislation.gov.uk/id/uksi/2014/839,article-4,true,http://www.legislation.gov.uk/id/ukpga/1998/42,"id=""article-4-2-j""> j paragraphs 22, 23, 24 and 25 (amendments to the Police Act 1996); k paragraph 26 (amendment to the Human Rights Act 1998","phs 22, 23, 24 and 25 (amendments to the Police Act 1996);</Text>
</P3para></P3>
<P3 DocumentURI=""http://www.legislation.gov.uk/uksi/2014/839/article/4/2/k/made"" IdURI=""http://www.legislation.gov.uk/id/uksi/2014/839/article/4/2/k"" id=""article-4-2-k"">
<Pnumber>k</Pnumber>
<P3para>
<Text>paragraph 26 (amendment to the Human Rights Act 1998 for ECHR judges);</Text>
</P3para></P3>
<P3 DocumentURI=""http://www.legislation.gov.uk/uksi/2014/839/article/4/2/l/made"" IdURI=""http://www.legislation.gov.uk/id/uksi/2014/839/article/4/2/l"" id=""article-4-2-l"">
<Pnumber>l</Pnumber>
<P3para>
<Text>paragraph 27 ("
WS-01,ukpga/1998/42,,whole-act,text,SI,uksi/2014/840,http://www.legislation.gov.uk/id/uksi/2014/840,schedule-2-paragraph-3n2,true,http://www.legislation.gov.uk/id/ukpga/1998/42,"IdURI=""http://www.legislation.gov.uk/id/uksi/2014/840/schedule/2/paragraph/3n2"" id=""schedule-2-paragraph-3n2"" shortId=""schedule-2-paragraph-3"" RestrictStartDate=""2015-01-11"">3Claims in respect of a judicial act under the Human Rights Act 1998","ov.uk/uksi/2014/840/schedule/2/paragraph/3n2"" IdURI=""http://www.legislation.gov.uk/id/uksi/2014/840/schedule/2/paragraph/3n2"" id=""schedule-2-paragraph-3n2"" shortId=""schedule-2-paragraph-3"" RestrictStartDate=""2015-01-11""><Pnumber>3</Pnumber><P1para><Text>Claims in respect of a judicial act under the Human Rights Act 1998 <CommentaryRef Ref=""c22071501""/>.</Text></P1para></P1><P xmlns=""http://www.legislation.gov.uk/namespaces/legislation""><Text/></P></td></tr><tr><td><P1 xmlns=""http://www.legislation.gov.uk/namespaces/legislation"" DocumentURI=""http://www.legislation.gov.uk/uksi/2014/840/schedule/"
WS-01,ukpga/1998/42,section-6,whole-act,text,SI,uksi/2014/922,http://www.legislation.gov.uk/id/uksi/2014/922,schedule-1-paragraph-1,true,http://www.legislation.gov.uk/id/ukpga/1998/42,application which is not an Article 3 or Refugee Convention application and in which the applicant relies solely or primarily on a claim that to remove a person from the United Kingdom or to require a person to leave the United Kingdom would be unlawful under section 6 of the Human Rights Act 1998,"
<Para><Text>any other application which is not an Article 3 or Refugee Convention application and in which the applicant relies solely or primarily on a claim that to remove a person from the United Kingdom or to require a person to leave the United Kingdom would be unlawful under section 6 of the Human Rights Act 1998 (public authority not to act contrary to Convention rights).</Text></Para>
</ListItem>
</OrderedList>
</Para>
</ListItem>
</UnorderedList>
</P2para>
</P2>
<P2 DocumentURI=""http://www.legislation.gov.uk/uksi/2014/922/schedule/1/paragraph/1/2/made"" IdURI=""http://www.legislation.g"
WS-01,ukpga/1998/42,section-1,whole-act,text,SI,uksi/2014/922,http://www.legislation.gov.uk/id/uksi/2014/922,schedule-1-paragraph-1,true,http://www.legislation.gov.uk/id/ukpga/1998/42,(Northern Ireland) Order 1995; “claim for asylum” means a claim within the meaning of section 94(1) of the Immigration and Asylum Act 1999; “Convention rights” means the rights identified as Convention rights by section 1 of the Human Rights Act 1998,">
<ListItem>
<Para><Text>“claim for asylum” means a claim within the meaning of section 94(1) of the Immigration and Asylum Act 1999<FootnoteRef Ref=""f00016""/>;</Text>
</Para>
</ListItem>
<ListItem>
<Para><Text>“Convention rights” means the rights identified as Convention rights by section 1 of the Human Rights Act 1998<FootnoteRef Ref=""f00017""/>;</Text>
</Para>
</ListItem>
<ListItem>
<Para><Text>“indefinite leave to remain” means leave to remain in the United Kingdom for an indefinite period;</Text>
</Para>
</ListItem>
<ListItem>
<Para><Text>“limited leave to remain” means leave to remain in "
WS-01,ukpga/1998/42,,whole-act,text,SI,uksi/2015/2038,http://www.legislation.gov.uk/id/uksi/2015/2038,schedule-4-paragraph-13,true,http://www.legislation.gov.uk/id/ukpga/1998/42,"id=""schedule-4-paragraph-13-2-b""> b so as to prevent the award of damages made in respect of an act or omission on the ground that the act or omission was unlawful as a result of section 6(1) (acts of public authorities) of the Human Rights Act 1998","015/2038/schedule/4/paragraph/13/2/b"" id=""schedule-4-paragraph-13-2-b"">
<Pnumber>b</Pnumber>
<P3para>
<Text>so as to prevent the award of damages made in respect of an act or omission on the ground that the act or omission was unlawful as a result of section 6(1) (acts of public authorities) of the Human Rights Act 1998<FootnoteRef Ref=""f00042""/>.</Text>
</P3para></P3>
</P2para>
</P2>
</P1para>
</P1>
</P1group>
<P1group RestrictStartDate=""2015-12-15"">
<Title>Publication of information and advice</Title>
<P1 DocumentURI=""http://www.legislation.gov.uk/uksi/2015/2038/schedule/4/paragraph/14"" IdUR"
WS-01,ukpga/1998/42,section-1,whole-act,text,SI,uksi/2015/25,http://www.legislation.gov.uk/id/uksi/2015/25,regulation-3,true,http://www.legislation.gov.uk/id/ukpga/1998/42,rights” has the meaning given to it in section 1 of the Human Rights Act 1998,"=""key-REDACTED-CLML-COMMENTARY-HANDLE-1760518904364"" CommentaryRef=""key-REDACTED-CLML-COMMENTARY-HANDLE"" RetainText=""true""><Addition ChangeId=""key-REDACTED-CLML-COMMENTARY-HANDLE-1760349996000"" CommentaryRef=""key-REDACTED-CLML-COMMENTARY-HANDLE"">” has the meaning given to it in section 1 of the Human Rights Act 1998;</Addition></Repeal></Text></Para></ListItem><ListItem><Para><Text><Repeal ChangeId=""key-REDACTED-CLML-COMMENTARY-HANDLE-1760518904364"" CommentaryRef=""key-REDACTED-CLML-COMMENTARY-HANDLE"" RetainText=""true"">“criminal proceedings” means—</Repeal></Text><OrderedList Decoration="""
WS-01,ukpga/1998/42,,whole-act,text,SI,uksi/2015/431,http://www.legislation.gov.uk/id/uksi/2015/431,regulation-24,true,http://www.legislation.gov.uk/id/ukpga/1998/42,"id=""regulation-24-6-b""> b the appropriate authority is satisfied that the conduct complained of (even if it were proved) would not involve the infringement of a person’s rights under Article 2 or 3 of the Convention (within the meaning of the Human Rights Act 1998","431/regulation/24/6/b"" id=""regulation-24-6-b"">
<Pnumber>b</Pnumber>
<P3para>
<Text>the appropriate authority is satisfied that the conduct complained of (even if it were proved) would not involve the infringement of a person’s rights under Article 2 or 3 of the Convention (within the meaning of the Human Rights Act 1998<FootnoteRef Ref=""f00012""/>).</Text>
</P3para></P3>
</P2para>
</P2>
<P2 DocumentURI=""http://www.legislation.gov.uk/uksi/2015/431/regulation/24/7/made"" IdURI=""http://www.legislation.gov.uk/id/uksi/2015/431/regulation/24/7"" id=""regulation-24-7"">
<Pnumber>7</Pnumber>
<P2para>
<Text"
WS-01,ukpga/1998/42,,whole-act,text,SI,uksi/2015/431,http://www.legislation.gov.uk/id/uksi/2015/431,regulation-91,true,http://www.legislation.gov.uk/id/ukpga/1998/42,against a contractor; or ii would not involve the infringement of a person’s rights under Article 2 or 3 of the Convention (within the meaning of the Human Rights Act 1998,"i/2015/431/regulation/91/2/b/ii/made"" IdURI=""http://www.legislation.gov.uk/id/uksi/2015/431/regulation/91/2/b/ii"" id=""regulation-91-2-b-ii"">
<Pnumber>ii</Pnumber>
<P4para>
<Text>would not involve the infringement of a person’s rights under Article 2 or 3 of the Convention (within the meaning of the Human Rights Act 1998<FootnoteRef Ref=""f00022""/>);</Text>
</P4para></P4>
</P3para></P3>
<P3 DocumentURI=""http://www.legislation.gov.uk/uksi/2015/431/regulation/91/2/c/made"" IdURI=""http://www.legislation.gov.uk/id/uksi/2015/431/regulation/91/2/c"" id=""regulation-91-2-c"">
<Pnumber>c</Pnumber>
<P3para>
"
WS-01,ukpga/1998/42,section-21-1,whole-act,text,SI,uksi/2015/792,http://www.legislation.gov.uk/id/uksi/2015/792,schedule-2-paragraph-1,true,http://www.legislation.gov.uk/id/ukpga/1998/42,"id=""schedule-2-paragraph-1-f"">ffor leave to remain which relates to a claim that the person's removal from the United Kingdom would be contrary to the United Kingdom's obligations under article 3 of the Convention (within the meaning of section 21(1) of the Human Rights Act 1998","aph/1/f"" id=""schedule-2-paragraph-1-f""><Pnumber>f</Pnumber><P3para><Text>for leave to remain which relates to a claim that the person's removal from the United Kingdom would be contrary to the United Kingdom's obligations under article 3 of the Convention (within the meaning of section 21(1) of the Human Rights Act 1998 <CommentaryRef Ref=""c22461681""/>);</Text></P3para></P3><P3 DocumentURI=""http://www.legislation.gov.uk/uksi/2015/792/schedule/2/paragraph/1/fa"" IdURI=""http://www.legislation.gov.uk/id/uksi/2015/792/schedule/2/paragraph/1/fa"" id=""schedule-2-paragraph-1-fa""><Pnumber><Addition Chan"
WS-01,ukpga/1998/42,,whole-act,enabling,SI,uksi/2015/859,http://www.legislation.gov.uk/id/uksi/2015/859,,true,http://www.legislation.gov.uk/id/ukpga/1998/42,"32 of the Immigration, Asylum and Nationality Act 2006 is such that there are likely to be circumstances in which it can be required under that provision without breaching Convention rights (within the meaning of the Human Rights Act 1998","formation specified in this Order for the purposes of section 32 of the Immigration, Asylum and Nationality Act 2006 is such that there are likely to be circumstances in which it can be required under that provision without breaching Convention rights (within the meaning of the Human Rights Act 1998<FootnoteRef Ref=""f00003""/>).</Text></Para>
</EnactingText>"
WS-01,ukpga/1998/42,,whole-act,markup,SI,uksi/2015/993,http://www.legislation.gov.uk/id/uksi/2015/993,article-7,true,http://www.legislation.gov.uk/id/ukpga/1998/42,and support etc.; s sections 67 and 68 which relate to independent advocacy support; t sections 69 and 70 which concern enforcement of debts; u section 73 which relates to the application of the Human Rights Act 1998 (c.42),"d 68 which relate to independent advocacy support;</Text>
</P3para></P3>
<P3>
<Pnumber>t</Pnumber>
<P3para>
<Text>sections 69 and 70 which concern enforcement of debts;</Text>
</P3para></P3>
<P3>
<Pnumber>u</Pnumber>
<P3para>
<Text>section 73 which relates to the application of the Human Rights Act <Citation URI=""http://www.legislation.gov.uk/id/ukpga/1998/42"" id=""c00002"" Class=""UnitedKingdomPublicGeneralAct"" Year=""1998"" Number=""0042"">1998 (c.42)</Citation> to the provision of regulated care or support;</Text>
</P3para></P3>
<P3>
<Pnumber>v</Pnumber>
<P3para>
<Text>section 74 and Schedule 3 wh"
WS-01,ukpga/1998/42,,whole-act,text,SI,uksi/2015/993,http://www.legislation.gov.uk/id/uksi/2015/993,article-7,true,http://www.legislation.gov.uk/id/ukpga/1998/42,advocacy support; t sections 69 and 70 which concern enforcement of debts; u section 73 which relates to the application of the Human Rights Act 1998,"xt>sections 67 and 68 which relate to independent advocacy support;</Text>
</P3para></P3>
<P3>
<Pnumber>t</Pnumber>
<P3para>
<Text>sections 69 and 70 which concern enforcement of debts;</Text>
</P3para></P3>
<P3>
<Pnumber>u</Pnumber>
<P3para>
<Text>section 73 which relates to the application of the Human Rights Act <Citation URI=""http://www.legislation.gov.uk/id/ukpga/1998/42"" id=""c00002"" Class=""UnitedKingdomPublicGeneralAct"" Year=""1998"" Number=""0042"">1998 (c.42)</Citation> to the provision of regulated care or support;</Text>
</P3para></P3>
<P3>
<Pnumber>v</Pnumber>
<P3para>
<Text>section 74 "
WS-01,ukpga/1998/42,section-6,whole-act,text,SI,uksi/2016/1052,http://www.legislation.gov.uk/id/uksi/2016/1052,regulation-33,true,http://www.legislation.gov.uk/id/ukpga/1998/42,"of State certifies that, despite the appeals process not having been begun or not having been finally determined, removal of P to the country or territory to which P is proposed to be removed, pending the outcome of P’s appeal, would not be unlawful under section 6 of the Human Rights Act 1998","s removal if the Secretary of State certifies that, despite the appeals process not having been begun or not having been finally determined, removal of P to the country or territory to which P is proposed to be removed, pending the outcome of P’s appeal, would not be unlawful under section 6 of the Human Rights Act 1998</Repeal><FootnoteRef Ref=""f00025""/><Repeal ChangeId=""key-REDACTED-CLML-COMMENTARY-HANDLE-1629366196490"" CommentaryRef=""key-REDACTED-CLML-COMMENTARY-HANDLE"" RetainText=""true""> (public authority not to act contrary to Human Rights Convention).</Repeal></Text></P2para></P2><P2 D"
WS-01,ukpga/1998/42,section-6,whole-act,text,SI,uksi/2016/1052,http://www.legislation.gov.uk/id/uksi/2016/1052,schedule-6-paragraph-6,true,http://www.legislation.gov.uk/id/ukpga/1998/42,"RetainText=""true"">2006 Regulations (human rights considerations and interim orders to suspend removal) that a person’s removal from the United Kingdom would not be unlawful under section 6 of the Human Rights Act 1998","peal ChangeId=""key-REDACTED-CLML-COMMENTARY-HANDLE-1629366196490"" CommentaryRef=""key-REDACTED-CLML-COMMENTARY-HANDLE"" RetainText=""true""> (human rights considerations and interim orders to suspend removal) that a person’s removal from the United Kingdom would not be unlawful under section 6 of the Human Rights Act 1998 (public authority not to act contrary to the Human Rights Convention), the removal of that person is to be treated as though certified under regulation 33 of these Regulations.</Repeal></Text></P2para></P2><P2 DocumentURI=""http://www.legislation.gov.uk/uksi/2016/1052/schedule/6"
WS-01,ukpga/1998/42,section-8,whole-act,text,SI,uksi/2016/1239,http://www.legislation.gov.uk/id/uksi/2016/1239,article-32,true,http://www.legislation.gov.uk/id/ukpga/1998/42,"the appointment of a temporary manager, or remove the temporary manager, at any time.4A temporary manager is not liable for damages in respect of anything done in good faith for the purposes of or in connection with the functions of the appointment (subject to section 8 of the Human Rights Act 1998","er, or remove the temporary manager, at any time.</Text></P2para></P2><P2><Pnumber>4</Pnumber><P2para><Text>A temporary manager is not liable for damages in respect of anything done in good faith for the purposes of or in connection with the functions of the appointment (subject to section 8 of the Human Rights Act 1998).</Text></P2para></P2></P1para></P1></P1group><P1group><Title>Temporary manager: instrument of appointment</Title><P1><Pnumber>71F</Pnumber><P1para><P2><Pnumber>1</Pnumber><P2para><Text>The power in section 71C(1) is to be exercised by an instrument of appointment.</Text></P2pa"
WS-01,ukpga/1998/42,section-6-3,whole-act,text,SI,uksi/2016/9,http://www.legislation.gov.uk/id/uksi/2016/9,article-3,true,http://www.legislation.gov.uk/id/ukpga/1998/42,of a degree by an institution falling within that paragraph; “public authority” has the meaning given by section 6(3) of the Human Rights Act 1998,"dList>
</Para>
</ListItem>
</UnorderedList>
</BlockAmendment>
<BlockAmendment Context=""unknown"" TargetClass=""unknown"" TargetSubClass=""unknown"" Format=""double"">
<UnorderedList Decoration=""none"" Class=""Definition"">
<ListItem>
<Para><Text>“public authority” has the meaning given by section 6(3) of the Human Rights Act 1998<FootnoteRef Ref=""f00007""/>;</Text>
</Para>
</ListItem>
</UnorderedList>
</BlockAmendment>
<BlockAmendment Context=""unknown"" TargetClass=""unknown"" TargetSubClass=""unknown"" Format=""double"">
<UnorderedList Decoration=""none"" Class=""Definition"">
<ListItem>
<Para><Text>“voluntary org"
WS-01,ukpga/1998/42,,whole-act,text,SI,uksi/2017/1035,http://www.legislation.gov.uk/id/uksi/2017/1035,rule-12,true,http://www.legislation.gov.uk/id/ukpga/1998/42,"IdURI=""http://www.legislation.gov.uk/id/uksi/2017/1035/rule/12"" id=""rule-12"">121A party who seeks to rely upon any provision of or right arising under the Human Rights Act 1998"," PuncAfter="".1."">12</Pnumber><P1para><P2 DocumentURI=""http://www.legislation.gov.uk/uksi/2017/1035/rule/12/1"" IdURI=""http://www.legislation.gov.uk/id/uksi/2017/1035/rule/12/1"" id=""rule-12-1""><Pnumber>1</Pnumber><P2para><Text>A party who seeks to rely upon any provision of or right arising under the Human Rights Act 1998 <CommentaryRef Ref=""c23071711""/> (“<Term id=""term-the-1998-act"">the 1998 Act</Term>”) or who seeks a remedy available under that Act must inform the court in the manner set out in the relevant practice direction specifying—</Text><P3 DocumentURI=""http://www.legislation.gov.uk/u"
WS-01,ukpga/1998/42,section-6,whole-act,text,SI,uksi/2017/1237,http://www.legislation.gov.uk/id/uksi/2017/1237,regulation-3,true,http://www.legislation.gov.uk/id/ukpga/1998/42,offender within the meaning of section 98 of the Criminal Justice and Immigration Act 2008; but does not include an order made without notice to the respondent that was subsequently set aside by the court; “public authority” has the same meaning as in section 6 of the Human Rights Act 1998,"otnoteRef Ref=""f00014""/>;</Text></Para>
</ListItem>
</OrderedList>
<Text>but does not include an order made without notice to the respondent that was subsequently set aside by the court;</Text>
</Para>
</ListItem>
<ListItem>
<Para><Text>“public authority” has the same meaning as in section 6 of the Human Rights Act 1998<FootnoteRef Ref=""f00015""/>;</Text>
</Para>
</ListItem>
<ListItem>
<Para><Text>“refuge” means—</Text>
<OrderedList Decoration=""parens"" Type=""alpha"">
<ListItem>
<Para><Text>a refuge established for the purpose of providing accommodation for victims of, or those at risk of, domest"
WS-01,ukpga/1998/42,,whole-act,text,SI,uksi/2017/521,http://www.legislation.gov.uk/id/uksi/2017/521,regulation-23,true,http://www.legislation.gov.uk/id/ukpga/1998/42,conduct complained of (even if it were proved) would not involve the infringement of a person’s rights under Article 2 or 3 of the Convention (within the meaning of the Human Rights Act 1998,"RI=""http://www.legislation.gov.uk/id/uksi/2017/521/regulation/23/6/b"" id=""regulation-23-6-b""><Pnumber>b</Pnumber><P3para><Text>the conduct complained of (even if it were proved) would not involve the infringement of a person’s rights under Article 2 or 3 of the Convention (within the meaning of the Human Rights Act 1998<FootnoteRef Ref=""f00014""/>).</Text></P3para></P3></P2para></P2><P2 DocumentURI=""http://www.legislation.gov.uk/uksi/2017/521/regulation/23/7"" IdURI=""http://www.legislation.gov.uk/id/uksi/2017/521/regulation/23/7"" id=""regulation-23-7""><Pnumber>7</Pnumber><P2para><Text>In a case w"
WS-01,ukpga/1998/42,,whole-act,text,SI,uksi/2017/755,http://www.legislation.gov.uk/id/uksi/2017/755,article-12,true,http://www.legislation.gov.uk/id/ukpga/1998/42,execution of the European investigation order would be contrary to the principle of ne bis in idem; b there are substantial grounds for believing that executing the European investigation order would be incompatible with any of the Convention rights (within the meaning of the Human Rights Act 1998,"rary to the principle of ne bis in idem;</Emphasis></Text>
</P3para>
</P3>
<P3>
<Pnumber>b</Pnumber>
<P3para><Text><Emphasis>there are substantial grounds for believing that executing the European investigation order would be incompatible with any of the Convention rights (within the meaning of the Human Rights Act 1998</Emphasis><FootnoteRef Ref=""f00036""/><Emphasis>);</Emphasis></Text>
</P3para>
</P3>
<P3>
<Pnumber>c</Pnumber>
<P3para><Text><Emphasis>there are substantial grounds for believing that the European investigation order has been issued for the purpose of prosecuting or punishing a "
WS-01,ukpga/1998/42,section-7-5,whole-act,text,SI,uksi/2018/1334,http://www.legislation.gov.uk/id/uksi/2018/1334,article-15,true,http://www.legislation.gov.uk/id/ukpga/1998/42,7 proceedings or the making of the complaint is frivolous or vexatious; b that section 7 proceedings have not been brought in accordance with section 7(5) of the Human Rights Act 1998,"
<P3 DocumentURI=""http://www.legislation.gov.uk/uksi/2018/1334/article/15/5/b/made"" IdURI=""http://www.legislation.gov.uk/id/uksi/2018/1334/article/15/5/b"" id=""article-15-5-b"">
<Pnumber>b</Pnumber>
<P3para>
<Text>that section 7 proceedings have not been brought in accordance with section 7(5) of the Human Rights Act 1998;</Text>
</P3para></P3>
<P3 DocumentURI=""http://www.legislation.gov.uk/uksi/2018/1334/article/15/5/c/made"" IdURI=""http://www.legislation.gov.uk/id/uksi/2018/1334/article/15/5/c"" id=""article-15-5-c"">
<Pnumber>c</Pnumber>
<P3para>
<Text>that a complaint shall not be considered or "
WS-01,ukpga/1998/42,section-7-1,whole-act,text,SI,uksi/2018/1334,http://www.legislation.gov.uk/id/uksi/2018/1334,article-18,true,http://www.legislation.gov.uk/id/ukpga/1998/42,"extensive jurisdiction, set out in section 65 of the Act. These Rules only regulate the exercise of the jurisdiction conferred by paragraphs (a) and (b) of subsection (2) of section 65 of the Act. The Rules therefore regulate: proceedings brought under section 7(1) (a) of the Human Rights Act 1998","ribunal has an extensive jurisdiction, set out in section 65 of the Act. These Rules only regulate the exercise of the jurisdiction conferred by paragraphs (a) and (b) of subsection (2) of section 65 of the Act. The Rules therefore regulate:</Text></P>
<P><Text>proceedings brought under section 7(1)(a) of the Human Rights Act 1998 for which the Tribunal is the appropriate tribunal: this category of case is explained in subsections (3) and (5) to (8) of section 65 of the Act;</Text></P>
<P><Text>complaints for which the Tribunal is the appropriate forum: this function is explained in subsection"
WS-01,ukpga/1998/42,section-7-1,whole-act,text,SI,uksi/2018/1334,http://www.legislation.gov.uk/id/uksi/2018/1334,article-3,true,http://www.legislation.gov.uk/id/ukpga/1998/42,"has the same meaning as in section 68 of the Act; “respondent” means, in the case of section 7 proceedings, the respondent or, in the case of a complaint, the person whose conduct is complained against; “section 7 proceedings” means proceedings under section 7(1) (a) of the Human Rights Act 1998",">
</ListItem>
<ListItem>
<Para><Text>“respondent” means, in the case of section 7 proceedings, the respondent or, in the case of a complaint, the person whose conduct is complained against;</Text>
</Para>
</ListItem>
<ListItem>
<Para><Text>“section 7 proceedings” means proceedings under section 7(1)(a) of the Human Rights Act 1998<FootnoteRef Ref=""f00007""/> in relation to which the Tribunal is the only appropriate tribunal by virtue of section 65(2)(a) of the Act.</Text>
</Para>
</ListItem>
</UnorderedList>
</P1para>
</P1>
</P1group>
<P1group>
<Title>Application of Rules</Title>
<P1 DocumentUR"
WS-01,ukpga/1998/42,section-7-5,whole-act,text,SI,uksi/2018/1334,http://www.legislation.gov.uk/id/uksi/2018/1334,article-6,true,http://www.legislation.gov.uk/id/ukpga/1998/42,power under paragraph 5(2) of Schedule 3 to the Act to authorise an officer to obtain documents or information on the Tribunal’s behalf; e the power under section 7(5) (b) of the Human Rights Act 1998,"uments or information on the Tribunal’s behalf;</Text>
</P3para></P3>
<P3 DocumentURI=""http://www.legislation.gov.uk/uksi/2018/1334/article/6/e/made"" IdURI=""http://www.legislation.gov.uk/id/uksi/2018/1334/article/6/e"" id=""article-6-e"">
<Pnumber>e</Pnumber>
<P3para>
<Text>the power under section 7(5)(b) of the Human Rights Act 1998 to determine a longer period before the end of which section 7 proceedings may be brought;</Text>
</P3para></P3>
<P3 DocumentURI=""http://www.legislation.gov.uk/uksi/2018/1334/article/6/f/made"" IdURI=""http://www.legislation.gov.uk/id/uksi/2018/1334/article/6/f"" id=""ar"
WS-01,ukpga/1998/42,,whole-act,text,SI,uksi/2018/1334,http://www.legislation.gov.uk/id/uksi/2018/1334,article-8,true,http://www.legislation.gov.uk/id/ukpga/1998/42,"to supply further information or to make written representations on any matter. 5 For the purposes of paragraph (2), Convention right has the same meaning as in the Human Rights Act 1998","/P2para>
</P2>
<P2 DocumentURI=""http://www.legislation.gov.uk/uksi/2018/1334/article/8/5/made"" IdURI=""http://www.legislation.gov.uk/id/uksi/2018/1334/article/8/5"" id=""article-8-5"">
<Pnumber>5</Pnumber>
<P2para>
<Text>For the purposes of paragraph (2), Convention right has the same meaning as in the Human Rights Act 1998<FootnoteRef Ref=""f00010""/>.</Text>
</P2para>
</P2>
</P1para>
</P1>
</P1group>
<P1group>
<Title>Making a complaint</Title>
<P1 DocumentURI=""http://www.legislation.gov.uk/uksi/2018/1334/article/9/made"" IdURI=""http://www.legislation.gov.uk/id/uksi/2018/1334/article/9"" id=""article-"
WS-01,ukpga/1998/42,section-10,whole-act,text,SI,uksi/2018/1413,http://www.legislation.gov.uk/id/uksi/2018/1413,schedule-2-paragraph-15,true,http://www.legislation.gov.uk/id/ukpga/1998/42,EXPLANATORY NOTE (This note is not part of the Order) This Order is a remedial order made under section 10 of the Human Rights Act 1998,"p://www.legislation.gov.uk/uksi/2018/1413/note/made"" IdURI=""http://www.legislation.gov.uk/id/uksi/2018/1413/note"">
<Title>EXPLANATORY NOTE</Title>
<Comment>
<Para><Text>(This note is not part of the Order)</Text></Para>
</Comment>
<P><Text>This Order is a remedial order made under section 10 of the Human Rights Act 1998. Its purpose is to remedy the incompatibility of section 54 of the Human Fertilisation and Embryology Act 2008 with the Convention Rights. Section 54 was found to be incompatible with those rights by the Court since the availability of a parental order under that section was li"
WS-01,ukpga/1998/42,section-10,whole-act,text,SI,uksi/2018/1413,http://www.legislation.gov.uk/id/uksi/2018/1413,,true,http://www.legislation.gov.uk/id/ukpga/1998/42,Human Fertilisation and Embryology Act 2008 (Remedial) Order 2018enKing's Printer of Acts of Parliament2019-12-02HUMAN FERTILISATION AND EMBRYOLOGY This Order is a remedial order made under section 10 of the Human Rights Act 1998,"dc:title><dc:language>en</dc:language><dc:publisher>King's Printer of Acts of Parliament</dc:publisher><dc:modified>2019-12-02</dc:modified><dc:subject scheme=""SIheading"">HUMAN FERTILISATION AND EMBRYOLOGY</dc:subject>
					<dc:description>This Order is a remedial order made under section 10 of the Human Rights Act 1998. Its purpose is to remedy the incompatibility of section 54 of the Human Fertilisation and Embryology Act 2008 with the Convention Rights. Section 54 was found to be incompatible with those rights by the Court since the availability of a parental order under that section was li"
WS-01,ukpga/1998/42,,whole-act,enabling,SI,uksi/2018/1413,http://www.legislation.gov.uk/id/uksi/2018/1413,,true,http://www.legislation.gov.uk/id/ukpga/1998/42,[preamble-recital] 54(1) and (2) of the Human Fertilisation and Embryology Act 2008 have been declared to be incompatible with a Convention right under section 4 of the Human Rights Act 1998,"<SecondaryPreamble>
<IntroductoryText>
<P>
<Text>Section 54(1) and (2) of the Human Fertilisation and Embryology Act 2008<FootnoteRef Ref=""f00001""/> have been declared to be incompatible with a Convention right under section 4 of the Human Rights Act 1998<FootnoteRef Ref=""f00002""/>.</Text></P>
<P>
<Text>The time for bringing an appeal has expired and no appeal was made within that time.</Text></P>
<P>
<Text>The Secretary of State considers that there are compelling reasons for proceeding by way of a remedial Order under section 10 of the Human Right"
WS-01,ukpga/1998/42,section-4,whole-act,enabling,SI,uksi/2018/1413,http://www.legislation.gov.uk/id/uksi/2018/1413,,true,http://www.legislation.gov.uk/id/ukpga/1998/42,[preamble-recital] 54(1) and (2) of the Human Fertilisation and Embryology Act 2008 have been declared to be incompatible with a Convention right under section 4 of the Human Rights Act 1998,"<SecondaryPreamble>
<IntroductoryText>
<P>
<Text>Section 54(1) and (2) of the Human Fertilisation and Embryology Act 2008<FootnoteRef Ref=""f00001""/> have been declared to be incompatible with a Convention right under section 4 of the Human Rights Act 1998<FootnoteRef Ref=""f00002""/>.</Text></P>
<P>
<Text>The time for bringing an appeal has expired and no appeal was made within that time.</Text></P>
<P>
<Text>The Secretary of State considers that there are compelling reasons for proceeding by way of a remedial Order under section 10 of the Human Right"
WS-01,ukpga/1998/42,section-1,whole-act,text,SI,uksi/2018/330,http://www.legislation.gov.uk/id/uksi/2018/330,regulation-2,true,http://www.legislation.gov.uk/id/ukpga/1998/42,"a person with whom the Secretary of State has entered into a contract, by which the person agrees to provide certain services in connection with immigration or nationality to applicants;“Convention rights” means the rights identified as Convention rights by section 1 of the Human Rights Act 1998","ntract, by which the person agrees to provide certain services in connection with immigration or nationality to applicants;</Text></Para></ListItem><ListItem><Para><Text>“<Term id=""term-convention-rights"">Convention rights</Term>” means the rights identified as Convention rights by section 1 of the Human Rights Act 1998 <CommentaryRef Ref=""c22925051""/>;</Text></Para></ListItem><ListItem><Para><Text>“dependant” in respect of a person (“P”) means—</Text></Para><OrderedList Type=""alpha"" Decoration=""parens""><ListItem NumberOverride=""a""><Para><Text>the spouse or civil partner of P;</Text></Para></L"
WS-01,ukpga/1998/42,section-6,whole-act,text,SI,uksi/2018/330,http://www.legislation.gov.uk/id/uksi/2018/330,schedule-2-paragraph-1,true,http://www.legislation.gov.uk/id/ukpga/1998/42,other than an Article 3 or Refugee Convention application in which the applicant relies solely or primarily on a claim that to remove the applicant from the United Kingdom or to require the applicant to leave the United Kingdom would be unlawful under section 6 of the Human Rights Act 1998,"ra><Text>any other application other than an Article 3 or Refugee Convention application in which the applicant relies solely or primarily on a claim that to remove the applicant from the United Kingdom or to require the applicant to leave the United Kingdom would be unlawful under section 6 of the Human Rights Act 1998 <CommentaryRef Ref=""c22925291""/> (public authority not to act contrary to Convention rights);</Text></Para></ListItem></OrderedList></ListItem><ListItem><Para><Text><CommentaryRef Ref=""key-REDACTED-CLML-COMMENTARY-HANDLE""/>...</Text></Para></ListItem><ListItem><Para><Text><Com"
WS-01,ukpga/1998/42,section-6-1,whole-act,text,SI,uksi/2018/369,http://www.legislation.gov.uk/id/uksi/2018/369,schedule-2-paragraph-3,true,http://www.legislation.gov.uk/id/ukpga/1998/42,Subsection (1) does not apply to an act or omission shown to have been in bad faith. 3 Subsection (1) does not apply so as to prevent an award of damages made in respect of an act or omission on the ground that the act or omission was unlawful by virtue of section 6(1) of the Human Rights Act 1998,"t or omission shown to have been in bad faith.</Text>
</P2para>
</P2>
<P2>
<Pnumber>3</Pnumber>
<P2para><Text>Subsection (1) does not apply so as to prevent an award of damages made in respect of an act or omission on the ground that the act or omission was unlawful by virtue of section 6(1) of the Human Rights Act 1998<FootnoteRef Ref=""f00014""/>.</Text>
</P2para>
</P2>
<P2>
<Pnumber>4</Pnumber>
<P2para><Text>This section does not affect any other exemption from liability (whether at common law or otherwise).</Text>
</P2para>
</P2>
</P1para>
</P1>
</P1group>
<P1group>
<Title>Compensation</Titl"
WS-01,ukpga/1998/42,section-6-1,whole-act,text,SI,uksi/2018/437,http://www.legislation.gov.uk/id/uksi/2018/437,regulation-16,true,http://www.legislation.gov.uk/id/ukpga/1998/42,act or omission; or c so as to prevent an award of damages in respect of the act or omission on the ground that it was unlawful as a result of section 6(1) of the Human Rights Act 1998,"18/437/regulation/16/2/c"" IdURI=""http://www.legislation.gov.uk/id/uksi/2018/437/regulation/16/2/c"" id=""regulation-16-2-c"">
<Pnumber>c</Pnumber>
<P3para>
<Text>so as to prevent an award of damages in respect of the act or omission on the ground that it was unlawful as a result of section 6(1) of the Human Rights Act 1998<FootnoteRef Ref=""f00010""/> (acts of public authorities incompatible with Convention rights).</Text>
</P3para></P3>
</P2para>
</P2>
</P1para>
</P1>
</P1group>
<P1group RestrictExtent=""E+W+N.I."" RestrictStartDate=""2018-04-30"">
<Title>Time limit for bringing prosecution</Title>
<P"
WS-01,ukpga/1998/42,,whole-act,enabling,SI,uksi/2019/1164,http://www.legislation.gov.uk/id/uksi/2019/1164,,true,http://www.legislation.gov.uk/id/ukpga/1998/42,[preamble-recital] good character test in section 41A of the British Nationality Act 1981 has been declared under section 4 of the Human Rights Act 1998,"<SecondaryPreamble>
<IntroductoryText>
<P>
<Text>The good character test in section 41A of the British Nationality Act 1981<FootnoteRef Ref=""f00001""/> has been declared<FootnoteRef Ref=""f00002""/> under section 4 of the Human Rights Act 1998<FootnoteRef Ref=""f00003""/> to be incompatible with a Convention right<FootnoteRef Ref=""f00004""/>, in so far as it applies to applications for registration as a British citizen under sections 4C<FootnoteRef Ref=""f00005""/> and 4F to 4I<FootnoteRef Ref=""f00006""/> of the British Nationality Act 1981.</"
WS-01,ukpga/1998/42,section-4,whole-act,enabling,SI,uksi/2019/1164,http://www.legislation.gov.uk/id/uksi/2019/1164,,true,http://www.legislation.gov.uk/id/ukpga/1998/42,[preamble-recital] good character test in section 41A of the British Nationality Act 1981 has been declared under section 4 of the Human Rights Act 1998,"<SecondaryPreamble>
<IntroductoryText>
<P>
<Text>The good character test in section 41A of the British Nationality Act 1981<FootnoteRef Ref=""f00001""/> has been declared<FootnoteRef Ref=""f00002""/> under section 4 of the Human Rights Act 1998<FootnoteRef Ref=""f00003""/> to be incompatible with a Convention right<FootnoteRef Ref=""f00004""/>, in so far as it applies to applications for registration as a British citizen under sections 4C<FootnoteRef Ref=""f00005""/> and 4F to 4I<FootnoteRef Ref=""f00006""/> of the British Nationality Act 1981.</"
WS-01,ukpga/1998/42,section-6,whole-act,text,SI,uksi/2019/38,http://www.legislation.gov.uk/id/uksi/2019/38,regulation-14,true,http://www.legislation.gov.uk/id/ukpga/1998/42,"having regard to the operation of the law of the EEA State under which the measure was adopted or imposed or the proceedings were opened, a refusal to make the order (on application by the scheme manager or a UK creditor) would be unlawful under section 6 of the Human Rights Act 1998","number>c</Pnumber><P3para><Text>that having regard to the operation of the law of the EEA State under which the measure was adopted or imposed or the proceedings were opened, a refusal to make the order (on application by the scheme manager or a UK creditor) would be unlawful under section 6 of the Human Rights Act 1998 (public authority not to act incompatibly with European Convention on Human Rights).</Text></P3para></P3></P2para></P2><P2 DocumentURI=""http://www.legislation.gov.uk/uksi/2019/38/regulation/14/2"" IdURI=""http://www.legislation.gov.uk/id/uksi/2019/38/regulation/14/2"" id=""regulati"
WS-01,ukpga/1998/42,section-6,whole-act,text,SI,uksi/2019/38,http://www.legislation.gov.uk/id/uksi/2019/38,regulation-9,true,http://www.legislation.gov.uk/id/ukpga/1998/42,"having regard to the operation of the law of the EEA State under which the measure was adopted or imposed or the proceedings were opened, a refusal to make the order (on application by the Bank or a UK creditor) would be unlawful under section 6 of the Human Rights Act 1998","-9-2-c""><Pnumber>c</Pnumber><P3para><Text>that having regard to the operation of the law of the EEA State under which the measure was adopted or imposed or the proceedings were opened, a refusal to make the order (on application by the Bank or a UK creditor) would be unlawful under section 6 of the Human Rights Act 1998 <CommentaryRef Ref=""c23499781""/> (public authority not to act incompatibly with European Convention on Human Rights).</Text></P3para></P3></P2para></P2><P2 DocumentURI=""http://www.legislation.gov.uk/uksi/2019/38/regulation/9/3"" IdURI=""http://www.legislation.gov.uk/id/uksi/2019/"
WS-01,ukpga/1998/42,section-6,whole-act,text,SI,uksi/2019/465,http://www.legislation.gov.uk/id/uksi/2019/465,schedule-1-paragraph-10,true,http://www.legislation.gov.uk/id/ukpga/1998/42,in this Regulation and in other enactments providing for its affixing.4The rules for affixing the UK marking provided for in other enactments (including in Article 30 of RAMS) apply without prejudice to this Article.5A public authority within the meaning of section 6 of the Human Rights Act 1998,"<P1><Pnumber>4</Pnumber><P1para><Text>The rules for affixing the UK marking provided for in other enactments (including in Article 30 of RAMS) apply without prejudice to this Article.</Text></P1para></P1><P1><Pnumber>5</Pnumber><P1para><Text>A public authority within the meaning of section 6 of the Human Rights Act 1998 <CommentaryRef Ref=""c23684281""/> may not impose rules or conditions impeding the use of a construction product bearing the UK marking, or the CE marking <Addition ChangeId=""key-REDACTED-CLML-COMMENTARY-HANDLE-1629214469630"" CommentaryRef=""key-REDACTED-CLML-COMMENTARY-HANDLE"">"
WS-01,ukpga/1998/42,section-6-1,whole-act,markup,SI,uksi/2019/567,http://www.legislation.gov.uk/id/uksi/2019/567,schedule-paragraph-8,true,http://www.legislation.gov.uk/id/ukpga/1998/42,subsection (3)(b). 8 In section 961(3) (extent of exemption from liability in damages) for “section 6(1) of the Human Rights Act 1998 (c. 42),"tion.gov.uk/uksi/2019/567/schedule/paragraph/8/made"" IdURI=""http://www.legislation.gov.uk/id/uksi/2019/567/schedule/paragraph/8"" id=""schedule-paragraph-8"">
<Pnumber>8</Pnumber>
<P1para>
<Text>In section 961(3) (extent of exemption from liability in damages) for “section 6(1) of the Human Rights Act <Citation URI=""http://www.legislation.gov.uk/id/ukpga/1998/42"" id=""c00001"" Class=""UnitedKingdomPublicGeneralAct"" Year=""1998"" Number=""0042"">1998 (c. 42)</Citation>” substitute “section 6(1) of the Human Rights Act 2001 (an Act of Tynwald: AT 1 of 2001)”.</Text>
</P1para>
</P1>
<P1 DocumentURI=""http:/"
WS-01,ukpga/1998/42,section-6-1,whole-act,text,SI,uksi/2019/567,http://www.legislation.gov.uk/id/uksi/2019/567,schedule-paragraph-8,true,http://www.legislation.gov.uk/id/ukpga/1998/42,omit subsection (3)(b). 8 In section 961(3) (extent of exemption from liability in damages) for “section 6(1) of the Human Rights Act 1998,"ttp://www.legislation.gov.uk/uksi/2019/567/schedule/paragraph/8/made"" IdURI=""http://www.legislation.gov.uk/id/uksi/2019/567/schedule/paragraph/8"" id=""schedule-paragraph-8"">
<Pnumber>8</Pnumber>
<P1para>
<Text>In section 961(3) (extent of exemption from liability in damages) for “section 6(1) of the Human Rights Act <Citation URI=""http://www.legislation.gov.uk/id/ukpga/1998/42"" id=""c00001"" Class=""UnitedKingdomPublicGeneralAct"" Year=""1998"" Number=""0042"">1998 (c. 42)</Citation>” substitute “section 6(1) of the Human Rights Act 2001 (an Act of Tynwald: AT 1 of 2001)”.</Text>
</P1para>
</P1>
<P1 Do"
WS-01,ukpga/1998/42,,whole-act,enabling,SI,uksi/2020/1023,http://www.legislation.gov.uk/id/uksi/2020/1023,,true,http://www.legislation.gov.uk/id/ukpga/1998/42,[preamble-recital] damages that may be awarded in respect of a claim for bereavement under section 1A of the Fatal Accidents Act 1976 have been declared under section 4 of the Human Rights Act 1998,"<SecondaryPreamble>
<IntroductoryText>
<P>
<Text>The damages that may be awarded in respect of a claim for bereavement under section 1A of the Fatal Accidents Act 1976<FootnoteRef Ref=""f00001""/> have been declared<FootnoteRef Ref=""f00002""/> under section 4 of the Human Rights Act 1998<FootnoteRef Ref=""f00003""/> to be incompatible with a Convention right<FootnoteRef Ref=""f00004""/>.</Text></P>
<P>
<Text>The time for bringing an appeal has expired and no appeal was made within that time.</Text></P>
<P>
<Text>The Secretary of State considers that there are compelling reasons for pro"
WS-01,ukpga/1998/42,section-4,whole-act,enabling,SI,uksi/2020/1023,http://www.legislation.gov.uk/id/uksi/2020/1023,,true,http://www.legislation.gov.uk/id/ukpga/1998/42,[preamble-recital] damages that may be awarded in respect of a claim for bereavement under section 1A of the Fatal Accidents Act 1976 have been declared under section 4 of the Human Rights Act 1998,"<SecondaryPreamble>
<IntroductoryText>
<P>
<Text>The damages that may be awarded in respect of a claim for bereavement under section 1A of the Fatal Accidents Act 1976<FootnoteRef Ref=""f00001""/> have been declared<FootnoteRef Ref=""f00002""/> under section 4 of the Human Rights Act 1998<FootnoteRef Ref=""f00003""/> to be incompatible with a Convention right<FootnoteRef Ref=""f00004""/>.</Text></P>
<P>
<Text>The time for bringing an appeal has expired and no appeal was made within that time.</Text></P>
<P>
<Text>The Secretary of State considers that there are compelling reasons for pro"
WS-01,ukpga/1998/42,section-1,whole-act,text,SI,uksi/2020/1085,http://www.legislation.gov.uk/id/uksi/2020/1085,article-2,true,http://www.legislation.gov.uk/id/ukpga/1998/42,"for Work Pensions [2016] EWCA Civ 413, the Court of Appeal on 29th April 2016 made a declaration under section 4 of the Human Rights Act 1998 that the 2013 Act is incompatible with article 6(1) of the European Convention on Human Rights, as given effect by section 1 of the Human Rights Act 1998","etary of State for Work Pensions</Emphasis> [2016] EWCA Civ 413, the Court of Appeal on 29th April 2016 made a declaration under section 4 of the Human Rights Act 1998 that the 2013 Act is incompatible with article 6(1) of the European Convention on Human Rights, as given effect by section 1 of the Human Rights Act 1998, in the case of a claimant in the proceedings and “in the cases of all other JSA claimants who had filed appeals against sanctions imposed under the 2011 Regulations prior to its [the 2013 Act’s] coming into force”.</Text></P>
<P><Text>In order to remove the incompatibility, ar"
WS-01,ukpga/1998/42,section-4,whole-act,text,SI,uksi/2020/1085,http://www.legislation.gov.uk/id/uksi/2020/1085,article-2,true,http://www.legislation.gov.uk/id/ukpga/1998/42,"and Scotland. In the case of R (on the application of Reilly and another) v Secretary of State for Work & Pensions; Jeffrey and another v Secretary of State for Work Pensions [2016] EWCA Civ 413, the Court of Appeal on 29th April 2016 made a declaration under section 4 of the Human Rights Act 1998","P>
<P><Text>In the case of <Emphasis>R (on the application of Reilly and another) v Secretary of State for Work &amp; Pensions; Jeffrey and another v Secretary of State for Work Pensions</Emphasis> [2016] EWCA Civ 413, the Court of Appeal on 29th April 2016 made a declaration under section 4 of the Human Rights Act 1998 that the 2013 Act is incompatible with article 6(1) of the European Convention on Human Rights, as given effect by section 1 of the Human Rights Act 1998, in the case of a claimant in the proceedings and “in the cases of all other JSA claimants who had filed appeals against san"
WS-01,ukpga/1998/42,,whole-act,enabling,SI,uksi/2020/1085,http://www.legislation.gov.uk/id/uksi/2020/1085,,true,http://www.legislation.gov.uk/id/ukpga/1998/42,[preamble-recital] Jobseekers (Back to Work Schemes) Act 2013 has been declared under section 4 of the Human Rights Act 1998,"<SecondaryPreamble>
<IntroductoryText>
<P>
<Text>The Jobseekers (Back to Work Schemes) Act 2013<FootnoteRef Ref=""f00001""/> has been declared<FootnoteRef Ref=""f00002""/> under section 4 of the Human Rights Act 1998<FootnoteRef Ref=""f00003""/> to be incompatible with a Convention right<FootnoteRef Ref=""f00004""/>.</Text></P>
<P>
<Text>The Secretary of State considers that there are compelling reasons for proceeding by way of remedial order<FootnoteRef Ref=""f00005""/> to make such amendments to the Jobseekers (Bac"
WS-01,ukpga/1998/42,section-4,whole-act,enabling,SI,uksi/2020/1085,http://www.legislation.gov.uk/id/uksi/2020/1085,,true,http://www.legislation.gov.uk/id/ukpga/1998/42,[preamble-recital] Jobseekers (Back to Work Schemes) Act 2013 has been declared under section 4 of the Human Rights Act 1998,"<SecondaryPreamble>
<IntroductoryText>
<P>
<Text>The Jobseekers (Back to Work Schemes) Act 2013<FootnoteRef Ref=""f00001""/> has been declared<FootnoteRef Ref=""f00002""/> under section 4 of the Human Rights Act 1998<FootnoteRef Ref=""f00003""/> to be incompatible with a Convention right<FootnoteRef Ref=""f00004""/>.</Text></P>
<P>
<Text>The Secretary of State considers that there are compelling reasons for proceeding by way of remedial order<FootnoteRef Ref=""f00005""/> to make such amendments to the Jobseekers (Bac"
WS-01,ukpga/1998/42,section-1,whole-act,text,SI,uksi/2020/1087,http://www.legislation.gov.uk/id/uksi/2020/1087,schedule-1-regulation-2,true,http://www.legislation.gov.uk/id/ukpga/1998/42,"be the chief inspector under section 71(3) of the Police and Fire Reform (Scotland) Act 2012; “conduct” includes acts, omissions, statements and decisions (whether actual, alleged or inferred);“Convention rights” has the meaning given to it in section 1 of the Human Rights Act 1998","ition> </Text></Para></ListItem></OrderedList></Para></ListItem><ListItem><Para><Text>“conduct” includes acts, omissions, statements and decisions (whether actual, alleged or inferred);</Text></Para></ListItem><ListItem><Para><Text>“Convention rights” has the meaning given to it in section 1 of the Human Rights Act 1998<FootnoteRef Ref=""f00020""/>;</Text></Para></ListItem><ListItem><Para><Text>“criminal proceedings” means—</Text><OrderedList Decoration=""parens"" Type=""alpha""><ListItem><Para><Text>any prospective criminal proceedings, or</Text></Para></ListItem><ListItem><Para><Text>all criminal "
WS-01,ukpga/1998/42,,whole-act,text,SI,uksi/2020/1160,http://www.legislation.gov.uk/id/uksi/2020/1160,article-1,true,http://www.legislation.gov.uk/id/ukpga/1998/42,"IdURI=""http://www.legislation.gov.uk/id/uksi/2020/1160/article/1"" id=""article-1""> 1 1 This Order may be cited as the Human Rights Act 1998","2020/1160/article/1"" id=""article-1"">
<Pnumber>1</Pnumber>
<P1para>
<P2 DocumentURI=""http://www.legislation.gov.uk/uksi/2020/1160/article/1/1/made"" IdURI=""http://www.legislation.gov.uk/id/uksi/2020/1160/article/1/1"" id=""article-1-1"">
<Pnumber>1</Pnumber>
<P2para>
<Text>This Order may be cited as the Human Rights Act 1998 (Remedial) Order 2020.</Text>
</P2para>
</P2>
<P2 DocumentURI=""http://www.legislation.gov.uk/uksi/2020/1160/article/1/2/made"" IdURI=""http://www.legislation.gov.uk/id/uksi/2020/1160/article/1/2"" id=""article-1-2"">
<Pnumber>2</Pnumber>
<P2para>
<Text>This Order comes into force on"
WS-01,ukpga/1998/42,,whole-act,text,SI,uksi/2020/1160,http://www.legislation.gov.uk/id/uksi/2020/1160,article-1,true,http://www.legislation.gov.uk/id/ukpga/1998/42,Act 1998 (Remedial) Order 2020. 2 This Order comes into force on the day after the day on which it is made. Amendment of the Human Rights Act 1998,".uk/uksi/2020/1160/article/1/2/made"" IdURI=""http://www.legislation.gov.uk/id/uksi/2020/1160/article/1/2"" id=""article-1-2"">
<Pnumber>2</Pnumber>
<P2para>
<Text>This Order comes into force on the day after the day on which it is made.</Text>
</P2para>
</P2>
</P1para>
</P1>
</P1group>
<P1group>
<Title>Amendment of the Human Rights Act 1998</Title>
<P1 DocumentURI=""http://www.legislation.gov.uk/uksi/2020/1160/article/2/made"" IdURI=""http://www.legislation.gov.uk/id/uksi/2020/1160/article/2"" id=""article-2"">
<Pnumber>2</Pnumber>
<P1para>
<P2 DocumentURI=""http://www.legislation.gov.uk/uksi/2020/1160/a"
WS-01,ukpga/1998/42,section-9,whole-act,text,SI,uksi/2020/1160,http://www.legislation.gov.uk/id/uksi/2020/1160,article-2,true,http://www.legislation.gov.uk/id/ukpga/1998/42,"IdURI=""http://www.legislation.gov.uk/id/uksi/2020/1160/article/2"" id=""article-2""> 2 1 In section 9 of the Human Rights Act 1998","uk/id/uksi/2020/1160/article/2"" id=""article-2"">
<Pnumber>2</Pnumber>
<P1para>
<P2 DocumentURI=""http://www.legislation.gov.uk/uksi/2020/1160/article/2/1/made"" IdURI=""http://www.legislation.gov.uk/id/uksi/2020/1160/article/2/1"" id=""article-2-1"">
<Pnumber>1</Pnumber>
<P2para>
<Text>In section 9 of the Human Rights Act 1998 (judicial acts), for subsection (3), substitute—</Text>
<BlockAmendment Context=""main"" TargetClass=""primary"" TargetSubClass=""unknown"" Format=""double"">
<P2>
<Pnumber>3</Pnumber>
<P2para>
<Text>In proceedings under this Act in respect of a judicial act done in good faith, damages"
WS-01,ukpga/1998/42,,whole-act,text,SI,uksi/2020/1160,http://www.legislation.gov.uk/id/uksi/2020/1160,article-2,true,http://www.legislation.gov.uk/id/ukpga/1998/42,October 2020 EXPLANATORY NOTE (This note is not part of the Order) This Order amends the Human Rights Act 1998,"
<ExplanatoryNotes DocumentURI=""http://www.legislation.gov.uk/uksi/2020/1160/note/made"" IdURI=""http://www.legislation.gov.uk/id/uksi/2020/1160/note"">
<Title>EXPLANATORY NOTE</Title>
<Comment>
<Para>
<Text>(This note is not part of the Order)</Text>
</Para>
</Comment>
<P>
<Text>This Order amends the Human Rights Act 1998 (“HRA”) to address a finding of the European Court of Human Rights of a breach of Article 13 of the European Convention on Human Rights (“Convention”) in the case of <Emphasis>Hammerton v United Kingdom</Emphasis> (Application no. 6287/10).</Text>
</P>
<P>
<Text>Article 2 of th"
WS-01,ukpga/1998/42,,whole-act,text,SI,uksi/2020/1160,http://www.legislation.gov.uk/id/uksi/2020/1160,,true,http://www.legislation.gov.uk/id/ukpga/1998/42,"Value=""final""/> The Human Rights Act 1998","Value=""2020""/><ukm:Number Value=""1160""/><ukm:Made Date=""2020-10-20""/><ukm:ComingIntoForce>
<ukm:DateTime Date=""2020-10-21""/>
</ukm:ComingIntoForce><ukm:ISBN Value=""9780348214222""/></ukm:SecondaryMetadata>
					<ukm:Supersedes URI=""http://www.legislation.gov.uk/id/ukdsi/2019/9780111190623""><dc:title>The Human Rights Act 1998 (Remedial) Order 2019</dc:title><ukm:DocumentMainType Value=""UnitedKingdomDraftStatutoryInstrument""/><ukm:Year Value=""2019""/><ukm:ISBN Value=""9780111190623""/></ukm:Supersedes>

                    
									<ukm:Notes><ukm:Note IdURI=""http://www.legislation.gov.uk/id/uksi/2"
WS-01,ukpga/1998/42,,whole-act,enabling,SI,uksi/2020/1160,http://www.legislation.gov.uk/id/uksi/2020/1160,,true,http://www.legislation.gov.uk/id/ukpga/1998/42,"[preamble-recital] appears to the Secretary of State, following a finding of the European Court of Human Rights in proceedings against the United Kingdom , that section 9 of the Human Rights Act 1998","<SecondaryPreamble>
<IntroductoryText>
<P>
<Text>It appears to the Secretary of State, following a finding of the European Court of Human Rights in proceedings against the United Kingdom<FootnoteRef Ref=""f00001""/>, that section 9 of the Human Rights Act 1998<FootnoteRef Ref=""f00002""/> is incompatible with an obligation of the United Kingdom arising from the Convention<FootnoteRef Ref=""f00003""/>.</Text>
</P>
<P>
<Text>The Secretary of State considers that there are compelling reasons for proceeding by way of a remedial order<FootnoteRef Ref=""f00004""/> t"
WS-01,ukpga/1998/42,section-9,whole-act,enabling,SI,uksi/2020/1160,http://www.legislation.gov.uk/id/uksi/2020/1160,,true,http://www.legislation.gov.uk/id/ukpga/1998/42,"[preamble-recital] appears to the Secretary of State, following a finding of the European Court of Human Rights in proceedings against the United Kingdom , that section 9 of the Human Rights Act 1998","<SecondaryPreamble>
<IntroductoryText>
<P>
<Text>It appears to the Secretary of State, following a finding of the European Court of Human Rights in proceedings against the United Kingdom<FootnoteRef Ref=""f00001""/>, that section 9 of the Human Rights Act 1998<FootnoteRef Ref=""f00002""/> is incompatible with an obligation of the United Kingdom arising from the Convention<FootnoteRef Ref=""f00003""/>.</Text>
</P>
<P>
<Text>The Secretary of State considers that there are compelling reasons for proceeding by way of a remedial order<FootnoteRef Ref=""f00004""/> t"
WS-01,ukpga/1998/42,,whole-act,text,SI,uksi/2020/1160,http://www.legislation.gov.uk/id/uksi/2020/1160,,true,http://www.legislation.gov.uk/id/ukpga/1998/42,"http://www.legislation.gov.uk/schema/legislation.xsd"" SchemaVersion=""1.0""> http://www.legislation.gov.uk/uksi/2020/1160/made The Human Rights Act 1998","1.0""><ukm:Metadata xmlns:dc=""http://purl.org/dc/elements/1.1/"" xmlns:dct=""http://purl.org/dc/terms/"" xmlns:atom=""http://www.w3.org/2005/Atom"" xmlns:ukm=""http://www.legislation.gov.uk/namespaces/metadata"">
					<dc:identifier>http://www.legislation.gov.uk/uksi/2020/1160/made</dc:identifier><dc:title>The Human Rights Act 1998 (Remedial) Order 2020</dc:title><dc:language>en</dc:language><dc:publisher>King's Printer of Acts of Parliament</dc:publisher><dc:modified>2020-10-23</dc:modified><dc:subject scheme=""SIheading"">HUMAN RIGHTS</dc:subject>
					<dc:description>This Order amends the Human Right"
WS-01,ukpga/1998/42,,whole-act,text,SI,uksi/2020/1160,http://www.legislation.gov.uk/id/uksi/2020/1160,,true,http://www.legislation.gov.uk/id/ukpga/1998/42,http://www.legislation.gov.uk/uksi/2020/1160/madeThe Human Rights Act 1998 (Remedial) Order 2020enKing's Printer of Acts of Parliament2020-10-23HUMAN RIGHTS This Order amends the Human Rights Act 1998,"><dc:title>The Human Rights Act 1998 (Remedial) Order 2020</dc:title><dc:language>en</dc:language><dc:publisher>King's Printer of Acts of Parliament</dc:publisher><dc:modified>2020-10-23</dc:modified><dc:subject scheme=""SIheading"">HUMAN RIGHTS</dc:subject>
					<dc:description>This Order amends the Human Rights Act 1998 (“HRA”) to address a finding of the European Court of Human Rights of a breach of Article 13 of the European Convention on Human Rights (“Convention”) in the case of Hammerton v United Kingdom (Application no. 6287/10).</dc:description>
					<atom:link rel=""self"" href=""http://w"
WS-01,ukpga/1998/42,,whole-act,text,SI,uksi/2020/1160,http://www.legislation.gov.uk/id/uksi/2020/1160,,true,http://www.legislation.gov.uk/id/ukpga/1998/42,"Value=""0""/> 2020 No. 1160 Human Rights The Human Rights Act 1998","ue=""0""/>
								</ukm:Statistics>
				</ukm:Metadata><Secondary>
<SecondaryPrelims DocumentURI=""http://www.legislation.gov.uk/uksi/2020/1160/introduction/made"" IdURI=""http://www.legislation.gov.uk/id/uksi/2020/1160/introduction"">
<Number>2020 No. 1160</Number>
<SubjectInformation>
<Subject>
<Title>Human Rights</Title>
</Subject>
</SubjectInformation>
<Title>The Human Rights Act 1998 (Remedial) Order 2020</Title>
<MadeDate>
<Text>Made</Text>
<DateText>20th October 2020</DateText>
</MadeDate>
<ComingIntoForce>
<Text>Coming into force</Text>
<DateText>21st October 2020</DateText>
</ComingIntoFor"
WS-01,ukpga/1998/42,section-6-1,whole-act,text,SI,uksi/2020/1265,http://www.legislation.gov.uk/id/uksi/2020/1265,schedule-5A-paragraph-8A,true,http://www.legislation.gov.uk/id/ukpga/1998/42,"CommentaryRef=""key-REDACTED-CLML-COMMENTARY-HANDLE"">so as to prevent an award of damages made in respect of an act or omission on the ground that the act or omission was unlawful as a result of section 6(1) of the Human Rights Act 1998","c5410f873df""><Addition ChangeId=""key-REDACTED-CLML-COMMENTARY-HANDLE-1652884509570"" CommentaryRef=""key-REDACTED-CLML-COMMENTARY-HANDLE"">so as to prevent an award of damages made in respect of an act or omission on the ground that the act or omission was unlawful as a result of section 6(1) of the Human Rights Act 1998.</Addition></Addition></Text></P3para></P3></P2para></P2></P1para></P1></P1group></Part><Part DocumentURI=""http://www.legislation.gov.uk/uksi/2020/1265/schedule/5A/part/3"" IdURI=""http://www.legislation.gov.uk/id/uksi/2020/1265/schedule/5A/part/3"" NumberOfProvisions=""24"" id=""sch"
WS-01,ukpga/1998/42,,whole-act,text,SI,uksi/2020/2,http://www.legislation.gov.uk/id/uksi/2020/2,regulation-32,true,http://www.legislation.gov.uk/id/ukpga/1998/42,"a person serving with the police, or ii would not involve an infringement of a person’s rights under Article 2 or 3 of the Convention (within the meaning of the Human Rights Act 1998","ation.gov.uk/uksi/2020/2/regulation/32/b/ii"" IdURI=""http://www.legislation.gov.uk/id/uksi/2020/2/regulation/32/b/ii"" id=""regulation-32-b-ii"">
<Pnumber>ii</Pnumber>
<P4para>
<Text>would not involve an infringement of a person’s rights under Article 2 or 3 of the Convention (within the meaning of the Human Rights Act 1998);</Text>
</P4para></P4>
</P3para></P3>
<P3 DocumentURI=""http://www.legislation.gov.uk/uksi/2020/2/regulation/32/c"" IdURI=""http://www.legislation.gov.uk/id/uksi/2020/2/regulation/32/c"" id=""regulation-32-c"">
<Pnumber>c</Pnumber>
<P3para>
<Text>that has been, or must be, referred "
WS-01,ukpga/1998/42,,whole-act,text,SI,uksi/2020/2,http://www.legislation.gov.uk/id/uksi/2020/2,regulation-6,true,http://www.legislation.gov.uk/id/ukpga/1998/42,or ii there may have been an infringement of a person’s rights under Article 2 or 3 of the Convention (within the meaning of the Human Rights Act 1998,"tion/6/b/ii"" IdURI=""http://www.legislation.gov.uk/id/uksi/2020/2/regulation/6/b/ii"" id=""regulation-6-b-ii"">
<Pnumber>ii</Pnumber>
<P4para>
<Text>there may have been an infringement of a person’s rights under Article 2 or 3 of the</Text>
</P4para>
<P4para>
<Text>Convention (within the meaning of the Human Rights Act 1998<FootnoteRef Ref=""f00032""/>);</Text>
</P4para></P4>
</P3para></P3>
<P3 DocumentURI=""http://www.legislation.gov.uk/uksi/2020/2/regulation/6/c"" IdURI=""http://www.legislation.gov.uk/id/uksi/2020/2/regulation/6/c"" id=""regulation-6-c"">
<Pnumber>c</Pnumber>
<P3para>
<Text>there is no "
WS-01,ukpga/1998/42,,whole-act,text,SI,uksi/2020/317,http://www.legislation.gov.uk/id/uksi/2020/317,regulation-4,true,http://www.legislation.gov.uk/id/ukpga/1998/42,which amends section 71 of the Northern Ireland Act 1998 (restrictions on proceedings) concerning the Northern Ireland Human Rights Commission’s ‘own motion’ standing powers to challenge the compatibility of legislation with the European Convention on Human Rights through the Human Rights Act 1998,"Schedule 3 to the Act, which amends section 71 of the Northern Ireland Act 1998 (restrictions on proceedings) concerning the Northern Ireland Human Rights Commission’s ‘own motion’ standing powers to challenge the compatibility of legislation with the European Convention on Human Rights through the Human Rights Act 1998.</Text></P>
</ExplanatoryNotes>
<EarlierOrders DocumentURI=""http://www.legislation.gov.uk/uksi/2020/317/earlier-orders/made"" IdURI=""http://www.legislation.gov.uk/id/uksi/2020/317/earlier-orders"">
<Title>NOTE AS TO EARLIER COMMENCEMENT REGULATIONS</Title>
<Comment>
<Para><Text>("
WS-01,ukpga/1998/42,section-6,whole-act,text,SI,uksi/2020/61,http://www.legislation.gov.uk/id/uksi/2020/61,regulation-15,true,http://www.legislation.gov.uk/id/ukpga/1998/42,"IdURI=""http://www.legislation.gov.uk/id/uksi/2020/61/regulation/15/4/b"" id=""regulation-15-4-b"">bdespite the appeals process in relation to the national security decision not having been begun or not having been exhausted,would not be unlawful under section 6 of the Human Rights Act 1998","ion.gov.uk/id/uksi/2020/61/regulation/15/4/b"" id=""regulation-15-4-b""><Pnumber>b</Pnumber><P3para><Text>despite the appeals process in relation to the national security decision not having been begun or not having been exhausted,</Text></P3para></P3><Text>would not be unlawful under section 6 of the Human Rights Act 1998.</Text></P2para></P2><P2 DocumentURI=""http://www.legislation.gov.uk/uksi/2020/61/regulation/15/5"" IdURI=""http://www.legislation.gov.uk/id/uksi/2020/61/regulation/15/5"" id=""regulation-15-5""><Pnumber>5</Pnumber><P2para><Text>The grounds upon which a certificate may be given under"
WS-01,ukpga/1998/42,section-6,whole-act,text,SI,uksi/2020/61,http://www.legislation.gov.uk/id/uksi/2020/61,regulation-16,true,http://www.legislation.gov.uk/id/ukpga/1998/42,"IdURI=""http://www.legislation.gov.uk/id/uksi/2020/61/regulation/16/3/b"" id=""regulation-16-3-b"">bdespite the appeals process in relation to the relevant appealable decision not having been begun or not having been exhausted,would not be unlawful under section 6 of the Human Rights Act 1998","n.gov.uk/id/uksi/2020/61/regulation/16/3/b"" id=""regulation-16-3-b""><Pnumber>b</Pnumber><P3para><Text>despite the appeals process in relation to the relevant appealable decision not having been begun or not having been exhausted,</Text></P3para></P3><Text>would not be unlawful under section 6 of the Human Rights Act 1998.</Text></P2para></P2><P2 DocumentURI=""http://www.legislation.gov.uk/uksi/2020/61/regulation/16/4"" IdURI=""http://www.legislation.gov.uk/id/uksi/2020/61/regulation/16/4"" id=""regulation-16-4""><Pnumber>4</Pnumber><P2para><Text>The grounds upon which a certificate may be given under"
WS-01,ukpga/1998/42,section-6,whole-act,text,SI,uksi/2020/61,http://www.legislation.gov.uk/id/uksi/2020/61,regulation-16A,true,http://www.legislation.gov.uk/id/ukpga/1998/42,"CommentaryRef=""key-REDACTED-CLML-COMMENTARY-HANDLE"">despite the appeals process in relation to the relevant appealable decision having not been begun or not having been exhausted,would not be unlawful under section 6 of the Human Rights Act 1998","tion to the relevant appealable decision having not been begun or not having been exhausted,</Addition></Text></P3para></P3><Text><Addition ChangeId=""key-REDACTED-CLML-COMMENTARY-HANDLE-1686732381662"" CommentaryRef=""key-REDACTED-CLML-COMMENTARY-HANDLE"">would not be unlawful under section 6 of the Human Rights Act 1998.</Addition></Text></P2para></P2><P2 DocumentURI=""http://www.legislation.gov.uk/uksi/2020/61/regulation/16A/4"" IdURI=""http://www.legislation.gov.uk/id/uksi/2020/61/regulation/16A/4"" id=""regulation-16A-4""><Pnumber><Addition ChangeId=""key-REDACTED-CLML-COMMENTARY-HANDLE-168673238"
WS-01,ukpga/1998/42,section-6,whole-act,text,SI,uksi/2020/928,http://www.legislation.gov.uk/id/uksi/2020/928,article-4,true,http://www.legislation.gov.uk/id/ukpga/1998/42,"the opinion of the border department, important to that determination; v an assessment of how the carrying out of the development will comply with section 6 of the Human Rights Act 1998"," DocumentURI=""http://www.legislation.gov.uk/uksi/2020/928/article/4/2/n/v/made"" IdURI=""http://www.legislation.gov.uk/id/uksi/2020/928/article/4/2/n/v"" id=""article-4-2-n-v"">
<Pnumber>v</Pnumber>
<P4para>
<Text>an assessment of how the carrying out of the development will comply with section 6 of the Human Rights Act 1998<FootnoteRef Ref=""f00010""/>; and</Text>
</P4para></P4>
<P4 DocumentURI=""http://www.legislation.gov.uk/uksi/2020/928/article/4/2/n/vi/made"" IdURI=""http://www.legislation.gov.uk/id/uksi/2020/928/article/4/2/n/vi"" id=""article-4-2-n-vi"">
<Pnumber>vi</Pnumber>
<P4para>
<Text>a descri"
WS-01,ukpga/1998/42,,whole-act,markup,SI,uksi/2021/1277,http://www.legislation.gov.uk/id/uksi/2021/1277,article-10,true,http://www.legislation.gov.uk/id/ukpga/1998/42,"after sub-paragraph (a)(iii) insert— iv the UK authority’s purpose, and e in sub-paragraph (b), for “Human Rights Act 1998 (c.42)","mat=""double"" TargetClass=""unknown"" TargetSubClass=""unknown"">
<P4>
<Pnumber>iv</Pnumber>
<P4para><Text>the UK authority’s purpose,</Text></P4para>
</P4>
</BlockAmendment>
<AppendText> and</AppendText>
</P3para>
</P3>
<P3>
<Pnumber>e</Pnumber>
<P3para><Text>in sub-paragraph (b), for “Human Rights Act <Citation URI=""http://www.legislation.gov.uk/id/ukpga/1998/42"" id=""c00001"" Class=""UnitedKingdomPublicGeneralAct"" Year=""1998"" Number=""0042"">1998 (c.42)</Citation>” substitute <InlineAmendment>“Human Rights Act 2001 (an Act of Tynwald)”</InlineAmendment>.</Text>
</P3para>
</P3>
</P2para>
</P2>
</Block"
WS-01,ukpga/1998/42,,whole-act,text,SI,uksi/2021/1277,http://www.legislation.gov.uk/id/uksi/2021/1277,article-10,true,http://www.legislation.gov.uk/id/ukpga/1998/42,"after sub-paragraph (a)(iii) insert— iv the UK authority’s purpose, and e in sub-paragraph (b), for “ Human Rights Act 1998","ext=""unknown"" Format=""double"" TargetClass=""unknown"" TargetSubClass=""unknown"">
<P4>
<Pnumber>iv</Pnumber>
<P4para><Text>the UK authority’s purpose,</Text></P4para>
</P4>
</BlockAmendment>
<AppendText> and</AppendText>
</P3para>
</P3>
<P3>
<Pnumber>e</Pnumber>
<P3para><Text>in sub-paragraph (b), for “Human Rights Act <Citation URI=""http://www.legislation.gov.uk/id/ukpga/1998/42"" id=""c00001"" Class=""UnitedKingdomPublicGeneralAct"" Year=""1998"" Number=""0042"">1998 (c.42)</Citation>” substitute <InlineAmendment>“Human Rights Act 2001 (an Act of Tynwald)”</InlineAmendment>.</Text>
</P3para>
</P3>
</P2pa"
WS-01,ukpga/1998/42,section-6,whole-act,text,SI,uksi/2021/1281,http://www.legislation.gov.uk/id/uksi/2021/1281,article-16,true,http://www.legislation.gov.uk/id/ukpga/1998/42,5A: heading (see the 2014 Act s.19)(No modification)Section 117A: heading (see the 2014 Act s.19)(No modification)Section 117A as inserted by the 2014 Act s.19In subsection (1)(b) for “section 6 of the Human Rights Act 1998,"</td></tr><tr><td colspan=""1"" rowspan=""1"">Section 117A: heading (see the 2014 Act s.19)</td><td colspan=""1"" rowspan=""1"">(No modification)</td></tr><tr><td colspan=""1"" rowspan=""1"">Section 117A as inserted by the 2014 Act s.19</td><td colspan=""1"" rowspan=""1"">In subsection (1)(b) for “section 6 of the Human Rights Act 1998” substitute “Article 7 of the Human Rights (Jersey) Law 2000”.</td></tr><tr><td colspan=""1"" rowspan=""1"">Section 117B: heading (see the 2014 Act s.19)</td><td colspan=""1"" rowspan=""1"">(No modification)</td></tr><tr><td colspan=""1"" rowspan=""1"">Section 117B as inserted by the 2014 "
WS-01,ukpga/1998/42,,whole-act,text,SI,uksi/2021/1281,http://www.legislation.gov.uk/id/uksi/2021/1281,article-16,true,http://www.legislation.gov.uk/id/ukpga/1998/42,in Schedule 7A. In subsection (7) – (a) for “Secretary of State may make an order” substitute “Minister may make an Order”; (b) for “ Human Rights Act 1998," Schedule 7A.</leg:Text></leg:Para>
<leg:Para><leg:Text>In subsection (7) –</leg:Text></leg:Para>
<leg:Para><leg:Text>(a) for “Secretary of State may make an order” substitute <leg:InlineAmendment>“Minister may make an Order”</leg:InlineAmendment>;</leg:Text></leg:Para>
<leg:Para><leg:Text>(b) for “Human Rights Act <leg:Citation URI=""http://www.legislation.gov.uk/id/ukpga/1998/42"" id=""c00003"" Class=""UnitedKingdomPublicGeneralAct"" Year=""1998"" Number=""0042"">1998 (c. 42)</leg:Citation>” substitute <leg:InlineAmendment>“Human Rights (Jersey) Law 2000”</leg:InlineAmendment>.</leg:Text></leg:Para>
<"
WS-01,ukpga/1998/42,section-6-1,whole-act,text,SI,uksi/2021/1455,http://www.legislation.gov.uk/id/uksi/2021/1455,article-23,true,http://www.legislation.gov.uk/id/ukpga/1998/42,Sub-paragraph (1) does not apply— a if the act or omission is shown to have been in bad faith; or b so as to prevent an award of damages made in respect of an act or omission on the ground that the act or omission was unlawful as a result of section 6(1) of the Human Rights Act 1998,"P3para><Text>if the act or omission is shown to have been in bad faith; or</Text>
</P3para>
</P3>
<P3>
<Pnumber>b</Pnumber>
<P3para><Text>so as to prevent an award of damages made in respect of an act or omission on the ground that the act or omission was unlawful as a result of section 6(1) of the Human Rights Act 1998<FootnoteRef Ref=""f00009""/>.</Text>
</P3para>
</P3>
</P2para>
</P2>
</P1para>
</P1>
</P1group>
</BlockAmendment>
<AppendText>.</AppendText>
</P2para>
</P2>
</P2group>
<P2group>
<Title>Paragraph 22 amended (transfer reversals)</Title>
<P2 DocumentURI=""http://www.legislation.gov.u"
WS-01,ukpga/1998/42,,whole-act,text,SI,uksi/2022/1092,http://www.legislation.gov.uk/id/uksi/2022/1092,regulation-2,true,http://www.legislation.gov.uk/id/ukpga/1998/42,"the decision concerned in such proceedings was made in bad faith. These Regulations specify that cap as £10,000. The cap does not apply where the court considers that it is necessary to disapply it so as not to breach the person’s Convention rights (within the meaning of the Human Rights Act 1998","court is satisfied that the decision concerned in such proceedings was made in bad faith. These Regulations specify that cap as £10,000. The cap does not apply where the court considers that it is necessary to disapply it so as not to breach the person’s Convention rights (within the meaning of the Human Rights Act 1998).</Text>
</P>
<P>
<Text>Section 64(3) of the Economic Crime (Transparency and Enforcement) Act <Citation URI=""http://www.legislation.gov.uk/id/ukpga/2022/10"" id=""c00002"" Year=""2022"" Number=""10"" Class=""UnitedKingdomPublicGeneralAct"">2022 (c. 10)</Citation> (which amended the San"
WS-01,ukpga/1998/42,,whole-act,text,SI,uksi/2022/1092,http://www.legislation.gov.uk/id/uksi/2022/1092,regulation-2,true,http://www.legislation.gov.uk/id/ukpga/1998/42,"id=""regulation-2-2""> 2 Paragraph (1) does not apply where the court considers that it is necessary to disapply that paragraph because failure to do so would be a breach of the appropriate person’s Convention rights (within the meaning of the Human Rights Act 1998","""regulation-2-2"">
<Pnumber>2</Pnumber>
<P2para>
<Text>Paragraph (1) does not apply where the court considers that it is necessary to disapply that paragraph because failure to do so would be a breach of the appropriate person’s<FootnoteRef Ref=""f00004""/> Convention rights (within the meaning of the Human Rights Act 1998<FootnoteRef Ref=""f00005""/>).</Text>
</P2para>
</P2>
</P1para>
</P1>
</P1group>
<SignedSection DocumentURI=""http://www.legislation.gov.uk/uksi/2022/1092/signature/made"" IdURI=""http://www.legislation.gov.uk/id/uksi/2022/1092/signature"">
<Signatory>
<Para>
<Text>Signed by the auth"
WS-01,ukpga/1998/42,,whole-act,text,SI,uksi/2022/1092,http://www.legislation.gov.uk/id/uksi/2022/1092,,true,http://www.legislation.gov.uk/id/ukpga/1998/42,"the decision concerned in such proceedings was made in bad faith. These Regulations specify that cap as £10,000. The cap does not apply where the court considers that it is necessary to disapply it so as not to breach the person’s Convention rights (within the meaning of the Human Rights Act 1998","court is satisfied that the decision concerned in such proceedings was made in bad faith. These Regulations specify that cap as £10,000. The cap does not apply where the court considers that it is necessary to disapply it so as not to breach the person’s Convention rights (within the meaning of the Human Rights Act 1998).</dc:description>
					<atom:link rel=""self"" href=""http://www.legislation.gov.uk/uksi/2022/1092/made/data.xml"" type=""application/xml""/><atom:link rel=""http://www.legislation.gov.uk/def/navigation/resources"" href=""http://www.legislation.gov.uk/uksi/2022/1092/resources"" title=""M"
WS-01,ukpga/1998/42,section-6,whole-act,text,SI,uksi/2022/568,http://www.legislation.gov.uk/id/uksi/2022/568,schedule-3-paragraph-1,true,http://www.legislation.gov.uk/id/ukpga/1998/42,"“protective injunction” means an injunction, order or interdict specified in Schedule 2 to these Regulations; “public authority” has the same meaning as in section 6 of the Human Rights Act 1998","d=""term-protective-injunction"">protective injunction</Term>” means an injunction, order or interdict specified in Schedule 2 to these Regulations;</Text>
</Para>
</ListItem>
<ListItem>
<Para><Text>“<Term id=""term-public-authority"">public authority</Term>” has the same meaning as in section 6 of the Human Rights Act 1998<FootnoteRef Ref=""f00007""/>;</Text>
</Para>
</ListItem>
<ListItem>
<Para><Text>“<Term id=""term-refuge"">refuge</Term>” means—</Text>
<OrderedList Type=""alpha"" Decoration=""parens"">
<ListItem>
<Para>
<Text>a refuge established for the purpose of providing accommodation for victims "
WS-01,ukpga/1998/42,,whole-act,text,SI,uksi/2022/783,http://www.legislation.gov.uk/id/uksi/2022/783,rule-22,true,http://www.legislation.gov.uk/id/ukpga/1998/42,b “a contract-holder” is the person who makes an occupation contract with a landlord and is a contract-holder under sections 7 and 48 of the 2016 Act; c “Convention rights” has the meaning provided by the Human Rights Act 1998,"ontract-holder” is the person who makes an occupation contract with a landlord and is a contract-holder under sections 7 and 48 of the 2016 Act<FootnoteRef Ref=""f00008""/>;</Text>
</P3para>
</P3>
<P3>
<Pnumber>c</Pnumber>
<P3para><Text>“<Term>Convention rights</Term>” has the meaning provided by the Human Rights Act 1998<FootnoteRef Ref=""f00009""/>;</Text>
</P3para>
</P3>
<P3>
<Pnumber>d</Pnumber>
<P3para><Text>“<Term>a dwelling</Term>” means a dwelling let under an occupation contract;</Text>
</P3para>
</P3>
<P3>
<Pnumber>e</Pnumber>
<P3para><Text>“<Term>an extended possession order</Term>” mea"
WS-01,ukpga/1998/42,,whole-act,enabling,SI,uksi/2022/84,http://www.legislation.gov.uk/id/uksi/2022/84,,true,http://www.legislation.gov.uk/id/ukpga/1998/42,"32 of the Immigration, Asylum and Nationality Act 2006 is such that there are likely to be circumstances in which it can be required under that provision without breaching Convention rights (within the meaning of the Human Rights Act 1998","formation specified in this Order for the purposes of section 32 of the Immigration, Asylum and Nationality Act 2006 is such that there are likely to be circumstances in which it can be required under that provision without breaching Convention rights (within the meaning of the Human Rights Act 1998<FootnoteRef Ref=""f00003""/>).</Text></Para>
</EnactingText>"
WS-01,ukpga/1998/42,section-5-2,whole-act,text,SI,uksi/2023/105,http://www.legislation.gov.uk/id/uksi/2023/105,rule-12,true,http://www.legislation.gov.uk/id/ukpga/1998/42,"parties. 5 Where notice has been given to the Crown, a Minister or other person permitted by the Human Rights Act 1998 shall be joined as a party on notifying their consent to the court and all other parties. 6 Where the Minister has, under section 5(2) (a) of the Human Rights Act 1998","e notice has been given to the Crown, a Minister or other person permitted by the Human Rights Act 1998 shall be joined as a party on notifying their consent to the court and all other parties.</Text>
</P2para>
</P2>
<P2>
<Pnumber>6</Pnumber>
<P2para>
<Text>Where the Minister has, under section 5(2)(a) of the Human Rights Act 1998, nominated a person to be joined, the notice consenting to be joined must be accompanied by the written nomination.</Text>
</P2para>
</P2>
<P2>
<Pnumber>7</Pnumber>
<P2para>
<Text>Where paragraph (2) applies and the appropriate person has not applied to be joined as "
WS-01,ukpga/1998/42,,whole-act,text,SI,uksi/2023/105,http://www.legislation.gov.uk/id/uksi/2023/105,rule-12,true,http://www.legislation.gov.uk/id/ukpga/1998/42,"1998, except where the judicial act is of a Court-Martial when service must be on the Treasury Solicitor on behalf of the Secretary of State for Defence; d all parties. 5 Where notice has been given to the Crown, a Minister or other person permitted by the Human Rights Act 1998","licitor on behalf of the Secretary of State for Defence;</Text>
</P3para>
</P3>
<P3>
<Pnumber>d</Pnumber>
<P3para>
<Text>all parties.</Text>
</P3para>
</P3>
</P2para>
</P2>
<P2>
<Pnumber>5</Pnumber>
<P2para>
<Text>Where notice has been given to the Crown, a Minister or other person permitted by the Human Rights Act 1998 shall be joined as a party on notifying their consent to the court and all other parties.</Text>
</P2para>
</P2>
<P2>
<Pnumber>6</Pnumber>
<P2para>
<Text>Where the Minister has, under section 5(2)(a) of the Human Rights Act 1998, nominated a person to be joined, the notice cons"
WS-01,ukpga/1998/42,section-9,whole-act,text,SI,uksi/2023/105,http://www.legislation.gov.uk/id/uksi/2023/105,rule-12,true,http://www.legislation.gov.uk/id/ukpga/1998/42,"Direction 66); b Senedd Cymru, in the circumstances described in the National Assembly for Wales (Transfer of Functions) (No. 2) Order 2000; c the Treasury Solicitor on behalf of the Lord Chancellor, in respect of a claim under section 9 of the Human Rights Act 1998","the circumstances described in the National Assembly for Wales (Transfer of Functions) (No. 2) Order 2000<FootnoteRef Ref=""f00007""/>;</Text>
</P3para>
</P3>
<P3>
<Pnumber>c</Pnumber>
<P3para>
<Text>the Treasury Solicitor on behalf of the Lord Chancellor, in respect of a claim under section 9 of the Human Rights Act 1998, except where the judicial act is of a Court-Martial when service must be on the Treasury Solicitor on behalf of the Secretary of State for Defence;</Text>
</P3para>
</P3>
<P3>
<Pnumber>d</Pnumber>
<P3para>
<Text>all parties.</Text>
</P3para>
</P3>
</P2para>
</P2>
<P2>
<Pnumber"
WS-01,ukpga/1998/42,section-9,whole-act,text,SI,uksi/2023/105,http://www.legislation.gov.uk/id/uksi/2023/105,rule-12,true,http://www.legislation.gov.uk/id/ukpga/1998/42,"may not make a declaration of incompatibility in accordance with section 4 of the Human Rights Act 1998 unless 21 days’ notice, or such other period of notice as the court directs, has been given to the Crown by the claimant. 2 Where a claim is made under section 9 of the Human Rights Act 1998","th section 4 of the Human Rights Act 1998<FootnoteRef Ref=""f00005""/> unless 21 days’ notice, or such other period of notice as the court directs, has been given to the Crown by the claimant.</Text>
</P2para>
</P2>
<P2>
<Pnumber>2</Pnumber>
<P2para>
<Text>Where a claim is made under section 9 of the Human Rights Act 1998 for damages in respect of a judicial act—</Text>
<P3>
<Pnumber>a</Pnumber>
<P3para>
<Text>that claim, including details of the judicial act, must be set out in the statement of case or the appeal notice; and</Text>
</P3para>
</P3>
<P3>
<Pnumber>b</Pnumber>
<P3para>
<Text>notice"
WS-01,ukpga/1998/42,section-4,whole-act,text,SI,uksi/2023/105,http://www.legislation.gov.uk/id/uksi/2023/105,rule-12,true,http://www.legislation.gov.uk/id/ukpga/1998/42,6 For rule 19.4A substitute— Human Rights 19.5 1 The court may not make a declaration of incompatibility in accordance with section 4 of the Human Rights Act 1998,"=""unknown"" Format=""double"" TargetClass=""secondary"" TargetSubClass=""unknown"">
<P1group>
<Title>Human Rights</Title>
<P1>
<Pnumber PuncAfter=""."">19.5</Pnumber>
<P1para>
<P2>
<Pnumber>1</Pnumber>
<P2para>
<Text>The court may not make a declaration of incompatibility in accordance with section 4 of the Human Rights Act 1998<FootnoteRef Ref=""f00005""/> unless 21 days’ notice, or such other period of notice as the court directs, has been given to the Crown by the claimant.</Text>
</P2para>
</P2>
<P2>
<Pnumber>2</Pnumber>
<P2para>
<Text>Where a claim is made under section 9 of the Human Rights Act 199"
WS-01,ukpga/1998/42,,whole-act,enabling,SI,uksi/2023/112,http://www.legislation.gov.uk/id/uksi/2023/112,,true,http://www.legislation.gov.uk/id/ukpga/1998/42,"[preamble-recital] Kingdom nor resident here, as well as in proceedings concerning the employment of members of a diplomatic mission (including its administrative, technical and domestic staff) has been declared under section 4 of the Human Rights Act 1998","is neither a national of the United Kingdom nor resident here, as well as in proceedings concerning the employment of members of a diplomatic mission (including its administrative, technical and domestic staff) has been declared<FootnoteRef Ref=""f00001""/> under section 4 of the Human Rights Act 1998<FootnoteRef Ref=""f00002""/> to be incompatible with a Convention right<FootnoteRef Ref=""f00003""/>.</Text>
</P>
<P>
<Text>The Secretary of State considers that there are compelling reasons for proceeding by way of remedial order<FootnoteRef Ref=""f00004""/> to make such amendments to the State Immunity"
WS-01,ukpga/1998/42,section-4,whole-act,enabling,SI,uksi/2023/112,http://www.legislation.gov.uk/id/uksi/2023/112,,true,http://www.legislation.gov.uk/id/ukpga/1998/42,"[preamble-recital] Kingdom nor resident here, as well as in proceedings concerning the employment of members of a diplomatic mission (including its administrative, technical and domestic staff) has been declared under section 4 of the Human Rights Act 1998","is neither a national of the United Kingdom nor resident here, as well as in proceedings concerning the employment of members of a diplomatic mission (including its administrative, technical and domestic staff) has been declared<FootnoteRef Ref=""f00001""/> under section 4 of the Human Rights Act 1998<FootnoteRef Ref=""f00002""/> to be incompatible with a Convention right<FootnoteRef Ref=""f00003""/>.</Text>
</P>
<P>
<Text>The Secretary of State considers that there are compelling reasons for proceeding by way of remedial order<FootnoteRef Ref=""f00004""/> to make such amendments to the State Immunity"
WS-01,ukpga/1998/42,schedule-2-paragraph-1-1-b,whole-act,markup,SI,uksi/2023/134,http://www.legislation.gov.uk/id/uksi/2023/134,schedule-paragraph-14,true,http://www.legislation.gov.uk/id/ukpga/1998/42,Support Payment (No. 2) Regulations (Northern Ireland) 2019. The amendments made by articles 4 to 9 of this Order have retrospective effect - effect from a date earlier than that on which the Order is made – from 30th August 2018. Paragraph 1(1)(b) of Schedule 2 to the Human Rights Act 1998 (c. 42),"ayment (No. 2) Regulations (Northern Ireland) 2019.</Text>
</P>
<P>
<Text>The amendments made by articles 4 to 9 of this Order have retrospective effect - effect from a date earlier than that on which the Order is made – from 30th August 2018. Paragraph 1(1)(b) of Schedule 2 to the Human Rights Act <Citation URI=""http://www.legislation.gov.uk/id/ukpga/1998/42"" id=""c00007"" Year=""1998"" Number=""42"" Class=""UnitedKingdomPublicGeneralAct"">1998 (c. 42)</Citation> enables provisions of the Order to have retrospective effect.</Text>
</P>
<P>
<Text>Article 2 of the Order makes transitional provision so "
WS-01,ukpga/1998/42,schedule-2-paragraph-1-1-b,whole-act,text,SI,uksi/2023/134,http://www.legislation.gov.uk/id/uksi/2023/134,schedule-paragraph-14,true,http://www.legislation.gov.uk/id/ukpga/1998/42,effect - effect from a date earlier than that on which the Order is made – from 30th August 2018. Paragraph 1(1)(b) of Schedule 2 to the Human Rights Act 1998,"avement Support Payment (No. 2) Regulations (Northern Ireland) 2019.</Text>
</P>
<P>
<Text>The amendments made by articles 4 to 9 of this Order have retrospective effect - effect from a date earlier than that on which the Order is made – from 30th August 2018. Paragraph 1(1)(b) of Schedule 2 to the Human Rights Act <Citation URI=""http://www.legislation.gov.uk/id/ukpga/1998/42"" id=""c00007"" Year=""1998"" Number=""42"" Class=""UnitedKingdomPublicGeneralAct"">1998 (c. 42)</Citation> enables provisions of the Order to have retrospective effect.</Text>
</P>
<P>
<Text>Article 2 of the Order makes transitio"
WS-01,ukpga/1998/42,,whole-act,enabling,SI,uksi/2023/134,http://www.legislation.gov.uk/id/uksi/2023/134,,true,http://www.legislation.gov.uk/id/ukpga/1998/42,[preamble-recital] about two bereavement benefits in the Social Security Contributions and Benefits (Northern Ireland) Act 1992 and the Pensions Act 2014 have been declared under section 4 of the Human Rights Act 1998,"<P>
<Text>Provisions about two bereavement benefits in the Social Security Contributions and Benefits (Northern Ireland) Act 1992<FootnoteRef Ref=""f00001""/> and the Pensions Act 2014<FootnoteRef Ref=""f00002""/> have been declared<FootnoteRef Ref=""f00003""/> under section 4 of the Human Rights Act 1998<FootnoteRef Ref=""f00004""/> to be incompatible with a Convention right<FootnoteRef Ref=""f00005""/>.</Text>
</P>
<P>
<Text>The time for bringing an appeal in the case concerning provisions in the Pensions Act 2014 has expired and no appeal has been brought within that time<FootnoteRef Ref=""f00006""/>.<"
WS-01,ukpga/1998/42,section-4,whole-act,enabling,SI,uksi/2023/134,http://www.legislation.gov.uk/id/uksi/2023/134,,true,http://www.legislation.gov.uk/id/ukpga/1998/42,[preamble-recital] about two bereavement benefits in the Social Security Contributions and Benefits (Northern Ireland) Act 1992 and the Pensions Act 2014 have been declared under section 4 of the Human Rights Act 1998,"<P>
<Text>Provisions about two bereavement benefits in the Social Security Contributions and Benefits (Northern Ireland) Act 1992<FootnoteRef Ref=""f00001""/> and the Pensions Act 2014<FootnoteRef Ref=""f00002""/> have been declared<FootnoteRef Ref=""f00003""/> under section 4 of the Human Rights Act 1998<FootnoteRef Ref=""f00004""/> to be incompatible with a Convention right<FootnoteRef Ref=""f00005""/>.</Text>
</P>
<P>
<Text>The time for bringing an appeal in the case concerning provisions in the Pensions Act 2014 has expired and no appeal has been brought within that time<FootnoteRef Ref=""f00006""/>.<"
WS-01,ukpga/1998/42,,whole-act,text,SI,uksi/2023/1417,http://www.legislation.gov.uk/id/uksi/2023/1417,regulation-2,true,http://www.legislation.gov.uk/id/ukpga/1998/42,"id=""regulation-2-3""> 3 In Article 4 (definitions), for point (28) substitute— 28 references to fundamental rights or fundamental freedoms (however expressed) are to the Convention rights within the meaning of the Human Rights Act 1998","int (28) substitute—</Text>
<BlockAmendment Context=""unknown"" Format=""double"" TargetClass=""unknown"" TargetSubClass=""unknown"">
<P2>
<Pnumber>28</Pnumber>
<P2para>
<Text>references to fundamental rights or fundamental freedoms (however expressed) are to the Convention rights within the meaning of the Human Rights Act 1998.</Text>
</P2para>
</P2>
</BlockAmendment>
<AppendText>.</AppendText>
</P2para>
</P2>
<P2 DocumentURI=""http://www.legislation.gov.uk/uksi/2023/1417/regulation/2/4/made"" IdURI=""http://www.legislation.gov.uk/id/uksi/2023/1417/regulation/2/4"" id=""regulation-2-4"">
<Pnumber>4</Pnumbe"
WS-01,ukpga/1998/42,,whole-act,text,SI,uksi/2023/1417,http://www.legislation.gov.uk/id/uksi/2023/1417,regulation-3,true,http://www.legislation.gov.uk/id/ukpga/1998/42,rights and fundamental freedoms into the UK GDPR and DPA 2018 so that after the end of 2023 references to fundamental rights and fundamental freedoms in this legislation will be references to rights under the European Convention on Human Rights within the meaning of the Human Rights Act 1998,"w definitions of fundamental rights and fundamental freedoms into the UK GDPR and DPA 2018 so that after the end of 2023 references to fundamental rights and fundamental freedoms in this legislation will be references to rights under the European Convention on Human Rights within the meaning of the Human Rights Act 1998. These Regulations also make consequential amendments to the UK GDPR and DPA 2018 as a result of the new definitions and amend provisions of the UK GDPR which refer to EU concepts of fundamental rights and fundamental freedoms which are redundant in UK law.</Text>
</P>
<P>
<Tex"
WS-01,ukpga/1998/42,,whole-act,text,SI,uksi/2023/1417,http://www.legislation.gov.uk/id/uksi/2023/1417,regulation-3,true,http://www.legislation.gov.uk/id/ukpga/1998/42,"In section 205 (general interpretation), for subsection (1A) substitute— 1A In this Act, references to fundamental rights or fundamental freedoms (however expressed) are to the Convention rights within the meaning of the Human Rights Act 1998","titute—</Text>
<BlockAmendment Context=""unknown"" Format=""double"" TargetClass=""unknown"" TargetSubClass=""unknown"">
<P2>
<Pnumber>1A</Pnumber>
<P2para>
<Text>In this Act, references to fundamental rights or fundamental freedoms (however expressed) are to the Convention rights within the meaning of the Human Rights Act 1998.</Text>
</P2para>
</P2>
</BlockAmendment>
<AppendText>.</AppendText>
</P2para>
</P2>
</P1para>
</P1>
</P1group>
<SignedSection DocumentURI=""http://www.legislation.gov.uk/uksi/2023/1417/signature/made"" IdURI=""http://www.legislation.gov.uk/id/uksi/2023/1417/signature"">
<Signatory"
WS-01,ukpga/1998/42,section-6,whole-act,text,SI,uksi/2023/441,http://www.legislation.gov.uk/id/uksi/2023/441,regulation-6,true,http://www.legislation.gov.uk/id/ukpga/1998/42,"removal of P— a to the country or territory to which P is proposed to be removed, and b despite the appeals process in relation to the relevant appealable decision having not been begun or not having been exhausted, would not be unlawful under section 6 of the Human Rights Act 1998"," P is proposed to be removed, and</Text>
</P3para>
</P3>
<P3>
<Pnumber>b</Pnumber>
<P3para>
<Text>despite the appeals process in relation to the relevant appealable decision having not been begun or not having been exhausted,</Text>
</P3para>
</P3>
<Text>would not be unlawful under section 6 of the Human Rights Act 1998<FootnoteRef Ref=""f00006""/>.</Text>
</P2para>
</P2>
<P2>
<Pnumber>4</Pnumber>
<P2para>
<Text>The grounds upon which a certificate may be given under paragraph (3) include (in particular) that P would not, before the appeals process in relation to the relevant appealable decision"
WS-01,ukpga/1998/42,,whole-act,text,SI,uksi/2023/572,http://www.legislation.gov.uk/id/uksi/2023/572,rule-21,true,http://www.legislation.gov.uk/id/ukpga/1998/42,or section 69(1) of the Senior Courts Act 1981; or e a claim against the police which includes a claim for— i an intentional or reckless tort; or ii relief or a remedy in relation to a breach of the Human Rights Act 1998,"/P3>
<P3>
<Pnumber>e</Pnumber>
<P3para>
<Text>a claim against the police which includes a claim for—</Text>
<P4>
<Pnumber>i</Pnumber>
<P4para>
<Text>an intentional or reckless tort; or</Text>
</P4para>
</P4>
<P4>
<Pnumber>ii</Pnumber>
<P4para>
<Text>relief or a remedy in relation to a breach of the Human Rights Act 1998<FootnoteRef Ref=""f00010""/>.</Text>
</P4para>
</P4>
</P3para>
</P3>
</P2para>
</P2>
<P2>
<Pnumber>11</Pnumber>
<P2para>
<Text>Paragraph (10)(e) does not apply to—</Text>
<P3>
<Pnumber>a</Pnumber>
<P3para>
<Text>a road accident claim arising from negligent police driving;</Text>
"
WS-01,ukpga/1998/42,,whole-act,text,SI,uksi/2023/624,http://www.legislation.gov.uk/id/uksi/2023/624,regulation-12,true,http://www.legislation.gov.uk/id/ukpga/1998/42,c the conduct or other matter complained of (if proved) might have involved the infringement of a person’s rights under Article 2 or 3 of the Convention (within the meaning of the Human Rights Act 1998,"://www.legislation.gov.uk/id/uksi/2023/624/regulation/12/8/c"" id=""regulation-12-8-c"">
<Pnumber>c</Pnumber>
<P3para>
<Text>the conduct or other matter complained of (if proved) might have involved the infringement of a person’s rights under Article 2 or 3 of the Convention (within the meaning of the Human Rights Act 1998); or</Text>
</P3para>
</P3>
<P3 DocumentURI=""http://www.legislation.gov.uk/uksi/2023/624/regulation/12/8/d"" IdURI=""http://www.legislation.gov.uk/id/uksi/2023/624/regulation/12/8/d"" id=""regulation-12-8-d"">
<Pnumber>d</Pnumber>
<P3para>
<Text>the complaint falls within sub-paragr"
WS-01,ukpga/1998/42,,whole-act,text,SI,uksi/2023/624,http://www.legislation.gov.uk/id/uksi/2023/624,regulation-17,true,http://www.legislation.gov.uk/id/ukpga/1998/42,administrative action procedures; or b there may have been the infringement of a person’s rights under Article 2 or 3 of the Convention (within the meaning of the Human Rights Act 1998,"on.gov.uk/uksi/2023/624/regulation/17/5/b"" IdURI=""http://www.legislation.gov.uk/id/uksi/2023/624/regulation/17/5/b"" id=""regulation-17-5-b"">
<Pnumber>b</Pnumber>
<P3para>
<Text>there may have been the infringement of a person’s rights under Article 2 or 3 of the Convention (within the meaning of the Human Rights Act 1998).</Text>
</P3para>
</P3>
</P2para>
</P2>
<P2 DocumentURI=""http://www.legislation.gov.uk/uksi/2023/624/regulation/17/6"" IdURI=""http://www.legislation.gov.uk/id/uksi/2023/624/regulation/17/6"" id=""regulation-17-6"">
<Pnumber>6</Pnumber>
<P2para>
<Text>The duty imposed by paragraph "
WS-01,ukpga/1998/42,,whole-act,text,SI,uksi/2023/624,http://www.legislation.gov.uk/id/uksi/2023/624,regulation-17,true,http://www.legislation.gov.uk/id/ukpga/1998/42,action procedures; or ii there may have been an infringement of a person’s rights under Article 2 or 3 of the Convention (within the meaning of the Human Rights Act 1998,"/uksi/2023/624/regulation/17/6/b/ii"" IdURI=""http://www.legislation.gov.uk/id/uksi/2023/624/regulation/17/6/b/ii"" id=""regulation-17-6-b-ii"">
<Pnumber>ii</Pnumber>
<P4para>
<Text>there may have been an infringement of a person’s rights under Article 2 or 3 of the Convention (within the meaning of the Human Rights Act 1998);</Text>
</P4para>
</P4>
</P3para>
</P3>
<P3 DocumentURI=""http://www.legislation.gov.uk/uksi/2023/624/regulation/17/6/c"" IdURI=""http://www.legislation.gov.uk/id/uksi/2023/624/regulation/17/6/c"" id=""regulation-17-6-c"">
<Pnumber>c</Pnumber>
<P3para>
<Text>there is no fresh substa"
WS-01,ukpga/1998/42,,whole-act,text,SI,uksi/2023/624,http://www.legislation.gov.uk/id/uksi/2023/624,regulation-2,true,http://www.legislation.gov.uk/id/ukpga/1998/42,"cc where the appropriate authority is unable to satisfy itself, from the complaint alone, that the conduct complained of (if it were proved) would not involve an infringement of a person’s rights under Article 2 or 3 of the Convention (within the meaning of the Human Rights Act 1998","c"">
<Pnumber>cc</Pnumber>
<P5para>
<Text>where the appropriate authority is unable to satisfy itself, from the complaint alone, that the conduct complained of (if it were proved) would not involve an infringement of a person’s rights under Article 2 or 3 of the Convention (within the meaning of the Human Rights Act 1998<FootnoteRef Ref=""f00008""/>);</Text>
</P5para>
</P5>
<P5 DocumentURI=""http://www.legislation.gov.uk/uksi/2023/624/regulation/2/5/a/ii/dd"" IdURI=""http://www.legislation.gov.uk/id/uksi/2023/624/regulation/2/5/a/ii/dd"" id=""regulation-2-5-a-ii-dd"">
<Pnumber>dd</Pnumber>
<P5para>
<Te"
WS-01,ukpga/1998/42,section-1,whole-act,text,SI,uksi/2024/1155,http://www.legislation.gov.uk/id/uksi/2024/1155,rule-49,true,http://www.legislation.gov.uk/id/ukpga/1998/42,"before the Tribunal, and on the door of the room in which the proceedings affected by the order are taking place. 7 ”Convention rights” has the meaning given to it in section 1 of the Human Rights Act 1998","are taking place.</Text>
</P2para>
</P2>
<P2 DocumentURI=""http://www.legislation.gov.uk/uksi/2024/1155/rule/49/7"" IdURI=""http://www.legislation.gov.uk/id/uksi/2024/1155/rule/49/7"" id=""rule-49-7"">
<Pnumber>7</Pnumber>
<P2para>
<Text>”Convention rights” has the meaning given to it in section 1 of the Human Rights Act 1998<FootnoteRef Ref=""f00032""/>.</Text>
</P2para>
</P2>
</P1para>
</P1>
</P1group>
</Part>
<Part DocumentURI=""http://www.legislation.gov.uk/uksi/2024/1155/part/8"" IdURI=""http://www.legislation.gov.uk/id/uksi/2024/1155/part/8"" NumberOfProvisions=""2"" id=""part-8"" RestrictExtent=""E+W+S"""
WS-01,ukpga/1998/42,section-32,whole-act,enabling,SI,uksi/2024/1227,http://www.legislation.gov.uk/id/uksi/2024/1227,,true,http://www.legislation.gov.uk/id/ukpga/1998/42,of information specified in this Order is such that there are likely to be circumstances in which it can be required under section 32 of the 2006 Act without breaching Convention Rights (within the meaning of the Human Rights Act 1998,"
<Para>
<Text>The Secretary of State is satisfied that the nature of information specified in this Order is such that there are likely to be circumstances in which it can be required under section 32 of the 2006 Act without breaching Convention Rights (within the meaning of the Human Rights Act 1998<FootnoteRef Ref=""f00003""/>).</Text>
</Para>
</EnactingText>"
WS-01,ukpga/1998/42,,whole-act,enabling,SI,uksi/2024/1227,http://www.legislation.gov.uk/id/uksi/2024/1227,,true,http://www.legislation.gov.uk/id/ukpga/1998/42,of information specified in this Order is such that there are likely to be circumstances in which it can be required under section 32 of the 2006 Act without breaching Convention Rights (within the meaning of the Human Rights Act 1998,"
<Para>
<Text>The Secretary of State is satisfied that the nature of information specified in this Order is such that there are likely to be circumstances in which it can be required under section 32 of the 2006 Act without breaching Convention Rights (within the meaning of the Human Rights Act 1998<FootnoteRef Ref=""f00003""/>).</Text>
</Para>
</EnactingText>"
WS-01,ukpga/1998/42,,whole-act,text,SI,uksi/2024/172,http://www.legislation.gov.uk/id/uksi/2024/172,article-2,true,http://www.legislation.gov.uk/id/ukpga/1998/42,"with section 108(4) of the Extradition Act 2003 if, or to the extent that, it is an appeal against an order by the Scottish Ministers for a person’s extradition on the grounds that the extradition would not be compatible with the Convention rights within the meaning of the Human Rights Act 1998","xtradition Act 2003<FootnoteRef Ref=""f00002""/> if, or to the extent that, it is an appeal against an order by the Scottish Ministers<FootnoteRef Ref=""f00003""/> for a person’s extradition on the grounds that the extradition would not be compatible with the Convention rights within the meaning of the Human Rights Act 1998<FootnoteRef Ref=""f00004""/>; and</Text>
</P4para>
</P4>
<P4 DocumentURI=""http://www.legislation.gov.uk/uksi/2024/172/article/2/a/ii/made"" IdURI=""http://www.legislation.gov.uk/id/uksi/2024/172/article/2/a/ii"" id=""article-2-a-ii"">
<Pnumber>ii</Pnumber>
<P4para>
<Text>in circumstan"
WS-01,ukpga/1998/42,,whole-act,text,SI,uksi/2024/172,http://www.legislation.gov.uk/id/uksi/2024/172,article-4,true,http://www.legislation.gov.uk/id/ukpga/1998/42,the Scottish Ministers are not to consider whether the extradition would be compatible with the Convention rights within the meaning of the Human Rights Act 1998,"Year=""2013"" Number=""22"" Class=""UnitedKingdomPublicGeneralAct"">2013 (c. 22)</Citation>) (when read with section 141 of the 2003 Act) provides that, in Scotland, the Scottish Ministers are not to consider whether the extradition would be compatible with the Convention rights within the meaning of the Human Rights Act <Citation URI=""http://www.legislation.gov.uk/id/ukpga/1998/42"" id=""c00003"" Year=""1998"" Number=""42"" Class=""UnitedKingdomPublicGeneralAct"">1998 (c. 42)</Citation>.</Text>
</P>
<P>
<Text>This Order clarifies that the High Court of Justiciary is able to allow or dismiss an appeal brough"
WS-01,ukpga/1998/42,,whole-act,markup,SI,uksi/2024/172,http://www.legislation.gov.uk/id/uksi/2024/172,article-4,true,http://www.legislation.gov.uk/id/ukpga/1998/42,"Act 2013 (c. 22)) (when read with section 141 of the 2003 Act) provides that, in Scotland, the Scottish Ministers are not to consider whether the extradition would be compatible with the Convention rights within the meaning of the Human Rights Act 1998 (c. 42)","r=""22"" Class=""UnitedKingdomPublicGeneralAct"">2013 (c. 22)</Citation>) (when read with section 141 of the 2003 Act) provides that, in Scotland, the Scottish Ministers are not to consider whether the extradition would be compatible with the Convention rights within the meaning of the Human Rights Act <Citation URI=""http://www.legislation.gov.uk/id/ukpga/1998/42"" id=""c00003"" Year=""1998"" Number=""42"" Class=""UnitedKingdomPublicGeneralAct"">1998 (c. 42)</Citation>.</Text>
</P>
<P>
<Text>This Order clarifies that the High Court of Justiciary is able to allow or dismiss an appeal brought on human rights"
WS-01,ukpga/1998/42,,whole-act,text,SI,uksi/2024/342,http://www.legislation.gov.uk/id/uksi/2024/342,regulation-3,true,http://www.legislation.gov.uk/id/ukpga/1998/42,application of the exemption in relation to that provision or those provisions is necessary and proportionate to the risks in the particular case. 5 In this paragraph— “Convention rights” has the same meaning as in the Human Rights Act 1998,"d proportionate to the risks in the particular case.</Text>
</P3para>
</P3>
</P2para>
</P2>
<P2>
<Pnumber>5</Pnumber>
<P2para>
<Text>In this paragraph—</Text>
<UnorderedList Class=""Definition"" Decoration=""none"">
<ListItem>
<Para>
<Text>“<Term>Convention rights</Term>” has the same meaning as in the Human Rights Act 1998<FootnoteRef Ref=""f00007""/> (see section 1(1) of that Act);</Text>
</Para>
</ListItem>
<ListItem>
<Para>
<Text>“<Term>the Refugee Convention</Term>” means the Convention relating to the Status of Refugees, done at Geneva on 28 July 1951, and its Protocol<FootnoteRef Ref=""f00008"""
WS-01,ukpga/1998/42,section-154,whole-act,enabling,SI,uksi/2024/514,http://www.legislation.gov.uk/id/uksi/2024/514,,true,http://www.legislation.gov.uk/id/ukpga/1998/42,"[preamble-recital] a finding of the European Court of Human Rights in proceedings against the United Kingdom , that section 154 of the Investigatory Powers Act 2016 is incompatible with an obligation of the United Kingdom arising from the Convention","State, following a finding of the European Court of Human Rights in proceedings against the United Kingdom<FootnoteRef Ref=""f00001""/>, that section 154 of the Investigatory Powers Act 2016<FootnoteRef Ref=""f00002""/> is incompatible with an obligation of the United Kingdom arising from the Convention<FootnoteRef Ref=""f00003""/>.</Text>
</P>
<P>
<Text>The Secretary of State considers that there are compelling reasons for proceeding by way of a remedial order<FootnoteRef Ref=""f00004""/> to make such amendments to section 154 of the Investigatory Powers Act 2016 as the Secretary of State considers n"
WS-01,ukpga/1998/42,,whole-act,enabling,SI,uksi/2024/514,http://www.legislation.gov.uk/id/uksi/2024/514,,true,http://www.legislation.gov.uk/id/ukpga/1998/42,[preamble-recital] order to make such amendments to section 154 of the Investigatory Powers Act 2016 as the Secretary of State considers necessary to remove the incompatibility. In accordance with paragraph 2(a) of Schedule 2 to the Human Rights Act 1998,"y of a remedial order<FootnoteRef Ref=""f00004""/> to make such amendments to section 154 of the Investigatory Powers Act 2016 as the Secretary of State considers necessary to remove the incompatibility.</Text>
</P>
<P>
<Text>In accordance with paragraph 2(a) of Schedule 2 to the Human Rights Act 1998<FootnoteRef Ref=""f00005""/>, a draft of this instrument was laid before Parliament and was approved by resolution of each House of Parliament, a document containing a draft of this instrument having previously been laid before Parliament in accordance with paragraph 3(1) of that Schedule.</Text>
</P"
WS-01,ukpga/1998/42,,whole-act,enabling,SI,uksi/2024/514,http://www.legislation.gov.uk/id/uksi/2024/514,,true,http://www.legislation.gov.uk/id/ukpga/1998/42,"[preamble-recital] a finding of the European Court of Human Rights in proceedings against the United Kingdom , that section 154 of the Investigatory Powers Act 2016 is incompatible with an obligation of the United Kingdom arising from the Convention","State, following a finding of the European Court of Human Rights in proceedings against the United Kingdom<FootnoteRef Ref=""f00001""/>, that section 154 of the Investigatory Powers Act 2016<FootnoteRef Ref=""f00002""/> is incompatible with an obligation of the United Kingdom arising from the Convention<FootnoteRef Ref=""f00003""/>.</Text>
</P>
<P>
<Text>The Secretary of State considers that there are compelling reasons for proceeding by way of a remedial order<FootnoteRef Ref=""f00004""/> to make such amendments to section 154 of the Investigatory Powers Act 2016 as the Secretary of State considers n"
WS-01,ukpga/1998/42,,whole-act,text,SI,uksi/2024/710,http://www.legislation.gov.uk/id/uksi/2024/710,regulation-29,true,http://www.legislation.gov.uk/id/ukpga/1998/42,any further disclosure of that information by that person. 2 In paragraph (1)— “permitted person” means — a public authority to which the Human Rights Act 1998,"
</P2>
<P2>
<Pnumber>2</Pnumber>
<P2para>
<Text>In paragraph (1)—</Text>
<UnorderedList Class=""Definition"" Decoration=""none"">
<ListItem>
<Para>
<Text>“<Term>permitted person</Term>” means —</Text>
<OrderedList Type=""alpha"" Decoration=""parens"">
<ListItem>
<Para>
<Text>a public authority to which the Human Rights Act 1998<FootnoteRef Ref=""f00007""/> applies; or</Text>
</Para>
</ListItem>
<ListItem>
<Para>
<Text>a person providing services to the Secretary of State in relation to a permitted purpose or any officer, employee or agent of that person;</Text>
</Para>
</ListItem>
</OrderedList>
</Para>"
WS-01,ukpga/1998/42,section-4,whole-act,text,SI,uksi/2024/842,http://www.legislation.gov.uk/id/uksi/2024/842,rule-10,true,http://www.legislation.gov.uk/id/ukpga/1998/42,"TargetSubClass=""unknown"">Notice of opportunity to intervene36.121This rule applies where—aa party—iwants the court to make a declaration of incompatibility with a Convention right under section 4 of the Human Rights Act 1998","uncAfter=""."">36.12</Pnumber><P1para><P2><Pnumber>1</Pnumber><P2para><Text>This rule applies where—</Text><P3><Pnumber>a</Pnumber><P3para><Text>a party—</Text><P4><Pnumber>i</Pnumber><P4para><Text>wants the court to make a declaration of incompatibility with a Convention right under section 4 of the Human Rights Act 1998<FootnoteRef Ref=""f00015""/>, or</Text></P4para></P4><P4><Pnumber>ii</Pnumber><P4para><Text>raises an issue that the Registrar thinks may lead the court to make such a declaration; or</Text></P4para></P4></P3para></P3><P3><Pnumber>b</Pnumber><P3para><Text>the court considers an a"
WS-01,ukpga/1998/42,section-5,whole-act,text,SI,uksi/2024/949,http://www.legislation.gov.uk/id/uksi/2024/949,rule-24,true,http://www.legislation.gov.uk/id/ukpga/1998/42,"id=""rule-24-4""> 4 No permission is required— a for an intervention by the Crown under section 5 of the Human Rights Act 1998","ra>
<Text>No permission is required—</Text>
<P3 DocumentURI=""http://www.legislation.gov.uk/uksi/2024/949/rule/24/4/a/made"" IdURI=""http://www.legislation.gov.uk/id/uksi/2024/949/rule/24/4/a"" id=""rule-24-4-a"">
<Pnumber>a</Pnumber>
<P3para>
<Text>for an intervention by the Crown under section 5 of the Human Rights Act 1998<FootnoteRef Ref=""f00003""/> (as to which see rule 43), or</Text>
</P3para>
</P3>
<P3 DocumentURI=""http://www.legislation.gov.uk/uksi/2024/949/rule/24/4/b/made"" IdURI=""http://www.legislation.gov.uk/id/uksi/2024/949/rule/24/4/b"" id=""rule-24-4-b"">
<Pnumber>b</Pnumber>
<P3para>
<Tex"
WS-01,ukpga/1998/42,section-4,whole-act,text,SI,uksi/2024/949,http://www.legislation.gov.uk/id/uksi/2024/949,rule-43,true,http://www.legislation.gov.uk/id/ukpga/1998/42,"IdURI=""http://www.legislation.gov.uk/id/uksi/2024/949/rule/43"" id=""rule-43""> 43 1 Where an appeal raises a question of incompatibility under section 4 of the Human Rights Act 1998","Pnumber>43</Pnumber>
<P1para>
<P2 DocumentURI=""http://www.legislation.gov.uk/uksi/2024/949/rule/43/1/made"" IdURI=""http://www.legislation.gov.uk/id/uksi/2024/949/rule/43/1"" id=""rule-43-1"">
<Pnumber>1</Pnumber>
<P2para>
<Text>Where an appeal raises a question of incompatibility under section 4 of the Human Rights Act 1998 and the Crown is not already a party to the appeal, the Registrar must give 21 days’ notice of the question to the Crown.</Text>
</P2para>
</P2>
<P2 DocumentURI=""http://www.legislation.gov.uk/uksi/2024/949/rule/43/2/made"" IdURI=""http://www.legislation.gov.uk/id/uksi/2024/949/ru"
WS-01,ukpga/1998/42,section-288za-2,whole-act,text,SI,uksi/2024/949,http://www.legislation.gov.uk/id/uksi/2024/949,rule-44,true,http://www.legislation.gov.uk/id/ukpga/1998/42,ii a compatibility issue within the meaning of section 288ZA(2) of the Criminal Procedure (Scotland) Act 1995 (as to compatibility with the Human Rights Act 1998,"i/made"" IdURI=""http://www.legislation.gov.uk/id/uksi/2024/949/rule/44/1/b/ii"" id=""rule-44-1-b-ii"">
<Pnumber>ii</Pnumber>
<P4para>
<Text>a compatibility issue within the meaning of section 288ZA(2) of the Criminal Procedure (Scotland) Act 1995<FootnoteRef Ref=""f00011""/> (as to compatibility with the Human Rights Act 1998);</Text>
</P4para>
</P4>
<P4 DocumentURI=""http://www.legislation.gov.uk/uksi/2024/949/rule/44/1/b/iii/made"" IdURI=""http://www.legislation.gov.uk/id/uksi/2024/949/rule/44/1/b/iii"" id=""rule-44-1-b-iii"">
<Pnumber>iii</Pnumber>
<P4para>
<Text>a UNCRC compatibility issue within the "
WS-01,ukpga/1998/42,section-1,whole-act,text,SI,uksi/2024/993,http://www.legislation.gov.uk/id/uksi/2024/993,article-4,true,http://www.legislation.gov.uk/id/ukpga/1998/42,"2004, and the right to education set out in sections 2 and 3 of the Right to Education Ordinance 2005; “UK Convention rights” means the Convention rights as defined in section 1 of the Human Rights Act 1998","he right to education set out in sections 2 and 3 of the Right to Education Ordinance 2005<FootnoteRef Ref=""f00017""/>;</Text>
</Para>
</ListItem>
</OrderedList>
</Para>
</ListItem>
<ListItem>
<Para>
<Text>“<Term>UK Convention rights</Term>” means the Convention rights as defined in section 1 of the Human Rights Act 1998<FootnoteRef Ref=""f00018""/>;</Text>
</Para>
</ListItem>
<ListItem>
<Para>
<Text>“<Term>UK registered political party</Term>” means a political party registered under Part 2 of the Political Parties, Elections and Referendums Act 2000<FootnoteRef Ref=""f00019""/>.</Text>
</Para>
</"
WS-01,ukpga/1998/42,section-6-1,whole-act,text,SI,uksi/2025/1356,http://www.legislation.gov.uk/id/uksi/2025/1356,regulation-17,true,http://www.legislation.gov.uk/id/ukpga/1998/42,b prevent an award of damages made in respect of an act or omission on the ground that the act or omission was unlawful as a result of section 6(1) of the Human Rights Act 1998,"17/2/b/made"" IdURI=""http://www.legislation.gov.uk/id/uksi/2025/1356/regulation/17/2/b"" id=""regulation-17-2-b"">
<Pnumber>b</Pnumber>
<P3para>
<Text>prevent an award of damages made in respect of an act or omission on the ground that the act or omission was unlawful as a result of section 6(1) of the Human Rights Act 1998<FootnoteRef Ref=""f00014""/>.</Text>
</P3para>
</P3>
</P2para>
</P2>
</P1para>
</P1>
</P1group>
<P1group>
<Title>Complaints</Title>
<P1 DocumentURI=""http://www.legislation.gov.uk/uksi/2025/1356/regulation/18/made"" IdURI=""http://www.legislation.gov.uk/id/uksi/2025/1356/regulation/"
WS-01,ukpga/1998/42,schedule-4,whole-act,text,SI,uksi/2025/271,http://www.legislation.gov.uk/id/uksi/2025/271,article-8,true,http://www.legislation.gov.uk/id/ukpga/1998/42,"Explanatory Note (This note is not part of the Order) This Order amends the Judicial Pensions (European Court of Human Rights) Order 1998 (“the 1998 Order”), made under the powers conferred by section 18(6) of, and Schedule 4 to, the Human Rights Act 1998","te</Title>
<Comment>
<Para>
<Text>(This note is not part of the Order)</Text>
</Para>
</Comment>
<P>
<Text>This Order amends the Judicial Pensions (European Court of Human Rights) Order 1998 (“<Term>the 1998 Order</Term>”), made under the powers conferred by section 18(6) of, and Schedule 4 to, the Human Rights Act 1998. In particular:</Text>
</P>
<P>
<Text>Article 5 updates the 1998 Order so that an ECHR judge may continue to accrue benefits in the pension scheme constituted by the Judicial Pensions Regulations 2022 (“the Judicial Pension Scheme 2022”) in circumstances where the judge is a me"
WS-01,ukpga/1998/42,section-18,whole-act,enabling,SI,uksi/2025/271,http://www.legislation.gov.uk/id/uksi/2025/271,,true,http://www.legislation.gov.uk/id/ukpga/1998/42,"judicial office whose jurisdiction is exercisable exclusively in relation to Scotland, the Secretary of State, make this Order in exercise of the powers conferred on them by section 18(6) of, and Schedule 4 to, the Human Rights Act 1998","gText>
<Para>
<Text>The Lord Chancellor and, in relation to any judicial office whose jurisdiction is exercisable exclusively in relation to Scotland, the Secretary of State, make this Order in exercise of the powers conferred on them by section 18(6) of, and Schedule 4 to, the Human Rights Act 1998<FootnoteRef Ref=""f00001""/>.</Text>
</Para>
</EnactingText>"
WS-01,ukpga/1998/42,schedule-4,whole-act,text,SI,uksi/2025/271,http://www.legislation.gov.uk/id/uksi/2025/271,,true,http://www.legislation.gov.uk/id/ukpga/1998/42,"Rights) (Amendment) Order 2025King's Printer of Acts of Parliament2025-03-06PENSIONS This Order amends the Judicial Pensions (European Court of Human Rights) Order 1998 (“the 1998 Order”), made under the powers conferred by section 18(6) of, and Schedule 4 to, the Human Rights Act 1998","ublisher><dc:modified>2025-03-06</dc:modified><dc:subject scheme=""SIheading"">PENSIONS</dc:subject>
					<dc:description>This Order amends the Judicial Pensions (European Court of Human Rights) Order 1998 (“the 1998 Order”), made under the powers conferred by section 18(6) of, and Schedule 4 to, the Human Rights Act 1998. In particular:</dc:description>
					<atom:link rel=""self"" href=""http://www.legislation.gov.uk/uksi/2025/271/made/data.xml"" type=""application/xml""/><atom:link rel=""http://www.legislation.gov.uk/def/navigation/resources"" href=""http://www.legislation.gov.uk/uksi/2025/271/resourc"
WS-01,ukpga/1998/42,,whole-act,enabling,SI,uksi/2025/271,http://www.legislation.gov.uk/id/uksi/2025/271,,true,http://www.legislation.gov.uk/id/ukpga/1998/42,"judicial office whose jurisdiction is exercisable exclusively in relation to Scotland, the Secretary of State, make this Order in exercise of the powers conferred on them by section 18(6) of, and Schedule 4 to, the Human Rights Act 1998","gText>
<Para>
<Text>The Lord Chancellor and, in relation to any judicial office whose jurisdiction is exercisable exclusively in relation to Scotland, the Secretary of State, make this Order in exercise of the powers conferred on them by section 18(6) of, and Schedule 4 to, the Human Rights Act 1998<FootnoteRef Ref=""f00001""/>.</Text>
</Para>
</EnactingText>"
WS-01,ukpga/1998/42,section-6,whole-act,text,SI,uksi/2025/37,http://www.legislation.gov.uk/id/uksi/2025/37,schedule-3-paragraph-5,true,http://www.legislation.gov.uk/id/ukpga/1998/42,Rights Act 5 An assessment of how the carrying out of the relevant development will comply with section 6 of the Human Rights Act 1998,"islation.gov.uk/uksi/2025/37/schedule/3/paragraph/5/made"" IdURI=""http://www.legislation.gov.uk/id/uksi/2025/37/schedule/3/paragraph/5"" id=""schedule-3-paragraph-5"">
<Pnumber>5</Pnumber>
<P1para>
<Text>An assessment of how the carrying out of the relevant development will comply with section 6 of the Human Rights Act 1998<FootnoteRef Ref=""f00009""/> (acts of public authorities).</Text>
</P1para>
</P1>
</P1group>
<P1group>
<Title>Public sector equality duty</Title>
<P1 DocumentURI=""http://www.legislation.gov.uk/uksi/2025/37/schedule/3/paragraph/6/made"" IdURI=""http://www.legislation.gov.uk/id/uksi/"
WS-01,ukpga/1998/42,section-6-1,whole-act,text,SI,uksi/2025/81,http://www.legislation.gov.uk/id/uksi/2025/81,regulation-8,true,http://www.legislation.gov.uk/id/ukpga/1998/42,b so as to prevent an award of damages made in respect of an act or omission on the ground that the act or omission was unlawful as a result of section 6(1) of the Human Rights Act 1998,"b/made"" IdURI=""http://www.legislation.gov.uk/id/uksi/2025/81/regulation/8/5/b"" id=""regulation-8-5-b"">
<Pnumber>b</Pnumber>
<P3para>
<Text>so as to prevent an award of damages made in respect of an act or omission on the ground that the act or omission was unlawful as a result of section 6(1) of the Human Rights Act 1998<FootnoteRef Ref=""f00010""/>.</Text>
</P3para>
</P3>
</P2para>
</P2>
</P1para>
</P1>
</P1group>
</Part>
<Part DocumentURI=""http://www.legislation.gov.uk/uksi/2025/81/part/3/made"" IdURI=""http://www.legislation.gov.uk/id/uksi/2025/81/part/3"" NumberOfProvisions=""3"" id=""part-3"">
<Num"
WS-01,ukpga/1998/42,section-4,whole-act,text,SI,uksi/2025/909,http://www.legislation.gov.uk/id/uksi/2025/909,rule-36.12,true,http://www.legislation.gov.uk/id/ukpga/1998/42,"id=""rule-36.12-1"">1This rule applies where a party—awants the court to make a declaration of incompatibility with a Convention right under section 4 of the Human Rights Act 1998","ocumentURI=""http://www.legislation.gov.uk/uksi/2025/909/rule/36.12/1/a"" IdURI=""http://www.legislation.gov.uk/id/uksi/2025/909/rule/36.12/1/a"" id=""rule-36.12-1-a""><Pnumber>a</Pnumber><P3para><Text>wants the court to make a declaration of incompatibility with a Convention right under section 4 of the Human Rights Act 1998<FootnoteRef Ref=""f00921""/>; or</Text></P3para></P3><P3 DocumentURI=""http://www.legislation.gov.uk/uksi/2025/909/rule/36.12/1/b"" IdURI=""http://www.legislation.gov.uk/id/uksi/2025/909/rule/36.12/1/b"" id=""rule-36.12-1-b""><Pnumber>b</Pnumber><P3para><Text>raises an issue that the R"
WS-01,ukpga/1998/42,,whole-act,text,SI,uksi/2025/909,http://www.legislation.gov.uk/id/uksi/2025/909,rule-49.10,true,http://www.legislation.gov.uk/id/ukpga/1998/42,"or acquittal would entitle that person to be discharged; orbgiving effect to the order would be incompatible with a Convention right, within the meaning of the Human Rights Act 1998","ocumentURI=""http://www.legislation.gov.uk/uksi/2025/909/rule/49.10/b"" IdURI=""http://www.legislation.gov.uk/id/uksi/2025/909/rule/49.10/b"" id=""rule-49.10-b""><Pnumber>b</Pnumber><P3para><Text><Emphasis>giving effect to the order would be incompatible with a Convention right, within the meaning of the Human Rights Act 1998.]</Emphasis></Text></P3para></P3></P1para></P1></P1group><P1group RestrictExtent=""E+W"" RestrictStartDate=""2025-10-06""><Title>Overseas forfeiture orders</Title><P1 DocumentURI=""http://www.legislation.gov.uk/uksi/2025/909/rule/49.11"" IdURI=""http://www.legislation.gov.uk/id/uksi/2"
WS-01,ukpga/1998/42,section-4,whole-act,text,SI,uksi/2025/909,http://www.legislation.gov.uk/id/uksi/2025/909,rule-50.28,true,http://www.legislation.gov.uk/id/ukpga/1998/42,rule applies where a party—awants the High Court to make a declaration of incompatibility with a Convention right under section 4 of the Human Rights Act 1998,"ntURI=""http://www.legislation.gov.uk/uksi/2025/909/rule/50.28/1/a"" IdURI=""http://www.legislation.gov.uk/id/uksi/2025/909/rule/50.28/1/a"" id=""rule-50.28-1-a""><Pnumber>a</Pnumber><P3para><Text>wants the High Court to make a declaration of incompatibility with a Convention right under section 4 of the Human Rights Act 1998<FootnoteRef Ref=""f01368""/>; or</Text></P3para></P3><P3 DocumentURI=""http://www.legislation.gov.uk/uksi/2025/909/rule/50.28/1/b"" IdURI=""http://www.legislation.gov.uk/id/uksi/2025/909/rule/50.28/1/b"" id=""rule-50.28-1-b""><Pnumber>b</Pnumber><P3para><Text>raises an issue that appea"
WS-01,ukpga/1998/42,,whole-act,text,SI,uksi/2026/385,http://www.legislation.gov.uk/id/uksi/2026/385,regulation-2,true,http://www.legislation.gov.uk/id/ukpga/1998/42,"the 2025 Act extends to England and Wales, Scotland and Northern Ireland. Section 52 of the 2025 Act extends to England only. Section 51 of the 2025 Act inserts section 142C in the Mental Health Act 1983 (“the 1983 Act”). Section 142C of the 1983 Act extends the remit of the Human Rights Act 1998","Act extends to England and Wales, Scotland and Northern Ireland. Section 52 of the 2025 Act extends to England only.</Text></P>
<P><Text>Section 51 of the 2025 Act inserts section 142C in the Mental Health Act 1983 (“<Term>the 1983 Act</Term>”). Section 142C of the 1983 Act extends the remit of the Human Rights Act 1998 to private care providers, requiring them to act compatibly with the Convention rights set out in the Human Rights Act 1998, when providing services as set out in section 142C(2) of the 1983 Act.</Text></P>
<P><Text>Section 52 of the 2025 Act places a statutory duty on the Secr"
WS-01,ukpga/1998/42,,whole-act,text,SI,uksi/2026/385,http://www.legislation.gov.uk/id/uksi/2026/385,regulation-2,true,http://www.legislation.gov.uk/id/ukpga/1998/42,"Section 51 of the 2025 Act inserts section 142C in the Mental Health Act 1983 (“the 1983 Act”). Section 142C of the 1983 Act extends the remit of the Human Rights Act 1998 to private care providers, requiring them to act compatibly with the Convention rights set out in the Human Rights Act 1998","/P>
<P><Text>Section 51 of the 2025 Act inserts section 142C in the Mental Health Act 1983 (“<Term>the 1983 Act</Term>”). Section 142C of the 1983 Act extends the remit of the Human Rights Act 1998 to private care providers, requiring them to act compatibly with the Convention rights set out in the Human Rights Act 1998, when providing services as set out in section 142C(2) of the 1983 Act.</Text></P>
<P><Text>Section 52 of the 2025 Act places a statutory duty on the Secretary of State to review regulation 18 of the Care Quality Commission (Registration) Regulations 2009 to consider the circum"
WS-01,ukpga/1998/42,,whole-act,text,SI,uksi/2026/723,http://www.legislation.gov.uk/id/uksi/2026/723,schedule-1-paragraph-18,true,http://www.legislation.gov.uk/id/ukpga/1998/42,"18 In section 5D of the Employment Tribunals Act 1996 (judicial assistance), in subsection (4)(b)(ia), for “or Family Division, or the Chancellor, of” substitute “, the Family Division or the Business and Property Division of”. Human Rights Act 1998","als Act 1996<FootnoteRef Ref=""f00020""/> (judicial assistance), in subsection (4)(b)(ia), for “or Family Division, or the Chancellor, of” substitute <InlineAmendment>“, the Family Division or the Business and Property Division of”</InlineAmendment>.</Text>
</P1para>
</P1>
</P1group>
<P1group>
<Title>Human Rights Act 1998</Title>
<P1 DocumentURI=""http://www.legislation.gov.uk/uksi/2026/723/schedule/1/paragraph/19/made"" IdURI=""http://www.legislation.gov.uk/id/uksi/2026/723/schedule/1/paragraph/19"" id=""schedule-1-paragraph-19"">
<Pnumber>19</Pnumber>
<P1para>
<Text>In section 4 of the Human Rights "
WS-01,ukpga/1998/42,section-4,whole-act,text,SI,uksi/2026/723,http://www.legislation.gov.uk/id/uksi/2026/723,schedule-1-paragraph-19,true,http://www.legislation.gov.uk/id/ukpga/1998/42,the Business and Property Division of”. Human Rights Act 1998 19 In section 4 of the Human Rights Act 1998,"roup>
<Title>Human Rights Act 1998</Title>
<P1 DocumentURI=""http://www.legislation.gov.uk/uksi/2026/723/schedule/1/paragraph/19/made"" IdURI=""http://www.legislation.gov.uk/id/uksi/2026/723/schedule/1/paragraph/19"" id=""schedule-1-paragraph-19"">
<Pnumber>19</Pnumber>
<P1para>
<Text>In section 4 of the Human Rights Act 1998<FootnoteRef Ref=""f00021""/> (declaration of incompatibility), in subsection (5)(f), for “Chancellor of the High Court” substitute <InlineAmendment>“President of the Business and Property Division”</InlineAmendment>.</Text>
</P1para>
</P1>
</P1group>
<P1group>
<Title>Access to Ju"
WS-01,ukpga/1998/42,,whole-act,text,SI,wsi/2006/877,http://www.legislation.gov.uk/id/wsi/2006/877,regulation-3,true,http://www.legislation.gov.uk/id/ukpga/1998/42,"discharging their education responsibilities, having regard to their responsibilities under equality legislation, including in particular the Welsh Language Act 1993, the Sex Discrimination Act 1975, the Race Relations Act 1976, the Disability Discrimination Act 1995, and the Human Rights Act 1998"," under equality legislation, including in particular the Welsh Language Act 1993<FootnoteRef Ref=""f00009""/>, the Sex Discrimination Act 1975<FootnoteRef Ref=""f00010""/>, the Race Relations Act 1976<FootnoteRef Ref=""f00011""/>, the Disability Discrimination Act 1995<FootnoteRef Ref=""f00012""/>, and the Human Rights Act 1998<FootnoteRef Ref=""f00013""/>.</Text>
</P2para>
</P2>
<P2 DocumentURI=""http://www.legislation.gov.uk/wsi/2006/877/regulation/3/3/made"" IdURI=""http://www.legislation.gov.uk/id/wsi/2006/877/regulation/3/3"" id=""regulation-3-3"">
<Pnumber>3</Pnumber>
<P2para>
<Text>In this regulation a"
WS-01,ukpga/1998/42,,whole-act,text,SI,wsi/2008/2436,http://www.legislation.gov.uk/id/wsi/2008/2436,schedule-2-paragraph-2,true,http://www.legislation.gov.uk/id/ukpga/1998/42,"IdURI=""http://www.legislation.gov.uk/id/wsi/2008/2436/schedule/2/paragraph/2/b"" id=""schedule-2-paragraph-2-b""> b relevant parts of other legislation, codes of practice, national and local policy guidance, in particular the Children Act 1989, the Children Act 2004, the Human Rights Act 1998","edule/2/paragraph/2/b"" id=""schedule-2-paragraph-2-b"">
<Pnumber>b</Pnumber>
<P3para>
<Text>relevant parts of other legislation, codes of practice, national and local policy guidance, in particular the Children Act 1989<FootnoteRef Ref=""f00006""/>, the Children Act 2004<FootnoteRef Ref=""f00007""/>, the Human Rights Act 1998<FootnoteRef Ref=""f00008""/> and the Mental Capacity Act 2005<FootnoteRef Ref=""f00009""/>;</Text>
</P3para>
</P3>
</P1para>
</P1>
<P1 DocumentURI=""http://www.legislation.gov.uk/wsi/2008/2436/schedule/2/paragraph/2/made"" IdURI=""http://www.legislation.gov.uk/id/wsi/2008/2436/schedul"
WS-01,ukpga/1998/42,,whole-act,text,SI,wsi/2015/1367,http://www.legislation.gov.uk/id/wsi/2015/1367,regulation-4,true,http://www.legislation.gov.uk/id/ukpga/1998/42,"cyhoeddus”) means a body (whether corporate or unincorporated) exercising public functions. For the purpose of this definition, a public function is a function that is a function of a public nature for the purposes of the Human Rights Act 1998","76c926b79643203dc3-1763043628085"" CommentaryRef=""key-REDACTED-CLML-COMMENTARY-HANDLE"">”) means a body (whether corporate or unincorporated) exercising public functions. For the purpose of this definition, a public function is a function that is a function of a public nature for the purposes of the Human Rights Act 1998;</Substitution></Text></Para></ListItem><ListItem><Para><Text><Substitution ChangeId=""key-REDACTED-CLML-COMMENTARY-HANDLE-1763043628085"" CommentaryRef=""key-REDACTED-CLML-COMMENTARY-HANDLE"">“</Substitution><Term><Substitution ChangeId=""key-REDACTED-CLML-COMMENTARY-HANDLE-1763"
WS-01,ukpga/1998/42,,whole-act,text,SI,wsi/2015/1989,http://www.legislation.gov.uk/id/wsi/2015/1989,regulation-13,true,http://www.legislation.gov.uk/id/ukpga/1998/42,"IdURI=""http://www.legislation.gov.uk/id/wsi/2015/1989/regulation/13/4"" id=""regulation-13-4"">4The duty in paragraphs (1), (2) or (3) does not apply if this is incompatible with any of the body’s other duties, including its duties under the Data Protection Act 1998 and the Human Rights Act 1998","v.uk/id/wsi/2015/1989/regulation/13/4"" id=""regulation-13-4""><Pnumber>4</Pnumber><P2para><Text>The duty in paragraphs (1), (2) or (3) does not apply if this is incompatible with any of the body’s other duties, including its duties under the Data Protection Act 1998<FootnoteRef Ref=""f00005""/> and the Human Rights Act 1998<FootnoteRef Ref=""f00006""/>.</Text></P2para></P2></P1para></P1></P1group><P1group RestrictExtent=""E+W"" RestrictStartDate=""2016-04-06""><Title>Delegation of functions</Title><P1 DocumentURI=""http://www.legislation.gov.uk/wsi/2015/1989/regulation/14"" IdURI=""http://www.legislation.g"
WS-01,ukpga/1998/42,,whole-act,text,SI,wsi/2017/56,http://www.legislation.gov.uk/id/wsi/2017/56,regulation-6,true,http://www.legislation.gov.uk/id/ukpga/1998/42,"the purposes of this regulation— “public body” (“corff cyhoeddus”) means a body (whether corporate or unincorporated) exercising public functions. For the purpose of this definition, a public function is a function that is a function of a public nature for the purposes of the Human Rights Act 1998","efinition"">
<ListItem>
<Para><Text>“public body” (“<Emphasis>corff cyhoeddus</Emphasis>”) means a body (whether corporate or unincorporated) exercising public functions. For the purpose of this definition, a public function is a function that is a function of a public nature for the purposes of the Human Rights Act 1998<FootnoteRef Ref=""f00004""/>;</Text>
</Para>
</ListItem>
<ListItem>
<Para><Text>“third sector organisation” (“<Emphasis>sefydliad trydydd sector</Emphasis>”) has the same meaning as in section 16(2) of the Act<FootnoteRef Ref=""f00005""/>.</Text>
</Para>
</ListItem>
</UnorderedList"
WS-01,ukpga/1998/42,,whole-act,text,SI,wsi/2023/292,http://www.legislation.gov.uk/id/wsi/2023/292,regulation-2,true,http://www.legislation.gov.uk/id/ukpga/1998/42,"of this regulation— “public body” (“corff cyhoeddus”) means a body (whether corporate or unincorporated) exercising public functions. For the purpose of this definition, a public function is a function that is a function of a public nature for the purposes of the Human Rights Act 1998","a>
<Text>“<Term>public body</Term>” (“<Term><Emphasis>corff cyhoeddus</Emphasis></Term>”) means a body (whether corporate or unincorporated) exercising public functions. For the purpose of this definition, a public function is a function that is a function of a public nature for the purposes of the Human Rights Act 1998<FootnoteRef Ref=""f00003""/>;</Text>
</Para>
</ListItem>
<ListItem>
<Para>
<Text>“<Term>third sector organisation</Term>” (“<Term><Emphasis>sefydliad trydydd sector</Emphasis></Term>”) has the same meaning as in section 16(2) of the Act<FootnoteRef Ref=""f00004""/>.</Text>
</Para>
"
WS-01,ukpga/1998/42,section-6,whole-act,text,other,eur/2011/305,http://www.legislation.gov.uk/id/eur/2011/305,article-8,true,http://www.legislation.gov.uk/id/ukpga/1998/42,"id=""article-8-5"">5A public authority within the meaning of section 6 of the Human Rights Act 1998","2cc4-1687538584170"" CommentaryRef=""key-REDACTED-CLML-COMMENTARY-HANDLE"">5</Substitution></Pnumber><P2para><Text><Substitution ChangeId=""key-REDACTED-CLML-COMMENTARY-HANDLE-1687538584170"" CommentaryRef=""key-REDACTED-CLML-COMMENTARY-HANDLE"">A public authority within the meaning of section 6 of the Human Rights Act 1998 may not impose rules or conditions impeding the use of a construction product bearing the UK marking, or the CE marking (or CE marking accompanied by the UK(NI) indication)  where Article 16A(2)(a) applies, when the declared performances correspond to the requirements for such "
WS-01,ukpga/1998/42,,whole-act,text,other,eur/2016/679,http://www.legislation.gov.uk/id/eur/2016/679,article-4,true,http://www.legislation.gov.uk/id/ukpga/1998/42,to fundamental rights or fundamental freedoms (however expressed) are to the Convention rights within the meaning of the Human Rights Act 1998,"""key-REDACTED-CLML-COMMENTARY-HANDLE""><Substitution ChangeId=""key-REDACTED-CLML-COMMENTARY-HANDLE-1705415940420"" CommentaryRef=""key-REDACTED-CLML-COMMENTARY-HANDLE"">references to fundamental rights or fundamental freedoms (however expressed) are to the Convention rights within the meaning of the Human Rights Act 1998.</Substitution></Addition></Text></P3para></P3><P3 DocumentURI=""http://www.legislation.gov.uk/eur/2016/679/article/4/1/29"" IdURI=""http://www.legislation.gov.uk/id/eur/2016/679/article/4/1/29"" id=""article-4-1-29""><Pnumber PuncBefore=""("" PuncAfter="")"">29</Pnumber><P3para><Text><A"
WS-01,ukpga/1998/42,,whole-act,text,primary,anaw/2016/1,http://www.legislation.gov.uk/id/anaw/2016/1,schedule-10-paragraph-2,true,http://www.legislation.gov.uk/id/ukpga/1998/42,"available to it, must (amongst other things) have regard to the circumstances set out in paragraphs 4 to 13 to the extent that the court considers them relevant (and to the extent that it is not otherwise required to have regard to those matters; for example, under the Human Rights Act 1998","or to make any other decision available to it, must (amongst other things) have regard to the circumstances set out in paragraphs 4 to 13 to the extent that the court considers them relevant (and to the extent that it is not otherwise required to have regard to those matters; for example, under the Human Rights Act 1998 (c. 42)).</Text></P1para></P1><P1 DocumentURI=""http://www.legislation.gov.uk/anaw/2016/1/schedule/10/paragraph/3"" IdURI=""http://www.legislation.gov.uk/id/anaw/2016/1/schedule/10/paragraph/3"" id=""schedule-10-paragraph-3"" RestrictStartDate=""2022-12-01""><Pnumber PuncAfter=""""><Comm"
WS-01,ukpga/1998/42,,whole-act,text,primary,anaw/2016/1,http://www.legislation.gov.uk/id/anaw/2016/1,schedule-6-paragraph-1,true,http://www.legislation.gov.uk/id/ukpga/1998/42,"id=""schedule-6-paragraph-1-2"">2Part 2 sets out circumstances which must be taken into account for that purpose, to the extent that they are relevant (and to the extent that there is no other requirement to take them into account for that purpose; for example, under the Human Rights Act 1998","""schedule-6-paragraph-1-2""><Pnumber>2</Pnumber><P2para><Text>Part 2 sets out circumstances which must be taken into account for that purpose, to the extent that they are relevant (and to the extent that there is no other requirement to take them into account for that purpose; for example, under the Human Rights Act 1998 (c. 42)).</Text></P2para></P2><P2 DocumentURI=""http://www.legislation.gov.uk/anaw/2016/1/schedule/6/paragraph/1/3"" IdURI=""http://www.legislation.gov.uk/id/anaw/2016/1/schedule/6/paragraph/1/3"" id=""schedule-6-paragraph-1-3""><Pnumber>3</Pnumber><P2para><Text>Part 3 sets out circu"
WS-01,ukpga/1998/42,,whole-act,text,primary,anaw/2016/1,http://www.legislation.gov.uk/id/anaw/2016/1,section-252,true,http://www.legislation.gov.uk/id/ukpga/1998/42,"cyflogaeth”) means a contract of service or apprenticeship, whether express or implied and (if it is express) whether oral or in writing;“Convention rights” (“hawliau Confensiwn”) has the same meaning as in the Human Rights Act 1998","ether express or implied and (if it is express) whether oral or in writing;</Text></Para></ListItem><ListItem><Para><Text>“<Term id=""term-convention-rights"">Convention rights</Term>” (“<Term id=""term-hawliau-confensiwn""><Emphasis>hawliau Confensiwn</Emphasis></Term>”) has the same meaning as in the Human Rights Act 1998 (c. 42);</Text></Para></ListItem><ListItem><Para><Text>“<Term id=""term-enactment"">enactment</Term>” (“<Term id=""term-deddfiad""><Emphasis>deddfiad</Emphasis></Term>”) means an enactment (whenever enacted or made, unless the contrary intention appears) comprised in, or in an inst"
WS-01,ukpga/1998/42,,whole-act,markup,primary,asc/2022/2,http://www.legislation.gov.uk/id/asc/2022/2,section-1,true,http://www.legislation.gov.uk/id/ukpga/1998/42,“international obligations” (“rhwymedigaethau rhyngwladol”) means any international obligations of the United Kingdom other than obligations to observe and implement the Convention rights (within the meaning of the Human Rights Act 1998 (c. 42),"t>“<Term id=""term-international-obligations"">international obligations</Term>” (“<Term><Emphasis>rhwymedigaethau rhyngwladol</Emphasis></Term>”) means any international obligations of the United Kingdom other than obligations to observe and implement the Convention rights (within the meaning of the <Citation URI=""http://www.legislation.gov.uk/id/ukpga/1998/42"" id=""c00005"" Class=""UnitedKingdomPublicGeneralAct"" Year=""1998"" Number=""0042"">Human Rights Act 1998 (c. 42)</Citation>);</Text>
                    </Para>
                  </ListItem>
                  <ListItem>
                    <Par"
WS-01,ukpga/1998/42,section-6,whole-act,text,primary,asp/2001/13,http://www.legislation.gov.uk/id/asp/2001/13,section-8A,true,http://www.legislation.gov.uk/id/ukpga/1998/42,"id=""section-8A-2-g"">gan individual who would be liable to removal or deportation from the United Kingdom but cannot be removed or deported because of section 6 of the Human Rights Act 1998","ntaryRef=""c21046371"" Prospective=""false"">g</Addition></Pnumber><P3para><Text><Addition ChangeId=""d29p11607"" CommentaryRef=""c21046371"" Prospective=""false"">an individual who would be liable to removal or deportation from the United Kingdom but cannot be removed or deported because of section 6 of the Human Rights Act 1998 (c.42) or for practical reasons,</Addition></Text></P3para></P3><P3 DocumentURI=""http://www.legislation.gov.uk/asp/2001/13/section/8A/2/h"" IdURI=""http://www.legislation.gov.uk/id/asp/2001/13/section/8A/2/h"" id=""section-8A-2-h""><Pnumber><Addition ChangeId=""d29p11607"" CommentaryR"
WS-01,ukpga/1998/42,section-1,whole-act,text,primary,asp/2001/13,http://www.legislation.gov.uk/id/asp/2001/13,section-8A,true,http://www.legislation.gov.uk/id/ukpga/1998/42,“ Convention rights ” means the rights identified as Convention rights by section 1 of the Human Rights Act 1998,"n><Term id=""term-convention-rights""><Addition ChangeId=""d29p11607"" CommentaryRef=""c21046371"" Prospective=""false"">Convention rights</Addition></Term><Addition ChangeId=""d29p11607"" CommentaryRef=""c21046371"" Prospective=""false"">



” means the rights identified as Convention rights by section 1 of the Human Rights Act 1998,



</Addition></Text></Para></ListItem><ListItem><Para><Text><Addition ChangeId=""d29p11607"" CommentaryRef=""c21046371"" Prospective=""false"">



“



</Addition><Term id=""term-detained-in-lawful-custody""><Addition ChangeId=""d29p11607"" CommentaryRef=""c21046371"" Prospective=""false"""
WS-01,ukpga/1998/42,section-6,whole-act,text,primary,asp/2001/13,http://www.legislation.gov.uk/id/asp/2001/13,section-8A,true,http://www.legislation.gov.uk/id/ukpga/1998/42,"“ human rights claim ” means a claim that to remove the claimant from, or to require the claimant to leave, the United Kingdom would be unlawful under section 6 of the Human Rights Act 1998","Ref=""c21046371"" Prospective=""false"">human rights claim</Addition></Term><Addition ChangeId=""d29p11607"" CommentaryRef=""c21046371"" Prospective=""false"">



” means a claim that to remove the claimant from, or to require the claimant to leave, the United Kingdom would be unlawful under section 6 of the Human Rights Act 1998 (public authority not to act contrary to Convention) as being incompatible with the person's Convention rights,



</Addition></Text></Para></ListItem><ListItem><Para><Text><Addition ChangeId=""d29p11607"" CommentaryRef=""c21046371"" Prospective=""false"">



“



</Addition><Term id"
WS-01,ukpga/1998/42,,whole-act,text,primary,asp/2006/16,http://www.legislation.gov.uk/id/asp/2006/16,section-19,true,http://www.legislation.gov.uk/id/ukpga/1998/42,"Scottish public authority with mixed functions or no reserved functions, andbany other person who is a public authority within the meaning of the Human Rights Act 1998",", and</Text></P4para></P4></P3para></P3><P3 DocumentURI=""http://www.legislation.gov.uk/asp/2006/16/section/19/b"" IdURI=""http://www.legislation.gov.uk/id/asp/2006/16/section/19/b"" id=""section-19-b""><Pnumber>b</Pnumber><P3para><Text>any other person who is a public authority within the meaning of the Human Rights Act 1998 (c. 42), but only in so far as the public functions exercisable by the person—</Text><P4 DocumentURI=""http://www.legislation.gov.uk/asp/2006/16/section/19/b/i"" IdURI=""http://www.legislation.gov.uk/id/asp/2006/16/section/19/b/i"" id=""section-19-b-i""><Pnumber>i</Pnumber><P4para><T"
WS-01,ukpga/1998/42,section-1,whole-act,text,primary,asp/2006/16,http://www.legislation.gov.uk/id/asp/2006/16,section-2,true,http://www.legislation.gov.uk/id/ukpga/1998/42,"id=""section-2-2"">2In this Act, “human rights” means—athe Convention rights within the meaning of section 1 of the Human Rights Act 1998","an-rights"">human rights</Term>” means—</Text><P3 DocumentURI=""http://www.legislation.gov.uk/asp/2006/16/section/2/2/a"" IdURI=""http://www.legislation.gov.uk/id/asp/2006/16/section/2/2/a"" id=""section-2-2-a""><Pnumber>a</Pnumber><P3para><Text>the Convention rights within the meaning of section 1 of the Human Rights Act 1998 (c. 42), and</Text></P3para></P3><P3 DocumentURI=""http://www.legislation.gov.uk/asp/2006/16/section/2/2/b"" IdURI=""http://www.legislation.gov.uk/id/asp/2006/16/section/2/2/b"" id=""section-2-2-b""><Pnumber>b</Pnumber><P3para><Text>other human rights contained in any international c"
WS-01,ukpga/1998/42,section-1,whole-act,text,primary,asp/2006/16,http://www.legislation.gov.uk/id/asp/2006/16,section-20,true,http://www.legislation.gov.uk/id/ukpga/1998/42,"the context requires otherwise—“the Commission” means the Scottish Commission for Human Rights (established by section 1(1)),“Convention rights” has the meaning given in section 1 of the Human Rights Act 1998","tItem><Para><Text>“<Term id=""term-the-commission"">the Commission</Term>” means the Scottish Commission for Human Rights (established by section 1(1)),</Text></Para></ListItem><ListItem><Para><Text>“<Term id=""term-convention-rights"">Convention rights</Term>” has the meaning given in section 1 of the Human Rights Act 1998 (c. 42),</Text></Para></ListItem><ListItem><Para><Text>“<Term id=""term-human-rights"">human rights</Term>” has the meaning given in section 2(2),</Text></Para></ListItem><ListItem><Para><Text>“<Term id=""term-inquiry"">inquiry</Term>” means an inquiry under section 8,</Text></Para"
WS-01,ukpga/1998/42,section-6-1,whole-act,text,primary,asp/2007/5,http://www.legislation.gov.uk/id/asp/2007/5,section-44,true,http://www.legislation.gov.uk/id/ukpga/1998/42,been in bad faith;bso as to prevent an award of damages made in respect of an act or omission on the ground that the act or omission was unlawful as a result of section 6(1) of the Human Rights Act 1998,"/section/44/2/b"" IdURI=""http://www.legislation.gov.uk/id/asp/2007/5/section/44/2/b"" id=""section-44-2-b""><Pnumber>b</Pnumber><P3para><Text>so as to prevent an award of damages made in respect of an act or omission on the ground that the act or omission was unlawful as a result of section 6(1) of the Human Rights Act 1998 (c. 42).</Text></P3para></P3></P2para></P2></P1para></P1></P1group><P1group RestrictStartDate=""2008-10-01"" ConfersPower=""true""><Title>Giving of notices etc. under Part 1</Title><P1 DocumentURI=""http://www.legislation.gov.uk/asp/2007/5/section/45"" IdURI=""http://www.legislation.g"
WS-01,ukpga/1998/42,section-6,whole-act,text,primary,asp/2010/13,http://www.legislation.gov.uk/id/asp/2010/13,section-32,true,http://www.legislation.gov.uk/id/ukpga/1998/42,"or by virtue of an order under section 11 or 13(5A) of the Criminal Appeal (Northern Ireland) Act 1980 (c. 47),“human rights claim” means a claim that to remove the claimant from, or to require the claimant to leave, the United Kingdom would be unlawful under section 6 of the Human Rights Act 1998","minal Appeal (Northern Ireland) Act 1980 (c. 47),</Text></Para></ListItem></OrderedList></ListItem><ListItem><Para><Text>“<Term>human rights claim</Term>” means a claim that to remove the claimant from, or to require the claimant to leave, the United Kingdom would be unlawful under section 6 of the Human Rights Act 1998 (public authority not to act contrary to Convention) as being incompatible with the person's Convention rights,</Text></Para></ListItem><ListItem><Para><Text>“<Term>the Refugee Convention</Term>” means the Convention relating to the Status of Refugees done at Geneva on 28 July "
WS-01,ukpga/1998/42,section-6,whole-act,text,primary,asp/2010/13,http://www.legislation.gov.uk/id/asp/2010/13,section-32,true,http://www.legislation.gov.uk/id/ukpga/1998/42,"granted, oriithe named individual is in the United Kingdom (whether or not the application or claim has been determined),gan individual who would be liable to removal or deportation from the United Kingdom but cannot be removed or deported because of section 6 of the Human Rights Act 1998","the United Kingdom (whether or not the application or claim has been determined),</Text></P4para></P4></P3para></P3><P3><Pnumber>g</Pnumber><P3para><Text>an individual who would be liable to removal or deportation from the United Kingdom but cannot be removed or deported because of section 6 of the Human Rights Act 1998 (c.42) or for practical reasons,</Text></P3para></P3><P3><Pnumber>h</Pnumber><P3para><Text>an individual—</Text><P4><Pnumber>i</Pnumber><P4para><Text>against whom a decision to make a deportation order under section 5(1) of the Immigration Act 1971 (c.77) by virtue of section 3"
WS-01,ukpga/1998/42,section-1,whole-act,text,primary,asp/2010/13,http://www.legislation.gov.uk/id/asp/2010/13,section-32,true,http://www.legislation.gov.uk/id/ukpga/1998/42,"be removed from, or required to leave, the United Kingdom,a claim that the claimant would face a real risk of serious harm if removed from the United Kingdom,“Convention rights” means the rights identified as Convention rights by section 1 of the Human Rights Act 1998","rOverride=""b""><Para><Text>a claim that the claimant would face a real risk of serious harm if removed from the United Kingdom,</Text></Para></ListItem></OrderedList></ListItem><ListItem><Para><Text>“<Term>Convention rights</Term>” means the rights identified as Convention rights by section 1 of the Human Rights Act 1998,</Text></Para></ListItem><ListItem><Para><Text>“<Term>detained in lawful custody</Term>” means—</Text></Para><OrderedList Type=""alpha"" Decoration=""parens""><ListItem NumberOverride=""a""><Para><Text>detained in pursuance of a sentence of imprisonment or detention, a sentence of cu"
WS-01,ukpga/1998/42,section-6-1,whole-act,text,primary,asp/2010/5,http://www.legislation.gov.uk/id/asp/2010/5,section-154,true,http://www.legislation.gov.uk/id/ukpga/1998/42,"grounds for the act or omission,dso as to prevent an award of damages in respect of the act or omission on the ground that it was unlawful as a result of section 6(1) of the Human Rights Act 1998",".gov.uk/asp/2010/5/section/154/3/d"" IdURI=""http://www.legislation.gov.uk/id/asp/2010/5/section/154/3/d"" id=""section-154-3-d""><Pnumber>d</Pnumber><P3para><Text>so as to prevent an award of damages in respect of the act or omission on the ground that it was unlawful as a result of section 6(1) of the Human Rights Act 1998 (c.42) (acts of public authorities incompatible with Convention rights).</Text></P3para></P3></P2para></P2></P1para></P1></P1group></Pblock><Pblock DocumentURI=""http://www.legislation.gov.uk/asp/2010/5/part/7/crossheading/offences-in-relation-to-marine-enforcement-officers"" IdU"
WS-01,ukpga/1998/42,section-1,whole-act,text,primary,asp/2012/8,http://www.legislation.gov.uk/id/asp/2012/8,section-36A,true,http://www.legislation.gov.uk/id/ukpga/1998/42,"id=""section-36A-4-f"">fConvention rights within the meaning of section 1 of the Human Rights Act 1998","2ef58c2df8a67-1751359055666"" CommentaryRef=""key-REDACTED-CLML-COMMENTARY-HANDLE"">f</Addition></Pnumber><P3para><Text><Addition ChangeId=""key-REDACTED-CLML-COMMENTARY-HANDLE-1751359055666"" CommentaryRef=""key-REDACTED-CLML-COMMENTARY-HANDLE"">Convention rights within the meaning of section 1 of the Human Rights Act 1998,</Addition></Text></P3para></P3><P3 DocumentURI=""http://www.legislation.gov.uk/asp/2012/8/section/36A/4/g"" IdURI=""http://www.legislation.gov.uk/id/asp/2012/8/section/36A/4/g"" id=""section-36A-4-g""><Pnumber><Addition ChangeId=""key-REDACTED-CLML-COMMENTARY-HANDLE-1751359055666"" C"
WS-01,ukpga/1998/42,,whole-act,text,primary,asp/2014/5,http://www.legislation.gov.uk/id/asp/2014/5,section-16,true,http://www.legislation.gov.uk/id/ukpga/1998/42,equivalent right conferred by rule of law.2“Convention right” has the same meaning as in the Human Rights Act 1998,"a></P3></P2para></P2><P2 DocumentURI=""http://www.legislation.gov.uk/asp/2014/5/section/16/2"" IdURI=""http://www.legislation.gov.uk/id/asp/2014/5/section/16/2"" id=""section-16-2""><Pnumber>2</Pnumber><P2para><Text>“<Term id=""term-convention-right"">Convention right</Term>” has the same meaning as in the Human Rights Act 1998.</Text></P2para></P2></P1para></P1></P1group></Chapter><Chapter DocumentURI=""http://www.legislation.gov.uk/asp/2014/5/part/1/chapter/5"" IdURI=""http://www.legislation.gov.uk/id/asp/2014/5/part/1/chapter/5"" NumberOfProvisions=""6"" id=""part-1-chapter-5"" RestrictStartDate=""2015-03-0"
WS-01,ukpga/1998/42,section-1,whole-act,text,primary,asp/2016/18,http://www.legislation.gov.uk/id/asp/2016/18,section-1,true,http://www.legislation.gov.uk/id/ukpga/1998/42,"id=""section-1-6"">6In this section “human rights” means—athe Convention rights (within the meaning of section 1 of the Human Rights Act 1998","n-rights"">human rights</Term>” means—</Text><P3 DocumentURI=""http://www.legislation.gov.uk/asp/2016/18/section/1/6/a"" IdURI=""http://www.legislation.gov.uk/id/asp/2016/18/section/1/6/a"" id=""section-1-6-a""><Pnumber>a</Pnumber><P3para><Text>the Convention rights (within the meaning of section 1 of the Human Rights Act 1998), and</Text></P3para></P3><P3 DocumentURI=""http://www.legislation.gov.uk/asp/2016/18/section/1/6/b"" IdURI=""http://www.legislation.gov.uk/id/asp/2016/18/section/1/6/b"" id=""section-1-6-b""><Pnumber>b</Pnumber><P3para><Text>other human rights contained in any international conventi"
WS-01,ukpga/1998/42,section-1,whole-act,text,primary,asp/2016/18,http://www.legislation.gov.uk/id/asp/2016/18,section-44,true,http://www.legislation.gov.uk/id/ukpga/1998/42,"id=""section-44-11"">11In this section “human rights” means—athe Convention rights (within the meaning of section 1 of the Human Rights Act 1998","ts"">human rights</Term>” means—</Text><P3 DocumentURI=""http://www.legislation.gov.uk/asp/2016/18/section/44/11/a"" IdURI=""http://www.legislation.gov.uk/id/asp/2016/18/section/44/11/a"" id=""section-44-11-a""><Pnumber>a</Pnumber><P3para><Text>the Convention rights (within the meaning of section 1 of the Human Rights Act 1998), and</Text></P3para></P3><P3 DocumentURI=""http://www.legislation.gov.uk/asp/2016/18/section/44/11/b"" IdURI=""http://www.legislation.gov.uk/id/asp/2016/18/section/44/11/b"" id=""section-44-11-b""><Pnumber>b</Pnumber><P3para><Text>other human rights contained in any international co"
WS-01,ukpga/1998/42,section-1,whole-act,text,primary,asp/2016/18,http://www.legislation.gov.uk/id/asp/2016/18,section-56,true,http://www.legislation.gov.uk/id/ukpga/1998/42,"IdURI=""http://www.legislation.gov.uk/id/asp/2016/18/section/56/14"" id=""section-56-14"">14In subsection (13)(a), “relevant non-Convention human rights” means such human rights other than the Convention rights (within the meaning of section 1 of the Human Rights Act 1998","sp/2016/18/section/56/14"" id=""section-56-14""><Pnumber>14</Pnumber><P2para><Text>In subsection (13)(a),  “<Term id=""term-relevant-non-convention-human-rights"">relevant non-Convention human rights</Term>” means such human rights other than the Convention rights (within the meaning of section 1 of the Human Rights Act 1998)—</Text><P3 DocumentURI=""http://www.legislation.gov.uk/asp/2016/18/section/56/14/a"" IdURI=""http://www.legislation.gov.uk/id/asp/2016/18/section/56/14/a"" id=""section-56-14-a""><Pnumber>a</Pnumber><P3para><Text>as the Scottish Ministers consider to be relevant, and</Text></P3para>"
WS-01,ukpga/1998/42,section-6-1,whole-act,text,primary,asp/2021/17,http://www.legislation.gov.uk/id/asp/2021/17,schedule-2-paragraph-3,true,http://www.legislation.gov.uk/id/ukpga/1998/42,(1) does not prevent an award of damages being made in respect of an act or omission on the ground that it was unlawful as a result of section 6(1) of the Human Rights Act 1998,"://www.legislation.gov.uk/id/asp/2021/17/schedule/2/paragraph/3/3"" id=""schedule-2-paragraph-3-3""><Pnumber>3</Pnumber><P2para><Text>Sub-paragraph (1) does not prevent an award of damages being made in respect of an act or omission on the ground that it was unlawful as a result of section 6(1) of the Human Rights Act 1998.</Text></P2para></P2></P1para></P1></Pblock></Part><Part DocumentURI=""http://www.legislation.gov.uk/asp/2021/17/schedule/2/part/2"" IdURI=""http://www.legislation.gov.uk/id/asp/2021/17/schedule/2/part/2"" NumberOfProvisions=""6"" id=""schedule-2-part-2"" RestrictStartDate=""2024-04-30"""
WS-01,ukpga/1998/42,section-6,whole-act,text,primary,asp/2021/4,http://www.legislation.gov.uk/id/asp/2021/4,section-12,true,http://www.legislation.gov.uk/id/ukpga/1998/42,"is an EU directive,“member State” (except in the definition of “EU reference”) does not include the United Kingdom,“public authority”—means a public authority within the meaning of section 6 of the Human Rights Act 1998","e definition of  “EU reference”) does not include the United Kingdom,</Text></Para></ListItem><ListItem><Para><Text>“public authority”—</Text></Para><OrderedList Type=""alpha"" Decoration=""parens""><ListItem NumberOverride=""a""><Para><Text>means a public authority within the meaning of section 6 of the Human Rights Act 1998, but</Text></Para></ListItem><ListItem NumberOverride=""b""><Para><Text>does not include the Scottish Parliament or a person exercising functions in connection with proceedings in the Scottish Parliament,</Text></Para></ListItem></OrderedList></ListItem><ListItem><Para><Text>“<Te"
WS-01,ukpga/1998/42,section-1,whole-act,text,primary,asp/2021/4,http://www.legislation.gov.uk/id/asp/2021/4,section-9,true,http://www.legislation.gov.uk/id/ukpga/1998/42,"id=""section-9-3"">3A statement explaining the effect (if any) of the instrument or draft on—athe Convention rights within the meaning of section 1 of the Human Rights Act 1998"," (if any) of the instrument or draft on—</Text><P3 DocumentURI=""http://www.legislation.gov.uk/asp/2021/4/section/9/3/a"" IdURI=""http://www.legislation.gov.uk/id/asp/2021/4/section/9/3/a"" id=""section-9-3-a""><Pnumber>a</Pnumber><P3para><Text>the Convention rights within the meaning of section 1 of the Human Rights Act 1998, and</Text></P3para></P3><P3 DocumentURI=""http://www.legislation.gov.uk/asp/2021/4/section/9/3/b"" IdURI=""http://www.legislation.gov.uk/id/asp/2021/4/section/9/3/b"" id=""section-9-3-b""><Pnumber>b</Pnumber><P3para><Text>other human rights contained in any international convention,"
WS-01,ukpga/1998/42,section-6,whole-act,text,primary,asp/2022/8,http://www.legislation.gov.uk/id/asp/2022/8,schedule-paragraph-9,true,http://www.legislation.gov.uk/id/ukpga/1998/42,"id=""term-public-authority"">public authority” is to be construed in accordance with section 6 of the Human Rights Act 1998","ommentaryRef=""key-REDACTED-CLML-COMMENTARY-HANDLE"" RetainText=""true"">public authority</Repeal></Term><Repeal ChangeId=""key-REDACTED-CLML-COMMENTARY-HANDLE-1688730307856"" CommentaryRef=""key-REDACTED-CLML-COMMENTARY-HANDLE"" RetainText=""true"">” is to be construed in accordance with section 6 of the Human Rights Act 1998.</Repeal></Text></Para></ListItem></UnorderedList></P2para></P2></P1para></P1></Pblock></Chapter><Chapter DocumentURI=""http://www.legislation.gov.uk/asp/2022/8/schedule/part/1/chapter/3"" IdURI=""http://www.legislation.gov.uk/id/asp/2022/8/schedule/part/1/chapter/3"" NumberOfProvi"
WS-01,ukpga/1998/42,,whole-act,text,primary,asp/2024/1,http://www.legislation.gov.uk/id/asp/2024/1,section-42,true,http://www.legislation.gov.uk/id/ukpga/1998/42,"id=""section-42-2""> 2 For the purposes of this Act, a function conferred by words inserted by one enactment into another enactment (“the modified enactment”) is to be regarded as conferred only by the modified enactment. No modification of the Human Rights Act 1998","n conferred by words inserted by one enactment into another enactment (“the modified enactment”) is to be regarded as conferred only by the modified enactment.</Text>
</P2para>
</P2>
</P1para>
</P1>
</P1group>
<P1group RestrictExtent=""S"" RestrictStartDate=""2024-01-17"">
<Title>No modification of the Human Rights Act 1998</Title>
<P1 DocumentURI=""http://www.legislation.gov.uk/asp/2024/1/section/43"" IdURI=""http://www.legislation.gov.uk/id/asp/2024/1/section/43"" id=""section-43"">
<Pnumber><CommentaryRef Ref=""key-REDACTED-CLML-COMMENTARY-HANDLE""/><CommentaryRef Ref=""key-db06ff59828bb47575da6d3c53e1"
WS-01,ukpga/1998/42,,whole-act,text,primary,asp/2024/1,http://www.legislation.gov.uk/id/asp/2024/1,section-43,true,http://www.legislation.gov.uk/id/ukpga/1998/42,No modification of the Human Rights Act 1998 43 Nothing in this Act modifies the Human Rights Act 1998,"n.gov.uk/asp/2024/1/section/43"" IdURI=""http://www.legislation.gov.uk/id/asp/2024/1/section/43"" id=""section-43"">
<Pnumber><CommentaryRef Ref=""key-REDACTED-CLML-COMMENTARY-HANDLE""/><CommentaryRef Ref=""key-REDACTED-CLML-COMMENTARY-HANDLE""/>43</Pnumber>
<P1para>
<Text>Nothing in this Act modifies the Human Rights Act 1998.</Text>
</P1para>
</P1>
</P1group>
<P1group RestrictExtent=""S"" RestrictStartDate=""2024-01-31""><Title>Rules of court</Title><P1 DocumentURI=""http://www.legislation.gov.uk/asp/2024/1/section/44"" IdURI=""http://www.legislation.gov.uk/id/asp/2024/1/section/44"" id=""section-44""><Pnumb"
WS-01,ukpga/1998/42,,whole-act,markup,primary,asp/2025/14,http://www.legislation.gov.uk/id/asp/2025/14,section-20,true,https://www.legislation.gov.uk/ukpga/1998/42,“public authority” has the meaning given by section 6(3) of the Human Rights Act 1998,"ernalLink Title=""Human Rights Act 1998 section 6"" URI=""https://www.legislation.gov.uk/ukpga/1998/42/section/6"" id=""i00124"">section 6</ExternalLink><ExternalLink Title=""Human Rights Act 1998 section 6"" URI=""https://www.legislation.gov.uk/ukpga/1998/42/section/6"" id=""i00125"">(3)</ExternalLink> of the <Citation URI=""https://www.legislation.gov.uk/ukpga/1998/42"" id=""c00006"" Class=""UnitedKingdomPublicGeneralAct"" Year=""1998"" Number=""42"">Human Rights Act 1998</Citation> but does not include a court or tribunal,</Text>
</Para>
</ListItem>
<ListItem id=""p03021"">
<Para>
<Text>“<Term id=""term-young-perso"
WS-01,ukpga/1998/42,section-6,whole-act,text,primary,asp/2025/14,http://www.legislation.gov.uk/id/asp/2025/14,section-4,true,http://www.legislation.gov.uk/id/ukpga/1998/42,"“requirement” means a requirement arising from an enactment or rule of law. 2 For the purposes of the definition of “public official”, “public authority” is to be construed in accordance with section 6 of the Human Rights Act 1998"," requirement arising from an enactment or rule of law.</Text>
</Para>
</ListItem>
</UnorderedList>
</P2para>
</P2>
<P2>
<Pnumber>2</Pnumber>
<P2para>
<Text>For the purposes of the definition of “public official”, “<Term>public authority</Term>” is to be construed in accordance with section 6 of the Human Rights Act 1998.</Text>
</P2para>
</P2>
</P1para>
</P1>
</P1group>
</Pblock>
</BlockAmendment>
<AppendText>.</AppendText>
</P2para>
</P2>
</P1para>
</P1>
</P1group>
<P1group>
<Title>Digital productions</Title>
<P1 DocumentURI=""http://www.legislation.gov.uk/asp/2025/14/section/5/enacted"" IdURI="
WS-01,ukpga/1998/42,section-1,whole-act,text,primary,asp/2025/5,http://www.legislation.gov.uk/id/asp/2025/5,section-2,true,http://www.legislation.gov.uk/id/ukpga/1998/42,"on the Use of Force and Firearms by Law Enforcement Officials, adopted by the Eighth United Nations Congress on the Prevention of Crime and the Treatment of Offenders, Havana, Cuba, 27 August to 7 September 1990, f Convention rights within the meaning of section 1 of the Human Rights Act 1998","y Law Enforcement Officials, adopted by the Eighth United Nations Congress on the Prevention of Crime and the Treatment of Offenders, Havana, Cuba, 27 August to 7 September 1990,</Text>
</P3para>
</P3>
<P3>
<Pnumber>f</Pnumber>
<P3para>
<Text>Convention rights within the meaning of section 1 of the Human Rights Act 1998,</Text>
</P3para>
</P3>
<P3>
<Pnumber>g</Pnumber>
<P3para>
<Text>the rights and obligations set out in the schedule of the United Nations Convention on the Rights of the Child (Incorporation) (Scotland) Act 2024, and</Text>
</P3para>
</P3>
<P3>
<Pnumber>h</Pnumber>
<P3para>
<Te"
WS-01,ukpga/1998/42,section-6,whole-act,text,primary,mwa/2011/1,http://www.legislation.gov.uk/id/mwa/2011/1,schedule-5-paragraph-3,true,http://www.legislation.gov.uk/id/ukpga/1998/42,this Schedule—“public authority” (“awdurdod cyhoeddus”) means each public authority within the meaning of section 6 of the Human Rights Act 1998,"para><Text>In this Schedule—</Text><UnorderedList Decoration=""none"" Class=""Definition""><ListItem><Para><Text>“<Term id=""term-public-authority"">public authority</Term>” (“<Term id=""term-awdurdod-cyhoeddus"">awdurdod cyhoeddus</Term>”) means each public authority within the meaning of section 6 of the Human Rights Act 1998;</Text></Para></ListItem><ListItem><Para><Text>“<Term id=""term-public-money"">public money</Term>” (<Term id=""term"">“arian cyhoeddus</Term>”) means—</Text></Para><OrderedList Type=""alpha"" Decoration=""parens""><ListItem NumberOverride=""a""><Para><Text>moneys made available directly"
WS-01,ukpga/1998/42,section-6,whole-act,text,primary,mwa/2011/1,http://www.legislation.gov.uk/id/mwa/2011/1,schedule-7-paragraph-2,true,http://www.legislation.gov.uk/id/ukpga/1998/42,means a service within paragraph (a) in column (3) of any of rows (1) to (8) in the table;“public authority” (“diwrnod gosod yr awdurdod cyhoeddus”) means each public authority within the meaning of section 6 of the Human Rights Act 1998," table;</Text></Para></ListItem><ListItem><Para><Text>“<Term id=""term-public-authority"">public authority</Term>” (“<Term id=""term-diwrnod-gosod-yr-awdurdod-cyhoeddus""><Emphasis>diwrnod gosod yr awdurdod cyhoeddus</Emphasis></Term>”) means each public authority within the meaning of section 6 of the Human Rights Act 1998;</Text></Para></ListItem><ListItem><Para><Text>“<Term id=""term-public-money"">public money</Term>” (“<Term id=""term-arian-cyhoeddus""><Emphasis>arian cyhoeddus</Emphasis></Term>”) means—</Text></Para><OrderedList Type=""alpha"" Decoration=""parens""><ListItem NumberOverride=""a""><Para"
WS-01,ukpga/1998/42,section-6-1,whole-act,text,primary,nia/2011/18,http://www.legislation.gov.uk/id/nia/2011/18,section-1,true,http://www.legislation.gov.uk/id/ukpga/1998/42,neither paragraph (1) nor (2) applies—aif the act or omission is shown to have been in bad faith; orbso as to prevent an award of damages in respect of an act or omission on the grounds that the act or omission was unlawful as a result of section 6(1) of the Human Rights Act 1998,Pnumber><P3para><Text>if the act or omission is shown to have been in bad faith; or</Text></P3para></P3><P3><Pnumber>b</Pnumber><P3para><Text>so as to prevent an award of damages in respect of an act or omission on the grounds that the act or omission was unlawful as a result of section 6(1) of the Human Rights Act 1998 (incompatibility of act or omission with Convention rights).</Text></P3para></P3></P2para></P2><P2><Pnumber>4</Pnumber><P2para><Text>This Article does not affect any other exemption from liability for damages (whether at common law or otherwise).</Text></P2para></P2><P2><Pnumbe
WS-01,ukpga/1998/42,section-6-1,whole-act,text,primary,nia/2011/18,http://www.legislation.gov.uk/id/nia/2011/18,section-7,true,http://www.legislation.gov.uk/id/ukpga/1998/42,neither paragraph (1) nor (2) applies—aif the act or omission is shown to have been in bad faith; orbso as to prevent an award of damages in respect of an act or omission on the grounds that the act or omission was unlawful as a result of section 6(1) of the Human Rights Act 1998,Pnumber><P3para><Text>if the act or omission is shown to have been in bad faith; or</Text></P3para></P3><P3><Pnumber>b</Pnumber><P3para><Text>so as to prevent an award of damages in respect of an act or omission on the grounds that the act or omission was unlawful as a result of section 6(1) of the Human Rights Act 1998 (incompatibility of act or omission with Convention rights).</Text></P3para></P3></P2para></P2><P2><Pnumber>4</Pnumber><P2para><Text>This Article does not affect any other exemption from liability for damages (whether at common law or otherwise).</Text></P2para></P2><P2><Pnumbe
WS-01,ukpga/1998/42,section-6-1,whole-act,text,primary,nia/2011/23,http://www.legislation.gov.uk/id/nia/2011/23,section-23,true,http://www.legislation.gov.uk/id/ukpga/1998/42,the act or omission is shown to be in bad faith;bto liability arising out of a failure to exercise due care and attention;cso as to prevent an award of damages in respect of an act or omission on the ground that the act or omission was unlawful by virtue of section 6(1) of the Human Rights Act 1998,P3para><Text>to liability arising out of a failure to exercise due care and attention;</Text></P3para></P3><P3><Pnumber>c</Pnumber><P3para><Text>so as to prevent an award of damages in respect of an act or omission on the ground that the act or omission was unlawful by virtue of section 6(1) of the Human Rights Act 1998.</Text></P3para></P3></P2para></P2><P2><Pnumber>4</Pnumber><P2para><Text>This Article does not affect any other exemption from liability (whether at common law or otherwise).</Text></P2para></P2></P1para></P1></P1group></BlockAmendment><AppendText>.</AppendText></P1para></P1></
WS-01,ukpga/1998/42,section-6-1,whole-act,text,primary,nia/2011/23,http://www.legislation.gov.uk/id/nia/2011/23,section-35,true,http://www.legislation.gov.uk/id/ukpga/1998/42,care and attention;cso as to prevent an award of damages made in respect of an act or omission on the ground that the act or omission was unlawful by virtue of section 6(1) of the Human Rights Act 1998,"3/section/35/3/c"" IdURI=""http://www.legislation.gov.uk/id/nia/2011/23/section/35/3/c"" id=""section-35-3-c""><Pnumber>c</Pnumber><P3para><Text>so as to prevent an award of damages made in respect of an act or omission on the ground that the act or omission was unlawful by virtue of section 6(1) of the Human Rights Act 1998 (c. 42).</Text></P3para></P3></P2para></P2><P2 DocumentURI=""http://www.legislation.gov.uk/nia/2011/23/section/35/4"" IdURI=""http://www.legislation.gov.uk/id/nia/2011/23/section/35/4"" id=""section-35-4""><Pnumber>4</Pnumber><P2para><Text>This section does not affect any other exemp"
WS-01,ukpga/1998/42,section-6-1,whole-act,text,primary,nia/2011/23,http://www.legislation.gov.uk/id/nia/2011/23,section-58,true,http://www.legislation.gov.uk/id/ukpga/1998/42,(9) does not apply so as to prevent an award of damages in respect of an act or omission on the ground that the act or omission was unlawful by virtue of section 6(1) of the Human Rights Act 1998,"""http://www.legislation.gov.uk/id/nia/2011/23/section/58/10"" id=""section-58-10""><Pnumber>10</Pnumber><P2para><Text>Subsection (9) does not apply so as to prevent an award of damages in respect of an act or omission on the ground that the act or omission was unlawful by virtue of section 6(1) of the Human Rights Act 1998 (c. 42).</Text></P2para></P2></P1para></P1></P1group></Pblock><Pblock DocumentURI=""http://www.legislation.gov.uk/nia/2011/23/part/6/chapter/1/crossheading/interpretation-of-chapter"" IdURI=""http://www.legislation.gov.uk/id/nia/2011/23/part/6/chapter/1/crossheading/interpretation"
WS-01,ukpga/1998/42,,whole-act,text,primary,nia/2013/2,http://www.legislation.gov.uk/id/nia/2013/2,section-21,true,http://www.legislation.gov.uk/id/ukpga/1998/42,chairperson so orders; oriiin any criminal or civil proceedings in Northern Ireland unless it is necessary to avoid a breach of Convention rights (within the meaning of the Human Rights Act 1998,"2013/2/section/21/2/a/ii"" IdURI=""http://www.legislation.gov.uk/id/nia/2013/2/section/21/2/a/ii"" id=""section-21-2-a-ii""><Pnumber>ii</Pnumber><P4para><Text>in any criminal or civil proceedings in Northern Ireland unless it is necessary to avoid a breach of Convention rights (within the meaning of the Human Rights Act 1998);</Text></P4para></P4></P3para></P3><P3 DocumentURI=""http://www.legislation.gov.uk/nia/2013/2/section/21/2/b"" IdURI=""http://www.legislation.gov.uk/id/nia/2013/2/section/21/2/b"" id=""section-21-2-b""><Pnumber>b</Pnumber><P3para><Text>make provision for orders similar to witness an"
WS-01,ukpga/1998/42,,whole-act,text,primary,nia/2014/11,http://www.legislation.gov.uk/id/nia/2014/11,schedule-2-paragraph-6,true,http://www.legislation.gov.uk/id/ukpga/1998/42,exceptional case determination is a determination—athat it is necessary to make the services available to the individual under this Order because failure to do so would be a breach of—ithe individual's Convention rights (within the meaning of the Human Rights Act 1998," determination—</Text><P3><Pnumber>a</Pnumber><P3para><Text>that it is necessary to make the services available to the individual under this Order because failure to do so would be a breach of—</Text><P4><Pnumber>i</Pnumber><P4para><Text>the individual's Convention rights (within the meaning of the Human Rights Act 1998), or</Text></P4para></P4><P4><Pnumber>ii</Pnumber><P4para><Text>any rights of the individual to the provision of legal services that are enforceable <Acronym Expansion=""European Union"">EU</Acronym> rights, or</Text></P4para></P4></P3para></P3><P3><Pnumber>b</Pnumber><P3para><Te"
WS-01,ukpga/1998/42,section-6,whole-act,text,primary,nia/2015/2,http://www.legislation.gov.uk/id/nia/2015/2,section-25,true,http://www.legislation.gov.uk/id/ukpga/1998/42,Human Rights Convention” means the Convention for the Protection of Human Rights and Fundamental Freedoms agreed by the Council of Europe at Rome on 4th November 1950;“public authority” means any public authority within the meaning of section 6 of the Human Rights Act 1998,"ention for the Protection of Human Rights and Fundamental Freedoms agreed by the Council of Europe at Rome on 4th November 1950;</Text></Para></ListItem><ListItem><Para><Text>“<Term id=""term-public-authority"">public authority</Term>” means any public authority within the meaning of section 6 of the Human Rights Act 1998 (other than a court or tribunal) which exercises functions wholly or mainly in Northern Ireland;</Text></Para></ListItem><ListItem><Para><Text>“<Term id=""term-uk-national"">UK national</Term>” means—</Text></Para><OrderedList Type=""alpha"" Decoration=""parens""><ListItem NumberOver"
WS-01,ukpga/1998/42,,whole-act,text,primary,nia/2016/18,http://www.legislation.gov.uk/id/nia/2016/18,section-306,true,http://www.legislation.gov.uk/id/ukpga/1998/42,action and any interest in real or personal property;“psychosurgery” means any surgical operation for destroying brain tissue or for destroying the functioning of brain tissue;“public authority” has the same meaning as in the Human Rights Act 1998,"xt>“<Term id=""term-psychosurgery"">psychosurgery</Term>” means any surgical operation for destroying brain tissue or for destroying the functioning of brain tissue;</Text></Para></ListItem><ListItem><Para><Text>“<Term id=""term-public-authority"">public authority</Term>” has the same meaning as in the Human Rights Act 1998;</Text></Para></ListItem><ListItem><Para><Text>“<Term id=""term-public-guardian"">Public Guardian</Term>” has the same meaning as in section 125;</Text></Para></ListItem><ListItem><Para><Text>“<Term id=""term-purchaser"">purchaser</Term>” means a purchaser in good faith for valuabl"
WS-01,ukpga/1998/42,,whole-act,text,primary,nia/2016/18,http://www.legislation.gov.uk/id/nia/2016/18,section-306,true,http://www.legislation.gov.uk/id/ukpga/1998/42,under Article 10 of the Health and Personal Social Services (Northern Ireland) Order 1991 (but does not include the Northern Ireland Ambulance Service Health and Social Care Trust);“the Human Rights Convention” has the same meaning as “the Convention” in the Human Rights Act 1998,"oes not include the Northern Ireland Ambulance Service Health and Social Care Trust);</Text></Para></ListItem><ListItem><Para><Text>“<Term id=""term-the-human-rights-convention"">the Human Rights Convention</Term>” has the same meaning as  “<Term id=""term-the-convention"">the Convention</Term>” in the Human Rights Act 1998;</Text></Para></ListItem><ListItem><Para><Text>“<Term id=""term-illness"">illness</Term>” includes any injury, disorder or disability requiring treatment or nursing (see subsection (4));</Text></Para></ListItem><ListItem><Para><Text>“<Term id=""term-independent-hospital"">independe"
WS-01,ukpga/1998/42,,whole-act,text,primary,nia/2024/3,http://www.legislation.gov.uk/id/nia/2024/3,section-2,true,http://www.legislation.gov.uk/id/ukpga/1998/42,"(2), would have been barred by the Limitation (Northern Ireland) Order 1989, a court hearing the action must dismiss it in relation to any defendant if satisfied that it is necessary to do so to avoid a breach of that defendant’s Convention rights (within the meaning of the Human Rights Act 1998","that, but for subsection (2), would have been barred by the Limitation (Northern Ireland) Order 1989, a court hearing the action must dismiss it in relation to any defendant if satisfied that it is necessary to do so to avoid a breach of that defendant’s Convention rights (within the meaning of the Human Rights Act 1998).</Text>
</P2para>
</P2>
<P2 DocumentURI=""http://www.legislation.gov.uk/nia/2024/3/section/2/5/enacted"" IdURI=""http://www.legislation.gov.uk/id/nia/2024/3/section/2/5"" id=""section-2-5"">
<Pnumber>5</Pnumber>
<P2para>
<Text>Nothing in this section applies in relation to a claim w"
WS-01,ukpga/1998/42,section-6-1,whole-act,markup,primary,ukla/2007/2,http://www.legislation.gov.uk/id/ukla/2007/2,section-18,true,http://www.legislation.gov.uk/id/ukpga/1998/42,been in bad faith; b to liability arising out of a failure to exercise due care and attention; c so as to prevent an award of damages made in respect of an act or omission on the ground that the act or omission was unlawful by virtue of section 6(1) of the Human Rights Act 1998 (c. 42),"ising out of a failure to exercise due care and attention;</Text>
</P3para>
</P3>
<P3>
<Pnumber>c</Pnumber>
<P3para>
<Text>so as to prevent an award of damages made in respect of an act or omission on the ground that the act or omission was unlawful by virtue of section 6(1) of the Human Rights Act <Citation URI=""http://www.legislation.gov.uk/id/ukpga/1998/42"" id=""c00018"" Year=""1998"" Number=""0042"" Class=""UnitedKingdomPublicGeneralAct"">1998 (c. 42)</Citation>.</Text>
</P3para>
</P3>
</P2para>
</P2>
<P2>
<Pnumber>4</Pnumber>
<P2para>
<Text>This section is without prejudice to any other exemption"
WS-01,ukpga/1998/42,section-6-1,whole-act,text,primary,ukla/2007/2,http://www.legislation.gov.uk/id/ukla/2007/2,section-18,true,http://www.legislation.gov.uk/id/ukpga/1998/42,of damages made in respect of an act or omission on the ground that the act or omission was unlawful by virtue of section 6(1) of the Human Rights Act 1998,"t>to liability arising out of a failure to exercise due care and attention;</Text>
</P3para>
</P3>
<P3>
<Pnumber>c</Pnumber>
<P3para>
<Text>so as to prevent an award of damages made in respect of an act or omission on the ground that the act or omission was unlawful by virtue of section 6(1) of the Human Rights Act <Citation URI=""http://www.legislation.gov.uk/id/ukpga/1998/42"" id=""c00018"" Year=""1998"" Number=""0042"" Class=""UnitedKingdomPublicGeneralAct"">1998 (c. 42)</Citation>.</Text>
</P3para>
</P3>
</P2para>
</P2>
<P2>
<Pnumber>4</Pnumber>
<P2para>
<Text>This section is without prejudice to an"
WS-01,ukpga/1998/42,section-6-1,whole-act,text,primary,ukla/2008/3,http://www.legislation.gov.uk/id/ukla/2008/3,section-9,true,http://www.legislation.gov.uk/id/ukpga/1998/42,of damages made in respect of an act or omission on the ground that the act or omission was unlawful by virtue of section 6(1) of the Human Rights Act 1998,"n/9/4/c/enacted"" IdURI=""http://www.legislation.gov.uk/id/ukla/2008/3/section/9/4/c"" id=""section-9-4-c"">
<Pnumber>c</Pnumber>
<P3para>
<Text>so as to prevent an award of damages made in respect of an act or omission on the ground that the act or omission was unlawful by virtue of section 6(1) of the Human Rights Act <Citation URI=""http://www.legislation.gov.uk/id/ukpga/1998/42"" id=""c00010"" Year=""1998"" Number=""0042"" Class=""UnitedKingdomPublicGeneralAct"">1998 (c. 42)</Citation>.</Text>
</P3para>
</P3>
</P2para>
</P2>
<P2 DocumentURI=""http://www.legislation.gov.uk/ukla/2008/3/section/9/5/enacted"" "
WS-01,ukpga/1998/42,section-6-1,whole-act,markup,primary,ukla/2008/3,http://www.legislation.gov.uk/id/ukla/2008/3,section-9,true,http://www.legislation.gov.uk/id/ukpga/1998/42,c so as to prevent an award of damages made in respect of an act or omission on the ground that the act or omission was unlawful by virtue of section 6(1) of the Human Rights Act 1998 (c. 42),"IdURI=""http://www.legislation.gov.uk/id/ukla/2008/3/section/9/4/c"" id=""section-9-4-c"">
<Pnumber>c</Pnumber>
<P3para>
<Text>so as to prevent an award of damages made in respect of an act or omission on the ground that the act or omission was unlawful by virtue of section 6(1) of the Human Rights Act <Citation URI=""http://www.legislation.gov.uk/id/ukpga/1998/42"" id=""c00010"" Year=""1998"" Number=""0042"" Class=""UnitedKingdomPublicGeneralAct"">1998 (c. 42)</Citation>.</Text>
</P3para>
</P3>
</P2para>
</P2>
<P2 DocumentURI=""http://www.legislation.gov.uk/ukla/2008/3/section/9/5/enacted"" IdURI=""http://www"
WS-01,ukpga/1998/42,section-6,whole-act,text,primary,ukpga/1979/2,http://www.legislation.gov.uk/id/ukpga/1979/2,section-166C,true,http://www.legislation.gov.uk/id/ukpga/1998/42,authority” means a public authority within the meaning of section 6 of the Human Rights Act 1998,"3576b3-1650353623995"" CommentaryRef=""key-REDACTED-CLML-COMMENTARY-HANDLE"">public authority</Addition></Term><Addition ChangeId=""key-REDACTED-CLML-COMMENTARY-HANDLE-1650353623995"" CommentaryRef=""key-REDACTED-CLML-COMMENTARY-HANDLE"">” means a public authority within the meaning of section 6 of the Human Rights Act 1998.</Addition></Text></Para></ListItem></UnorderedList></P2para></P2></P1para></P1></P1group></Pblock><Pblock DocumentURI=""http://www.legislation.gov.uk/ukpga/1979/2/part/XII/crossheading/general-offences"" IdURI=""http://www.legislation.gov.uk/id/ukpga/1979/2/part/XII/crossheading/"
WS-01,ukpga/1998/42,section-6,whole-act,text,primary,ukpga/1981/61,http://www.legislation.gov.uk/id/ukpga/1981/61,section-17I,true,http://www.legislation.gov.uk/id/ukpga/1998/42,"subsection (1)(b), “public authority” means any public authority within the meaning of section 6 of the Human Rights Act 1998","773e-1656939934779"" CommentaryRef=""key-REDACTED-CLML-COMMENTARY-HANDLE"">public authority</Addition></Term><Addition ChangeId=""key-REDACTED-CLML-COMMENTARY-HANDLE-1656939934779"" CommentaryRef=""key-REDACTED-CLML-COMMENTARY-HANDLE"">” means any public authority within the meaning of section 6 of the Human Rights Act 1998, other than a court or tribunal.</Addition></Text></P2para></P2><P2 DocumentURI=""http://www.legislation.gov.uk/ukpga/1981/61/section/17I/4"" IdURI=""http://www.legislation.gov.uk/id/ukpga/1981/61/section/17I/4"" id=""section-17I-4""><Pnumber><Addition ChangeId=""key-718720d7bbcd06b4c"
WS-01,ukpga/1998/42,section-6,whole-act,text,primary,ukpga/1981/61,http://www.legislation.gov.uk/id/ukpga/1981/61,section-4L,true,http://www.legislation.gov.uk/id/ukpga/1998/42,"subsection (1)(b), “public authority” means any public authority within the meaning of section 6 of the Human Rights Act 1998","1944-1656939486600"" CommentaryRef=""key-REDACTED-CLML-COMMENTARY-HANDLE"">public authority</Addition></Term><Addition ChangeId=""key-REDACTED-CLML-COMMENTARY-HANDLE-1656939486600"" CommentaryRef=""key-REDACTED-CLML-COMMENTARY-HANDLE"">” means any public authority within the meaning of section 6 of the Human Rights Act 1998, other than a court or tribunal.</Addition></Text></P2para></P2><P2 DocumentURI=""http://www.legislation.gov.uk/ukpga/1981/61/section/4L/4"" IdURI=""http://www.legislation.gov.uk/id/ukpga/1981/61/section/4L/4"" id=""section-4L-4""><Pnumber><Addition ChangeId=""key-572d199460e0a42257b7"
WS-01,ukpga/1998/42,,whole-act,text,primary,ukpga/1983/20,http://www.legislation.gov.uk/id/ukpga/1983/20,section-142B,true,http://www.legislation.gov.uk/id/ukpga/1998/42,that the powers of a public benefit corporation may be delegated to a committee of directors or to an executive director) shall have effect subject to this section. Human Rights Act 1998," or to an executive director) shall have effect subject to this section.</Addition></Text></P2para></P2></P1para></P1></P1group><P1group RestrictStartDate=""2026-04-06""><Title><Addition ChangeId=""key-REDACTED-CLML-COMMENTARY-HANDLE-1775726807684"" CommentaryRef=""key-REDACTED-CLML-COMMENTARY-HANDLE"">Human Rights Act 1998: extension to certain private care providers</Addition></Title><P1 DocumentURI=""http://www.legislation.gov.uk/ukpga/1983/20/section/142C"" IdURI=""http://www.legislation.gov.uk/id/ukpga/1983/20/section/142C"" id=""section-142C""><Pnumber><Addition ChangeId=""key-030acd26d8c774b7f2cfa"
WS-01,ukpga/1998/42,section-6,whole-act,markup,primary,ukpga/1983/20,http://www.legislation.gov.uk/id/ukpga/1983/20,section-142C,true,https://www.legislation.gov.uk/ukpga/1998/42/section/6,registered care provider is to be regarded for the purposes of section 6 (3),"ww.legislation.gov.uk/ukpga/1998/42/section/6"" id=""c00292"" Class=""UnitedKingdomPublicGeneralAct"" Year=""1998"" Number=""42"" SectionRef=""section-6""><Addition ChangeId=""key-REDACTED-CLML-COMMENTARY-HANDLE-1775726807684"" CommentaryRef=""key-REDACTED-CLML-COMMENTARY-HANDLE"">section 6</Addition></Citation><Citation URI=""https://www.legislation.gov.uk/ukpga/1998/42/section/6"" id=""c00293"" Class=""UnitedKingdomPublicGeneralAct"" Year=""1998"" Number=""42"" SectionRef=""section-6""><Addition ChangeId=""key-REDACTED-CLML-COMMENTARY-HANDLE-1775726807684"" CommentaryRef=""key-REDACTED-CLML-COMMENTARY-HANDLE"">(3)</Ad"
WS-01,ukpga/1998/42,section-6,whole-act,markup,primary,ukpga/1983/20,http://www.legislation.gov.uk/id/ukpga/1983/20,section-142C,true,https://www.legislation.gov.uk/ukpga/1998/42/section/6,"id=""section-142C-1"">1A registered care provider is to be regarded for the purposes of section 6","26807684"" CommentaryRef=""key-REDACTED-CLML-COMMENTARY-HANDLE"">1</Addition></Pnumber><P2para><Text><Addition ChangeId=""key-REDACTED-CLML-COMMENTARY-HANDLE-1775726807684"" CommentaryRef=""key-REDACTED-CLML-COMMENTARY-HANDLE"">A registered care provider is to be regarded for the purposes of </Addition><Citation URI=""https://www.legislation.gov.uk/ukpga/1998/42/section/6"" id=""c00292"" Class=""UnitedKingdomPublicGeneralAct"" Year=""1998"" Number=""42"" SectionRef=""section-6""><Addition ChangeId=""key-REDACTED-CLML-COMMENTARY-HANDLE-1775726807684"" CommentaryRef=""key-REDACTED-CLML-COMMENTARY-HANDLE"">section"
WS-01,ukpga/1998/42,section-6,whole-act,markup,primary,ukpga/1983/20,http://www.legislation.gov.uk/id/ukpga/1983/20,section-142C,true,https://www.legislation.gov.uk/ukpga/1998/42/section/6,6(3) (b),"ps://www.legislation.gov.uk/ukpga/1998/42/section/6"" id=""c00293"" Class=""UnitedKingdomPublicGeneralAct"" Year=""1998"" Number=""42"" SectionRef=""section-6""><Addition ChangeId=""key-REDACTED-CLML-COMMENTARY-HANDLE-1775726807684"" CommentaryRef=""key-REDACTED-CLML-COMMENTARY-HANDLE"">(3)</Addition></Citation><Citation URI=""https://www.legislation.gov.uk/ukpga/1998/42/section/6"" id=""c00294"" Class=""UnitedKingdomPublicGeneralAct"" Year=""1998"" Number=""42"" SectionRef=""section-6""><Addition ChangeId=""key-REDACTED-CLML-COMMENTARY-HANDLE-1775726807684"" CommentaryRef=""key-REDACTED-CLML-COMMENTARY-HANDLE"">(b)</Ad"
WS-01,ukpga/1998/42,contents,whole-act,markup,primary,ukpga/1983/20,http://www.legislation.gov.uk/id/ukpga/1983/20,section-142C,true,https://www.legislation.gov.uk/ukpga/1998/42/contents,"id=""c00294"" Class=""UnitedKingdomPublicGeneralAct"" Year=""1998"" Number=""42"" SectionRef=""section-6"">(b) of the Human Rights Act 1998","on-6""><Addition ChangeId=""key-REDACTED-CLML-COMMENTARY-HANDLE-1775726807684"" CommentaryRef=""key-REDACTED-CLML-COMMENTARY-HANDLE"">(b)</Addition></Citation><Addition ChangeId=""key-REDACTED-CLML-COMMENTARY-HANDLE-1775726807684"" CommentaryRef=""key-REDACTED-CLML-COMMENTARY-HANDLE""> of the </Addition><Citation URI=""https://www.legislation.gov.uk/ukpga/1998/42/contents"" id=""c00295"" Class=""UnitedKingdomPublicGeneralAct"" Year=""1998"" Number=""42"" SectionRef=""contents""><Addition ChangeId=""key-REDACTED-CLML-COMMENTARY-HANDLE-1775726807684"" CommentaryRef=""key-REDACTED-CLML-COMMENTARY-HANDLE"">Human Rig"
WS-01,ukpga/1998/42,section-6-3,whole-act,text,primary,ukpga/1984/22,http://www.legislation.gov.uk/id/ukpga/1984/22,section-74,true,http://www.legislation.gov.uk/id/ukpga/1998/42,“public authority” has the meaning given in section 6(3) of the Human Rights Act 1998,"68927f5b6980411fb7c16cd4d-1467124626466"" CommentaryRef=""key-REDACTED-CLML-COMMENTARY-HANDLE"">public authority</Addition></Term><Addition ChangeId=""key-REDACTED-CLML-COMMENTARY-HANDLE-1467124626466"" CommentaryRef=""key-REDACTED-CLML-COMMENTARY-HANDLE"">” has the meaning given in section 6(3) of the Human Rights Act 1998;</Addition>
</Text></P3para><P3para><Text>“<Term id=""term-rackrent"">rackrent</Term>” in relation to any property means a rent which is not less than two–thirds of the rent at which the property might reasonably be expected to let from year to year, free from all usual tenant’s "
WS-01,ukpga/1998/42,,whole-act,text,primary,ukpga/1985/68,http://www.legislation.gov.uk/id/ukpga/1985/68,section-84A,true,http://www.legislation.gov.uk/id/ukpga/1998/42,"is met, it must make an order for the possession of a dwelling-house let under a secure tenancy.This is subject to subsection (2) (and to any available defence based on the tenant's Convention rights, within the meaning of the Human Rights Act 1998","cy.</Addition></Text></P2para><P2para><Text><Addition ChangeId=""key-REDACTED-CLML-COMMENTARY-HANDLE-1484733830193"" CommentaryRef=""key-REDACTED-CLML-COMMENTARY-HANDLE"">This is subject to subsection (2) (and to any available defence based on the tenant's Convention rights, within the meaning of the Human Rights Act 1998).</Addition></Text></P2para></P2><P2 DocumentURI=""http://www.legislation.gov.uk/ukpga/1985/68/section/84A/2"" IdURI=""http://www.legislation.gov.uk/id/ukpga/1985/68/section/84A/2"" id=""section-84A-2""><Pnumber><Addition ChangeId=""key-REDACTED-CLML-COMMENTARY-HANDLE-1484733830193"" "
WS-01,ukpga/1998/42,,whole-act,text,primary,ukpga/1988/50,http://www.legislation.gov.uk/id/ukpga/1988/50,section-7,true,http://www.legislation.gov.uk/id/ukpga/1998/42,"ChangeId=""key-REDACTED-CLML-COMMENTARY-HANDLE-1489436130747"" CommentaryRef=""key-REDACTED-CLML-COMMENTARY-HANDLE"">and section 10A below (and to any available defence based on the tenant's Convention rights, within the meaning of the Human Rights Act 1998","77ebb690af6d5f7a64d"">and section 10A
                      </Addition>  below <Addition ChangeId=""key-REDACTED-CLML-COMMENTARY-HANDLE-1484835678116"" CommentaryRef=""key-REDACTED-CLML-COMMENTARY-HANDLE"">(and to any available defence based on the tenant's Convention rights, within the meaning of the Human Rights Act 1998)</Addition>, the court shall make an order for possession.</Text></P2para></P2><P2 DocumentURI=""http://www.legislation.gov.uk/ukpga/1988/50/section/7/4"" IdURI=""http://www.legislation.gov.uk/id/ukpga/1988/50/section/7/4"" id=""section-7-4""><Pnumber>4</Pnumber><P2para><Text>If the "
WS-01,ukpga/1998/42,section-6-1,whole-act,text,primary,ukpga/1990/43,http://www.legislation.gov.uk/id/ukpga/1990/43,section-97B,true,http://www.legislation.gov.uk/id/ukpga/1998/42,"id=""section-97B-3-c"">cso as to prevent an award of damages in respect of an act or omission on the ground that the act or omission was unlawful by virtue of section 6(1) of the Human Rights Act 1998","tion ChangeId=""d29p19703"" CommentaryRef=""c18995871"">c</Addition></Pnumber><P3para><Text><Addition ChangeId=""d29p19703"" CommentaryRef=""c18995871"">so as to prevent an award of damages in respect of an act or omission on the ground that the act or omission was unlawful by virtue of section 6(1) of the Human Rights Act 1998.</Addition></Text></P3para></P3></P2para></P2><P2 DocumentURI=""http://www.legislation.gov.uk/ukpga/1990/43/section/97B/4"" IdURI=""http://www.legislation.gov.uk/id/ukpga/1990/43/section/97B/4"" id=""section-97B-4""><Pnumber><Addition ChangeId=""d29p19703"" CommentaryRef=""c18995871"">4<"
WS-01,ukpga/1998/42,,whole-act,text,primary,ukpga/1990/8,http://www.legislation.gov.uk/id/ukpga/1990/8,schedule-4B-paragraph-17,true,http://www.legislation.gov.uk/id/ukpga/1998/42,"CommentaryRef=""key-REDACTED-CLML-COMMENTARY-HANDLE""> “ the Convention rights ” has the same meaning as in the Human Rights Act 1998","-04598e1d3c63adb56a03c63a50a70090-1486413960531"" CommentaryRef=""key-REDACTED-CLML-COMMENTARY-HANDLE"">the Convention rights</Addition></Term><Addition ChangeId=""key-REDACTED-CLML-COMMENTARY-HANDLE-1486413960531"" CommentaryRef=""key-REDACTED-CLML-COMMENTARY-HANDLE"">
” has the same meaning as in the Human Rights Act 1998, and
</Addition></Text></Para></ListItem><ListItem><Para><Text><Addition ChangeId=""key-REDACTED-CLML-COMMENTARY-HANDLE-1486413960531"" CommentaryRef=""key-REDACTED-CLML-COMMENTARY-HANDLE"">“development plan”—</Addition></Text></Para><OrderedList Type=""alpha"" Decoration=""parens"">"
WS-01,ukpga/1998/42,,whole-act,text,primary,ukpga/1990/8,http://www.legislation.gov.uk/id/ukpga/1990/8,schedule-4C-paragraph-10,true,http://www.legislation.gov.uk/id/ukpga/1998/42,"CommentaryRef=""key-REDACTED-CLML-COMMENTARY-HANDLE"">bmodifications that the authority consider need to be made to secure that the order is compatible with the Convention rights (within the meaning of the Human Rights Act 1998","</Pnumber><P3para><Text><Addition ChangeId=""key-REDACTED-CLML-COMMENTARY-HANDLE-1486414165782"" CommentaryRef=""key-REDACTED-CLML-COMMENTARY-HANDLE"">modifications that the authority consider need to be made to secure that the order is compatible with the Convention rights (within the meaning of the Human Rights Act 1998), and</Addition></Text></P3para></P3><P3 DocumentURI=""http://www.legislation.gov.uk/ukpga/1990/8/schedule/4C/paragraph/10/5/c"" IdURI=""http://www.legislation.gov.uk/id/ukpga/1990/8/schedule/4C/paragraph/10/5/c"" id=""schedule-4C-paragraph-10-5-c""><Pnumber><Addition ChangeId=""key-d"
WS-01,ukpga/1998/42,,whole-act,text,primary,ukpga/1990/8,http://www.legislation.gov.uk/id/ukpga/1990/8,section-61E,true,http://www.legislation.gov.uk/id/ukpga/1998/42,obligation or any of the Convention rights (within the meaning of the Human Rights Act 1998,"234f066-1624892249407"" CommentaryRef=""key-REDACTED-CLML-COMMENTARY-HANDLE"">  obligation</Substitution></Addition><Addition ChangeId=""key-REDACTED-CLML-COMMENTARY-HANDLE-1486412950100"" CommentaryRef=""key-REDACTED-CLML-COMMENTARY-HANDLE"">  or any of the Convention rights (within the meaning of the Human Rights Act 1998).</Addition></Text></P2para></P2><P2 DocumentURI=""http://www.legislation.gov.uk/ukpga/1990/8/section/61E/9"" IdURI=""http://www.legislation.gov.uk/id/ukpga/1990/8/section/61E/9"" id=""section-61E-9""><Pnumber><Addition ChangeId=""key-REDACTED-CLML-COMMENTARY-HANDLE-1486412950100"" Co"
WS-01,ukpga/1998/42,section-6-1,whole-act,text,primary,ukpga/1995/25,http://www.legislation.gov.uk/id/ukpga/1995/25,section-109L,true,http://www.legislation.gov.uk/id/ukpga/1998/42,"Extent=""E+W"">3Subsection (1) does not apply so as to prevent an award of damages made in respect of an act or omission on the ground that the act or omission was unlawful by virtue of section 6(1) of the Human Rights Act 1998","1e3251b88e2220bf7d7c7dd9609f-1600869177419"" CommentaryRef=""key-REDACTED-CLML-COMMENTARY-HANDLE"" Extent=""E+W"">Subsection (1) does not apply so as to prevent an award of damages made in respect of an act or omission on the ground that the act or omission was unlawful by virtue of section 6(1) of the Human Rights Act 1998.</Addition></Text></P2para></P2><P2 DocumentURI=""http://www.legislation.gov.uk/ukpga/1995/25/section/109L/4"" IdURI=""http://www.legislation.gov.uk/id/ukpga/1995/25/section/109L/4"" id=""section-109L-4""><Pnumber><Addition ChangeId=""key-REDACTED-CLML-COMMENTARY-HANDLE-1600869177419"
WS-01,ukpga/1998/42,section-6-1,whole-act,text,primary,ukpga/1995/26,http://www.legislation.gov.uk/id/ukpga/1995/26,section-11,true,http://www.legislation.gov.uk/id/ukpga/1998/42,"(6) does not have effect to authorise the Authority to make an order as mentioned in paragraph (a) or (b) of that subsection, if their doing so would be unlawful as a result of section 6(1) of the Human Rights Act 1998","1d5eac252f2c309a86078ed-1591881413529"" CommentaryRef=""key-REDACTED-CLML-COMMENTARY-HANDLE"">Subsection (6) does not have effect to authorise the Authority to make an order as mentioned in paragraph (a) or (b) of that subsection, if their doing so would be unlawful as a result of section 6(1) of the Human Rights Act 1998 (unlawful for public authority to act in contravention of a Convention right).</Addition></Text></P2para></P2><P2 DocumentURI=""http://www.legislation.gov.uk/ukpga/1995/26/section/11/7"" IdURI=""http://www.legislation.gov.uk/id/ukpga/1995/26/section/11/7"" id=""section-11-7""><Pnumbe"
WS-01,ukpga/1998/42,section-6-1,whole-act,text,primary,ukpga/1995/46,http://www.legislation.gov.uk/id/ukpga/1995/46,section-288ZA,true,http://www.legislation.gov.uk/id/ukpga/1998/42,"id=""section-288ZA-2-a-i"">iin a way which is made unlawful by section 6(1) of the Human Rights Act 1998","5a3e1dd69753987-1492789557630"" CommentaryRef=""key-REDACTED-CLML-COMMENTARY-HANDLE"">i</Addition></Pnumber><P4para><Text><Addition ChangeId=""key-REDACTED-CLML-COMMENTARY-HANDLE-1492789557630"" CommentaryRef=""key-REDACTED-CLML-COMMENTARY-HANDLE"">in a way which is made unlawful by section 6(1) of the Human Rights Act 1998, or</Addition></Text></P4para></P4><P4 DocumentURI=""http://www.legislation.gov.uk/ukpga/1995/46/section/288ZA/2/a/ii"" IdURI=""http://www.legislation.gov.uk/id/ukpga/1995/46/section/288ZA/2/a/ii"" id=""section-288ZA-2-a-ii""><Pnumber><CommentaryRef Ref=""key-3237cfce4ea46d9c6585fb030"
WS-01,ukpga/1998/42,section-6,whole-act,text,primary,ukpga/1995/46,http://www.legislation.gov.uk/id/ukpga/1995/46,section-288ZA,true,http://www.legislation.gov.uk/id/ukpga/1998/42,authority” has the same meaning as in section 6 of the Human Rights Act 1998,"99f1f4b1e675a3e1dd69753987-1492789557630"" CommentaryRef=""key-REDACTED-CLML-COMMENTARY-HANDLE"">public authority</Addition></Term><Addition ChangeId=""key-REDACTED-CLML-COMMENTARY-HANDLE-1492789557630"" CommentaryRef=""key-REDACTED-CLML-COMMENTARY-HANDLE"">” has the same meaning as in section 6 of the Human Rights Act 1998;</Addition></Text></P3para></P3><P3 DocumentURI=""http://www.legislation.gov.uk/ukpga/1995/46/section/288ZA/3/b"" IdURI=""http://www.legislation.gov.uk/id/ukpga/1995/46/section/288ZA/3/b"" id=""section-288ZA-3-b""><Pnumber><Addition ChangeId=""key-REDACTED-CLML-COMMENTARY-HANDLE-1492"
WS-01,ukpga/1998/42,section-6,whole-act,text,primary,ukpga/1995/46,http://www.legislation.gov.uk/id/ukpga/1995/46,section-303O,true,http://www.legislation.gov.uk/id/ukpga/1998/42,"the definition of “public official”, “public authority” is to be construed in accordance with section 6 of the Human Rights Act 1998","29eaa16aebed49b-1764848271792"" CommentaryRef=""key-REDACTED-CLML-COMMENTARY-HANDLE"">public authority</Addition></Term><Addition ChangeId=""key-REDACTED-CLML-COMMENTARY-HANDLE-1764848271792"" CommentaryRef=""key-REDACTED-CLML-COMMENTARY-HANDLE"">” is to be construed in accordance with section 6 of the Human Rights Act 1998.</Addition></Text></P2para></P2></P1para></P1></P1group></Pblock></Part><Part DocumentURI=""http://www.legislation.gov.uk/ukpga/1995/46/part/XIV"" IdURI=""http://www.legislation.gov.uk/id/ukpga/1995/46/part/XIV"" NumberOfProvisions=""7"" id=""part-XIV"" RestrictExtent=""E+W+S+N.I."" Rest"
WS-01,ukpga/1998/42,,whole-act,text,primary,ukpga/1996/16,http://www.legislation.gov.uk/id/ukpga/1996/16,section-6ZA,true,http://www.legislation.gov.uk/id/ukpga/1998/42,"id=""section-6ZA-2-a-i"">icomplying with any duty imposed on the force by or under this Act, the Human Rights Act 1998","c21df874-1561715478280"" CommentaryRef=""key-REDACTED-CLML-COMMENTARY-HANDLE"">i</Addition></Pnumber><P4para><Text><Addition ChangeId=""key-REDACTED-CLML-COMMENTARY-HANDLE-1561715478280"" CommentaryRef=""key-REDACTED-CLML-COMMENTARY-HANDLE"">complying with any duty imposed on the force by or under this Act, the Human Rights Act 1998 or any other enactment;</Addition></Text></P4para></P4><P4 DocumentURI=""http://www.legislation.gov.uk/ukpga/1996/16/section/6ZA/2/a/ii"" IdURI=""http://www.legislation.gov.uk/id/ukpga/1996/16/section/6ZA/2/a/ii"" id=""section-6ZA-2-a-ii""><Pnumber><Addition ChangeId=""key-a4"
WS-01,ukpga/1998/42,,whole-act,text,primary,ukpga/1996/22,http://www.legislation.gov.uk/id/ukpga/1996/22,section-19,true,http://www.legislation.gov.uk/id/ukpga/1998/42,"id=""section-19-5"">5The reference to a rule of law in subsection (2) does not include a rule of law which has effect only by virtue of the Human Rights Act 1998","tion></Pnumber><P2para><Text><Addition ChangeId=""d29p2794"" CommentaryRef=""c1180705"">The reference to a rule of law in subsection (2) does not include a rule of law which has effect only by virtue of the </Addition><Addition ChangeId=""d29p2794"" CommentaryRef=""c1180705""><CommentaryRef Ref=""c1180706""/>Human Rights Act 1998.</Addition></Text></P2para></P2></P1para></P1></P1group><P1group RestrictExtent=""N.I."" RestrictStartDate=""2000-07-20"" RestrictEndDate=""2001-02-19"" Match=""false""><Title> Power to search for munitions, radio transmitters and scanning receivers.</Title><P1 DocumentURI=""http://www."
WS-01,ukpga/1998/42,,whole-act,text,primary,ukpga/1998/38,http://www.legislation.gov.uk/id/ukpga/1998/38,section-153,true,http://www.legislation.gov.uk/id/ukpga/1998/42,"such savings, as he considers appropriate for the purpose of or in connection with the coming into force of any provision of this Act.2If section 107 comes into force before the Human Rights Act 1998","to force of any provision of this Act.</Text></P2para></P2><P2 DocumentURI=""http://www.legislation.gov.uk/ukpga/1998/38/section/153/2"" IdURI=""http://www.legislation.gov.uk/id/ukpga/1998/38/section/153/2"" id=""section-153-2""><Pnumber>2</Pnumber><P2para><Text>If section 107 comes into force before the Human Rights Act 1998 has come into force (or come fully into force), that section shall have effect until the time when that Act is fully in force as it will have effect after that time.</Text></P2para></P2></P1para></P1></P1group><P1group RestrictExtent=""E+W+S+N.I."" ConfersPower=""true"" RestrictSta"
WS-01,ukpga/1998/42,,whole-act,text,primary,ukpga/1998/46,http://www.legislation.gov.uk/id/ukpga/1998/46,schedule-4-paragraph-1,true,http://www.legislation.gov.uk/id/ukpga/1998/42,"Security Administration Act 1992 (rent rebate and rent allowance subsidy and council tax benefit),fthe Human Rights Act 1998","efit),</Text></P3para></P3><P3 DocumentURI=""http://www.legislation.gov.uk/ukpga/1998/46/schedule/4/paragraph/1/2/f"" IdURI=""http://www.legislation.gov.uk/id/ukpga/1998/46/schedule/4/paragraph/1/2/f"" id=""schedule-4-paragraph-1-2-f""><Pnumber>f</Pnumber><P3para><Text>the <CommentaryRef Ref=""c12395681""/>Human Rights Act 1998 <Addition ChangeId=""key-REDACTED-CLML-COMMENTARY-HANDLE-1532346190362"" CommentaryRef=""key-REDACTED-CLML-COMMENTARY-HANDLE"">,
                          </Addition></Text></P3para></P3><P3 DocumentURI=""http://www.legislation.gov.uk/ukpga/1998/46/schedule/4/paragraph/1/2/g"" IdUR"
WS-01,ukpga/1998/42,,whole-act,text,primary,ukpga/1998/46,http://www.legislation.gov.uk/id/ukpga/1998/46,schedule-4-paragraph-13,true,http://www.legislation.gov.uk/id/ukpga/1998/42,. . . . . . . . . . . . . . . . . . . . . . . . . . . . . . .bthe Human Rights Act 1998,". .</Text></P3para></P3><P3 DocumentURI=""http://www.legislation.gov.uk/ukpga/1998/46/schedule/4/paragraph/13/1/b"" IdURI=""http://www.legislation.gov.uk/id/ukpga/1998/46/schedule/4/paragraph/13/1/b"" id=""schedule-4-paragraph-13-1-b""><Pnumber>b</Pnumber><P3para><Text>the <CommentaryRef Ref=""c12395831""/>Human Rights Act 1998, except sections 1, 5, 14 to 17 and 22 of that Act,</Text></P3para></P3><P3 DocumentURI=""http://www.legislation.gov.uk/ukpga/1998/46/schedule/4/paragraph/13/1/c"" IdURI=""http://www.legislation.gov.uk/id/ukpga/1998/46/schedule/4/paragraph/13/1/c"" id=""schedule-4-paragraph-13-1-c"">"
WS-01,ukpga/1998/42,,whole-act,text,primary,ukpga/1998/46,http://www.legislation.gov.uk/id/ukpga/1998/46,section-100,true,http://www.legislation.gov.uk/id/ukpga/1998/42,Act does not enable a court or tribunal to award any damages in respect of an act which is incompatible with any of the Convention rights which it could not award if section 8(3) and (4) of the Human Rights Act 1998,"islation.gov.uk/id/ukpga/1998/46/section/100/3"" id=""section-100-3""><Pnumber>3</Pnumber><P2para><Text>This Act does not enable a court or tribunal to award any damages in respect of an act which is incompatible with any of the Convention rights which it could not award if section 8(3) and (4) of the Human Rights Act 1998 applied.</Text></P2para></P2><P2 DocumentURI=""http://www.legislation.gov.uk/ukpga/1998/46/section/100/3A"" IdURI=""http://www.legislation.gov.uk/id/ukpga/1998/46/section/100/3A"" id=""section-100-3A""><Pnumber><Addition ChangeId=""key-REDACTED-CLML-COMMENTARY-HANDLE-1457605811708"" C"
WS-01,ukpga/1998/42,section-7-5,whole-act,text,primary,ukpga/1998/46,http://www.legislation.gov.uk/id/ukpga/1998/46,section-100,true,http://www.legislation.gov.uk/id/ukpga/1998/42,In subsection (3B) “ rule ” has the same meaning as it has in section 7(5) of the Human Rights Act 1998,"abdf1bf2522e692d538b8481228-1457605811708"" CommentaryRef=""key-REDACTED-CLML-COMMENTARY-HANDLE"">rule</Addition></Term><Addition ChangeId=""key-REDACTED-CLML-COMMENTARY-HANDLE-1457605811708"" CommentaryRef=""key-REDACTED-CLML-COMMENTARY-HANDLE"">
” has the same meaning as it has in section 7(5) of the Human Rights Act 1998.
</Addition>
</Text></P2para></P2><P2 DocumentURI=""http://www.legislation.gov.uk/ukpga/1998/46/section/100/3An1"" IdURI=""http://www.legislation.gov.uk/id/ukpga/1998/46/section/100/3An1"" id=""section-100-3An1"" RestrictStartDate=""2012-07-03""><Pnumber><CommentaryRef Ref=""key-d8f15e5"
WS-01,ukpga/1998/42,,whole-act,text,primary,ukpga/1998/46,http://www.legislation.gov.uk/id/ukpga/1998/46,section-100,true,http://www.legislation.gov.uk/id/ukpga/1998/42,"IdURI=""http://www.legislation.gov.uk/id/ukpga/1998/46/section/100/1/b"" id=""section-100-1-b"">bto rely on any of the Convention rights in any such proceedings,unless he would be a victim for the purposes of Article 34 of the Convention (within the meaning of the Human Rights Act 1998","/section/100/1/b"" id=""section-100-1-b""><Pnumber>b</Pnumber><P3para><Text>to rely on any of the Convention rights in any such proceedings,</Text></P3para></P3><Text>unless he would be a victim for the purposes of Article 34 of the Convention (within the meaning of the <CommentaryRef Ref=""c12394931""/>Human Rights Act 1998) if proceedings in respect of the act were brought in the European Court of Human Rights.</Text></P2para></P2><P2 DocumentURI=""http://www.legislation.gov.uk/ukpga/1998/46/section/100/2"" IdURI=""http://www.legislation.gov.uk/id/ukpga/1998/46/section/100/2"" id=""section-100-2""><Pnu"
WS-01,ukpga/1998/42,,whole-act,text,primary,ukpga/1998/46,http://www.legislation.gov.uk/id/ukpga/1998/46,section-126,true,http://www.legislation.gov.uk/id/ukpga/1998/42,"constituencies and regions provided for by Schedule 1,“constituency member” means a member of the Parliament for a constituency,“the Convention rights” has the same meaning as in the Human Rights Act 1998","ext>“<Term id=""term-constituency-member"">constituency member</Term>” means a member of the Parliament for a constituency,</Text></Para></ListItem><ListItem><Para><Text>“<Term id=""term-the-convention-rights"">the Convention rights</Term>” has the same meaning as in the <CommentaryRef Ref=""c12395201""/>Human Rights Act 1998,</Text></Para></ListItem><ListItem><Para><Text>“<Term id=""term-document"">document</Term>” means anything in which information is recorded in any form (and references to producing a document are to be read accordingly),</Text></Para></ListItem><ListItem><Para><Text>“<Term id=""te"
WS-01,ukpga/1998/42,,whole-act,text,primary,ukpga/1998/46,http://www.legislation.gov.uk/id/ukpga/1998/46,section-129,true,http://www.legislation.gov.uk/id/ukpga/1998/42,purposes in connection with the coming into force of any provision of this Act.2If any of the following provisions come into force before the Human Rights Act 1998,"ra></P2><P2 DocumentURI=""http://www.legislation.gov.uk/ukpga/1998/46/section/129/2"" IdURI=""http://www.legislation.gov.uk/id/ukpga/1998/46/section/129/2"" id=""section-129-2""><Pnumber>2</Pnumber><P2para><Text>If any of the following provisions come into force before the <CommentaryRef Ref=""c12395271""/>Human Rights Act 1998 has come into force (or come fully into force), the provision shall have effect until the time when that Act is fully in force as it will have effect after that time: sections 29(2)(d), 57(2) and (3), 100 and 126(1) and Schedule 6.</Text></P2para></P2></P1para></P1></P1group><P"
WS-01,ukpga/1998/42,,whole-act,text,primary,ukpga/1998/47,http://www.legislation.gov.uk/id/ukpga/1998/47,schedule-14-paragraph-1,true,http://www.legislation.gov.uk/id/ukpga/1998/42,Human rights1In relation to any time before the Human Rights Act 1998,"47/schedule/14/paragraph/1"" IdURI=""http://www.legislation.gov.uk/id/ukpga/1998/47/schedule/14/paragraph/1"" RestrictStartDate=""1999-06-01"" id=""schedule-14-paragraph-1""><Pnumber><CommentaryRef Ref=""c12401351""/>1</Pnumber><P1para><Text>In relation to any time before the <CommentaryRef Ref=""c12401361""/>Human Rights Act 1998 is fully in force, sections 6(2)(c), 24(1) and 71 and Schedule 10 shall have effect as if that Act were so in force.</Text></P1para></P1></Pblock><Pblock DocumentURI=""http://www.legislation.gov.uk/ukpga/1998/47/schedule/14/crossheading/first-minister-and-deputy-first-minister"" "
WS-01,ukpga/1998/42,,whole-act,text,primary,ukpga/1998/47,http://www.legislation.gov.uk/id/ukpga/1998/47,section-7,true,http://www.legislation.gov.uk/id/ukpga/1998/42,"Ref=""key-REDACTED-CLML-COMMENTARY-HANDLE""/>a. . . . . . . . . . . . . . . . . . . . . . . . . . . . . . . .bthe Human Rights Act 1998",". . . . . . . . . . . . . . . . . . . . . . .</Text></P3para></P3><P3 DocumentURI=""http://www.legislation.gov.uk/ukpga/1998/47/section/7/1/b"" IdURI=""http://www.legislation.gov.uk/id/ukpga/1998/47/section/7/1/b"" id=""section-7-1-b""><Pnumber>b</Pnumber><P3para><Text>the <CommentaryRef Ref=""c12396411""/>Human Rights Act 1998; <CommentaryRef Ref=""key-REDACTED-CLML-COMMENTARY-HANDLE""/>...</Text></P3para></P3><P3 DocumentURI=""http://www.legislation.gov.uk/ukpga/1998/47/section/7/1/c"" IdURI=""http://www.legislation.gov.uk/id/ukpga/1998/47/section/7/1/c"" id=""section-7-1-c""><Pnumber>c</Pnumber><P3para><T"
WS-01,ukpga/1998/42,section-6,whole-act,text,primary,ukpga/1998/47,http://www.legislation.gov.uk/id/ukpga/1998/47,section-71,true,http://www.legislation.gov.uk/id/ukpga/1998/42,"id=""section-71-4"">4Section 24(1)(a)—adoes not apply to an act which, by virtue of subsection (2) of section 6 of the Human Rights Act 1998","on 24(1)(a)—</Text><P3 DocumentURI=""http://www.legislation.gov.uk/ukpga/1998/47/section/71/4/a"" IdURI=""http://www.legislation.gov.uk/id/ukpga/1998/47/section/71/4/a"" id=""section-71-4-a""><Pnumber>a</Pnumber><P3para><Text>does not apply to an act which, by virtue of subsection (2) of section 6 of the Human Rights Act 1998, is not unlawful under subsection (1) of that section; and</Text></P3para></P3><P3 DocumentURI=""http://www.legislation.gov.uk/ukpga/1998/47/section/71/4/b"" IdURI=""http://www.legislation.gov.uk/id/ukpga/1998/47/section/71/4/b"" id=""section-71-4-b""><Pnumber>b</Pnumber><P3para><Tex"
WS-01,ukpga/1998/42,section-7,whole-act,text,primary,ukpga/1998/47,http://www.legislation.gov.uk/id/ukpga/1998/47,section-71,true,http://www.legislation.gov.uk/id/ukpga/1998/42,expression used in subsection (2B) and in section 7 of the Human Rights Act 1998,"://www.legislation.gov.uk/id/ukpga/1998/47/section/71/2C/b"" id=""section-71-2C-b""><Pnumber><Addition ChangeId=""d29p8480"" CommentaryRef=""c20131241"">b</Addition></Pnumber><P3para><Text><Addition ChangeId=""d29p8480"" CommentaryRef=""c20131241"">an expression used in subsection (2B) and in section 7 of the Human Rights Act 1998 has the same meaning in subsection (2B) as in section 7.</Addition></Text></P3para></P3></P2para></P2><P2 DocumentURI=""http://www.legislation.gov.uk/ukpga/1998/47/section/71/3"" IdURI=""http://www.legislation.gov.uk/id/ukpga/1998/47/section/71/3"" id=""section-71-3""><Pnumber>3</Pnu"
WS-01,ukpga/1998/42,section-6,whole-act,text,primary,ukpga/1998/47,http://www.legislation.gov.uk/id/ukpga/1998/47,section-71,true,http://www.legislation.gov.uk/id/ukpga/1998/42,"6(2)(c)—adoes not apply to a provision of an Act of the Assembly if the passing of the Act is, by virtue of subsection (2) of section 6 of the Human Rights Act 1998","n/71/3/a"" IdURI=""http://www.legislation.gov.uk/id/ukpga/1998/47/section/71/3/a"" id=""section-71-3-a""><Pnumber>a</Pnumber><P3para><Text>does not apply to a provision of an Act of the Assembly if the passing of the Act is, by virtue of subsection (2) of section 6 of the <CommentaryRef Ref=""c12397121""/>Human Rights Act 1998, not unlawful under subsection (1) of that section; and</Text></P3para></P3><P3 DocumentURI=""http://www.legislation.gov.uk/ukpga/1998/47/section/71/3/b"" IdURI=""http://www.legislation.gov.uk/id/ukpga/1998/47/section/71/3/b"" id=""section-71-3-b""><Pnumber>b</Pnumber><P3para><Text>d"
WS-01,ukpga/1998/42,section-7-1,whole-act,text,primary,ukpga/1998/47,http://www.legislation.gov.uk/id/ukpga/1998/47,section-71,true,http://www.legislation.gov.uk/id/ukpga/1998/42,"relation to the Commission's instituting, or intervening in, proceedings which rely on section 7(1) (b) of the Human Rights Act 1998",">In relation to the Commission's instituting, or intervening in,  </Addition><Addition ChangeId=""d29p8480"" CommentaryRef=""c20131241""><Substitution ChangeId=""key-REDACTED-CLML-COMMENTARY-HANDLE-1588233446168"" CommentaryRef=""key-REDACTED-CLML-COMMENTARY-HANDLE"">proceedings which rely on section 7(1)(b) of the Human Rights Act 1998</Substitution></Addition><Addition ChangeId=""d29p8480"" CommentaryRef=""c20131241"">—</Addition></Text><P3 DocumentURI=""http://www.legislation.gov.uk/ukpga/1998/47/section/71/2B/a"" IdURI=""http://www.legislation.gov.uk/id/ukpga/1998/47/section/71/2B/a"" id=""section-71-2B-"
WS-01,ukpga/1998/42,,whole-act,text,primary,ukpga/1998/47,http://www.legislation.gov.uk/id/ukpga/1998/47,section-71,true,http://www.legislation.gov.uk/id/ukpga/1998/42,"relate,bsection 7(3) and (4) of the Human Rights Act 1998","98/47/section/71/2B/b"" IdURI=""http://www.legislation.gov.uk/id/ukpga/1998/47/section/71/2B/b"" id=""section-71-2B-b""><Pnumber><Addition ChangeId=""d29p8480"" CommentaryRef=""c20131241"">b</Addition></Pnumber><P3para><Text><Addition ChangeId=""d29p8480"" CommentaryRef=""c20131241"">section 7(3) and (4) of the Human Rights Act 1998 (c. 42)
							(breach of Convention rights: sufficient interest, &amp;c.) shall not apply,</Addition></Text></P3para></P3><P3 DocumentURI=""http://www.legislation.gov.uk/ukpga/1998/47/section/71/2B/c"" IdURI=""http://www.legislation.gov.uk/id/ukpga/1998/47/section/71/2B/c"" id=""se"
WS-01,ukpga/1998/42,,whole-act,text,primary,ukpga/1998/47,http://www.legislation.gov.uk/id/ukpga/1998/47,section-71,true,http://www.legislation.gov.uk/id/ukpga/1998/42,could not award on finding the act unlawful under that subsection.5In this section “the Convention” has the same meaning as in the Human Rights Act 1998,"P2><P2 DocumentURI=""http://www.legislation.gov.uk/ukpga/1998/47/section/71/5"" IdURI=""http://www.legislation.gov.uk/id/ukpga/1998/47/section/71/5"" id=""section-71-5""><Pnumber>5</Pnumber><P2para><Text>In this section “<Term id=""term-the-convention"">the Convention</Term>” has the same meaning as in the Human Rights Act 1998.</Text></P2para></P2></P1para></P1></P1group><P1group RestrictExtent=""E+W+S+N.I."" RestrictStartDate=""2004-07-22""><Title> Standing Advisory Commission on Human Rights: dissolution.</Title><P1 DocumentURI=""http://www.legislation.gov.uk/ukpga/1998/47/section/72"" IdURI=""http://www."
WS-01,ukpga/1998/42,,whole-act,text,primary,ukpga/1998/47,http://www.legislation.gov.uk/id/ukpga/1998/47,section-98,true,http://www.legislation.gov.uk/id/ukpga/1998/42,means the agreement reached at multi-party talks on Northern Ireland set out in Command Paper 3883;...“the Convention rights” has the same meaning as in the Human Rights Act 1998," Paper 3883;</Text></Para></ListItem><ListItem><Para><Text><CommentaryRef Ref=""key-REDACTED-CLML-COMMENTARY-HANDLE""/>...</Text></Para></ListItem><ListItem><Para><Text>“<Term id=""term-the-convention-rights"">the Convention rights</Term>” has the same meaning as in the <CommentaryRef Ref=""c12399891""/>Human Rights Act 1998;</Text></Para></ListItem><ListItem><Para><Text>“<Term id=""term-cross-community-support"">cross-community support</Term>” has the meaning given by section 4(5);</Text></Para></ListItem><ListItem><Para><Text>“<Term id=""term-designated-nationalist"">designated Nationalist</Term>” an"
WS-01,ukpga/1998/42,,whole-act,text,primary,ukpga/2000/11,http://www.legislation.gov.uk/id/ukpga/2000/11,schedule-1-paragraph-8,true,http://www.legislation.gov.uk/id/ukpga/1998/42,section 19 (arrest and seizure) after subsection (4) insert—5The reference to a rule of law in subsection (2) does not include a rule of law which has effect only by virtue of the Human Rights Act 1998,") insert—</Text><BlockAmendment TargetClass=""primary"" TargetSubClass=""unknown"" Context=""main"" Format=""default""><P2><Pnumber>5</Pnumber><P2para><Text>The reference to a rule of law in subsection (2) does not include a rule of law which has effect only by virtue of the <CommentaryRef Ref=""c11206551""/>Human Rights Act 1998.</Text></P2para></P2></BlockAmendment></P1para></P1><P1 DocumentURI=""http://www.legislation.gov.uk/ukpga/2000/11/schedule/1/paragraph/9"" IdURI=""http://www.legislation.gov.uk/id/ukpga/2000/11/schedule/1/paragraph/9"" RestrictStartDate=""2000-07-20"" id=""schedule-1-paragraph-9""><Pnu"
WS-01,ukpga/1998/42,section-7-1,whole-act,text,primary,ukpga/2000/11,http://www.legislation.gov.uk/id/ukpga/2000/11,section-10,true,http://www.legislation.gov.uk/id/ukpga/1998/42,of anything done in relation to proceedings before the Proscribed Organisations Appeal Commission under section 5 above or section 7(1) of the Human Rights Act 1998,"ttp://www.legislation.gov.uk/id/ukpga/2000/11/section/10/1/b"" id=""section-10-1-b""><Pnumber>b</Pnumber><P3para><Text>evidence of anything done in relation to proceedings before the Proscribed Organisations Appeal Commission under section 5 above or section 7(1) of the <CommentaryRef Ref=""c11204701""/>Human Rights Act 1998,</Text></P3para></P3><P3 DocumentURI=""http://www.legislation.gov.uk/ukpga/2000/11/section/10/1/c"" IdURI=""http://www.legislation.gov.uk/id/ukpga/2000/11/section/10/1/c"" id=""section-10-1-c""><Pnumber>c</Pnumber><P3para><Text>evidence of anything done in relation to proceedings und"
WS-01,ukpga/1998/42,article-140-1-b,whole-act,text,primary,ukpga/2000/11,http://www.legislation.gov.uk/id/ukpga/2000/11,section-8,true,http://www.legislation.gov.uk/id/ukpga/1998/42,reference in subsection (7) to section 108(1)(b) of the Magistrates’ Courts Act 1980 shall be taken as a reference to Article 140(1)(b) of the Magistrates’ Courts (Northern Ireland) Order 1981. Human Rights Act 1998,"strates’ Courts Act 1980 shall be taken as a reference to Article 140(1)(b) of the <CommentaryRef Ref=""c11204661""/>Magistrates’ Courts (Northern Ireland) Order 1981.</Text></P3para></P3></P2para></P2></P1para></P1></P1group><P1group RestrictExtent=""E+W+S+N.I."" RestrictStartDate=""2006-04-13""><Title> Human Rights Act 1998.</Title><P1 DocumentURI=""http://www.legislation.gov.uk/ukpga/2000/11/section/9"" IdURI=""http://www.legislation.gov.uk/id/ukpga/2000/11/section/9"" id=""section-9""><Pnumber>9</Pnumber><P1para><P2 DocumentURI=""http://www.legislation.gov.uk/ukpga/2000/11/section/9/1"" IdURI=""http://ww"
WS-01,ukpga/1998/42,,whole-act,text,primary,ukpga/2000/11,http://www.legislation.gov.uk/id/ukpga/2000/11,section-83,true,http://www.legislation.gov.uk/id/ukpga/1998/42,offence under section 93 or 94.6The reference to a rule of law in subsection (2) does not include a rule of law which has effect only by virtue of the Human Rights Act 1998,"/ukpga/2000/11/section/83/6"" IdURI=""http://www.legislation.gov.uk/id/ukpga/2000/11/section/83/6"" id=""section-83-6""><Pnumber>6</Pnumber><P2para><Text>The reference to a rule of law in subsection (2) does not include a rule of law which has effect only by virtue of the <CommentaryRef Ref=""c11205911""/>Human Rights Act 1998.</Text></P2para></P2></P1para></P1></P1group><P1group RestrictStartDate=""2001-02-19""><Title> Munitions and transmitters.</Title><P1 DocumentURI=""http://www.legislation.gov.uk/ukpga/2000/11/section/84"" IdURI=""http://www.legislation.gov.uk/id/ukpga/2000/11/section/84"" id=""section"
WS-01,ukpga/1998/42,section-7,whole-act,text,primary,ukpga/2000/11,http://www.legislation.gov.uk/id/ukpga/2000/11,section-9,true,http://www.legislation.gov.uk/id/ukpga/1998/42,"id=""section-9"">91This section applies where rules (within the meaning of section 7 of the Human Rights Act 1998","ra><P2 DocumentURI=""http://www.legislation.gov.uk/ukpga/2000/11/section/9/1"" IdURI=""http://www.legislation.gov.uk/id/ukpga/2000/11/section/9/1"" id=""section-9-1""><Pnumber>1</Pnumber><P2para><Text>This section applies where rules (within the meaning of section 7 of the <CommentaryRef Ref=""c11204681""/>Human Rights Act 1998 (jurisdiction)) provide for proceedings under section 7(1) of that Act to be brought before the Proscribed Organisations Appeal Commission.</Text></P2para></P2><P2 DocumentURI=""http://www.legislation.gov.uk/ukpga/2000/11/section/9/2"" IdURI=""http://www.legislation.gov.uk/id/ukpg"
WS-01,ukpga/1998/42,section-9-2-d,whole-act,text,primary,ukpga/2000/23,http://www.legislation.gov.uk/id/ukpga/2000/23,schedule-4-paragraph-12,true,http://www.legislation.gov.uk/id/ukpga/1998/42,section 9(2)(d) of the Terrorism Act 2000 (proceedings under the Human Rights Act 1998,"ule/4/paragraph/12/1"" IdURI=""http://www.legislation.gov.uk/id/ukpga/2000/23/schedule/4/paragraph/12/1"" id=""schedule-4-paragraph-12-1""><Pnumber>1</Pnumber><P2para><Text>In section 9(2)(d) of the <CommentaryRef Ref=""c10569651""/>Terrorism Act 2000 (proceedings under the <CommentaryRef Ref=""c10569661""/>Human Rights Act 1998), for “8” there shall be substituted <InlineAmendment>“
                    7
                  ”</InlineAmendment>.</Text></P2para></P2><P2 DocumentURI=""http://www.legislation.gov.uk/ukpga/2000/23/schedule/4/paragraph/12/2"" IdURI=""http://www.legislation.gov.uk/id/ukpga/2000/23"
WS-01,ukpga/1998/42,,whole-act,text,primary,ukpga/2000/23,http://www.legislation.gov.uk/id/ukpga/2000/23,section-29B,true,http://www.legislation.gov.uk/id/ukpga/1998/42,"CommentaryRef=""key-REDACTED-CLML-COMMENTARY-HANDLE"">7Subsection (6) is without prejudice to the need to take into account other matters so far as they are relevant (for example, the requirements of the Human Rights Act 1998","n></Pnumber><P2para><Text><Addition ChangeId=""key-REDACTED-CLML-COMMENTARY-HANDLE-1632401750815"" CommentaryRef=""key-REDACTED-CLML-COMMENTARY-HANDLE"">Subsection (6) is without prejudice to the need to take into account other matters so far as they are relevant (for example, the requirements of the Human Rights Act 1998).</Addition></Text></P2para></P2><P2 DocumentURI=""http://www.legislation.gov.uk/ukpga/2000/23/section/29B/8"" IdURI=""http://www.legislation.gov.uk/id/ukpga/2000/23/section/29B/8"" id=""section-29B-8""><Pnumber><Addition ChangeId=""key-REDACTED-CLML-COMMENTARY-HANDLE-1632401750815"" "
WS-01,ukpga/1998/42,section-7,whole-act,text,primary,ukpga/2000/23,http://www.legislation.gov.uk/id/ukpga/2000/23,section-65,true,http://www.legislation.gov.uk/id/ukpga/1998/42,jurisdiction of the Tribunal shall be—ato be the only appropriate tribunal for the purposes of section 7 of the Human Rights Act 1998,"cumentURI=""http://www.legislation.gov.uk/ukpga/2000/23/section/65/2/a"" IdURI=""http://www.legislation.gov.uk/id/ukpga/2000/23/section/65/2/a"" id=""section-65-2-a""><Pnumber>a</Pnumber><P3para><Text>to be the only appropriate tribunal for the purposes of section 7 of the <CommentaryRef Ref=""c10568421""/>Human Rights Act 1998 in relation to any proceedings under subsection (1)(a) of that section (proceedings for actions incompatible with Convention rights) which fall within subsection (3) of this section;</Text></P3para></P3><P3 DocumentURI=""http://www.legislation.gov.uk/ukpga/2000/23/section/65/2/b"
WS-01,ukpga/1998/42,section-6,whole-act,text,primary,ukpga/2000/23,http://www.legislation.gov.uk/id/ukpga/2000/23,section-81,true,http://www.legislation.gov.uk/id/ukpga/1998/42,in the Investigatory Powers Act 2016 (see section 262(7) of that Act); ...“public authority” means any public authority within the meaning of section 6 of the Human Rights Act 1998,"></ListItem><ListItem><Para><Text><CommentaryRef Ref=""key-REDACTED-CLML-COMMENTARY-HANDLE""/>...</Text></Para></ListItem><ListItem><Para><Text>“<Term id=""term-public-authority"">public authority</Term>” means any public authority within the meaning of section 6 of the <CommentaryRef Ref=""c10569031""/>Human Rights Act 1998 (acts of public authorities) other than a court or tribunal;</Text></Para></ListItem><ListItem><Para><Text>“<Term id=""term-senior-official"">senior official</Term>” means, subject to subsection (7), a member of the Senior Civil Service or a member of the Senior Management Struct"
WS-01,ukpga/1998/42,,whole-act,text,primary,ukpga/2000/32,http://www.legislation.gov.uk/id/ukpga/2000/32,section-3,true,http://www.legislation.gov.uk/id/ukpga/1998/42,"id=""section-3-3-b-i"">icarrying out the general duty under section 32(1);iicomplying with the Human Rights Act 1998"," under section 32(1);</Text></P4para></P4><P4 DocumentURI=""http://www.legislation.gov.uk/ukpga/2000/32/section/3/3/b/ii"" IdURI=""http://www.legislation.gov.uk/id/ukpga/2000/32/section/3/3/b/ii"" id=""section-3-3-b-ii""><Pnumber>ii</Pnumber><P4para><Text>complying with the <CommentaryRef Ref=""c1055549""/>Human Rights Act 1998;</Text></P4para></P4><P4 DocumentURI=""http://www.legislation.gov.uk/ukpga/2000/32/section/3/3/b/iii"" IdURI=""http://www.legislation.gov.uk/id/ukpga/2000/32/section/3/3/b/iii"" id=""section-3-3-b-iii""><Pnumber>iii</Pnumber><P4para><Text>carrying out the policing plan;</Text></P4par"
WS-01,ukpga/1998/42,,whole-act,text,primary,ukpga/2000/32,http://www.legislation.gov.uk/id/ukpga/2000/32,section-52,true,http://www.legislation.gov.uk/id/ukpga/1998/42,of conduct and practice for police officers;bmaking police officers aware of the rights and obligations arising out of the Convention rights (within the meaning of the Human Rights Act 1998,"www.legislation.gov.uk/ukpga/2000/32/section/52/1/b"" IdURI=""http://www.legislation.gov.uk/id/ukpga/2000/32/section/52/1/b"" id=""section-52-1-b""><Pnumber>b</Pnumber><P3para><Text>making police officers aware of the rights and obligations arising out of the Convention rights (within the meaning of the Human Rights Act 1998).</Text></P3para></P3></P2para></P2><P2 DocumentURI=""http://www.legislation.gov.uk/ukpga/2000/32/section/52/2"" IdURI=""http://www.legislation.gov.uk/id/ukpga/2000/32/section/52/2"" id=""section-52-2""><Pnumber>2</Pnumber><P2para><Text>In preparing the code, the Chief Constable and "
WS-01,ukpga/1998/42,,whole-act,text,primary,ukpga/2000/32,http://www.legislation.gov.uk/id/ukpga/2000/32,section-57,true,http://www.legislation.gov.uk/id/ukpga/1998/42,"id=""section-57-2-a-i"">icarrying out the general duty under section 32(1);iicomplying with the Human Rights Act 1998","der section 32(1);</Text></P4para></P4><P4 DocumentURI=""http://www.legislation.gov.uk/ukpga/2000/32/section/57/2/a/ii"" IdURI=""http://www.legislation.gov.uk/id/ukpga/2000/32/section/57/2/a/ii"" id=""section-57-2-a-ii""><Pnumber>ii</Pnumber><P4para><Text>complying with the <CommentaryRef Ref=""c1055567""/>Human Rights Act 1998;</Text></P4para></P4><P4 DocumentURI=""http://www.legislation.gov.uk/ukpga/2000/32/section/57/2/a/iii"" IdURI=""http://www.legislation.gov.uk/id/ukpga/2000/32/section/57/2/a/iii"" id=""section-57-2-a-iii""><Pnumber>iii</Pnumber><P4para><Text>carrying out the policing plan;</Text></P4"
WS-01,ukpga/1998/42,section-6-1,whole-act,text,primary,ukpga/2000/8,http://www.legislation.gov.uk/id/ukpga/2000/8,schedule-17-paragraph-10,true,http://www.legislation.gov.uk/id/ukpga/1998/42,"id=""schedule-17-paragraph-10-2-b"">bso as to prevent an award of damages made in respect of an act or omission on the ground that the act or omission was unlawful as a result of section 6(1) of the Human Rights Act 1998","a/2000/8/schedule/17/paragraph/10/2/b"" id=""schedule-17-paragraph-10-2-b""><Pnumber>b</Pnumber><P3para><Text>so as to prevent an award of damages made in respect of an act or omission on the ground that the act or omission was unlawful as a result of section 6(1) of the <CommentaryRef Ref=""c1709961""/>Human Rights Act 1998.</Text></P3para></P3></P2para></P2></P1para></P1></Pblock><Pblock DocumentURI=""http://www.legislation.gov.uk/ukpga/2000/8/schedule/17/part/II/crossheading/privilege"" IdURI=""http://www.legislation.gov.uk/id/ukpga/2000/8/schedule/17/part/II/crossheading/privilege"" NumberOfProvisi"
WS-01,ukpga/1998/42,section-6-1,whole-act,text,primary,ukpga/2000/8,http://www.legislation.gov.uk/id/ukpga/2000/8,schedule-17A-paragraph-35,true,http://www.legislation.gov.uk/id/ukpga/1998/42,"id=""schedule-17A-paragraph-35-6-b"">bin contravention of section 6(1) of the Human Rights Act 1998","6ca6967acc942dae317a72158bb4f5-1504875736566"" CommentaryRef=""key-REDACTED-CLML-COMMENTARY-HANDLE"">b</Addition></Pnumber><P3para><Text><Addition ChangeId=""key-REDACTED-CLML-COMMENTARY-HANDLE-1504875736566"" CommentaryRef=""key-REDACTED-CLML-COMMENTARY-HANDLE"">in contravention of section 6(1) of the Human Rights Act 1998.</Addition></Text></P3para></P3></P2para></P2></P1para></P1></Pblock></Part><Part DocumentURI=""http://www.legislation.gov.uk/ukpga/2000/8/schedule/17A/part/4"" IdURI=""http://www.legislation.gov.uk/id/ukpga/2000/8/schedule/17A/part/4"" NumberOfProvisions=""2"" id=""schedule-17A-part-"
WS-01,ukpga/1998/42,section-6-1,whole-act,text,primary,ukpga/2000/8,http://www.legislation.gov.uk/id/ukpga/2000/8,schedule-1ZA-paragraph-25,true,http://www.legislation.gov.uk/id/ukpga/1998/42,"CommentaryRef=""key-REDACTED-CLML-COMMENTARY-HANDLE"">bso as to prevent an award of damages made in respect of an act or omission on the ground that the act or omission was unlawful as a result of section 6(1) of the Human Rights Act 1998","P3para><Text><Addition ChangeId=""key-REDACTED-CLML-COMMENTARY-HANDLE-1504877638862"" CommentaryRef=""key-REDACTED-CLML-COMMENTARY-HANDLE"">so as to prevent an award of damages made in respect of an act or omission on the ground that the act or omission was unlawful as a result of section 6(1) of the Human Rights Act 1998.</Addition></Text></P3para></P3></P2para></P2></P1para></P1></Pblock><Pblock DocumentURI=""http://www.legislation.gov.uk/ukpga/2000/8/schedule/1ZA/part/4/crossheading/accredited-financial-investigators"" IdURI=""http://www.legislation.gov.uk/id/ukpga/2000/8/schedule/1ZA/part/4/cro"
WS-01,ukpga/1998/42,section-6-1,whole-act,text,primary,ukpga/2000/8,http://www.legislation.gov.uk/id/ukpga/2000/8,schedule-1ZB-paragraph-33,true,http://www.legislation.gov.uk/id/ukpga/1998/42,"CommentaryRef=""key-REDACTED-CLML-COMMENTARY-HANDLE"">bso as to prevent an award of damages made in respect of an act or omission on the ground that the act or omission was unlawful as a result of section 6(1) of the Human Rights Act 1998","P3para><Text><Addition ChangeId=""key-REDACTED-CLML-COMMENTARY-HANDLE-1504877638862"" CommentaryRef=""key-REDACTED-CLML-COMMENTARY-HANDLE"">so as to prevent an award of damages made in respect of an act or omission on the ground that the act or omission was unlawful as a result of section 6(1) of the Human Rights Act 1998.</Addition></Text></P3para></P3></P2para></P2></P1para></P1></Pblock><Pblock DocumentURI=""http://www.legislation.gov.uk/ukpga/2000/8/schedule/1ZB/part/4/crossheading/accredited-financial-investigators"" IdURI=""http://www.legislation.gov.uk/id/ukpga/2000/8/schedule/1ZB/part/4/cro"
WS-01,ukpga/1998/42,section-6-1,whole-act,text,primary,ukpga/2000/8,http://www.legislation.gov.uk/id/ukpga/2000/8,section-222,true,http://www.legislation.gov.uk/id/ukpga/1998/42,as to prevent an award of damages made in respect of an act or omission on the ground that the act or omission was unlawful as a result of section 6(1) of the Human Rights Act 1998,"legislation.gov.uk/id/ukpga/2000/8/section/222/2/b"" id=""section-222-2-b""><Pnumber>b</Pnumber><P3para><Text>so as to prevent an award of damages made in respect of an act or omission on the ground that the act or omission was unlawful as a result of section 6(1) of the <CommentaryRef Ref=""c1709482""/>Human Rights Act 1998.</Text></P3para></P3></P2para></P2></P1para></P1></P1group><P1group RestrictExtent=""E+W+S+N.I."" RestrictStartDate=""2025-07-16""><Title> Management expenses.</Title><P1 DocumentURI=""http://www.legislation.gov.uk/ukpga/2000/8/section/223"" IdURI=""http://www.legislation.gov.uk/id/uk"
WS-01,ukpga/1998/42,section-6-1,whole-act,text,primary,ukpga/2000/8,http://www.legislation.gov.uk/id/ukpga/2000/8,section-291,true,http://www.legislation.gov.uk/id/ukpga/1998/42,"IdURI=""http://www.legislation.gov.uk/id/ukpga/2000/8/section/291/2"" id=""section-291-2"">2But subsection (1) does not prevent an award of damages made in respect of an act or omission on the ground that the act or omission was unlawful as a result of section 6(1) of the Human Rights Act 1998",".uk/id/ukpga/2000/8/section/291/2"" id=""section-291-2""><Pnumber>2</Pnumber><P2para><Text>But subsection (1) does not prevent an award of damages made in respect of an act or omission on the ground that the act or omission was unlawful as a result of section 6(1) of the <CommentaryRef Ref=""c1709584""/>Human Rights Act 1998.</Text></P2para></P2><P2 DocumentURI=""http://www.legislation.gov.uk/ukpga/2000/8/section/291/3"" IdURI=""http://www.legislation.gov.uk/id/ukpga/2000/8/section/291/3"" id=""section-291-3""><Pnumber>3</Pnumber><P2para><Text>“<Term id=""term-regulatory-functions"">Regulatory functions</T"
WS-01,ukpga/1998/42,section-1,whole-act,text,primary,ukpga/2000/8,http://www.legislation.gov.uk/id/ukpga/2000/8,section-300,true,http://www.legislation.gov.uk/id/ukpga/1998/42,subject to the rules.5“The Convention rights” has the meaning given in section 1 of the Human Rights Act 1998,"n.gov.uk/ukpga/2000/8/section/300/5"" IdURI=""http://www.legislation.gov.uk/id/ukpga/2000/8/section/300/5"" id=""section-300-5""><Pnumber>5</Pnumber><P2para><Text>“<Term id=""term-the-convention-rights"">The Convention rights</Term>” has the meaning given in section 1 of the <CommentaryRef Ref=""c1709595""/>Human Rights Act 1998.</Text></P2para></P2></P1para></P1></P1group></Pblock><Pblock DocumentURI=""http://www.legislation.gov.uk/ukpga/2000/8/part/XVIII/chapter/I/crossheading/power-to-disallow-excessive-regulatory-provision"" IdURI=""http://www.legislation.gov.uk/id/ukpga/2000/8/part/XVIII/chapter/I/cr"
WS-01,ukpga/1998/42,section-6-1,whole-act,text,primary,ukpga/2000/8,http://www.legislation.gov.uk/id/ukpga/2000/8,section-312N,true,http://www.legislation.gov.uk/id/ukpga/1998/42,"id=""section-312N-6-b"">bin contravention of section 6(1) of the Human Rights Act 1998","4dd5e825c1cf2b2115d54b810555ac-1694092538239"" CommentaryRef=""key-REDACTED-CLML-COMMENTARY-HANDLE"">b</Addition></Pnumber><P3para><Text><Addition ChangeId=""key-REDACTED-CLML-COMMENTARY-HANDLE-1694092538239"" CommentaryRef=""key-REDACTED-CLML-COMMENTARY-HANDLE"">in contravention of section 6(1) of the Human Rights Act 1998.</Addition></Text></P3para></P3></P2para></P2><P2 DocumentURI=""http://www.legislation.gov.uk/ukpga/2000/8/section/312N/7"" IdURI=""http://www.legislation.gov.uk/id/ukpga/2000/8/section/312N/7"" id=""section-312N-7""><Pnumber><Addition ChangeId=""key-REDACTED-CLML-COMMENTARY-HANDLE-1"
WS-01,ukpga/1998/42,section-8,whole-act,text,primary,ukpga/2000/8,http://www.legislation.gov.uk/id/ukpga/2000/8,section-71E,true,http://www.legislation.gov.uk/id/ukpga/1998/42,temporary manager is not liable for damages in respect of anything done in good faith for the purposes of or in connection with the functions of the appointment (subject to section 8 of the Human Rights Act 1998,"d=""key-REDACTED-CLML-COMMENTARY-HANDLE-1562586459763"" CommentaryRef=""key-REDACTED-CLML-COMMENTARY-HANDLE"">A temporary manager is not liable for damages in respect of anything done in good faith for the purposes of or in connection with the functions of the appointment (subject to section 8 of the Human Rights Act 1998).</Addition></Text></P2para></P2></P1para></P1></P1group><P1group RestrictStartDate=""2016-12-16""><Title><Addition ChangeId=""key-REDACTED-CLML-COMMENTARY-HANDLE-1562586459763"" CommentaryRef=""key-REDACTED-CLML-COMMENTARY-HANDLE"">Temporary manager: instrument of appointment</Add"
WS-01,ukpga/1998/42,section-6,whole-act,text,primary,ukpga/2001/17,http://www.legislation.gov.uk/id/ukpga/2001/17,section-67A,true,http://www.legislation.gov.uk/id/ukpga/1998/42,"CommentaryRef=""key-REDACTED-CLML-COMMENTARY-HANDLE"">human rights claim” means a claim that to remove the claimant from, or to require the claimant to leave, the United Kingdom would be unlawful under section 6 of the Human Rights Act 1998","ghts claim</Addition></Term><Addition ChangeId=""key-REDACTED-CLML-COMMENTARY-HANDLE-1450213625661"" CommentaryRef=""key-REDACTED-CLML-COMMENTARY-HANDLE"">” means a claim that to remove the claimant from, or to require the claimant to leave, the United Kingdom would be unlawful under section 6 of the Human Rights Act 1998 (public authority not to act contrary to Convention) as being incompatible with the person's Convention rights;</Addition></Text></Para></ListItem><ListItem><Para><Text><Addition ChangeId=""key-REDACTED-CLML-COMMENTARY-HANDLE-1450213625661"" CommentaryRef=""key-c16416722cf98e3a2e"
WS-01,ukpga/1998/42,section-1,whole-act,text,primary,ukpga/2001/17,http://www.legislation.gov.uk/id/ukpga/2001/17,section-67A,true,http://www.legislation.gov.uk/id/ukpga/1998/42,rights” means the rights identified as Convention rights by section 1 of the Human Rights Act 1998,"-1450213625661"" CommentaryRef=""key-REDACTED-CLML-COMMENTARY-HANDLE"">Convention rights</Addition></Term><Addition ChangeId=""key-REDACTED-CLML-COMMENTARY-HANDLE-1450213625661"" CommentaryRef=""key-REDACTED-CLML-COMMENTARY-HANDLE"">” means the rights identified as Convention rights by section 1 of the Human Rights Act 1998;</Addition></Text></Para></ListItem><ListItem><Para><Text><Addition ChangeId=""key-REDACTED-CLML-COMMENTARY-HANDLE-1450213625661"" CommentaryRef=""key-REDACTED-CLML-COMMENTARY-HANDLE"">“</Addition><Term><Addition ChangeId=""key-REDACTED-CLML-COMMENTARY-HANDLE-1450213625661"" Comme"
WS-01,ukpga/1998/42,section-6,whole-act,text,primary,ukpga/2001/17,http://www.legislation.gov.uk/id/ukpga/2001/17,section-67A,true,http://www.legislation.gov.uk/id/ukpga/1998/42,"CommentaryRef=""key-REDACTED-CLML-COMMENTARY-HANDLE"">gan individual who would be liable to removal or deportation from the United Kingdom but cannot be removed or deported because of section 6 of the Human Rights Act 1998","tion></Pnumber><P3para><Text><Addition ChangeId=""key-REDACTED-CLML-COMMENTARY-HANDLE-1450213625661"" CommentaryRef=""key-REDACTED-CLML-COMMENTARY-HANDLE"">an individual who would be liable to removal or deportation from the United Kingdom but cannot be removed or deported because of section 6 of the Human Rights Act 1998 or for practical reasons;</Addition></Text></P3para></P3><P3 DocumentURI=""http://www.legislation.gov.uk/ukpga/2001/17/section/67A/1/h"" IdURI=""http://www.legislation.gov.uk/id/ukpga/2001/17/section/67A/1/h"" id=""section-67A-1-h""><Pnumber><Addition ChangeId=""key-c16416722cf98e3a2e"
WS-01,ukpga/1998/42,section-21-5,whole-act,text,primary,ukpga/2001/19,http://www.legislation.gov.uk/id/ukpga/2001/19,schedule-6-paragraph-13,true,http://www.legislation.gov.uk/id/ukpga/1998/42,Ireland Assembly ”.Part 4 Amendments consequential on section 21(5) of Human Rights Act 1998,"cumentURI=""http://www.legislation.gov.uk/ukpga/2001/19/schedule/6/part/4"" IdURI=""http://www.legislation.gov.uk/id/ukpga/2001/19/schedule/6/part/4"" NumberOfProvisions=""9"" id=""schedule-6-part-4"" RestrictStartDate=""2009-10-31""><Number>Part 4</Number><Title> Amendments consequential on section 21(5) of Human Rights Act 1998</Title><P1group RestrictStartDate=""2009-10-31""><Title><Emphasis>Army Act 1955 (c. 18) and Air Force Act 1955 (c. 19)</Emphasis></Title><P1 DocumentURI=""http://www.legislation.gov.uk/ukpga/2001/19/schedule/6/paragraph/14"" IdURI=""http://www.legislation.gov.uk/id/ukpga/2001/19/sch"
WS-01,ukpga/1998/42,,whole-act,text,primary,ukpga/2001/19,http://www.legislation.gov.uk/id/ukpga/2001/19,schedule-6-paragraph-59,true,http://www.legislation.gov.uk/id/ukpga/1998/42,"Act 1993 (c. 8)In section 27(3), paragraph (f).Part 4 Repeals consequential on Human Rights Act 1998","r></tbody></table></Tabular></Part><Part DocumentURI=""http://www.legislation.gov.uk/ukpga/2001/19/schedule/7/part/4"" IdURI=""http://www.legislation.gov.uk/id/ukpga/2001/19/schedule/7/part/4"" RestrictStartDate=""2001-05-11"" id=""schedule-7-part-4""><Number>Part 4</Number><Title> Repeals consequential on Human Rights Act 1998</Title><Tabular Orientation=""portrait""><table xmlns=""http://www.w3.org/1999/xhtml"" cols=""2""><tbody><tr><th rowspan=""1"" colspan=""1""><Emphasis xmlns=""http://www.legislation.gov.uk/namespaces/legislation"">Short title and chapter</Emphasis></th><th rowspan=""1"" colspan=""1""><Emphasis"
WS-01,ukpga/1998/42,section-21-5,whole-act,text,primary,ukpga/2001/19,http://www.legislation.gov.uk/id/ukpga/2001/19,section-38,true,http://www.legislation.gov.uk/id/ukpga/1998/42,Repeals38The enactments specified in Schedule 7 (which includes enactments that are spent in consequence of section 21(5) of the Human Rights Act 1998,"001/19/section/38"" IdURI=""http://www.legislation.gov.uk/id/ukpga/2001/19/section/38"" id=""section-38""><Pnumber PuncAfter=""""><CommentaryRef Ref=""c1420046""/>38</Pnumber><P1para><Text>The enactments specified in Schedule 7 (which includes enactments that are spent in consequence of section 21(5) of the Human Rights Act 1998 (c. 42) or section 60 of the Youth Justice and Criminal Evidence Act 1999 (c.23)) are repealed to the extent specified in that Schedule.</Text></P1para></P1></P1group><P1group RestrictStartDate=""2001-05-11"" ConfersPower=""true""><Title> Short title and commencement</Title><P1 Doc"
WS-01,ukpga/1998/42,section-6,whole-act,text,primary,ukpga/2001/24,http://www.legislation.gov.uk/id/ukpga/2001/24,section-20,true,http://www.legislation.gov.uk/id/ukpga/1998/42,"relation to a disclosure authorised by a provision to which section 17 applies, anything that falls to be treated as information for the purposes of that provision;“public authority” has the same meaning as in section 6 of the Human Rights Act 1998","a provision to which section 17 applies, anything that falls to be treated as information for the purposes of that provision;</Text></Para></ListItem></OrderedList></ListItem><ListItem><Para><Text>“<Term id=""term-public-authority"">public authority</Term>” has the same meaning as in section 6 of the Human Rights Act 1998 (c. 42); and</Text></Para></ListItem><ListItem><Para><Text>“<Term id=""term-subordinate-legislation"">subordinate legislation</Term>” has the same meaning as in the Interpretation Act 1978 (c. 30).</Text></Para></ListItem></UnorderedList></P2para></P2><P2 DocumentURI=""http://www."
WS-01,ukpga/1998/42,section-9-5,whole-act,text,primary,ukpga/2002/26,http://www.legislation.gov.uk/id/ukpga/2002/26,schedule-4-paragraph-39,true,http://www.legislation.gov.uk/id/ukpga/1998/42,magistrate.39In section 9(5) of the Human Rights Act 1998,"ttp://www.legislation.gov.uk/ukpga/2002/26/schedule/4/paragraph/39"" IdURI=""http://www.legislation.gov.uk/id/ukpga/2002/26/schedule/4/paragraph/39"" RestrictExtent=""N.I."" RestrictStartDate=""2005-04-01"" id=""schedule-4-paragraph-39""><Pnumber PuncAfter="""">39</Pnumber><P1para><Text>In section 9(5) of the Human Rights Act 1998 (c. 42) (judicial acts), in the definition of “judge”, after “a justice of the peace” insert <InlineAmendment>“
              (or, in Northern Ireland, a lay magistrate)
            ”</InlineAmendment>.</Text></P1para></P1><P1 DocumentURI=""http://www.legislation.gov.uk/ukpga/20"
WS-01,ukpga/1998/42,,whole-act,text,primary,ukpga/2002/29,http://www.legislation.gov.uk/id/ukpga/2002/29,section-266,true,http://www.legislation.gov.uk/id/ukpga/1998/42,"case may be) (5) is met and it would not be just and equitable to do so, orbany provision which is incompatible with any of the Convention rights (within the meaning of the Human Rights Act 1998","P3 DocumentURI=""http://www.legislation.gov.uk/ukpga/2002/29/section/266/3/b"" IdURI=""http://www.legislation.gov.uk/id/ukpga/2002/29/section/266/3/b"" id=""section-266-3-b""><Pnumber>b</Pnumber><P3para><Text>any provision which is incompatible with any of the Convention rights (within the meaning of the Human Rights Act 1998 (c. 42)).</Text></P3para></P3></P2para></P2><P2 DocumentURI=""http://www.legislation.gov.uk/ukpga/2002/29/section/266/4"" IdURI=""http://www.legislation.gov.uk/id/ukpga/2002/29/section/266/4"" id=""section-266-4""><Pnumber>4</Pnumber><P2para><Text>In relation to a court in England an"
WS-01,ukpga/1998/42,,whole-act,text,primary,ukpga/2002/30,http://www.legislation.gov.uk/id/ukpga/2002/30,schedule-3-paragraph-2,true,http://www.legislation.gov.uk/id/ukpga/1998/42,"CommentaryRef=""key-REDACTED-CLML-COMMENTARY-HANDLE"">cthe conduct or other matter complained of (if proved) might have involved the infringement of a person's rights under Article 2 or 3 of the Convention (within the meaning of the Human Rights Act 1998","dition ChangeId=""key-REDACTED-CLML-COMMENTARY-HANDLE-1640959136605"" CommentaryRef=""key-REDACTED-CLML-COMMENTARY-HANDLE"">the conduct or other matter complained of (if proved) might have involved the infringement of a person's rights under Article 2 or 3 of the Convention (within the meaning of the Human Rights Act 1998), or</Addition></Text></P3para></P3><P3 DocumentURI=""http://www.legislation.gov.uk/ukpga/2002/30/schedule/3/paragraph/2/6B/d"" IdURI=""http://www.legislation.gov.uk/id/ukpga/2002/30/schedule/3/paragraph/2/6B/d"" id=""schedule-3-paragraph-2-6B-d""><Pnumber><Addition ChangeId=""key-66d"
WS-01,ukpga/1998/42,,whole-act,text,primary,ukpga/2002/30,http://www.legislation.gov.uk/id/ukpga/2002/30,schedule-3-paragraph-6,true,http://www.legislation.gov.uk/id/ukpga/1998/42,may have been the infringement of a person's rights under Article 2 or 3 of the Convention (within the meaning of the Human Rights Act 1998,"mmentaryRef=""key-REDACTED-CLML-COMMENTARY-HANDLE""><Addition ChangeId=""key-REDACTED-CLML-COMMENTARY-HANDLE-1641205195219"" CommentaryRef=""key-REDACTED-CLML-COMMENTARY-HANDLE"">there may have been the infringement of a person's rights under Article 2 or 3 of the Convention (within the meaning of the Human Rights Act 1998).</Addition></Substitution></Text></P3para></P3><P2 DocumentURI=""http://www.legislation.gov.uk/ukpga/2002/30/schedule/3/paragraph/6/2D"" IdURI=""http://www.legislation.gov.uk/id/ukpga/2002/30/schedule/3/paragraph/6/2D"" id=""schedule-3-paragraph-6-2D"" RestrictStartDate=""2020-02-01"""
WS-01,ukpga/1998/42,section-6,whole-act,text,primary,ukpga/2002/40,http://www.legislation.gov.uk/id/ukpga/2002/40,section-238,true,http://www.legislation.gov.uk/id/ukpga/1998/42,Public authority (except in the expression “overseas public authority”) must be construed in accordance with section 6 of the Human Rights Act 1998,"IdURI=""http://www.legislation.gov.uk/id/ukpga/2002/40/section/238/3"" id=""section-238-3"">
<Pnumber>3</Pnumber>
<P2para>
<Text>Public authority (except in the expression “<Term id=""term-overseas-public-authority"">overseas public authority</Term>”) must be construed in accordance with section 6 of the Human Rights Act 1998 (c. 42).</Text>
</P2para>
</P2>
<P2 DocumentURI=""http://www.legislation.gov.uk/ukpga/2002/40/section/238/4"" IdURI=""http://www.legislation.gov.uk/id/ukpga/2002/40/section/238/4"" id=""section-238-4"">
<Pnumber>4</Pnumber>
<P2para>
<Text>In subsection (1) the reference to an enactme"
WS-01,ukpga/1998/42,,whole-act,text,primary,ukpga/2002/41,http://www.legislation.gov.uk/id/ukpga/2002/41,schedule-3-paragraph-17,true,http://www.legislation.gov.uk/id/ukpga/1998/42,"has made a claim for asylum (within the meaning of section 18(3)), andwhose claim has been recorded by the Secretary of State but not determined,“Convention rights” has the same meaning as in the Human Rights Act 1998","t></Para></ListItem><ListItem NumberOverride=""c""><Para><Text>whose claim has been recorded by the Secretary of State but not determined,</Text></Para></ListItem></OrderedList></ListItem><ListItem><Para><Text>“<Term id=""term-convention-rights"">Convention rights</Term>” has the same meaning as in the Human Rights Act 1998 (c. 42),</Text></Para></ListItem><ListItem><Para><Text>“<Term id=""term-child"">child</Term>” means a person under the age of eighteen,</Text></Para></ListItem><ListItem><Para><Text>“<Term id=""term-dependant"">dependant</Term>” and “<Term id=""term-dependent"">dependent</Term>” shal"
WS-01,ukpga/1998/42,,whole-act,text,primary,ukpga/2002/41,http://www.legislation.gov.uk/id/ukpga/2002/41,section-113,true,http://www.legislation.gov.uk/id/ukpga/1998/42,"under section 6 of the Human Rights Act 1998 (c. 42) (public authority not to act contrary to Convention) ...,“the Human Rights Convention” has the same meaning as “the Convention” in the Human Rights Act 1998","ontrary to Convention) <CommentaryRef Ref=""key-REDACTED-CLML-COMMENTARY-HANDLE""/>...,</Text></Para></ListItem><ListItem><Para><Text>“<Term id=""term-the-human-rights-convention"">the Human Rights Convention</Term>” has the same meaning as “<Term id=""term-the-convention"">the Convention</Term>” in the Human Rights Act 1998 and “<Term id=""term-convention-rights"">Convention rights</Term>” shall be construed in accordance with section 1 of that Act,</Text></Para></ListItem><ListItem><Para><Text><Addition ChangeId=""key-REDACTED-CLML-COMMENTARY-HANDLE-1548605023850"" CommentaryRef=""key-990b7395ff6573b"
WS-01,ukpga/1998/42,section-6,whole-act,text,primary,ukpga/2002/41,http://www.legislation.gov.uk/id/ukpga/2002/41,section-113,true,http://www.legislation.gov.uk/id/ukpga/1998/42,a claim made by a person to the Secretary of State at a place designated by the Secretary of State that to remove the person from or require him to leave the United Kingdom or to refuse him entry into the United Kingdom would be unlawful under section 6 of the Human Rights Act 1998," that to remove the person from or require him to leave the United Kingdom <Addition ChangeId=""key-REDACTED-CLML-COMMENTARY-HANDLE-1548604883746"" CommentaryRef=""key-REDACTED-CLML-COMMENTARY-HANDLE"">or to refuse him entry into the United Kingdom</Addition>  would be unlawful under section 6 of the Human Rights Act 1998 (c. 42)
							(public authority not to act contrary to Convention) <CommentaryRef Ref=""key-REDACTED-CLML-COMMENTARY-HANDLE""/>...,</Text></Para></ListItem><ListItem><Para><Text>“<Term id=""term-the-human-rights-convention"">the Human Rights Convention</Term>” has the same meanin"
WS-01,ukpga/1998/42,section-6,whole-act,text,primary,ukpga/2002/41,http://www.legislation.gov.uk/id/ukpga/2002/41,section-117A,true,http://www.legislation.gov.uk/id/ukpga/1998/42,"id=""section-117A-1-b"">bas a result would be unlawful under section 6 of the Human Rights Act 1998","c35ca8c3c12468619-1546105161006"" CommentaryRef=""key-REDACTED-CLML-COMMENTARY-HANDLE"">b</Addition></Pnumber><P3para><Text><Addition ChangeId=""key-REDACTED-CLML-COMMENTARY-HANDLE-1546105161006"" CommentaryRef=""key-REDACTED-CLML-COMMENTARY-HANDLE"">as a result would be unlawful under section 6 of the Human Rights Act 1998.</Addition></Text></P3para></P3></P2para></P2><P2 DocumentURI=""http://www.legislation.gov.uk/ukpga/2002/41/section/117A/2"" IdURI=""http://www.legislation.gov.uk/id/ukpga/2002/41/section/117A/2"" id=""section-117A-2""><Pnumber><Addition ChangeId=""key-REDACTED-CLML-COMMENTARY-HANDLE"
WS-01,ukpga/1998/42,,whole-act,text,primary,ukpga/2002/41,http://www.legislation.gov.uk/id/ukpga/2002/41,section-55,true,http://www.legislation.gov.uk/id/ukpga/1998/42,shall not prevent—athe exercise of a power by the Secretary of State to the extent necessary for the purpose of avoiding a breach of a person’s Convention rights (within the meaning of the Human Rights Act 1998,"/5/a"" IdURI=""http://www.legislation.gov.uk/id/ukpga/2002/41/section/55/5/a"" id=""section-55-5-a""><Pnumber>a</Pnumber><P3para><Text>the exercise of a power by the Secretary of State to the extent necessary for the purpose of avoiding a breach of a person’s Convention rights (within the meaning of the Human Rights Act 1998 (c. 42)),</Text></P3para></P3><P3 DocumentURI=""http://www.legislation.gov.uk/ukpga/2002/41/section/55/5/b"" IdURI=""http://www.legislation.gov.uk/id/ukpga/2002/41/section/55/5/b"" id=""section-55-5-b""><Pnumber>b</Pnumber><P3para><Text>the provision of support under section 95 of th"
WS-01,ukpga/1998/42,section-1,whole-act,text,primary,ukpga/2002/41,http://www.legislation.gov.uk/id/ukpga/2002/41,section-77,true,http://www.legislation.gov.uk/id/ukpga/1998/42,rights” means the rights identified as Convention rights by section 1 of the Human Rights Act 1998,"entaryRef=""M_F_66e19e9e-de22-48b7-c632-d603f137cda9"">Convention rights</Substitution></Term><Substitution ChangeId=""M_F_66e19e9e-de22-48b7-c632-d603f137cda9-1660325712432"" CommentaryRef=""M_F_66e19e9e-de22-48b7-c632-d603f137cda9"">” means the rights identified as Convention rights by section 1 of the Human Rights Act 1998 (whether or not in relation to a State that is a party to the Convention); and</Substitution> “<Term id=""term-the-refugee-convention"">the Refugee Convention</Term>” means the Convention relating to the Status of Refugees done at Geneva on 28th July 1951 and its Protocol.</Text>"
WS-01,ukpga/1998/42,section-6,whole-act,text,primary,ukpga/2002/41,http://www.legislation.gov.uk/id/ukpga/2002/41,section-84,true,http://www.legislation.gov.uk/id/ukpga/1998/42,removal of the appellant from the United Kingdom would be unlawful under section 6 of the Human Rights Act 1998,"y-6e75a25494c6da18e32d99873487f8f3"">c</Substitution></Pnumber><P3para><Text><Substitution ChangeId=""key-REDACTED-CLML-COMMENTARY-HANDLE-1548861771235"" CommentaryRef=""key-REDACTED-CLML-COMMENTARY-HANDLE"">that removal of the appellant from the United Kingdom would be unlawful under section 6 of the Human Rights Act 1998 (public authority not to act contrary to Human Rights Convention).</Substitution></Text></P3para></P3></P2para></P2><P2 DocumentURI=""http://www.legislation.gov.uk/ukpga/2002/41/section/84/2"" IdURI=""http://www.legislation.gov.uk/id/ukpga/2002/41/section/84/2"" id=""section-84-2""><"
WS-01,ukpga/1998/42,section-6,whole-act,text,primary,ukpga/2002/41,http://www.legislation.gov.uk/id/ukpga/2002/41,section-84,true,http://www.legislation.gov.uk/id/ukpga/1998/42,"CommentaryRef=""key-REDACTED-CLML-COMMENTARY-HANDLE"">2An appeal under section 82(1)(b) (refusal of human rights claim) must be brought on the ground that the decision is unlawful under section 6 of the Human Rights Act 1998","/Pnumber><P2para><Text><Substitution ChangeId=""key-REDACTED-CLML-COMMENTARY-HANDLE-1548861771235"" CommentaryRef=""key-REDACTED-CLML-COMMENTARY-HANDLE"">An appeal under section 82(1)(b) (refusal of human rights claim) must be brought on the ground that the decision is unlawful under section 6 of the Human Rights Act 1998.</Substitution></Text></P2para></P2><P2 DocumentURI=""http://www.legislation.gov.uk/ukpga/2002/41/section/84/3"" IdURI=""http://www.legislation.gov.uk/id/ukpga/2002/41/section/84/3"" id=""section-84-3""><Pnumber><Substitution ChangeId=""key-REDACTED-CLML-COMMENTARY-HANDLE-15488617712"
WS-01,ukpga/1998/42,section-6,whole-act,text,primary,ukpga/2002/41,http://www.legislation.gov.uk/id/ukpga/2002/41,section-94B,true,http://www.legislation.gov.uk/id/ukpga/1998/42,"CommentaryRef=""key-REDACTED-CLML-COMMENTARY-HANDLE"">refusing P entry to, removing P from or requiring P to leave the United Kingdom , pending the outcome of an appeal in relation to P's claim, would not be unlawful under section 6 of the Human Rights Act 1998","or requiring P to leave the United Kingdom</Substitution></Addition><Addition ChangeId=""key-REDACTED-CLML-COMMENTARY-HANDLE-1546107259367"" CommentaryRef=""key-REDACTED-CLML-COMMENTARY-HANDLE""> , pending the outcome of an appeal in relation to P's claim, would not be unlawful under section 6 of the Human Rights Act 1998 (public authority not to act contrary to Human Rights Convention).</Addition></Text></P2para></P2><P2 DocumentURI=""http://www.legislation.gov.uk/ukpga/2002/41/section/94B/3"" IdURI=""http://www.legislation.gov.uk/id/ukpga/2002/41/section/94B/3"" id=""section-94B-3""><Pnumber><Additi"
WS-01,ukpga/1998/42,section-6,whole-act,text,primary,ukpga/2002/41,http://www.legislation.gov.uk/id/ukpga/2002/41,section-97A,true,http://www.legislation.gov.uk/id/ukpga/1998/42,not be unlawful under section 6 of the Human Rights Act 1998,"c19255101""><Addition ChangeId=""key-REDACTED-CLML-COMMENTARY-HANDLE-1544559665035"" CommentaryRef=""key-REDACTED-CLML-COMMENTARY-HANDLE""><Substitution ChangeId=""key-REDACTED-CLML-COMMENTARY-HANDLE-1548616725143"" CommentaryRef=""key-REDACTED-CLML-COMMENTARY-HANDLE"">be unlawful under section 6 of the Human Rights Act 1998 (public authority not to act contrary to Human Rights Convention)</Substitution></Addition></Addition><Addition ChangeId=""d29p8688"" CommentaryRef=""c19255101""><Addition ChangeId=""key-REDACTED-CLML-COMMENTARY-HANDLE-1544559665035"" CommentaryRef=""key-faec896d6d582122a6ddff0c61768"
WS-01,ukpga/1998/42,section-6-1,whole-act,text,primary,ukpga/2003/17,http://www.legislation.gov.uk/id/ukpga/2003/17,section-170,true,http://www.legislation.gov.uk/id/ukpga/1998/42,"bad faith, orbso as to prevent an award of damages in respect of an act or omission on the grounds that the act or omission was unlawful as a result of section 6(1) of the Human Rights Act 1998","ection/170/3/b"" IdURI=""http://www.legislation.gov.uk/id/ukpga/2003/17/section/170/3/b"" id=""section-170-3-b""><Pnumber>b</Pnumber><P3para><Text>so as to prevent an award of damages in respect of an act or omission on the grounds that the act or omission was unlawful as a result of section 6(1) of the Human Rights Act 1998 (c. 42)
							(incompatibility of act or omission with Convention rights).</Text></P3para></P3></P2para></P2><P2 DocumentURI=""http://www.legislation.gov.uk/ukpga/2003/17/section/170/4"" IdURI=""http://www.legislation.gov.uk/id/ukpga/2003/17/section/170/4"" id=""section-170-4""><Pnu"
WS-01,ukpga/1998/42,,whole-act,text,primary,ukpga/2003/32,http://www.legislation.gov.uk/id/ukpga/2003/32,schedule-4-paragraph-3,true,http://www.legislation.gov.uk/id/ukpga/1998/42,"freezing order, the court must give the Director an opportunity to be heard.4The court may decide not to give effect to the overseas freezing order only if, in its opinion, giving effect to it would be incompatible with any of the Convention rights (within the meaning of the Human Rights Act 1998","e the Director an opportunity to be heard.</Text></P2para></P2><P2><Pnumber>4</Pnumber><P2para><Text>The court may decide not to give effect to the overseas freezing order only if, in its opinion, giving effect to it would be incompatible with any of the Convention rights (within the meaning of the Human Rights Act 1998).</Text></P2para></P2></P1para></P1><P1><Pnumber PuncAfter="""">11F</Pnumber><P1para><Text>The High Court may postpone giving effect to an overseas freezing order in respect of any property—</Text><P3><Pnumber>a</Pnumber><P3para><Text>in order to avoid prejudicing a criminal inve"
WS-01,ukpga/1998/42,,whole-act,text,primary,ukpga/2003/32,http://www.legislation.gov.uk/id/ukpga/2003/32,schedule-4-paragraph-5,true,http://www.legislation.gov.uk/id/ukpga/1998/42,"order, the court must give the Lord Advocate an opportunity to be heard.4The court may decide not to give effect to the overseas freezing order only if, in its opinion, giving effect to it would be incompatible with any of the Convention rights (within the meaning of the Human Rights Act 1998"," Lord Advocate an opportunity to be heard.</Text></P2para></P2><P2><Pnumber>4</Pnumber><P2para><Text>The court may decide not to give effect to the overseas freezing order only if, in its opinion, giving effect to it would be incompatible with any of the Convention rights (within the meaning of the Human Rights Act 1998).</Text></P2para></P2></P1para></P1><P1><Pnumber PuncAfter="""">25F</Pnumber><P1para><Text>The Court of Session may postpone giving effect to an overseas freezing order in respect of any property—</Text><P3><Pnumber>a</Pnumber><P3para><Text>in order to avoid prejudicing a crimina"
WS-01,ukpga/1998/42,,whole-act,text,primary,ukpga/2003/32,http://www.legislation.gov.uk/id/ukpga/2003/32,schedule-4-paragraph-7,true,http://www.legislation.gov.uk/id/ukpga/1998/42,"freezing order, the court must give the Director an opportunity to be heard.4The court may decide not to give effect to the overseas freezing order only if, in its opinion, giving effect to it would be incompatible with any of the Convention rights (within the meaning of the Human Rights Act 1998","e the Director an opportunity to be heard.</Text></P2para></P2><P2><Pnumber>4</Pnumber><P2para><Text>The court may decide not to give effect to the overseas freezing order only if, in its opinion, giving effect to it would be incompatible with any of the Convention rights (within the meaning of the Human Rights Act 1998).</Text></P2para></P2></P1para></P1><P1><Pnumber PuncAfter="""">41F</Pnumber><P1para><Text>The High Court may postpone giving effect to an overseas freezing order in respect of any property—</Text><P3><Pnumber>a</Pnumber><P3para><Text>in order to avoid prejudicing a criminal inve"
WS-01,ukpga/1998/42,,whole-act,text,primary,ukpga/2003/32,http://www.legislation.gov.uk/id/ukpga/2003/32,section-21,true,http://www.legislation.gov.uk/id/ukpga/1998/42,acquittal or conviction.7The second condition is that giving effect to the overseas freezing order would be incompatible with any of the Convention rights (within the meaning of the Human Rights Act 1998,"/2003/32/section/21/7"" IdURI=""http://www.legislation.gov.uk/id/ukpga/2003/32/section/21/7"" id=""section-21-7""><Pnumber>7</Pnumber><P2para><Text>The second condition is that giving effect to the overseas freezing order would be incompatible with any of the Convention rights (within the meaning of the Human Rights Act 1998 (c. 42)).</Text></P2para></P2></P1para></P1></P1group><P1group RestrictStartDate=""2009-10-19""><Title>Giving effect to the order</Title><P1 DocumentURI=""http://www.legislation.gov.uk/ukpga/2003/32/section/22"" IdURI=""http://www.legislation.gov.uk/id/ukpga/2003/32/section/22"" id="""
WS-01,ukpga/1998/42,,whole-act,text,primary,ukpga/2003/41,http://www.legislation.gov.uk/id/ukpga/2003/41,section-108,true,http://www.legislation.gov.uk/id/ukpga/1998/42,means to appeal against the order for the person's extradition on the grounds (and only on the grounds) that the extradition would not be compatible with the Convention rights within the meaning of the Human Rights Act 1998,"angeId=""key-REDACTED-CLML-COMMENTARY-HANDLE-1453378743143"" CommentaryRef=""key-REDACTED-CLML-COMMENTARY-HANDLE""> against the order for the person's extradition on the grounds (and only on the grounds) that the extradition would not be compatible with the Convention rights within the meaning of the Human Rights Act 1998.
</Addition>
</Text></P2para></P2></P1para></P1></P1group><P1group RestrictExtent=""E+W+S+N.I."" RestrictStartDate=""2024-03-13""><Title><CommentaryRef Ref=""c2087159""/>Court’s powers on appeal under section 108</Title><P1 DocumentURI=""http://www.legislation.gov.uk/ukpga/2003/41/sec"
WS-01,ukpga/1998/42,,whole-act,text,primary,ukpga/2003/41,http://www.legislation.gov.uk/id/ukpga/2003/41,section-153D,true,http://www.legislation.gov.uk/id/ukpga/1998/42,"id=""section-153D-1"">1Nothing in section 153A or 153C requires the return of a person to a territory in a case in which the Secretary of State is not satisfied that the return is compatible with the Convention rights within the meaning of the Human Rights Act 1998","/Pnumber><P2para><Text><Addition ChangeId=""d30p14129"" CommentaryRef=""c2088190"">Nothing in section 153A or 153C requires the return of a person to a territory in a case in which the Secretary of State is not satisfied that the return is compatible with the Convention rights within the meaning of the Human Rights Act 1998 or with the United Kingdom's obligations under the Refugee Convention.</Addition></Text></P2para></P2><P2 DocumentURI=""http://www.legislation.gov.uk/ukpga/2003/41/section/153D/2"" IdURI=""http://www.legislation.gov.uk/id/ukpga/2003/41/section/153D/2"" id=""section-153D-2""><Pnumber>"
WS-01,ukpga/1998/42,section-7-1,whole-act,text,primary,ukpga/2003/41,http://www.legislation.gov.uk/id/ukpga/2003/41,section-195,true,http://www.legislation.gov.uk/id/ukpga/1998/42,"id=""section-195"">1951The appropriate judge is the only appropriate tribunal in relation to proceedings under section 7(1) (a) of the Human Rights Act 1998","a><P2 DocumentURI=""http://www.legislation.gov.uk/ukpga/2003/41/section/195/1"" IdURI=""http://www.legislation.gov.uk/id/ukpga/2003/41/section/195/1"" id=""section-195-1""><Pnumber>1</Pnumber><P2para><Text>The appropriate judge is the only appropriate tribunal in relation to proceedings under section 7(1)(a) of the Human Rights Act 1998 (c. 42)
					(proceedings for acts incompatible with Convention rights) if the proceedings relate to extradition under Part 1 or Part 2 of this Act.</Text></P2para></P2><P2 DocumentURI=""http://www.legislation.gov.uk/ukpga/2003/41/section/195/2"" IdURI=""http://www.legi"
WS-01,ukpga/1998/42,,whole-act,text,primary,ukpga/2003/41,http://www.legislation.gov.uk/id/ukpga/2003/41,section-21,true,http://www.legislation.gov.uk/id/ukpga/1998/42,"id=""section-21-1"">1If the judge is required to proceed under this section (by virtue of section ... 20) he must decide whether the person’s extradition would be compatible with the Convention rights within the meaning of the Human Rights Act 1998","><Pnumber>1</Pnumber><P2para><Text>If the judge is required to proceed under this section (by virtue of section <CommentaryRef Ref=""key-REDACTED-CLML-COMMENTARY-HANDLE""/>... 20) he must decide whether the person’s extradition would be compatible with the Convention rights within the meaning of the Human Rights Act 1998 (c. 42).</Text></P2para></P2><P2 DocumentURI=""http://www.legislation.gov.uk/ukpga/2003/41/section/21/2"" IdURI=""http://www.legislation.gov.uk/id/ukpga/2003/41/section/21/2"" id=""section-21-2""><Pnumber>2</Pnumber><P2para><Text>If the judge decides the question in subsection (1) in"
WS-01,ukpga/1998/42,section-21-1,whole-act,text,primary,ukpga/2003/41,http://www.legislation.gov.uk/id/ukpga/2003/41,section-216,true,http://www.legislation.gov.uk/id/ukpga/1998/42,Rights Convention” has the meaning given to “the Convention” by section 21(1) of the Human Rights Act 1998,"ryRef=""key-REDACTED-CLML-COMMENTARY-HANDLE"">10A</Addition></Pnumber><P2para><Text><Addition ChangeId=""key-REDACTED-CLML-COMMENTARY-HANDLE-1453596640385"" CommentaryRef=""key-REDACTED-CLML-COMMENTARY-HANDLE"">Human Rights Convention” has the meaning given to  “the Convention” by section 21(1) of the Human Rights Act 1998.</Addition></Text></P2para></P2><P2 DocumentURI=""http://www.legislation.gov.uk/ukpga/2003/41/section/216/11"" IdURI=""http://www.legislation.gov.uk/id/ukpga/2003/41/section/216/11"" id=""section-216-11""><Pnumber>11</Pnumber><P2para><Text>“<Term id=""term-police-officer"">Police offic"
WS-01,ukpga/1998/42,,whole-act,text,primary,ukpga/2003/41,http://www.legislation.gov.uk/id/ukpga/2003/41,section-21A,true,http://www.legislation.gov.uk/id/ukpga/1998/42,the extradition would be compatible with the Convention rights within the meaning of the Human Rights Act 1998,"ef=""key-REDACTED-CLML-COMMENTARY-HANDLE"">a</Addition></Pnumber><P3para><Text><Addition ChangeId=""key-REDACTED-CLML-COMMENTARY-HANDLE-1453464012897"" CommentaryRef=""key-REDACTED-CLML-COMMENTARY-HANDLE"">whether the extradition would be compatible with the Convention rights within the meaning of the Human Rights Act 1998;</Addition></Text></P3para></P3><P3 DocumentURI=""http://www.legislation.gov.uk/ukpga/2003/41/section/21A/1/b"" IdURI=""http://www.legislation.gov.uk/id/ukpga/2003/41/section/21A/1/b"" id=""section-21A-1-b""><Pnumber><Addition ChangeId=""key-REDACTED-CLML-COMMENTARY-HANDLE-1453464012"
WS-01,ukpga/1998/42,,whole-act,text,primary,ukpga/2003/41,http://www.legislation.gov.uk/id/ukpga/2003/41,section-70,true,http://www.legislation.gov.uk/id/ukpga/1998/42,"CommentaryRef=""key-REDACTED-CLML-COMMENTARY-HANDLE"">11The Secretary of State is not to consider whether the extradition would be compatible with the Convention rights within the meaning of the Human Rights Act 1998","1</Addition></Pnumber><P2para><Text><Addition ChangeId=""key-REDACTED-CLML-COMMENTARY-HANDLE-1453377884958"" CommentaryRef=""key-REDACTED-CLML-COMMENTARY-HANDLE"">The Secretary of State is not to consider whether the extradition would be compatible with the Convention rights within the meaning of the Human Rights Act 1998.</Addition></Text></P2para></P2></P1para></P1></P1group></Pblock><Pblock DocumentURI=""http://www.legislation.gov.uk/ukpga/2003/41/part/2/crossheading/arrest"" IdURI=""http://www.legislation.gov.uk/id/ukpga/2003/41/part/2/crossheading/arrest"" NumberOfProvisions=""4"" id=""part-2-cros"
WS-01,ukpga/1998/42,,whole-act,text,primary,ukpga/2003/41,http://www.legislation.gov.uk/id/ukpga/2003/41,section-87,true,http://www.legislation.gov.uk/id/ukpga/1998/42,"id=""section-87-1"">1If the judge is required to proceed under this section (by virtue of section 84, 85 or 86) he must decide whether the person’s extradition would be compatible with the Convention rights within the meaning of the Human Rights Act 1998","v.uk/id/ukpga/2003/41/section/87/1"" id=""section-87-1""><Pnumber>1</Pnumber><P2para><Text>If the judge is required to proceed under this section (by virtue of section 84, 85 or 86) he must decide whether the person’s extradition would be compatible with the Convention rights within the meaning of the Human Rights Act 1998 (c. 42).</Text></P2para></P2><P2 DocumentURI=""http://www.legislation.gov.uk/ukpga/2003/41/section/87/2"" IdURI=""http://www.legislation.gov.uk/id/ukpga/2003/41/section/87/2"" id=""section-87-2""><Pnumber>2</Pnumber><P2para><Text>If the judge decides the question in subsection (1) in"
WS-01,ukpga/1998/42,section-6-1,whole-act,text,primary,ukpga/2003/42,http://www.legislation.gov.uk/id/ukpga/2003/42,section-136N,true,http://www.legislation.gov.uk/id/ukpga/1998/42,"id=""section-136N-5-b"">bso as to prevent an award of damages made in respect of an act or omission on the ground that the act or omission was unlawful by virtue of section 6(1) of the Human Rights Act 1998","ChangeId=""d29p14681"" CommentaryRef=""c20926581"">b</Addition></Pnumber><P3para><Text><Addition ChangeId=""d29p14681"" CommentaryRef=""c20926581"">so as to prevent an award of damages made in respect of an act or omission on the ground that the act or omission was unlawful by virtue of section 6(1) of the Human Rights Act 1998.</Addition></Text></P3para></P3></P2para></P2><P2 DocumentURI=""http://www.legislation.gov.uk/ukpga/2003/42/section/136N/6"" IdURI=""http://www.legislation.gov.uk/id/ukpga/2003/42/section/136N/6"" id=""section-136N-6""><Pnumber><Addition ChangeId=""d29p14681"" CommentaryRef=""c20926581"""
WS-01,ukpga/1998/42,section-1,whole-act,text,primary,ukpga/2003/42,http://www.legislation.gov.uk/id/ukpga/2003/42,section-96ZD,true,http://www.legislation.gov.uk/id/ukpga/1998/42,"CommentaryRef=""key-REDACTED-CLML-COMMENTARY-HANDLE"">aany investigations or proceedings leading to it were conducted in a way which contravened any of the Convention rights (within the meaning of section 1 of the Human Rights Act 1998","r><P3para><Text><Addition ChangeId=""key-REDACTED-CLML-COMMENTARY-HANDLE-1669889627802"" CommentaryRef=""key-REDACTED-CLML-COMMENTARY-HANDLE"">any investigations or proceedings leading to it were conducted in a way which contravened any of the Convention rights (within the meaning of section 1 of the Human Rights Act 1998) which P would have had if those investigations or proceedings had taken place in the United Kingdom, and</Addition></Text></P3para></P3><P3 DocumentURI=""http://www.legislation.gov.uk/ukpga/2003/42/section/96ZD/3/b"" IdURI=""http://www.legislation.gov.uk/id/ukpga/2003/42/section/"
WS-01,ukpga/1998/42,section-6,whole-act,text,primary,ukpga/2004/19,http://www.legislation.gov.uk/id/ukpga/2004/19,schedule-3-paragraph-1,true,http://www.legislation.gov.uk/id/ukpga/1998/42,"section 1 of the Human Rights Act 1998 (c. 42) (whether or not in relation to a State that is a party to the Convention),“human rights claim” means a claim by a person that to remove him from or require him to leave the United Kingdom would be unlawful under section 6 of the Human Rights Act 1998"," relation to a State that is a party to the Convention),</Text></Para></ListItem><ListItem><Para><Text>“<Term id=""term-human-rights-claim"">human rights claim</Term>” means a claim by a person that to remove him from or require him to leave the United Kingdom would be unlawful under section 6 of the Human Rights Act 1998 (public authority not to act contrary to Convention) as being incompatible with his Convention rights,</Text></Para></ListItem><ListItem><Para><Text>“<Term id=""term-immigration-appeal"">immigration appeal</Term>” means an appeal under section 82(1) of the Nationality, Immigratio"
WS-01,ukpga/1998/42,section-1,whole-act,text,primary,ukpga/2004/19,http://www.legislation.gov.uk/id/ukpga/2004/19,schedule-3-paragraph-1,true,http://www.legislation.gov.uk/id/ukpga/1998/42,"claim” means a claim by a person that to remove him from or require him to leave the United Kingdom would breach the United Kingdom’s obligations under the Refugee Convention,“Convention rights” means the rights identified as Convention rights by section 1 of the Human Rights Act 1998","from or require him to leave the United Kingdom would breach the United Kingdom’s obligations under the Refugee Convention,</Text></Para></ListItem><ListItem><Para><Text>“<Term id=""term-convention-rights"">Convention rights</Term>” means the rights identified as Convention rights by section 1 of the Human Rights Act 1998 (c. 42) (whether or not in relation to a State that is a party to the Convention),</Text></Para></ListItem><ListItem><Para><Text>“<Term id=""term-human-rights-claim"">human rights claim</Term>” means a claim by a person that to remove him from or require him to leave the United K"
WS-01,ukpga/1998/42,section-6,whole-act,text,primary,ukpga/2004/19,http://www.legislation.gov.uk/id/ukpga/2004/19,section-2,true,http://www.legislation.gov.uk/id/ukpga/1998/42,"Decoration=""parens"">seeks leave to enter or remain in the United Kingdom, orclaims that to remove him from or require him to leave the United Kingdom would breach the United Kingdom’s obligations under the Refugee Convention or would be unlawful under section 6 of the Human Rights Act 1998","enter or remain in the United Kingdom, or</Text></Para></ListItem><ListItem NumberOverride=""b""><Para><Text>claims that to remove him from or require him to leave the United Kingdom would breach the United Kingdom’s obligations under the Refugee Convention or would be unlawful under section 6 of the Human Rights Act 1998 (c. 42) as being incompatible with his Convention rights.</Text></Para></ListItem></OrderedList></ListItem><ListItem><Para><Text> <Addition ChangeId=""key-REDACTED-CLML-COMMENTARY-HANDLE-1631180148289"" CommentaryRef=""key-REDACTED-CLML-COMMENTARY-HANDLE"">“residence scheme immig"
WS-01,ukpga/1998/42,section-6-1,whole-act,text,primary,ukpga/2004/27,http://www.legislation.gov.uk/id/ukpga/2004/27,section-18A,true,http://www.legislation.gov.uk/id/ukpga/1998/42,"CommentaryRef=""key-REDACTED-CLML-COMMENTARY-HANDLE"">bso as to prevent an award of damages in respect of the act or omission on the grounds that it was unlawful as a result of section 6(1) of the Human Rights Act 1998","Addition></Pnumber><P3para><Text><Addition ChangeId=""key-REDACTED-CLML-COMMENTARY-HANDLE-1530649344025"" CommentaryRef=""key-REDACTED-CLML-COMMENTARY-HANDLE"">so as to prevent an award of damages in respect of the act or omission on the grounds that it was unlawful as a result of section 6(1) of the Human Rights Act 1998 (acts of public authorities incompatible with Convention rights).</Addition></Text></P3para></P3></P2para></P2><P2 DocumentURI=""http://www.legislation.gov.uk/ukpga/2004/27/section/18A/5"" IdURI=""http://www.legislation.gov.uk/id/ukpga/2004/27/section/18A/5"" id=""section-18A-5""><Pn"
WS-01,ukpga/1998/42,section-6-1,whole-act,text,primary,ukpga/2004/35,http://www.legislation.gov.uk/id/ukpga/2004/35,schedule-1-paragraph-35,true,http://www.legislation.gov.uk/id/ukpga/1998/42,"id=""schedule-1-paragraph-35-5-b"">bso as to prevent an award of damages made in respect of an act or omission on the ground that the act or omission was unlawful as a result of section 6(1) of the Human Rights Act 1998","//www.legislation.gov.uk/id/ukpga/2004/35/schedule/1/paragraph/35/5/b"" id=""schedule-1-paragraph-35-5-b""><Pnumber>b</Pnumber><P3para><Text>so as to prevent an award of damages made in respect of an act or omission on the ground that the act or omission was unlawful as a result of section 6(1) of the Human Rights Act 1998 (c. 42).</Text></P3para></P3></P2para></P2></P1para></P1></Pblock></Part></ScheduleBody></Schedule><Schedule DocumentURI=""http://www.legislation.gov.uk/ukpga/2004/35/schedule/2"" IdURI=""http://www.legislation.gov.uk/id/ukpga/2004/35/schedule/2"" NumberOfProvisions=""68"" id=""schedu"
WS-01,ukpga/1998/42,section-6-1,whole-act,text,primary,ukpga/2004/35,http://www.legislation.gov.uk/id/ukpga/2004/35,schedule-5-paragraph-29,true,http://www.legislation.gov.uk/id/ukpga/1998/42,"id=""schedule-5-paragraph-29-4-b"">bso as to prevent an award of damages made in respect of an act or omission on the ground that the act or omission was unlawful as a result of section 6(1) of the Human Rights Act 1998","//www.legislation.gov.uk/id/ukpga/2004/35/schedule/5/paragraph/29/4/b"" id=""schedule-5-paragraph-29-4-b""><Pnumber>b</Pnumber><P3para><Text>so as to prevent an award of damages made in respect of an act or omission on the ground that the act or omission was unlawful as a result of section 6(1) of the Human Rights Act 1998 (c. 42).</Text></P3para></P3></P2para></P2><P2 DocumentURI=""http://www.legislation.gov.uk/ukpga/2004/35/schedule/5/paragraph/29/5"" IdURI=""http://www.legislation.gov.uk/id/ukpga/2004/35/schedule/5/paragraph/29/5"" id=""schedule-5-paragraph-29-5"" RestrictStartDate=""2005-07-21""><Pnu"
WS-01,ukpga/1998/42,section-6,whole-act,text,primary,ukpga/2004/35,http://www.legislation.gov.uk/id/ukpga/2004/35,section-201,true,http://www.legislation.gov.uk/id/ukpga/1998/42,"id=""section-201-2-a-i"">ithe Board, oriiany public authority (within the meaning of section 6 of the Human Rights Act 1998",", or</Text></P4para></P4><P4 DocumentURI=""http://www.legislation.gov.uk/ukpga/2004/35/section/201/2/a/ii"" IdURI=""http://www.legislation.gov.uk/id/ukpga/2004/35/section/201/2/a/ii"" id=""section-201-2-a-ii""><Pnumber>ii</Pnumber><P4para><Text>any public authority (within the meaning of section 6 of the Human Rights Act 1998 (c. 42)) which receives the information directly or indirectly from the Board,</Text></P4para></P4><Text>for any of the purposes specified in section 17(2)(a) to (d) of the Anti-terrorism, Crime and Security Act 2001 (c. 24)
							(criminal proceedings and investigations),</Te"
WS-01,ukpga/1998/42,section-6-1,whole-act,text,primary,ukpga/2004/35,http://www.legislation.gov.uk/id/ukpga/2004/35,section-22,true,http://www.legislation.gov.uk/id/ukpga/1998/42,"subsection (6) insert—6ASubsection (6) does not have effect to authorise the Authority to make an order as mentioned in paragraph (a) or (b) of that subsection, if their doing so would be unlawful as a result of section 6(1) of the Human Rights Act 1998","etSubClass=""unknown"" Context=""main"" Format=""default""><P2><Pnumber>6A</Pnumber><P2para><Text>Subsection (6) does not have effect to authorise the Authority to make an order as mentioned in paragraph (a) or (b) of that subsection, if their doing so would be unlawful as a result of section 6(1) of the Human Rights Act 1998 (unlawful for public authority to act in contravention of a Convention right).</Text></P2para></P2></BlockAmendment></P3para></P3></P1para></P1></P1group><P1group ConfersPower=""true"" RestrictExtent=""E+W+S"" RestrictStartDate=""2015-04-06""><Title>Freezing orders</Title><P1 Documen"
WS-01,ukpga/1998/42,section-6-1,whole-act,text,primary,ukpga/2004/35,http://www.legislation.gov.uk/id/ukpga/2004/35,section-32,true,http://www.legislation.gov.uk/id/ukpga/1998/42,(1) does not have effect to authorise the Regulator to make an order as mentioned in that subsection if its doing so would be unlawful as a result of section 6(1) of the Human Rights Act 1998,"dURI=""http://www.legislation.gov.uk/id/ukpga/2004/35/section/32/2"" id=""section-32-2""><Pnumber>2</Pnumber><P2para><Text>Subsection (1) does not have effect to authorise the Regulator to make an order as mentioned in that subsection if its doing so would be unlawful as a result of section 6(1) of the Human Rights Act 1998 (c. 42) (unlawful for public authority to act in contravention of a Convention right).</Text></P2para></P2></P1para></P1></P1group></Pblock><Pblock DocumentURI=""http://www.legislation.gov.uk/ukpga/2004/35/part/1/crossheading/trustees-of-occupational-pension-schemes"" IdURI=""http"
WS-01,ukpga/1998/42,section-6,whole-act,text,primary,ukpga/2004/35,http://www.legislation.gov.uk/id/ukpga/2004/35,section-83,true,http://www.legislation.gov.uk/id/ukpga/1998/42,"id=""section-83-2-c-i"">ithe Regulator, oriiany public authority (within the meaning of section 6 of the Human Rights Act 1998","tor, or</Text></P4para></P4><P4 DocumentURI=""http://www.legislation.gov.uk/ukpga/2004/35/section/83/2/c/ii"" IdURI=""http://www.legislation.gov.uk/id/ukpga/2004/35/section/83/2/c/ii"" id=""section-83-2-c-ii""><Pnumber>ii</Pnumber><P4para><Text>any public authority (within the meaning of section 6 of the Human Rights Act 1998 (c. 42)) which receives the information directly or indirectly from the Regulator,</Text></P4para></P4><Text>for any of the purposes specified in section 17(2)(a) to (d) of the Anti-terrorism, Crime and Security Act 2001 (c. 24)
							(criminal proceedings and investigations)."
WS-01,ukpga/1998/42,section-6,whole-act,text,primary,ukpga/2004/35,http://www.legislation.gov.uk/id/ukpga/2004/35,section-87,true,http://www.legislation.gov.uk/id/ukpga/1998/42,"id=""section-87-2-a-i"">ithe Regulator, oriiany public authority (within the meaning of section 6 of the Human Rights Act 1998","tor, or</Text></P4para></P4><P4 DocumentURI=""http://www.legislation.gov.uk/ukpga/2004/35/section/87/2/a/ii"" IdURI=""http://www.legislation.gov.uk/id/ukpga/2004/35/section/87/2/a/ii"" id=""section-87-2-a-ii""><Pnumber>ii</Pnumber><P4para><Text>any public authority (within the meaning of section 6 of the Human Rights Act 1998 (c. 42)) which receives the information directly or indirectly from the Regulator,</Text></P4para></P4><Text>for any of the purposes specified in section 17(2)(a) to (d) of the Anti-terrorism, Crime and Security Act 2001 (c. 24) (criminal proceedings and investigations),</Text>"
WS-01,ukpga/1998/42,section-1,whole-act,text,primary,ukpga/2004/36,http://www.legislation.gov.uk/id/ukpga/2004/36,section-20,true,http://www.legislation.gov.uk/id/ukpga/1998/42,"to that aspect or effect of the emergency,ivis satisfied that the regulations are compatible with the Convention rights (within the meaning of section 1 of the Human Rights Act 1998",".legislation.gov.uk/ukpga/2004/36/section/20/5/b/iv"" IdURI=""http://www.legislation.gov.uk/id/ukpga/2004/36/section/20/5/b/iv"" id=""section-20-5-b-iv""><Pnumber>iv</Pnumber><P4para><Text>is satisfied that the regulations are compatible with the Convention rights (within the meaning of section 1 of the Human Rights Act 1998 (c. 42)), and</Text></P4para></P4><P4 DocumentURI=""http://www.legislation.gov.uk/ukpga/2004/36/section/20/5/b/v"" IdURI=""http://www.legislation.gov.uk/id/ukpga/2004/36/section/20/5/b/v"" id=""section-20-5-b-v""><Pnumber>v</Pnumber><P4para><Text>in the case of regulations made under"
WS-01,ukpga/1998/42,,whole-act,text,primary,ukpga/2004/36,http://www.legislation.gov.uk/id/ukpga/2004/36,section-23,true,http://www.legislation.gov.uk/id/ukpga/1998/42,"IdURI=""http://www.legislation.gov.uk/id/ukpga/2004/36/section/23/5/a"" id=""section-23-5-a"">athis Part of this Act, orbthe Human Rights Act 1998","ection-23-5-a""><Pnumber>a</Pnumber><P3para><Text>this Part of this Act, or</Text></P3para></P3><P3 DocumentURI=""http://www.legislation.gov.uk/ukpga/2004/36/section/23/5/b"" IdURI=""http://www.legislation.gov.uk/id/ukpga/2004/36/section/23/5/b"" id=""section-23-5-b""><Pnumber>b</Pnumber><P3para><Text>the Human Rights Act 1998 (c. 42).</Text></P3para></P3></P2para></P2></P1para></P1></P1group><P1group RestrictStartDate=""2004-12-10"" ConfersPower=""true""><Title>Regional and Emergency Coordinators</Title><P1 DocumentURI=""http://www.legislation.gov.uk/ukpga/2004/36/section/24"" IdURI=""http://www.legislatio"
WS-01,ukpga/1998/42,,whole-act,text,primary,ukpga/2004/36,http://www.legislation.gov.uk/id/ukpga/2004/36,section-30,true,http://www.legislation.gov.uk/id/ukpga/1998/42,regulations shall be made by statutory instrument (whether or not made by Order in Council).2Emergency regulations shall be treated for the purposes of the Human Rights Act 1998,"by Order in Council).</Text></P2para></P2><P2 DocumentURI=""http://www.legislation.gov.uk/ukpga/2004/36/section/30/2"" IdURI=""http://www.legislation.gov.uk/id/ukpga/2004/36/section/30/2"" id=""section-30-2""><Pnumber>2</Pnumber><P2para><Text>Emergency regulations shall be treated for the purposes of the Human Rights Act 1998 (c. 42) as subordinate legislation and not primary legislation (whether or not they amend primary legislation).</Text></P2para></P2></P1para></P1></P1group><P1group RestrictStartDate=""2004-12-10""><Title>Interpretation</Title><P1 DocumentURI=""http://www.legislation.gov.uk/ukpga/"
WS-01,ukpga/1998/42,section-6,whole-act,text,primary,ukpga/2004/4,http://www.legislation.gov.uk/id/ukpga/2004/4,section-8,true,http://www.legislation.gov.uk/id/ukpga/1998/42,"id=""section-8-2"">2In the exercise of its functions, such an organisation shall have regard to any guidance for the time being in operation under this section; but this does not affect the operation, in relation to any such organisation, of section 6 of the Human Rights Act 1998","tion/8/2"" id=""section-8-2""><Pnumber>2</Pnumber><P2para><Text>In the exercise of its functions, such an organisation shall have regard to any guidance for the time being in operation under this section; but this does not affect the operation, in relation to any such organisation, of section 6 of the Human Rights Act 1998 (c. 42)
					(public authority not to act in a way incompatible with a Convention right).</Text></P2para></P2><P2 DocumentURI=""http://www.legislation.gov.uk/ukpga/2004/4/section/8/3"" IdURI=""http://www.legislation.gov.uk/id/ukpga/2004/4/section/8/3"" id=""section-8-3""><Pnumber>3</"
WS-01,ukpga/1998/42,,whole-act,text,primary,ukpga/2004/5,http://www.legislation.gov.uk/id/ukpga/2004/5,schedule-a2-paragraph-16,true,http://www.legislation.gov.uk/id/ukpga/1998/42,"CommentaryRef=""key-REDACTED-CLML-COMMENTARY-HANDLE"">“the Convention rights” has the same meaning as in the Human Rights Act 1998","y-9024c739eaeec90eb8d673bb2d8e5d77-1542198886374"" CommentaryRef=""key-REDACTED-CLML-COMMENTARY-HANDLE"">the Convention rights</Addition></Term><Addition ChangeId=""key-REDACTED-CLML-COMMENTARY-HANDLE-1542198886374"" CommentaryRef=""key-REDACTED-CLML-COMMENTARY-HANDLE"">” has the same meaning as in the Human Rights Act 1998;</Addition></Text></Para></ListItem><ListItem><Para><Text><Addition ChangeId=""key-REDACTED-CLML-COMMENTARY-HANDLE-1542198886374"" CommentaryRef=""key-REDACTED-CLML-COMMENTARY-HANDLE"">“the development plan”—</Addition></Text></Para><OrderedList Type=""alpha"" Decoration=""parens""><"
WS-01,ukpga/1998/42,,whole-act,text,primary,ukpga/2004/5,http://www.legislation.gov.uk/id/ukpga/2004/5,section-38A,true,http://www.legislation.gov.uk/id/ukpga/1998/42,obligation or any of the Convention rights (within the meaning of the Human Rights Act 1998,"80e5fd1-1634318491522"" CommentaryRef=""key-REDACTED-CLML-COMMENTARY-HANDLE"">  obligation</Substitution></Addition><Addition ChangeId=""key-REDACTED-CLML-COMMENTARY-HANDLE-1474969828852"" CommentaryRef=""key-REDACTED-CLML-COMMENTARY-HANDLE"">  or any of the Convention rights (within the meaning of the Human Rights Act 1998).</Addition></Text></P2para></P2><P2 DocumentURI=""http://www.legislation.gov.uk/ukpga/2004/5/section/38A/7"" IdURI=""http://www.legislation.gov.uk/id/ukpga/2004/5/section/38A/7"" id=""section-38A-7""><Pnumber><Addition ChangeId=""key-REDACTED-CLML-COMMENTARY-HANDLE-1474969828852"" Co"
WS-01,ukpga/1998/42,section-6-1,whole-act,text,primary,ukpga/2005/16,http://www.legislation.gov.uk/id/ukpga/2005/16,section-25,true,http://www.legislation.gov.uk/id/ukpga/1998/42,the act or omission is shown to be in bad faith;bto liability arising out of a failure to exercise due care and attention;cso as to prevent an award of damages in respect of an act or omission on the ground that the act or omission was unlawful by virtue of section 6(1) of the Human Rights Act 1998,P3para><Text>to liability arising out of a failure to exercise due care and attention;</Text></P3para></P3><P3><Pnumber>c</Pnumber><P3para><Text>so as to prevent an award of damages in respect of an act or omission on the ground that the act or omission was unlawful by virtue of section 6(1) of the Human Rights Act 1998.</Text></P3para></P3></P2para></P2><P2><Pnumber>4</Pnumber><P2para><Text>This section does not affect any other exemption from liability (whether at common law or otherwise).</Text></P2para></P2></P1para></P1></P1group></BlockAmendment></P1para></P1></P1group><P1group RestrictS
WS-01,ukpga/1998/42,,whole-act,text,primary,ukpga/2005/4,http://www.legislation.gov.uk/id/ukpga/2005/4,schedule-11-paragraph-4,true,http://www.legislation.gov.uk/id/ukpga/1998/42,"(c. 41)the Judicial Pensions and Retirement Act 1993 (c. 8), section 26 and Schedules 1, 5 and 7the Civil Procedure Act 1997 (c. 12), except paragraph 1 of Schedule 1the Government of Wales Act 1998 (c. 38)the Human Rights Act 1998","3 (c. 8), section 26 and Schedules 1, 5 and 7</Text></Para></ListItem><ListItem><Para><Text>the Civil Procedure Act 1997 (c. 12), except paragraph 1 of Schedule 1</Text></Para></ListItem><ListItem><Para><Text>the Government of Wales Act 1998 (c. 38)</Text></Para></ListItem><ListItem><Para><Text>the Human Rights Act 1998 (c. 42), section 18(4)(a)</Text></Para></ListItem><ListItem><Para><Text>the Greater London Authority Act 1999 (c. 29)</Text></Para></ListItem><ListItem><Para><Text>the Courts Act 2003 (c. 39), except sections 102(1)(a) and 103(8)</Text></Para></ListItem></UnorderedList></P2para"
WS-01,ukpga/1998/42,,whole-act,text,primary,ukpga/2005/4,http://www.legislation.gov.uk/id/ukpga/2005/4,schedule-11-paragraph-6,true,http://www.legislation.gov.uk/id/ukpga/1998/42,1989 (S.I. 1989/1343 (N.I. 14))the Family Law (Northern Ireland) Order 1993 (S.I. 1993/ 1576 (N.I. 6))the Merchant Shipping Act 1995 (c. 21)the Juries (Northern Ireland) Order 1996 (S.I. 1996/1141 (N.I. 6))the Human Rights Act 1998,"hern Ireland) Order 1993 (S.I. 1993/ 1576 (N.I. 6))</Text></Para></ListItem><ListItem><Para><Text>the Merchant Shipping Act 1995 (c. 21)</Text></Para></ListItem><ListItem><Para><Text>the Juries (Northern Ireland) Order 1996 (S.I. 1996/1141 (N.I. 6))</Text></Para></ListItem><ListItem><Para><Text>the Human Rights Act 1998 (c. 42), section 18(4)(c)</Text></Para></ListItem><ListItem><Para><Text>the Health and Personal Social Services Act (Northern Ireland) 2001 (c. 3 (N.I.))</Text></Para></ListItem><ListItem><Para><Text>the Justice (Northern Ireland) Act 2002 (c. 26)</Text></Para></ListItem><ListI"
WS-01,ukpga/1998/42,,whole-act,text,primary,ukpga/2005/4,http://www.legislation.gov.uk/id/ukpga/2005/4,schedule-17-paragraph-39,true,http://www.legislation.gov.uk/id/ukpga/1998/42,1(2)(a);paragraph 29 and the heading before it;paragraphs 32 to 34 and the heading before paragraph 32. Human Rights Act 1998,"eg:Para><leg:Text>paragraph 29 and the heading before it;</leg:Text></leg:Para></leg:ListItem><leg:ListItem NumberOverride=""c""><leg:Para><leg:Text>paragraphs 32 to 34 and the heading before paragraph 32.</leg:Text></leg:Para></leg:ListItem></leg:OrderedList></leg:BlockText></leg:P></td></tr><tr><td>Human Rights Act 1998 (c. 42)</td><td>Section 6(4).</td></tr><tr><td>Scotland Act 1998 (c. 46)</td><td><leg:P xmlns:leg=""http://www.legislation.gov.uk/namespaces/legislation""><leg:BlockText><leg:Para><leg:Text>Section 15(1)(c).</leg:Text></leg:Para></leg:BlockText></leg:P><leg:P xmlns:leg=""http://ww"
WS-01,ukpga/1998/42,,whole-act,text,primary,ukpga/2005/4,http://www.legislation.gov.uk/id/ukpga/2005/4,schedule-4-paragraph-277,true,http://www.legislation.gov.uk/id/ukpga/1998/42,Human Rights Act 1998,"ule/4/part/1/crossheading/human-rights-act-1998-c-42"" IdURI=""http://www.legislation.gov.uk/id/ukpga/2005/4/schedule/4/part/1/crossheading/human-rights-act-1998-c-42"" NumberOfProvisions=""1"" id=""schedule-4-part-1-crossheading-human-rights-act-1998-c-42"" RestrictStartDate=""2006-04-03""><Title><Emphasis>Human Rights Act 1998 (c. 42)</Emphasis></Title><P1 DocumentURI=""http://www.legislation.gov.uk/ukpga/2005/4/schedule/4/paragraph/278"" IdURI=""http://www.legislation.gov.uk/id/ukpga/2005/4/schedule/4/paragraph/278"" RestrictStartDate=""2006-04-03"" id=""schedule-4-paragraph-278""><Pnumber PuncAfter="""">278<"
WS-01,ukpga/1998/42,section-18,whole-act,text,primary,ukpga/2005/4,http://www.legislation.gov.uk/id/ukpga/2005/4,schedule-4-paragraph-278,true,http://www.legislation.gov.uk/id/ukpga/1998/42,"RestrictStartDate=""2006-04-03"">Human Rights Act 1998 (c. 42)278In section 18 of the Human Rights Act 1998","tle><P1 DocumentURI=""http://www.legislation.gov.uk/ukpga/2005/4/schedule/4/paragraph/278"" IdURI=""http://www.legislation.gov.uk/id/ukpga/2005/4/schedule/4/paragraph/278"" RestrictStartDate=""2006-04-03"" id=""schedule-4-paragraph-278""><Pnumber PuncAfter="""">278</Pnumber><P1para><Text>In section 18 of the Human Rights Act 1998 (appointment to ECHR), after subsection (7) insert—</Text><BlockAmendment TargetClass=""primary"" TargetSubClass=""unknown"" Context=""main"" Format=""default""><P2><Pnumber>7A</Pnumber><P2para><Text>The following paragraphs apply to the making of an order under subsection (7) in relat"
WS-01,ukpga/1998/42,,whole-act,text,primary,ukpga/2005/4,http://www.legislation.gov.uk/id/ukpga/2005/4,schedule-7-paragraph-4,true,http://www.legislation.gov.uk/id/ukpga/1998/42,and Disorder Act 1998 (c. 37)Section 51Section 51DSection 81 Human Rights Act 1998,"998 (c. 37)</Emphasis></Text></Para><UnorderedList Decoration=""none""><ListItem><Para><Text>Section 51</Text></Para></ListItem><ListItem><Para><Text>Section 51D</Text></Para></ListItem><ListItem><Para><Text>Section 81</Text></Para></ListItem></UnorderedList></ListItem><ListItem><Para><Text><Emphasis>Human Rights Act 1998 (c. 42)</Emphasis></Text></Para><UnorderedList Decoration=""none""><ListItem><Para><Text>Schedule 4</Text></Para></ListItem></UnorderedList></ListItem><ListItem><Para><Text><Emphasis>Social Security Contributions (Transfer of Functions, Etc.) Act 1999 (c. 2)</Emphasis></Text></Pa"
WS-01,ukpga/1998/42,,whole-act,text,primary,ukpga/2005/4,http://www.legislation.gov.uk/id/ukpga/2005/4,schedule-9-paragraph-65,true,http://www.legislation.gov.uk/id/ukpga/1998/42,for sub-paragraph (6)(e) substitute—ethe Supreme Court. Human Rights Act 1998,"agraph-65-5""><Pnumber>5</Pnumber><P2para><Text>In Schedule 13 (transitional provisions and savings) in paragraph 10 for sub-paragraph (6)(e) substitute—</Text><BlockAmendment TargetClass=""unknown"" TargetSubClass=""unknown"" Context=""schedule"" Format=""default""><P3><Pnumber>e</Pnumber><P3para><Text>the Supreme Court.</Text></P3para></P3></BlockAmendment></P2para></P2></P1para></P1></Pblock><Pblock DocumentURI=""http://www.legislation.gov.uk/ukpga/2005/4/schedule/9/part/1/crossheading/human-rights-act-1998-c-42"" IdURI=""http://www.legislation.gov.uk/id/ukpga/2005/4/schedule/9/part/1/crossheading/huma"
WS-01,ukpga/1998/42,,whole-act,text,primary,ukpga/2005/4,http://www.legislation.gov.uk/id/ukpga/2005/4,schedule-9-paragraph-66,true,http://www.legislation.gov.uk/id/ukpga/1998/42,"RestrictStartDate=""2009-10-01"" id=""schedule-9-paragraph-66"">661 The Human Rights Act 1998","""schedule-9-paragraph-66""><Pnumber PuncAfter="""">66</Pnumber><P1para><P2 DocumentURI=""http://www.legislation.gov.uk/ukpga/2005/4/schedule/9/paragraph/66/1"" IdURI=""http://www.legislation.gov.uk/id/ukpga/2005/4/schedule/9/paragraph/66/1"" id=""schedule-9-paragraph-66-1""><Pnumber>1</Pnumber><P2para><Text>The Human Rights Act 1998 is amended as follows.</Text></P2para></P2><P2 DocumentURI=""http://www.legislation.gov.uk/ukpga/2005/4/schedule/9/paragraph/66/2"" IdURI=""http://www.legislation.gov.uk/id/ukpga/2005/4/schedule/9/paragraph/66/2"" id=""schedule-9-paragraph-66-2""><Pnumber>2</Pnumber><P2para><Text"
WS-01,ukpga/1998/42,,whole-act,text,primary,ukpga/2005/9,http://www.legislation.gov.uk/id/ukpga/2005/9,schedule-6-paragraph-42,true,http://www.legislation.gov.uk/id/ukpga/1998/42,Human Rights Act 1998,"uk/ukpga/2005/9/schedule/6/crossheading/human-rights-act-1998-c-42"" IdURI=""http://www.legislation.gov.uk/id/ukpga/2005/9/schedule/6/crossheading/human-rights-act-1998-c-42"" NumberOfProvisions=""1"" RestrictStartDate=""2007-10-01"" id=""schedule-6-crossheading-human-rights-act-1998-c-42""><Title><Emphasis>Human Rights Act 1998 (c. 42)</Emphasis></Title><P1 DocumentURI=""http://www.legislation.gov.uk/ukpga/2005/9/schedule/6/paragraph/43"" IdURI=""http://www.legislation.gov.uk/id/ukpga/2005/9/schedule/6/paragraph/43"" RestrictStartDate=""2007-10-01"" id=""schedule-6-paragraph-43""><Pnumber PuncAfter="""">43</Pnu"
WS-01,ukpga/1998/42,section-4-5,whole-act,text,primary,ukpga/2005/9,http://www.legislation.gov.uk/id/ukpga/2005/9,schedule-6-paragraph-43,true,http://www.legislation.gov.uk/id/ukpga/1998/42,Rights Act 1998 (c. 42)43In section 4(5) of the Human Rights Act 1998,"Title><P1 DocumentURI=""http://www.legislation.gov.uk/ukpga/2005/9/schedule/6/paragraph/43"" IdURI=""http://www.legislation.gov.uk/id/ukpga/2005/9/schedule/6/paragraph/43"" RestrictStartDate=""2007-10-01"" id=""schedule-6-paragraph-43""><Pnumber PuncAfter="""">43</Pnumber><P1para><Text>In section 4(5) of the Human Rights Act 1998 (c. 42)

			(courts which may make declarations of incompatibility), after paragraph (e) insert—</Text><BlockAmendment TargetClass=""primary"" TargetSubClass=""unknown"" Context=""main"" Format=""default""><P3><Pnumber>f</Pnumber><P3para><Text>the Court of Protection, in any matter bei"
WS-01,ukpga/1998/42,,whole-act,text,primary,ukpga/2005/9,http://www.legislation.gov.uk/id/ukpga/2005/9,section-64,true,http://www.legislation.gov.uk/id/ukpga/1998/42,"CommentaryRef=""key-REDACTED-CLML-COMMENTARY-HANDLE"">” has the same meaning as in the Data Protection Act 2018 (see section 205 of that Act); “the Human Rights Convention” has the same meaning as “the Convention” in the Human Rights Act 1998","ing as in the Data Protection Act 2018 (see section 205 of that Act);</Substitution> </Text></Para></ListItem><ListItem><Para><Text>“<Term id=""term-the-human-rights-convention"">the Human Rights Convention</Term>” has the same meaning as  “<Term id=""term-the-convention"">the Convention</Term>” in the Human Rights Act 1998 (c. 42),</Text></Para></ListItem><ListItem><Para><Text>“<Term id=""term-independent-mental-capacity-advocate"">independent mental capacity advocate</Term>” has the meaning given in section 35(1),</Text></Para></ListItem><ListItem><Para><Text>“<Term id=""term-lasting-power-of-attor"
WS-01,ukpga/1998/42,,whole-act,text,primary,ukpga/2005/9,http://www.legislation.gov.uk/id/ukpga/2005/9,section-64,true,http://www.legislation.gov.uk/id/ukpga/1998/42,"in relation to regulations made under this Act, means prescribed by those regulations,“property” includes any thing in action and any interest in real or personal property,“public authority” has the same meaning as in the Human Rights Act 1998","Text></Para></ListItem><ListItem><Para><Text>“<Term id=""term-property"">property</Term>” includes any thing in action and any interest in real or personal property,</Text></Para></ListItem><ListItem><Para><Text>“<Term id=""term-public-authority"">public authority</Term>” has the same meaning as in the Human Rights Act 1998,</Text></Para></ListItem><ListItem><Para><Text>“<Term id=""term-public-guardian"">Public Guardian</Term>” has the meaning given in section 57,</Text></Para></ListItem><ListItem><Para><Text>“<Term id=""term-purchaser"">purchaser</Term>” and  “<Term id=""term-purchase"">purchase</Term>"
WS-01,ukpga/1998/42,,whole-act,text,primary,ukpga/2006/11,http://www.legislation.gov.uk/id/ukpga/2006/11,section-22,true,http://www.legislation.gov.uk/id/ukpga/1998/42,"(7)(a), after “(1)(b)” insert “ or (1A)(b) ”.9In section 9 (proceedings under the Human Rights Act 1998","              ”</InlineAmendment>.</Text></P3para></P3></P2para></P2><P2 DocumentURI=""http://www.legislation.gov.uk/ukpga/2006/11/section/22/9"" IdURI=""http://www.legislation.gov.uk/id/ukpga/2006/11/section/22/9"" id=""section-22-9""><Pnumber>9</Pnumber><P2para><Text>In section 9 (proceedings under the Human Rights Act 1998)—</Text><P3 DocumentURI=""http://www.legislation.gov.uk/ukpga/2006/11/section/22/9/a"" IdURI=""http://www.legislation.gov.uk/id/ukpga/2006/11/section/22/9/a"" id=""section-22-9-a""><Pnumber>a</Pnumber><P3para><Text>in subsection (2)(a), for  “and (5)” substitute <InlineAmendment>“
  "
WS-01,ukpga/1998/42,section-6,whole-act,text,primary,ukpga/2006/13,http://www.legislation.gov.uk/id/ukpga/2006/13,section-12,true,http://www.legislation.gov.uk/id/ukpga/1998/42,rights claim—ameans a claim made by a person that to remove him from or require him to leave the United Kingdomor to refuse him entry into the United Kingdom would be unlawful under section 6 of the Human Rights Act 1998," a person that to remove him from or require him to leave the United Kingdom<Addition ChangeId=""key-REDACTED-CLML-COMMENTARY-HANDLE-1454283349077"" CommentaryRef=""key-REDACTED-CLML-COMMENTARY-HANDLE"">or to refuse him entry into the United Kingdom</Addition> would be unlawful under section 6 of the Human Rights Act 1998 (c. 42)
										(public authority not to act contrary to Convention) <CommentaryRef Ref=""key-REDACTED-CLML-COMMENTARY-HANDLE""/>..., but</Text></P4para></P4><P4><Pnumber>b</Pnumber><P4para><Text>does not include a claim which, having regard to a former claim, falls to be disr"
WS-01,ukpga/1998/42,,whole-act,text,primary,ukpga/2006/13,http://www.legislation.gov.uk/id/ukpga/2006/13,section-32,true,http://www.legislation.gov.uk/id/ukpga/1998/42,order specifying a kind of information under subsection (5)(a) only if satisfied that the nature of the information is such that there are likely to be circumstances in which it can be required under subsection (2) without breaching Convention rights (within the meaning of the Human Rights Act 1998," of State may make an order specifying a kind of information under subsection (5)(a) only if satisfied that the nature of the information is such that there are likely to be circumstances in which it can be required under subsection (2) without breaching Convention rights (within the meaning of the Human Rights Act 1998 (c. 42)).</Text></P2para></P2><P2 DocumentURI=""http://www.legislation.gov.uk/ukpga/2006/13/section/32/8"" IdURI=""http://www.legislation.gov.uk/id/ukpga/2006/13/section/32/8"" id=""section-32-8""><Pnumber>8</Pnumber><P2para><Text>An order under subsection (5)(a)—</Text><P3 DocumentU"
WS-01,ukpga/1998/42,,whole-act,text,primary,ukpga/2006/13,http://www.legislation.gov.uk/id/ukpga/2006/13,section-33,true,http://www.legislation.gov.uk/id/ukpga/1998/42,order specifying a kind of information under subsection (5)(a) only if satisfied that the nature of the information is such that there are likely to be circumstances in which it can be required under subsection (2) without breaching Convention rights (within the meaning of the Human Rights Act 1998," of State may make an order specifying a kind of information under subsection (5)(a) only if satisfied that the nature of the information is such that there are likely to be circumstances in which it can be required under subsection (2) without breaching Convention rights (within the meaning of the Human Rights Act 1998 (c. 42)).</Text></P2para></P2><P2 DocumentURI=""http://www.legislation.gov.uk/ukpga/2006/13/section/33/8"" IdURI=""http://www.legislation.gov.uk/id/ukpga/2006/13/section/33/8"" id=""section-33-8""><Pnumber>8</Pnumber><P2para><Text>An order under subsection (5)(a)—</Text><P3 DocumentU"
WS-01,ukpga/1998/42,,whole-act,text,primary,ukpga/2006/13,http://www.legislation.gov.uk/id/ukpga/2006/13,section-36,true,http://www.legislation.gov.uk/id/ukpga/1998/42,nature of the information is such that there are likely to be circumstances in which it can be shared under subsection (2) without breaching Convention rights (within the meaning of the Human Rights Act 1998,"www.legislation.gov.uk/id/ukpga/2006/13/section/36/5/b"" id=""section-36-5-b""><Pnumber>b</Pnumber><P3para><Text>the nature of the information is such that there are likely to be circumstances in which it can be shared under subsection (2) without breaching Convention rights (within the meaning of the Human Rights Act 1998 (c. 42)).</Text></P3para></P3></P2para></P2><P2 DocumentURI=""http://www.legislation.gov.uk/ukpga/2006/13/section/36/6"" IdURI=""http://www.legislation.gov.uk/id/ukpga/2006/13/section/36/6"" id=""section-36-6""><Pnumber>6</Pnumber><P2para><Text>Information shared in accordance with s"
WS-01,ukpga/1998/42,section-6,whole-act,text,primary,ukpga/2006/19,http://www.legislation.gov.uk/id/ukpga/2006/19,section-26,true,http://www.legislation.gov.uk/id/ukpga/1998/42,"(2), andthe capacity of which to generate electricity or (as the case may be) to produce heat does not exceed the capacity mentioned in subsection (3);“public authority” has the same meaning as in section 6 of the Human Rights Act 1998","ich to generate electricity or (as the case may be) to produce heat does not exceed the capacity mentioned in subsection (3);</Text></Para></ListItem></OrderedList></ListItem><ListItem><Para><Text>“<Term id=""term-public-authority"">public authority</Term>” has the same meaning as in section 6 of the Human Rights Act 1998 (c. 42).</Text></Para></ListItem></UnorderedList></P2para></P2><P2 DocumentURI=""http://www.legislation.gov.uk/ukpga/2006/19/section/26/2"" IdURI=""http://www.legislation.gov.uk/id/ukpga/2006/19/section/26/2"" id=""section-26-2""><Pnumber>2</Pnumber><P2para><Text>Those sources of ene"
WS-01,ukpga/1998/42,,whole-act,text,primary,ukpga/2006/3,http://www.legislation.gov.uk/id/ukpga/2006/3,section-11,true,http://www.legislation.gov.uk/id/ukpga/1998/42,reference to the equality and human rights enactments is a reference to the Human Rights Act 1998,"CommentaryRef=""key-REDACTED-CLML-COMMENTARY-HANDLE"">c</Substitution></Pnumber><P3para><Text><Substitution ChangeId=""key-REDACTED-CLML-COMMENTARY-HANDLE-1434459830777"" CommentaryRef=""key-REDACTED-CLML-COMMENTARY-HANDLE"">a reference to the equality and human rights enactments is a reference to the Human Rights Act 1998, this Act and the Equality Act 2010.</Substitution></Text></P3para></P3></P2para></P2></P1para></P1></P1group><P1group RestrictExtent=""E+W+S"" RestrictStartDate=""2013-06-25""><Title>Monitoring progress</Title><P1 DocumentURI=""http://www.legislation.gov.uk/ukpga/2006/3/section/12"""
WS-01,ukpga/1998/42,section-1,whole-act,text,primary,ukpga/2006/3,http://www.legislation.gov.uk/id/ukpga/2006/3,section-28,true,http://www.legislation.gov.uk/id/ukpga/1998/42,"Act, andcrelate (wholly or partly) to any of the Convention rights within the meaning given by section 1 of the Human Rights Act 1998","3 DocumentURI=""http://www.legislation.gov.uk/ukpga/2006/3/section/28/7/c"" IdURI=""http://www.legislation.gov.uk/id/ukpga/2006/3/section/28/7/c"" id=""section-28-7-c""><Pnumber>c</Pnumber><P3para><Text>relate (wholly or partly) to any of the Convention rights within the meaning given by section 1 of the Human Rights Act 1998 (c. 42).</Text></P3para></P3></P2para></P2><P2 DocumentURI=""http://www.legislation.gov.uk/ukpga/2006/3/section/28/8"" IdURI=""http://www.legislation.gov.uk/id/ukpga/2006/3/section/28/8"" id=""section-28-8""><Pnumber>8</Pnumber><P2para><Text>The  <Substitution ChangeId=""key-022b0bb38"
WS-01,ukpga/1998/42,section-7,whole-act,text,primary,ukpga/2006/3,http://www.legislation.gov.uk/id/ukpga/2006/3,section-30,true,http://www.legislation.gov.uk/id/ukpga/1998/42,"IdURI=""http://www.legislation.gov.uk/id/ukpga/2006/3/section/30/3/d"" id=""section-30-3-d"">dno award of damages may be made to the Commission (whether or not the exception in section 8(3) of that Act applies);and an expression used in this subsection and in section 7 of the Human Rights Act 1998",".uk/id/ukpga/2006/3/section/30/3/d"" id=""section-30-3-d""><Pnumber>d</Pnumber><P3para><Text>no award of damages may be made to the Commission (whether or not the exception in section 8(3) of that Act applies);</Text></P3para></P3><Text>and an expression used in this subsection and in section 7 of the Human Rights Act 1998 has the same meaning in this subsection as in that section.</Text></P2para></P2><P2 DocumentURI=""http://www.legislation.gov.uk/ukpga/2006/3/section/30/4"" IdURI=""http://www.legislation.gov.uk/id/ukpga/2006/3/section/30/4"" id=""section-30-4""><Pnumber>4</Pnumber><P2para><Text>Subse"
WS-01,ukpga/1998/42,section-7-1,whole-act,text,primary,ukpga/2006/3,http://www.legislation.gov.uk/id/ukpga/2006/3,section-30,true,http://www.legislation.gov.uk/id/ukpga/1998/42,"intervene, by virtue of subsection (1).3The Commission may, in the course of legal proceedings for judicial review which it institutes (or in which it intervenes), rely on section 7(1) (b) of the Human Rights Act 1998","on.gov.uk/ukpga/2006/3/section/30/3"" IdURI=""http://www.legislation.gov.uk/id/ukpga/2006/3/section/30/3"" id=""section-30-3""><Pnumber>3</Pnumber><P2para><Text>The Commission may, in the course of legal proceedings for judicial review which it institutes (or in which it intervenes), rely on section 7(1)(b) of the Human Rights Act 1998 (c. 42) (breach of Convention rights); and for that purpose—</Text><P3 DocumentURI=""http://www.legislation.gov.uk/ukpga/2006/3/section/30/3/a"" IdURI=""http://www.legislation.gov.uk/id/ukpga/2006/3/section/30/3/a"" id=""section-30-3-a""><Pnumber>a</Pnumber><P3para><Text>t"
WS-01,ukpga/1998/42,,whole-act,text,primary,ukpga/2006/3,http://www.legislation.gov.uk/id/ukpga/2006/3,section-7,true,http://www.legislation.gov.uk/id/ukpga/1998/42,"id=""section-7-2-b"">bunder, by virtue of or in pursuance of—isection 11(1) in so far as it relates to the Human Rights Act 1998","><Text>under, by virtue of or in pursuance of—</Text><P4 DocumentURI=""http://www.legislation.gov.uk/ukpga/2006/3/section/7/2/b/i"" IdURI=""http://www.legislation.gov.uk/id/ukpga/2006/3/section/7/2/b/i"" id=""section-7-2-b-i""><Pnumber>i</Pnumber><P4para><Text>section 11(1) in so far as it relates to the Human Rights Act 1998 (c. 42),</Text></P4para></P4><P4 DocumentURI=""http://www.legislation.gov.uk/ukpga/2006/3/section/7/2/b/ii"" IdURI=""http://www.legislation.gov.uk/id/ukpga/2006/3/section/7/2/b/ii"" id=""section-7-2-b-ii""><Pnumber>ii</Pnumber><P4para><Text>section 11(2)(c) or (d),</Text></P4para></P"
WS-01,ukpga/1998/42,section-6,whole-act,text,primary,ukpga/2006/3,http://www.legislation.gov.uk/id/ukpga/2006/3,section-9,true,http://www.legislation.gov.uk/id/ukpga/1998/42,"awareness, understanding and protection of human rights, anddencourage public authorities to comply with section 6 of the Human Rights Act 1998","n of human rights, and</Text></P3para></P3><P3 DocumentURI=""http://www.legislation.gov.uk/ukpga/2006/3/section/9/1/d"" IdURI=""http://www.legislation.gov.uk/id/ukpga/2006/3/section/9/1/d"" id=""section-9-1-d""><Pnumber>d</Pnumber><P3para><Text>encourage public authorities to comply with section 6 of the Human Rights Act 1998 (c. 42) (compliance with Convention rights).</Text></P3para></P3></P2para></P2><P2 DocumentURI=""http://www.legislation.gov.uk/ukpga/2006/3/section/9/2"" IdURI=""http://www.legislation.gov.uk/id/ukpga/2006/3/section/9/2"" id=""section-9-2""><Pnumber>2</Pnumber><P2para><Text>In this P"
WS-01,ukpga/1998/42,section-1,whole-act,text,primary,ukpga/2006/3,http://www.legislation.gov.uk/id/ukpga/2006/3,section-9,true,http://www.legislation.gov.uk/id/ukpga/1998/42,"id=""section-9-2"">2In this Part “human rights” means—athe Convention rights within the meaning given by section 1 of the Human Rights Act 1998","s"">human rights</Term>” means—</Text><P3 DocumentURI=""http://www.legislation.gov.uk/ukpga/2006/3/section/9/2/a"" IdURI=""http://www.legislation.gov.uk/id/ukpga/2006/3/section/9/2/a"" id=""section-9-2-a""><Pnumber>a</Pnumber><P3para><Text>the Convention rights within the meaning given by section 1 of the Human Rights Act 1998, and</Text></P3para></P3><P3 DocumentURI=""http://www.legislation.gov.uk/ukpga/2006/3/section/9/2/b"" IdURI=""http://www.legislation.gov.uk/id/ukpga/2006/3/section/9/2/b"" id=""section-9-2-b""><Pnumber>b</Pnumber><P3para><Text>other human rights.</Text></P3para></P3></P2para></P2><P2"
WS-01,ukpga/1998/42,,whole-act,text,primary,ukpga/2006/32,http://www.legislation.gov.uk/id/ukpga/2006/32,schedule-10-paragraph-55,true,http://www.legislation.gov.uk/id/ukpga/1998/42,. . . . . . . . Human Rights Act 1998,"pga/2006/32/schedule/10/crossheading/human-rights-act-1998-c-42"" IdURI=""http://www.legislation.gov.uk/id/ukpga/2006/32/schedule/10/crossheading/human-rights-act-1998-c-42"" NumberOfProvisions=""1"" id=""schedule-10-crossheading-human-rights-act-1998-c-42"" RestrictStartDate=""2015-02-17""><Title><Emphasis>Human Rights Act 1998 (c. 42)</Emphasis></Title><P1 DocumentURI=""http://www.legislation.gov.uk/ukpga/2006/32/schedule/10/paragraph/56"" IdURI=""http://www.legislation.gov.uk/id/ukpga/2006/32/schedule/10/paragraph/56"" RestrictStartDate=""2015-02-17"" id=""schedule-10-paragraph-56"" RestrictExtent=""E+W+S+N."
WS-01,ukpga/1998/42,,whole-act,text,primary,ukpga/2006/32,http://www.legislation.gov.uk/id/ukpga/2006/32,schedule-10-paragraph-56,true,http://www.legislation.gov.uk/id/ukpga/1998/42,"id=""schedule-10-paragraph-56"" RestrictExtent=""E+W+S+N.I."">561Section 21(1) of the Human Rights Act 1998","yRef Ref=""c16544241""/>56</Pnumber><P1para><P2 DocumentURI=""http://www.legislation.gov.uk/ukpga/2006/32/schedule/10/paragraph/56/1"" IdURI=""http://www.legislation.gov.uk/id/ukpga/2006/32/schedule/10/paragraph/56/1"" id=""schedule-10-paragraph-56-1""><Pnumber>1</Pnumber><P2para><Text>Section 21(1) of the Human Rights Act 1998 (interpretation) is amended as follows.</Text></P2para></P2><P2 DocumentURI=""http://www.legislation.gov.uk/ukpga/2006/32/schedule/10/paragraph/56/2"" IdURI=""http://www.legislation.gov.uk/id/ukpga/2006/32/schedule/10/paragraph/56/2"" id=""schedule-10-paragraph-56-2""><Pnumber>2</Pnu"
WS-01,ukpga/1998/42,,whole-act,text,primary,ukpga/2006/32,http://www.legislation.gov.uk/id/ukpga/2006/32,schedule-3A-paragraph-1,true,http://www.legislation.gov.uk/id/ukpga/1998/42,"CommentaryRef=""key-REDACTED-CLML-COMMENTARY-HANDLE"">Functions of the Secretary of State under section 185 (persons from abroad: eligibility for housing assistance). Human Rights Act 1998","f2a59afd"">Functions of the Secretary of State under section 185 (persons from abroad: eligibility for housing assistance).</Addition></xhtml:td></xhtml:tr><xhtml:tr><xhtml:td><Addition ChangeId=""key-REDACTED-CLML-COMMENTARY-HANDLE-1520953264077"" CommentaryRef=""key-REDACTED-CLML-COMMENTARY-HANDLE"">Human Rights Act 1998</Addition></xhtml:td><xhtml:td><P><BlockText><Para><Text><Addition ChangeId=""key-REDACTED-CLML-COMMENTARY-HANDLE-1520953264077"" CommentaryRef=""key-REDACTED-CLML-COMMENTARY-HANDLE"">Functions of a Minister of the Crown under section 5(2) (joinder of Minister </Addition><Additio"
WS-01,ukpga/1998/42,section-4,whole-act,text,primary,ukpga/2006/32,http://www.legislation.gov.uk/id/ukpga/2006/32,schedule-3A-paragraph-1,true,http://www.legislation.gov.uk/id/ukpga/1998/42,"CommentaryRef=""key-REDACTED-CLML-COMMENTARY-HANDLE"">etc as a party to proceedings) in respect of any proceedings in which a court is considering whether to make a declaration of incompatibility within the meaning of section 4 of the Human Rights Act 1998","dition ChangeId=""key-REDACTED-CLML-COMMENTARY-HANDLE-1520953264077"" CommentaryRef=""key-REDACTED-CLML-COMMENTARY-HANDLE""> as a party to proceedings) in respect of any proceedings in which a court is considering whether to make a declaration of incompatibility within the meaning of section 4 of the Human Rights Act 1998 in respect of—</Addition></Text></Para><OrderedList Type=""alpha"" Decoration=""parens""><ListItem NumberOverride=""a""><Para><Text><Addition ChangeId=""key-REDACTED-CLML-COMMENTARY-HANDLE-1520953264077"" CommentaryRef=""key-REDACTED-CLML-COMMENTARY-HANDLE"">subordinate legislation mad"
WS-01,ukpga/1998/42,section-6,whole-act,text,primary,ukpga/2006/32,http://www.legislation.gov.uk/id/ukpga/2006/32,schedule-4-paragraph-4,true,http://www.legislation.gov.uk/id/ukpga/1998/42,"CommentaryRef=""c21075241"">public authorities” means each public authority within the meaning of section 6 of the Human Rights Act 1998",""">public authorities</Addition></Addition></Addition></Term><Addition ChangeId=""d29p15022"" CommentaryRef=""c21075221""><Addition ChangeId=""d29p15048"" CommentaryRef=""c21075241""><Addition ChangeId=""d29p17123"" CommentaryRef=""c20320791"">” means each public authority within the meaning of section 6 of the Human Rights Act 1998, apart from courts or tribunals;</Addition></Addition></Addition></Text></Para></ListItem><ListItem><Para><Text><Addition ChangeId=""d29p15022"" CommentaryRef=""c21075221""><Addition ChangeId=""d29p15048"" CommentaryRef=""c21075241""><Addition ChangeId=""d29p17123"" CommentaryRef=""c20320"
WS-01,ukpga/1998/42,section-6,whole-act,text,primary,ukpga/2006/32,http://www.legislation.gov.uk/id/ukpga/2006/32,schedule-4-paragraph-4,true,http://www.legislation.gov.uk/id/ukpga/1998/42,"CommentaryRef=""c21075241"">public authority” means each public authority within the meaning of section 6 of the Human Rights Act 1998","61"">public authority</Addition></Addition></Addition></Term><Addition ChangeId=""d29p15022"" CommentaryRef=""c21075221""><Addition ChangeId=""d29p15048"" CommentaryRef=""c21075241""><Addition ChangeId=""d29p17792"" CommentaryRef=""c20926961"">” means each public authority within the meaning of section 6 of the Human Rights Act 1998; “</Addition></Addition></Addition><Term id=""term-public-money""><Addition ChangeId=""d29p15022"" CommentaryRef=""c21075221""><Addition ChangeId=""d29p15048"" CommentaryRef=""c21075241""><Addition ChangeId=""d29p17792"" CommentaryRef=""c20926961"">public money</Addition></Addition></Additio"
WS-01,ukpga/1998/42,,whole-act,text,primary,ukpga/2006/32,http://www.legislation.gov.uk/id/ukpga/2006/32,schedule-5-paragraph-3,true,http://www.legislation.gov.uk/id/ukpga/1998/42,"Communities Act 1972 (c. 68)The whole ActData Protection Act 1998 (c. 29)The whole ActGovernment of Wales Act 1998 (c. 38)Sections 144(7), 145, 145A and 146A(1) Human Rights Act 1998","The whole Act</xhtml:td></xhtml:tr><xhtml:tr><xhtml:td>Data Protection Act 1998 (c. 29)</xhtml:td><xhtml:td>The whole Act</xhtml:td></xhtml:tr><xhtml:tr><xhtml:td>Government of Wales Act 1998 (c. 38)</xhtml:td><xhtml:td>Sections 144(7), 145, 145A and 146A(1)</xhtml:td></xhtml:tr><xhtml:tr><xhtml:td>Human Rights Act 1998 (c. 42)</xhtml:td><xhtml:td>The whole Act</xhtml:td></xhtml:tr><xhtml:tr><xhtml:td>Civil Contingencies Act 2004 (c. 36)</xhtml:td><xhtml:td>The whole Act</xhtml:td></xhtml:tr><xhtml:tr><xhtml:td>Re-Use of Public Sector Information Regulations 2005 (S.I. 2005/1505)</xhtml:td><xh"
WS-01,ukpga/1998/42,,whole-act,text,primary,ukpga/2006/32,http://www.legislation.gov.uk/id/ukpga/2006/32,schedule-7B-paragraph-5,true,http://www.legislation.gov.uk/id/ukpga/1998/42,of Wales Act 1998Section 144(7). Human Rights Act 1998,"=""key-REDACTED-CLML-COMMENTARY-HANDLE-1528368093528"" CommentaryRef=""key-REDACTED-CLML-COMMENTARY-HANDLE"">Section 144(7).</Addition></xhtml:td></xhtml:tr><xhtml:tr><xhtml:td><Addition ChangeId=""key-REDACTED-CLML-COMMENTARY-HANDLE-1528368093528"" CommentaryRef=""key-REDACTED-CLML-COMMENTARY-HANDLE"">Human Rights Act 1998</Addition></xhtml:td><xhtml:td><Addition ChangeId=""key-REDACTED-CLML-COMMENTARY-HANDLE-1528368093528"" CommentaryRef=""key-REDACTED-CLML-COMMENTARY-HANDLE"">The whole Act.</Addition></xhtml:td></xhtml:tr><xhtml:tr><xhtml:td><Addition ChangeId=""key-98f420133139b36acfae8a377ed1b38"
WS-01,ukpga/1998/42,,whole-act,text,primary,ukpga/2006/32,http://www.legislation.gov.uk/id/ukpga/2006/32,section-158,true,http://www.legislation.gov.uk/id/ukpga/1998/42,this Act (except where the context otherwise requires)—...“the Convention rights” has the same meaning as in the Human Rights Act 1998,"requires)—</Text><UnorderedList Decoration=""none"" Class=""Definition""><ListItem><Para><Text><CommentaryRef Ref=""key-REDACTED-CLML-COMMENTARY-HANDLE""/>...</Text></Para></ListItem><ListItem><Para><Text>“<Term id=""term-the-convention-rights"">the Convention rights</Term>” has the same meaning as in the Human Rights Act 1998 (c. 42),</Text></Para></ListItem><ListItem><Para><Text>“<Term id=""term-cross-border-body"">cross-border body</Term>” means any body (including a government department) or undertaker exercising functions, or carrying on activities, in or with respect to Wales (or any part of Wale"
WS-01,ukpga/1998/42,section-6,whole-act,text,primary,ukpga/2006/32,http://www.legislation.gov.uk/id/ukpga/2006/32,section-81,true,http://www.legislation.gov.uk/id/ukpga/1998/42,"id=""section-81-4"">4Subsection (1)—adoes not apply to an act which, by virtue of subsection (2) of section 6 of the Human Rights Act 1998","section (1)—</Text><P3 DocumentURI=""http://www.legislation.gov.uk/ukpga/2006/32/section/81/4/a"" IdURI=""http://www.legislation.gov.uk/id/ukpga/2006/32/section/81/4/a"" id=""section-81-4-a""><Pnumber>a</Pnumber><P3para><Text>does not apply to an act which, by virtue of subsection (2) of section 6 of the Human Rights Act 1998 (c. 42), is not unlawful under subsection (1) of that section, and</Text></P3para></P3><P3 DocumentURI=""http://www.legislation.gov.uk/ukpga/2006/32/section/81/4/b"" IdURI=""http://www.legislation.gov.uk/id/ukpga/2006/32/section/81/4/b"" id=""section-81-4-b""><Pnumber>b</Pnumber><P3p"
WS-01,ukpga/1998/42,,whole-act,text,primary,ukpga/2006/32,http://www.legislation.gov.uk/id/ukpga/2006/32,section-81,true,http://www.legislation.gov.uk/id/ukpga/1998/42,the First Minister and the Counsel General as to the Welsh Ministers.6In subsection (2) “the Convention” has the same meaning as in the Human Rights Act 1998,"cumentURI=""http://www.legislation.gov.uk/ukpga/2006/32/section/81/6"" IdURI=""http://www.legislation.gov.uk/id/ukpga/2006/32/section/81/6"" id=""section-81-6""><Pnumber>6</Pnumber><P2para><Text>In subsection (2)

					 “<Term id=""term-the-convention"">the Convention</Term>” has the same meaning as in the Human Rights Act 1998.</Text></P2para></P2></P1para></P1></P1group><P1group ConfersPower=""true"" RestrictExtent=""E+W+S+N.I."" RestrictStartDate=""2020-05-06""><Title><CommentaryRef Ref=""c16527181""/>International obligations etc.</Title><P1 DocumentURI=""http://www.legislation.gov.uk/ukpga/2006/32/section"
WS-01,ukpga/1998/42,section-6-1,whole-act,text,primary,ukpga/2006/46,http://www.legislation.gov.uk/id/ukpga/2006/46,section-1218,true,http://www.legislation.gov.uk/id/ukpga/1998/42,"to have been in bad faith, orbso as to prevent an award of damages in respect of the act or omission on the ground that it was unlawful as a result of section 6(1) of the Human Rights Act 1998","kpga/2006/46/section/1218/5/b"" IdURI=""http://www.legislation.gov.uk/id/ukpga/2006/46/section/1218/5/b"" id=""section-1218-5-b""><Pnumber>b</Pnumber><P3para><Text>so as to prevent an award of damages in respect of the act or omission on the ground that it was unlawful as a result of section 6(1) of the Human Rights Act 1998 (c. 42) (acts of public authorities incompatible with Convention rights).</Text></P3para></P3></P2para></P2></P1para></P1></P1group></Pblock><Pblock DocumentURI=""http://www.legislation.gov.uk/ukpga/2006/46/part/42/chapter/2/crossheading/professional-qualifications"" IdURI=""http:"
WS-01,ukpga/1998/42,section-6-1,whole-act,text,primary,ukpga/2006/46,http://www.legislation.gov.uk/id/ukpga/2006/46,section-961,true,http://www.legislation.gov.uk/id/ukpga/1998/42,"to have been in bad faith, orbso as to prevent an award of damages in respect of the act or omission on the ground that it was unlawful as a result of section 6(1) of the Human Rights Act 1998","k/ukpga/2006/46/section/961/3/b"" IdURI=""http://www.legislation.gov.uk/id/ukpga/2006/46/section/961/3/b"" id=""section-961-3-b""><Pnumber>b</Pnumber><P3para><Text>so as to prevent an award of damages in respect of the act or omission on the ground that it was unlawful as a result of section 6(1) of the Human Rights Act 1998 (c. 42) (acts of public authorities incompatible with Convention rights).</Text></P3para></P3></P2para></P2></P1para></P1></P1group><P1group RestrictStartDate=""2007-04-06""><Title>Privilege against self-incrimination</Title><P1 DocumentURI=""http://www.legislation.gov.uk/ukpga/20"
WS-01,ukpga/1998/42,section-8,whole-act,text,primary,ukpga/2006/47,http://www.legislation.gov.uk/id/ukpga/2006/47,section-57,true,http://www.legislation.gov.uk/id/ukpga/1998/42,"person to be the originator of the information knowing, at the time the information is originated, that it is untrue.3Nothing in this Act affects section 8 of the Human Rights Act 1998","nated, that it is untrue.</Text></P3para></P3></P2para></P2><P2 DocumentURI=""http://www.legislation.gov.uk/ukpga/2006/47/section/57/3"" IdURI=""http://www.legislation.gov.uk/id/ukpga/2006/47/section/57/3"" id=""section-57-3""><Pnumber>3</Pnumber><P2para><Text>Nothing in this Act affects section 8 of the Human Rights Act 1998 (c. 42) as it relates to the power of a court to award damages in respect of an unlawful act of a public authority (within the meaning of that Act).</Text></P2para></P2></P1para></P1></P1group><P1group RestrictExtent=""E+W"" ConfersPower=""true"" RestrictStartDate=""2009-10-12""><Tit"
WS-01,ukpga/1998/42,section-21-1,whole-act,text,primary,ukpga/2006/48,http://www.legislation.gov.uk/id/ukpga/2006/48,schedule-13-paragraph-17,true,http://www.legislation.gov.uk/id/ukpga/1998/42,subsection (2)—“Refugee Convention” has the meaning given by section 167(1) of the Immigration and Asylum Act 1999;“Human Rights Convention” has the meaning given to “the Convention” by section 21(1) of the Human Rights Act 1998,"Definition""><ListItem><Para><Text>“<Term>Refugee Convention</Term>” has the meaning given by section 167(1) of the Immigration and Asylum Act 1999;</Text></Para></ListItem><ListItem><Para><Text>“<Term>Human Rights Convention</Term>” has the meaning given to  “the Convention” by section 21(1) of the Human Rights Act 1998.</Text></Para></ListItem></UnorderedList></P2para></P2></BlockAmendment></P2para></P2><P2 DocumentURI=""http://www.legislation.gov.uk/ukpga/2006/48/schedule/13/paragraph/17/4"" IdURI=""http://www.legislation.gov.uk/id/ukpga/2006/48/schedule/13/paragraph/17/4"" id=""schedule-13-parag"
WS-01,ukpga/1998/42,,whole-act,text,primary,ukpga/2006/48,http://www.legislation.gov.uk/id/ukpga/2006/48,schedule-2-paragraph-8,true,http://www.legislation.gov.uk/id/ukpga/1998/42,"prejudice to the generality of subsection (1), an order under this section may contain provision requiring a police authority—ato monitor the performance of the police force maintained for its area in—icomplying with any duty imposed on the force by or under this Act, the Human Rights Act 1998","der under this section may contain provision requiring a police authority—</Text><P3><Pnumber>a</Pnumber><P3para><Text>to monitor the performance of the police force maintained for its area in—</Text><P4><Pnumber>i</Pnumber><P4para><Text>complying with any duty imposed on the force by or under this Act, the Human Rights Act 1998 or any other enactment;</Text></P4para></P4><P4><Pnumber>ii</Pnumber><P4para><Text>carrying out any plan issued by virtue of section 6ZB;</Text></P4para></P4></P3para></P3><P3><Pnumber>b</Pnumber><P3para><Text>to secure that arrangements are made for that force to co-o"
WS-01,ukpga/1998/42,,whole-act,text,primary,ukpga/2006/51,http://www.legislation.gov.uk/id/ukpga/2006/51,section-8,true,http://www.legislation.gov.uk/id/ukpga/1998/42,"IdURI=""http://www.legislation.gov.uk/id/ukpga/2006/51/section/8/a"" id=""section-8-a"">athis Part; orbthe Human Rights Act 1998","06/51/section/8/a"" id=""section-8-a""><Pnumber>a</Pnumber><P3para><Text>this Part; or</Text></P3para></P3><P3 DocumentURI=""http://www.legislation.gov.uk/ukpga/2006/51/section/8/b"" IdURI=""http://www.legislation.gov.uk/id/ukpga/2006/51/section/8/b"" id=""section-8-b""><Pnumber>b</Pnumber><P3para><Text>the Human Rights Act 1998 (c. 42).</Text></P3para></P3></P1para></P1></P1group><P1group RestrictStartDate=""2007-01-08""><Title>Scotland</Title><P1 DocumentURI=""http://www.legislation.gov.uk/ukpga/2006/51/section/9"" IdURI=""http://www.legislation.gov.uk/id/ukpga/2006/51/section/9"" id=""section-9""><Pnumber P"
WS-01,ukpga/1998/42,,whole-act,text,primary,ukpga/2006/52,http://www.legislation.gov.uk/id/ukpga/2006/52,schedule-16-paragraph-155,true,http://www.legislation.gov.uk/id/ukpga/1998/42,Human Rights Act 1998,"pga/2006/52/schedule/16/crossheading/human-rights-act-1998-c-42"" IdURI=""http://www.legislation.gov.uk/id/ukpga/2006/52/schedule/16/crossheading/human-rights-act-1998-c-42"" NumberOfProvisions=""2"" id=""schedule-16-crossheading-human-rights-act-1998-c-42"" RestrictStartDate=""2009-10-31""><Title><Emphasis>Human Rights Act 1998 (c. 42)</Emphasis></Title><P1 DocumentURI=""http://www.legislation.gov.uk/ukpga/2006/52/schedule/16/paragraph/156"" IdURI=""http://www.legislation.gov.uk/id/ukpga/2006/52/schedule/16/paragraph/156"" id=""schedule-16-paragraph-156"" RestrictStartDate=""2009-10-31""><Pnumber PuncAfter="""""
WS-01,ukpga/1998/42,section-4-5,whole-act,text,primary,ukpga/2006/52,http://www.legislation.gov.uk/id/ukpga/2006/52,schedule-16-paragraph-156,true,http://www.legislation.gov.uk/id/ukpga/1998/42,"IdURI=""http://www.legislation.gov.uk/id/ukpga/2006/52/schedule/16/paragraph/156"" id=""schedule-16-paragraph-156"" RestrictStartDate=""2009-10-31"">156In section 4(5) (c) of the Human Rights Act 1998","tion.gov.uk/id/ukpga/2006/52/schedule/16/paragraph/156"" id=""schedule-16-paragraph-156"" RestrictStartDate=""2009-10-31""><Pnumber PuncAfter=""""><CommentaryRef Ref=""key-REDACTED-CLML-COMMENTARY-HANDLE""/><CommentaryRef Ref=""key-REDACTED-CLML-COMMENTARY-HANDLE""/>156</Pnumber><P1para><Text>In section 4(5)(c) of the Human Rights Act 1998 (declaration of incompatibility), for  “Courts-Martial Appeal Court” substitute <InlineAmendment>“
                Court Martial Appeal Court
              ”</InlineAmendment>.</Text></P1para></P1><P1 DocumentURI=""http://www.legislation.gov.uk/ukpga/2006/52/schedule/"
WS-01,ukpga/1998/42,,whole-act,text,primary,ukpga/2006/52,http://www.legislation.gov.uk/id/ukpga/2006/52,schedule-16-paragraph-246,true,http://www.legislation.gov.uk/id/ukpga/1998/42,"5.In Schedule 6, paragraphs 2 to 15.Crime (Sentences) Act 1997 (c. 43)In section 34, in subsection (2)(d) the word “and” at the end, and subsection (3). Human Rights Act 1998","amespaces/legislation""><leg:BlockText><leg:Para><leg:Text>In Schedule 6, paragraphs 2 to 15.</leg:Text></leg:Para></leg:BlockText></leg:P></td></tr><tr><td>Crime (Sentences) Act 1997 (c. 43)</td><td>In section 34, in subsection (2)(d) the word  “and” at the end, and subsection (3).</td></tr><tr><td>Human Rights Act 1998 (c. 42)</td><td><leg:P xmlns:leg=""http://www.legislation.gov.uk/namespaces/legislation""><leg:BlockText><leg:Para><leg:Text>Section 21(5).</leg:Text></leg:Para></leg:BlockText></leg:P><leg:P xmlns:leg=""http://www.legislation.gov.uk/namespaces/legislation""><leg:BlockText><leg:Par"
WS-01,ukpga/1998/42,section-6-1,whole-act,text,primary,ukpga/2007/17,http://www.legislation.gov.uk/id/ukpga/2007/17,section-40B,true,http://www.legislation.gov.uk/id/ukpga/1998/42,"CommentaryRef=""key-REDACTED-CLML-COMMENTARY-HANDLE"">bso as to prevent an award of damages made in respect of an act or omission on the ground that the act or omission was unlawful as a result of section 6(1) of the Human Rights Act 1998","P3para><Text><Addition ChangeId=""key-REDACTED-CLML-COMMENTARY-HANDLE-1440111673817"" CommentaryRef=""key-REDACTED-CLML-COMMENTARY-HANDLE"">so as to prevent an award of damages made in respect of an act or omission on the ground that the act or omission was unlawful as a result of section 6(1) of the Human Rights Act 1998.</Addition></Text></P3para></P3></P2para></P2><P2 DocumentURI=""http://www.legislation.gov.uk/ukpga/2007/17/section/40B/4"" IdURI=""http://www.legislation.gov.uk/id/ukpga/2007/17/section/40B/4"" id=""section-40B-4""><Pnumber><Addition ChangeId=""key-REDACTED-CLML-COMMENTARY-HANDLE-14"
WS-01,ukpga/1998/42,,whole-act,text,primary,ukpga/2007/18,http://www.legislation.gov.uk/id/ukpga/2007/18,section-53A,true,http://www.legislation.gov.uk/id/ukpga/1998/42,in this section affects the scope of the powers in sections 51 to 53.... Human Rights Act 1998,"ce41a0edf049df6bf73a8f86985"">Nothing in this section affects the scope of the powers in sections 51 to 53.</Addition></Text></P2para></P2></P1para></P1></P1group><P1group RestrictExtent=""E+W+S+N.I."" RestrictStartDate=""2018-05-25""><Title><CommentaryRef Ref=""key-REDACTED-CLML-COMMENTARY-HANDLE""/>... Human Rights Act 1998</Title><P1 DocumentURI=""http://www.legislation.gov.uk/ukpga/2007/18/section/54"" IdURI=""http://www.legislation.gov.uk/id/ukpga/2007/18/section/54"" id=""section-54""><Pnumber PuncAfter="""">54</Pnumber><P1para><Text>In sections <Substitution ChangeId=""M_F_024d2f1d-8f93-44a3-b724-a4bf"
WS-01,ukpga/1998/42,,whole-act,text,primary,ukpga/2007/18,http://www.legislation.gov.uk/id/ukpga/2007/18,section-54,true,http://www.legislation.gov.uk/id/ukpga/1998/42,"id=""section-54-a"">a. . . . . . . . . . . . . . . . . . . . . . . . . . . . . . . .bthe Human Rights Act 1998","er><P2para><Text>. . . . . . . . . . . . . . . . . . . . . . . . . . . . . . . .</Text></P2para></P2><P2 DocumentURI=""http://www.legislation.gov.uk/ukpga/2007/18/section/54/b"" IdURI=""http://www.legislation.gov.uk/id/ukpga/2007/18/section/54/b"" id=""section-54-b""><Pnumber>b</Pnumber><P2para><Text>the Human Rights Act 1998 (c. 42).</Text></P2para></P2></P1para></P1></P1group></Pblock><Pblock DocumentURI=""http://www.legislation.gov.uk/ukpga/2007/18/part/1/crossheading/consequential"" IdURI=""http://www.legislation.gov.uk/id/ukpga/2007/18/part/1/crossheading/consequential"" NumberOfProvisions=""6"" id="""
WS-01,ukpga/1998/42,section-6,whole-act,text,primary,ukpga/2007/19,http://www.legislation.gov.uk/id/ukpga/2007/19,section-25,true,http://www.legislation.gov.uk/id/ukpga/1998/42,"force” has the meaning given by section 13(1);“premises” includes land, buildings and moveable structures;“public authority” has the same meaning as in section 6 of the Human Rights Act 1998","tion 13(1);</Text></Para></ListItem><ListItem><Para><Text>“<Term id=""term-premises"">premises</Term>” includes land, buildings and moveable structures;</Text></Para></ListItem><ListItem><Para><Text>“<Term id=""term-public-authority"">public authority</Term>” has the same meaning as in section 6 of the Human Rights Act 1998 (c. 42) (disregarding subsections (3)(a) and (4) of that section);</Text></Para></ListItem><ListItem><Para><Text>“<Term id=""term-publicity-order"">publicity order</Term>” means an order under section 10(1);</Text></Para></ListItem><ListItem><Para><Text>“<Term id=""term-remedial-o"
WS-01,ukpga/1998/42,section-6,whole-act,text,primary,ukpga/2007/27,http://www.legislation.gov.uk/id/ukpga/2007/27,section-68,true,http://www.legislation.gov.uk/id/ukpga/1998/42,has the same meaning as in the Data Protection Act 2018 (see section 3 of that Act).“information” includes documents;“public authority” means any public authority within the meaning of section 6 of the Human Rights Act 1998,").</Addition></Text></Para></ListItem><ListItem><Para><Text>“<Term id=""term-information"">information</Term>” includes documents;</Text></Para></ListItem><ListItem><Para><Text>“<Term id=""term-public-authority"">public authority</Term>” means any public authority within the meaning of section 6 of the Human Rights Act 1998 (c. 42)

							(acts of public authorities); and</Text></Para></ListItem><ListItem><Para><Text>“<Term id=""term-specified"">specified</Term>” means specified by an order made by the Secretary of State.</Text></Para></ListItem></UnorderedList></P2para></P2></P1para></P1></P1group"
WS-01,ukpga/1998/42,section-6-1,whole-act,text,primary,ukpga/2007/29,http://www.legislation.gov.uk/id/ukpga/2007/29,schedule-1-paragraph-33,true,http://www.legislation.gov.uk/id/ukpga/1998/42,"id=""schedule-1-paragraph-33-3-b"">bso as to prevent an award of damages made in respect of an act or omission on the ground that the act or omission was unlawful as a result of section 6(1) of the Human Rights Act 1998","//www.legislation.gov.uk/id/ukpga/2007/29/schedule/1/paragraph/33/3/b"" id=""schedule-1-paragraph-33-3-b""><Pnumber>b</Pnumber><P3para><Text>so as to prevent an award of damages made in respect of an act or omission on the ground that the act or omission was unlawful as a result of section 6(1) of the Human Rights Act 1998 (c. 42).</Text></P3para></P3></P2para></P2></P1para></P1></Pblock></ScheduleBody></Schedule><Schedule DocumentURI=""http://www.legislation.gov.uk/ukpga/2007/29/schedule/2"" IdURI=""http://www.legislation.gov.uk/id/ukpga/2007/29/schedule/2"" NumberOfProvisions=""8"" id=""schedule-2"" Re"
WS-01,ukpga/1998/42,section-6-1,whole-act,text,primary,ukpga/2007/29,http://www.legislation.gov.uk/id/ukpga/2007/29,schedule-15-paragraph-34,true,http://www.legislation.gov.uk/id/ukpga/1998/42,"id=""schedule-15-paragraph-34-3-b"">bso as to prevent an award of damages made in respect of an act or omission on the ground that the act or omission was unlawful as a result of section 6(1) of the Human Rights Act 1998","www.legislation.gov.uk/id/ukpga/2007/29/schedule/15/paragraph/34/3/b"" id=""schedule-15-paragraph-34-3-b""><Pnumber>b</Pnumber><P3para><Text>so as to prevent an award of damages made in respect of an act or omission on the ground that the act or omission was unlawful as a result of section 6(1) of the Human Rights Act 1998 (c. 42).</Text></P3para></P3></P2para></P2></P1para></P1></Pblock></ScheduleBody></Schedule><Schedule DocumentURI=""http://www.legislation.gov.uk/ukpga/2007/29/schedule/16"" IdURI=""http://www.legislation.gov.uk/id/ukpga/2007/29/schedule/16"" NumberOfProvisions=""184"" id=""schedule-1"
WS-01,ukpga/1998/42,,whole-act,text,primary,ukpga/2007/30,http://www.legislation.gov.uk/id/ukpga/2007/30,section-38,true,http://www.legislation.gov.uk/id/ukpga/1998/42,"the Immigration Act 1971 (c. 77) (and section 3(8) (burden of proof) shall apply),b“Convention rights” has the same meaning as in the Human Rights Act 1998","a></P3><P3 DocumentURI=""http://www.legislation.gov.uk/ukpga/2007/30/section/38/4/b"" IdURI=""http://www.legislation.gov.uk/id/ukpga/2007/30/section/38/4/b"" id=""section-38-4-b""><Pnumber>b</Pnumber><P3para><Text>“<Term id=""term-convention-rights"">Convention rights</Term>” has the same meaning as in the Human Rights Act 1998 (c. 42),</Text></P3para></P3><P3 DocumentURI=""http://www.legislation.gov.uk/ukpga/2007/30/section/38/4/c"" IdURI=""http://www.legislation.gov.uk/id/ukpga/2007/30/section/38/4/c"" id=""section-38-4-c""><Pnumber>c</Pnumber><P3para><Text>“<Term id=""term-deportation-order"">deportation o"
WS-01,ukpga/1998/42,section-7,whole-act,text,primary,ukpga/2007/6,http://www.legislation.gov.uk/id/ukpga/2007/6,section-14,true,http://www.legislation.gov.uk/id/ukpga/1998/42,"proceedings” means proceedings which rely (wholly or partly) on—isection 7(1)(b) of the Human Rights Act 1998, oriisection 69(5)(b) of this Act, andban expression used in subsection (2B) and in section 7 of the Human Rights Act 1998","</Pnumber><P4para><Text>section 7(1)(b) of the Human Rights Act 1998, or</Text></P4para></P4><P4><Pnumber>ii</Pnumber><P4para><Text>section 69(5)(b) of this Act, and</Text></P4para></P4></P3para></P3><P3><Pnumber>b</Pnumber><P3para><Text>an expression used in subsection (2B) and in section 7 of the Human Rights Act 1998 has the same meaning in subsection (2B) as in section 7.</Text></P3para></P3></P2para></P2></BlockAmendment></P2para></P2></P1para></P1></P1group><P1group RestrictStartDate=""2007-08-01""><Title>Investigations: evidence</Title><P1 DocumentURI=""http://www.legislation.gov.uk/ukpga/"
WS-01,ukpga/1998/42,,whole-act,text,primary,ukpga/2007/6,http://www.legislation.gov.uk/id/ukpga/2007/6,section-14,true,http://www.legislation.gov.uk/id/ukpga/1998/42,"relation to the Commission's instituting, or intervening in, human rights proceedings—athe Commission need not be a victim or potential victim of the unlawful act to which the proceedings relate,bsection 7(3) and (4) of the Human Rights Act 1998","'s instituting, or intervening in, human rights proceedings—</Text><P3><Pnumber>a</Pnumber><P3para><Text>the Commission need not be a victim or potential victim of the unlawful act to which the proceedings relate,</Text></P3para></P3><P3><Pnumber>b</Pnumber><P3para><Text>section 7(3) and (4) of the Human Rights Act 1998 (c. 42)
										(breach of Convention rights: sufficient interest, &amp;c.) shall not apply,</Text></P3para></P3><P3><Pnumber>c</Pnumber><P3para><Text>the Commission may act only if there is or would be one or more victims of the unlawful act, and</Text></P3para></P3><P3><Pnu"
WS-01,ukpga/1998/42,,whole-act,text,primary,ukpga/2007/6,http://www.legislation.gov.uk/id/ukpga/2007/6,section-14,true,http://www.legislation.gov.uk/id/ukpga/1998/42,be made to the Commission (whether or not the exception in section 8(3) of that Act applies).2CFor the purposes of subsection (2B)—a“human rights proceedings” means proceedings which rely (wholly or partly) on—isection 7(1) (b) of the Human Rights Act 1998,"ext></P3para></P3></P2para></P2><P2><Pnumber>2C</Pnumber><P2para><Text>For the purposes of subsection (2B)—</Text><P3><Pnumber>a</Pnumber><P3para><Text>“<Term>human rights proceedings</Term>” means proceedings which rely (wholly or partly) on—</Text><P4><Pnumber>i</Pnumber><P4para><Text>section 7(1)(b) of the Human Rights Act 1998, or</Text></P4para></P4><P4><Pnumber>ii</Pnumber><P4para><Text>section 69(5)(b) of this Act, and</Text></P4para></P4></P3para></P3><P3><Pnumber>b</Pnumber><P3para><Text>an expression used in subsection (2B) and in section 7 of the Human Rights Act 1998 has the same m"
WS-01,ukpga/1998/42,,whole-act,text,primary,ukpga/2007/6,http://www.legislation.gov.uk/id/ukpga/2007/6,section-22,true,http://www.legislation.gov.uk/id/ukpga/1998/42,be used in the commission of an offence under section 31 and 32.5The reference to a rule of law in subsection (2) does not include a rule of law which has effect only by virtue of the Human Rights Act 1998,"URI=""http://www.legislation.gov.uk/ukpga/2007/6/section/22/5"" IdURI=""http://www.legislation.gov.uk/id/ukpga/2007/6/section/22/5"" id=""section-22-5""><Pnumber>5</Pnumber><P2para><Text>The reference to a rule of law in subsection (2) does not include a rule of law which has effect only by virtue of the Human Rights Act 1998 (c. 42).</Text></P2para></P2></P1para></P1></P1group><P1group RestrictStartDate=""2007-08-01""><Title>Entry</Title><P1 DocumentURI=""http://www.legislation.gov.uk/ukpga/2007/6/section/23"" IdURI=""http://www.legislation.gov.uk/id/ukpga/2007/6/section/23"" id=""section-23""><Pnumber Pun"
WS-01,ukpga/1998/42,section-7-1,whole-act,text,primary,ukpga/2007/6,http://www.legislation.gov.uk/id/ukpga/2007/6,section-7,true,http://www.legislation.gov.uk/id/ukpga/1998/42,circumstances (including in particular exceptional circumstances relating to lack of jurisdiction or error of law).2Subsection (1) is subject to section 7(1) of the Human Rights Act 1998,"sdiction or error of law).</Text></P3para></P3></P2para></P2><P2 DocumentURI=""http://www.legislation.gov.uk/ukpga/2007/6/section/7/2"" IdURI=""http://www.legislation.gov.uk/id/ukpga/2007/6/section/7/2"" id=""section-7-2""><Pnumber>2</Pnumber><P2para><Text>Subsection (1) is subject to section 7(1) of the Human Rights Act 1998 (c. 42)
					(claim that public authority has infringed Convention right).</Text></P2para></P2></P1para></P1></P1group><P1group ConfersPower=""true"" RestrictExtent=""N.I."" RestrictStartDate=""2023-06-16""><Title>Supplementary</Title><P1 DocumentURI=""http://www.legislation.gov.uk/uk"
WS-01,ukpga/1998/42,section-6-3,whole-act,text,primary,ukpga/2008/14,http://www.legislation.gov.uk/id/ukpga/2008/14,schedule-11-paragraph-29,true,http://www.legislation.gov.uk/id/ukpga/1998/42,"id=""schedule-11-paragraph-29-6"">6In the appropriate place, insert the following definitions—“public authority” has the meaning given in section 6(3) of the Human Rights Act 1998","ate place, insert the following definitions—</Text><BlockAmendment TargetClass=""unknown"" TargetSubClass=""unknown"" Context=""unknown"" Format=""default""><UnorderedList Decoration=""none"" Class=""Definition""><ListItem><Para><Text>“<Term>public authority</Term>” has the meaning given in section 6(3) of the Human Rights Act 1998;</Text></Para></ListItem></UnorderedList></BlockAmendment><AppendText>,</AppendText><BlockAmendment TargetClass=""unknown"" TargetSubClass=""unknown"" Context=""unknown"" Format=""default""><P3para><Text>“<Term>relevant health protection authority</Term>” means—</Text><P4><Pnumber>a</P"
WS-01,ukpga/1998/42,,whole-act,text,primary,ukpga/2008/14,http://www.legislation.gov.uk/id/ukpga/2008/14,section-144,true,http://www.legislation.gov.uk/id/ukpga/1998/42,care Human Rights Act 1998,"IdURI=""http://www.legislation.gov.uk/id/ukpga/2008/14/part/5/crossheading/social-care"" NumberOfProvisions=""4"" id=""part-5-crossheading-social-care"" RestrictStartDate=""2015-04-01""><Title><Emphasis>Social care</Emphasis></Title><P1group RestrictExtent=""E+W+S+N.I."" RestrictStartDate=""2015-04-01""><Title>Human Rights Act 1998: provision of certain social care to be public function</Title><P1 DocumentURI=""http://www.legislation.gov.uk/ukpga/2008/14/section/145"" IdURI=""http://www.legislation.gov.uk/id/ukpga/2008/14/section/145"" id=""section-145""><Pnumber PuncAfter=""""><CommentaryRef Ref=""key-3667fd0b684"
WS-01,ukpga/1998/42,section-6,whole-act,text,primary,ukpga/2008/23,http://www.legislation.gov.uk/id/ukpga/2008/23,section-3,true,http://www.legislation.gov.uk/id/ukpga/1998/42,not affect the rights and liabilities of the parties to the arrangements as between one another;bdoes not make the local authority liable under section 6 of the Human Rights Act 1998,"ween one another;</Text></P3para></P3><P3 DocumentURI=""http://www.legislation.gov.uk/ukpga/2008/23/section/3/2/b"" IdURI=""http://www.legislation.gov.uk/id/ukpga/2008/23/section/3/2/b"" id=""section-3-2-b""><Pnumber>b</Pnumber><P3para><Text>does not make the local authority liable under section 6 of the Human Rights Act 1998 (c. 42) in respect of any act (within the meaning of that section) of a provider of social work services if the act is one of a private nature;</Text></P3para></P3><P3 DocumentURI=""http://www.legislation.gov.uk/ukpga/2008/23/section/3/2/c"" IdURI=""http://www.legislation.gov.uk/i"
WS-01,ukpga/1998/42,,whole-act,text,primary,ukpga/2008/28,http://www.legislation.gov.uk/id/ukpga/2008/28,section-67,true,http://www.legislation.gov.uk/id/ukpga/1998/42,a person appointed as a special advocate; andc“the Human Rights Convention” means the Convention within the meaning of the Human Rights Act 1998,"egislation.gov.uk/ukpga/2008/28/section/67/7/c"" IdURI=""http://www.legislation.gov.uk/id/ukpga/2008/28/section/67/7/c"" id=""section-67-7-c""><Pnumber>c</Pnumber><P3para><Text>“<Term id=""term-the-human-rights-convention"">the Human Rights Convention</Term>” means the Convention within the meaning of the Human Rights Act 1998 (c. 42)
							(see section 21(1) of that Act).</Text></P3para></P3></P2para></P2></P1para></P1></P1group><P1group RestrictStartDate=""2018-11-22""><Title>Appointment of special advocate</Title><P1 DocumentURI=""http://www.legislation.gov.uk/ukpga/2008/28/section/68"" IdURI=""http:/"
WS-01,ukpga/1998/42,,whole-act,text,primary,ukpga/2008/29,http://www.legislation.gov.uk/id/ukpga/2008/29,schedule-6-paragraph-3,true,http://www.legislation.gov.uk/id/ukpga/1998/42,modified from time to time. “the Convention rights” has the same meaning as in the Human Rights Act 1998,"=""key-REDACTED-CLML-COMMENTARY-HANDLE-1628842686783"" CommentaryRef=""key-REDACTED-CLML-COMMENTARY-HANDLE"">as modified from time to time.</Substitution> </Text></Para></ListItem><ListItem><Para><Text>“<Term id=""term-the-convention-rights"">the Convention rights</Term>” has the same meaning as in the Human Rights Act 1998 (c. 42).</Text></Para></ListItem></UnorderedList></P2para></P2></P1para></P1></Pblock><Pblock DocumentURI=""http://www.legislation.gov.uk/ukpga/2008/29/schedule/6/crossheading/changes-to-and-revocation-of-orders-supplementary"" IdURI=""http://www.legislation.gov.uk/id/ukpga/2008/2"
WS-01,ukpga/1998/42,section-6,whole-act,text,primary,ukpga/2008/4,http://www.legislation.gov.uk/id/ukpga/2008/4,section-130,true,http://www.legislation.gov.uk/id/ukpga/1998/42,"a foreign criminal within the meaning of section 131, andbis liable to deportation, but cannot be removed from the United Kingdom because of section 6 of the Human Rights Act 1998","3 DocumentURI=""http://www.legislation.gov.uk/ukpga/2008/4/section/130/2/b"" IdURI=""http://www.legislation.gov.uk/id/ukpga/2008/4/section/130/2/b"" id=""section-130-2-b""><Pnumber>b</Pnumber><P3para><Text>is liable to deportation, but cannot be removed from the United Kingdom because of section 6 of the Human Rights Act 1998 (c. 42) (public authority not to act contrary to Convention).</Text></P3para></P3></P2para></P2><P2 DocumentURI=""http://www.legislation.gov.uk/ukpga/2008/4/section/130/3"" IdURI=""http://www.legislation.gov.uk/id/ukpga/2008/4/section/130/3"" id=""section-130-3""><Pnumber>3</Pnumber>"
WS-01,ukpga/1998/42,section-6-1,whole-act,text,primary,ukpga/2009/1,http://www.legislation.gov.uk/id/ukpga/2009/1,section-191,true,http://www.legislation.gov.uk/id/ukpga/1998/42,"id=""section-191-7-b"">bin contravention of section 6(1) of the Human Rights Act 1998","b7957621e67d9473ed7049-1474292060005"" CommentaryRef=""key-REDACTED-CLML-COMMENTARY-HANDLE"">b</Substitution></Pnumber><P3para><Text><Substitution ChangeId=""key-REDACTED-CLML-COMMENTARY-HANDLE-1474292060005"" CommentaryRef=""key-REDACTED-CLML-COMMENTARY-HANDLE"">in contravention of section 6(1) of the Human Rights Act 1998.</Substitution></Text></P3para></P3></P2para></P2></P1para></P1></P1group><P1group RestrictExtent=""E+W+S+N.I."" RestrictStartDate=""2017-11-30""><Title>Role of <Substitution ChangeId=""key-REDACTED-CLML-COMMENTARY-HANDLE-1474288265369"" CommentaryRef=""key-62234a9eb4de65629d2338c190"
WS-01,ukpga/1998/42,section-6-1,whole-act,text,primary,ukpga/2009/1,http://www.legislation.gov.uk/id/ukpga/2009/1,section-206M,true,http://www.legislation.gov.uk/id/ukpga/1998/42,"id=""section-206M-8-b"">bin contravention of section 6(1) of the Human Rights Act 1998","09a7768d77aba2c7df294dec95488a-1696519982552"" CommentaryRef=""key-REDACTED-CLML-COMMENTARY-HANDLE"">b</Addition></Pnumber><P3para><Text><Addition ChangeId=""key-REDACTED-CLML-COMMENTARY-HANDLE-1696519982552"" CommentaryRef=""key-REDACTED-CLML-COMMENTARY-HANDLE"">in contravention of section 6(1) of the Human Rights Act 1998.</Addition></Text></P3para></P3></P2para></P2><P2 DocumentURI=""http://www.legislation.gov.uk/ukpga/2009/1/section/206M/9"" IdURI=""http://www.legislation.gov.uk/id/ukpga/2009/1/section/206M/9"" id=""section-206M-9""><Pnumber><Addition ChangeId=""key-REDACTED-CLML-COMMENTARY-HANDLE-1"
WS-01,ukpga/1998/42,section-6-1,whole-act,text,primary,ukpga/2009/1,http://www.legislation.gov.uk/id/ukpga/2009/1,section-244,true,http://www.legislation.gov.uk/id/ukpga/1998/42,"id=""section-244-3-a"">ain bad faith, orbin contravention of section 6(1) of the Human Rights Act 1998","number><P3para><Text>in bad faith, or</Text></P3para></P3><P3 DocumentURI=""http://www.legislation.gov.uk/ukpga/2009/1/section/244/3/b"" IdURI=""http://www.legislation.gov.uk/id/ukpga/2009/1/section/244/3/b"" id=""section-244-3-b""><Pnumber>b</Pnumber><P3para><Text>in contravention of section 6(1) of the Human Rights Act 1998.</Text></P3para></P3></P2para></P2></P1para></P1></P1group><P1group RestrictStartDate=""2009-02-21""><Title>Weekly return</Title><P1 DocumentURI=""http://www.legislation.gov.uk/ukpga/2009/1/section/245"" IdURI=""http://www.legislation.gov.uk/id/ukpga/2009/1/section/245"" id=""section-"
WS-01,ukpga/1998/42,,whole-act,text,primary,ukpga/2009/1,http://www.legislation.gov.uk/id/ukpga/2009/1,section-4,true,http://www.legislation.gov.uk/id/ukpga/1998/42,"CommentaryRef=""key-REDACTED-CLML-COMMENTARY-HANDLE"">9Objective 7 is to avoid interfering with property rights in contravention of a Convention right (within the meaning of the Human Rights Act 1998","3dea63"">9</Substitution></Pnumber><P2para><Text><Substitution ChangeId=""key-REDACTED-CLML-COMMENTARY-HANDLE-1582749850471"" CommentaryRef=""key-REDACTED-CLML-COMMENTARY-HANDLE"">Objective 7 is to avoid interfering with property rights in contravention of a Convention right (within the meaning of the Human Rights Act 1998).</Substitution></Text></P2para></P2><P2 DocumentURI=""http://www.legislation.gov.uk/ukpga/2009/1/section/4/10"" IdURI=""http://www.legislation.gov.uk/id/ukpga/2009/1/section/4/10"" id=""section-4-10""><Pnumber>10</Pnumber><P2para><Text>The order in which the objectives are listed in"
WS-01,ukpga/1998/42,section-8,whole-act,text,primary,ukpga/2009/1,http://www.legislation.gov.uk/id/ukpga/2009/1,section-56,true,http://www.legislation.gov.uk/id/ukpga/1998/42,valuers (and their staff) are not liable for damages in respect of anything done in good faith for the purposes of or in connection with the functions of the office (subject to section 8 of the Human Rights Act 1998,"tion.gov.uk/id/ukpga/2009/1/section/56/4"" id=""section-56-4""><Pnumber>4</Pnumber><P2para><Text>Independent valuers (and their staff) are not liable for damages in respect of anything done in good faith for the purposes of or in connection with the functions of the office (subject to section 8 of the Human Rights Act 1998).</Text></P2para></P2><P2 DocumentURI=""http://www.legislation.gov.uk/ukpga/2009/1/section/56/5"" IdURI=""http://www.legislation.gov.uk/id/ukpga/2009/1/section/56/5"" id=""section-56-5""><Pnumber>5</Pnumber><P2para><Text>An order under this section—</Text><P3 DocumentURI=""http://www."
WS-01,ukpga/1998/42,section-8,whole-act,text,primary,ukpga/2009/1,http://www.legislation.gov.uk/id/ukpga/2009/1,section-62E,true,http://www.legislation.gov.uk/id/ukpga/1998/42,resolution administrator is not liable for damages in respect of anything done in good faith for the purposes of or in connection with the functions of the office (subject to section 8 of the Human Rights Act 1998,"""key-REDACTED-CLML-COMMENTARY-HANDLE-1582833305405"" CommentaryRef=""key-REDACTED-CLML-COMMENTARY-HANDLE"">A resolution administrator is not liable for damages in respect of anything done in good faith for the purposes of or in connection with the functions of the office (subject to section 8 of the Human Rights Act 1998).</Addition></Text></P2para></P2></P1para></P1></P1group></Pblock><Pblock DocumentURI=""http://www.legislation.gov.uk/ukpga/2009/1/part/1/crossheading/incidental-functions"" IdURI=""http://www.legislation.gov.uk/id/ukpga/2009/1/part/1/crossheading/incidental-functions"" NumberOfPro"
WS-01,ukpga/1998/42,section-6,whole-act,text,primary,ukpga/2009/1,http://www.legislation.gov.uk/id/ukpga/2009/1,section-89H,true,http://www.legislation.gov.uk/id/ukpga/1998/42,"id=""section-89H-4-e"">erecognition would be unlawful under section 6 of the Human Rights Act 1998","32f0670ae6dc83586-1582896642453"" CommentaryRef=""key-REDACTED-CLML-COMMENTARY-HANDLE"">e</Addition></Pnumber><P3para><Text><Addition ChangeId=""key-REDACTED-CLML-COMMENTARY-HANDLE-1582896642453"" CommentaryRef=""key-REDACTED-CLML-COMMENTARY-HANDLE"">recognition would be unlawful under section 6 of the Human Rights Act 1998 (public authority not to act contrary to Human Rights Convention) </Addition><CommentaryRef Ref=""key-REDACTED-CLML-COMMENTARY-HANDLE""/><Addition ChangeId=""key-REDACTED-CLML-COMMENTARY-HANDLE-1582896642453"" CommentaryRef=""key-REDACTED-CLML-COMMENTARY-HANDLE"">...</Addition><Ad"
WS-01,ukpga/1998/42,section-6-1,whole-act,text,primary,ukpga/2009/23,http://www.legislation.gov.uk/id/ukpga/2009/23,section-291,true,http://www.legislation.gov.uk/id/ukpga/1998/42,"for the act or omission, orcso as to prevent an award of damages in respect of the act or omission on the ground that it was unlawful as a result of section 6(1) of the Human Rights Act 1998","k/ukpga/2009/23/section/291/3/c"" IdURI=""http://www.legislation.gov.uk/id/ukpga/2009/23/section/291/3/c"" id=""section-291-3-c""><Pnumber>c</Pnumber><P3para><Text>so as to prevent an award of damages in respect of the act or omission on the ground that it was unlawful as a result of section 6(1) of the Human Rights Act 1998 (c. 42) (acts of public authorities incompatible with Convention rights).</Text></P3para></P3></P2para></P2></P1para></P1></P1group></Pblock><Pblock DocumentURI=""http://www.legislation.gov.uk/ukpga/2009/23/part/8/chapter/5/crossheading/offences-in-relation-to-enforcement-office"
WS-01,ukpga/1998/42,section-6,whole-act,text,primary,ukpga/2009/25,http://www.legislation.gov.uk/id/ukpga/2009/25,section-48,true,http://www.legislation.gov.uk/id/ukpga/1998/42,"id=""section-48-2"" RestrictStartDate=""2017-04-03"">2 Subject to subsection (2A), a person is in state detention if he or she is compulsorily detained by a public authority within the meaning of section 6 of the Human Rights Act 1998","Text> <Addition ChangeId=""key-REDACTED-CLML-COMMENTARY-HANDLE-1495976977055"" CommentaryRef=""key-REDACTED-CLML-COMMENTARY-HANDLE"">Subject to subsection (2A),</Addition> a person is in state detention if he or she is compulsorily detained by a public authority within the meaning of section 6 of the Human Rights Act 1998 (c. 42).</Text></P2para></P2><P2 DocumentURI=""http://www.legislation.gov.uk/ukpga/2009/25/section/48/2A"" IdURI=""http://www.legislation.gov.uk/id/ukpga/2009/25/section/48/2A"" id=""section-48-2A"" RestrictStartDate=""2017-04-03""><Pnumber><Addition ChangeId=""key-f92a0613de01c6c839860"
WS-01,ukpga/1998/42,,whole-act,text,primary,ukpga/2009/25,http://www.legislation.gov.uk/id/ukpga/2009/25,section-5,true,http://www.legislation.gov.uk/id/ukpga/1998/42,(if any) required by the 1953 Act to be registered concerning the death.2Where necessary in order to avoid a breach of any Convention rights (within the meaning of the Human Rights Act 1998,"/P2para></P2><P2 DocumentURI=""http://www.legislation.gov.uk/ukpga/2009/25/section/5/2"" IdURI=""http://www.legislation.gov.uk/id/ukpga/2009/25/section/5/2"" id=""section-5-2""><Pnumber>2</Pnumber><P2para><Text>Where necessary in order to avoid a breach of any Convention rights (within the meaning of the Human Rights Act 1998 (c. 42)), the purpose mentioned in subsection (1)(b) is to be read as including the purpose of ascertaining in what circumstances the deceased came by his or her death.</Text></P2para></P2><P2 DocumentURI=""http://www.legislation.gov.uk/ukpga/2009/25/section/5/3"" IdURI=""http://w"
WS-01,ukpga/1998/42,section-1,whole-act,text,primary,ukpga/2009/25,http://www.legislation.gov.uk/id/ukpga/2009/25,section-70,true,http://www.legislation.gov.uk/id/ukpga/1998/42,"removed from, or required to leave, the United Kingdom, ora claim that the claimant would face a real risk of serious harm if removed from the United Kingdom;“Convention rights” means the rights identified as Convention rights by section 1 of the Human Rights Act 1998","rOverride=""b""><Para><Text>a claim that the claimant would face a real risk of serious harm if removed from the United Kingdom;</Text></Para></ListItem></OrderedList></ListItem><ListItem><Para><Text>“<Term>Convention rights</Term>” means the rights identified as Convention rights by section 1 of the Human Rights Act 1998;</Text></Para></ListItem><ListItem><Para><Text>“<Term>detained in lawful custody</Term>” means—</Text></Para><OrderedList Type=""alpha"" Decoration=""parens""><ListItem NumberOverride=""a""><Para><Text>detained in pursuance of a sentence of imprisonment, detention or custody for life"
WS-01,ukpga/1998/42,section-6,whole-act,text,primary,ukpga/2009/25,http://www.legislation.gov.uk/id/ukpga/2009/25,section-70,true,http://www.legislation.gov.uk/id/ukpga/1998/42,"granted, oriithe named individual is in the United Kingdom (whether or not the application or claim has been determined);gan individual who would be liable to removal or deportation from the United Kingdom but cannot be removed or deported because of section 6 of the Human Rights Act 1998",the United Kingdom (whether or not the application or claim has been determined);</Text></P4para></P4></P3para></P3><P3><Pnumber>g</Pnumber><P3para><Text>an individual who would be liable to removal or deportation from the United Kingdom but cannot be removed or deported because of section 6 of the Human Rights Act 1998 or for practical reasons;</Text></P3para></P3><P3><Pnumber>h</Pnumber><P3para><Text>an individual—</Text><P4><Pnumber>i</Pnumber><P4para><Text>against whom a decision to make a deportation order under section 5(1) of the Immigration Act 1971 by virtue of section 3(5)(a) of that
WS-01,ukpga/1998/42,section-6,whole-act,text,primary,ukpga/2009/25,http://www.legislation.gov.uk/id/ukpga/2009/25,section-70,true,http://www.legislation.gov.uk/id/ukpga/1998/42,"1986 or by virtue of an order under section 11 or 13(5A) of the Criminal Appeal (Northern Ireland) Act 1980;“human rights claim” means a claim that to remove the claimant from, or to require the claimant to leave, the United Kingdom would be unlawful under section 6 of the Human Rights Act 1998"," the Criminal Appeal (Northern Ireland) Act 1980;</Text></Para></ListItem></OrderedList></ListItem><ListItem><Para><Text>“<Term>human rights claim</Term>” means a claim that to remove the claimant from, or to require the claimant to leave, the United Kingdom would be unlawful under section 6 of the Human Rights Act 1998 (public authority not to act contrary to Convention) as being incompatible with the person's Convention rights;</Text></Para></ListItem><ListItem><Para><Text>“<Term>the Refugee Convention</Term>” means the Convention relating to the Status of Refugees done at Geneva on 28 July "
WS-01,ukpga/1998/42,section-6-1,whole-act,text,primary,ukpga/2009/26,http://www.legislation.gov.uk/id/ukpga/2009/26,schedule-2-paragraph-1,true,http://www.legislation.gov.uk/id/ukpga/1998/42,(1) to (4) do not apply—aif the act or omission is shown to have been in bad faith;bso as to prevent an award of damages made in respect of an act or omission on the ground that the act or omission was unlawful by virtue of section 6(1) of the Human Rights Act 1998,/Pnumber><P3para><Text>if the act or omission is shown to have been in bad faith;</Text></P3para></P3><P3><Pnumber>b</Pnumber><P3para><Text>so as to prevent an award of damages made in respect of an act or omission on the ground that the act or omission was unlawful by virtue of section 6(1) of the Human Rights Act 1998.</Text></P3para></P3></P2para></P2><P2><Pnumber>6</Pnumber><P2para><Text>This section does not affect any other exemption from liability for damages (whether at common law or otherwise).</Text></P2para></P2><P2><Pnumber>7</Pnumber><P2para><Text>In this section—</Text><P3><Pnumb
WS-01,ukpga/1998/42,,whole-act,text,primary,ukpga/2009/26,http://www.legislation.gov.uk/id/ukpga/2009/26,section-74,true,http://www.legislation.gov.uk/id/ukpga/1998/42,153A and 153C etc: supplementary153D1Nothing in section 153A or 153C requires the return of a person to a territory in a case in which the Secretary of State is not satisfied that the return is compatible with the Convention rights within the meaning of the Human Rights Act 1998,"umber PuncAfter="""">153D</Pnumber><P1para><P2><Pnumber>1</Pnumber><P2para><Text>Nothing in section 153A or 153C requires the return of a person to a territory in a case in which the Secretary of State is not satisfied that the return is compatible with the Convention rights within the meaning of the Human Rights Act 1998 or with the United Kingdom's obligations under the Refugee Convention.</Text></P2para></P2><P2><Pnumber>2</Pnumber><P2para><Text>References in sections 153A and 153C and subsection (1) above to the Secretary of State are to be read as references to the Scottish Ministers in a c"
WS-01,ukpga/1998/42,,whole-act,text,primary,ukpga/2010/15,http://www.legislation.gov.uk/id/ukpga/2010/15,schedule-26-paragraph-64,true,http://www.legislation.gov.uk/id/ukpga/1998/42,section 11(3)(c) (interpretation) substitute—ca reference to the equality and human rights enactments is a reference to the Human Rights Act 1998,"ition></Pnumber><P1para><Text>For section 11(3)(c)
			(interpretation) substitute—</Text><BlockAmendment TargetClass=""primary"" TargetSubClass=""unknown"" Context=""main"" Format=""default""><P3><Pnumber>c</Pnumber><P3para><Text>a reference to the equality and human rights enactments is a reference to the Human Rights Act 1998, this Act and the Equality Act 2010.</Text></P3para></P3></BlockAmendment></P1para></P1><P1 DocumentURI=""http://www.legislation.gov.uk/ukpga/2010/15/schedule/26/paragraph/65"" IdURI=""http://www.legislation.gov.uk/id/ukpga/2010/15/schedule/26/paragraph/65"" RestrictStartDate=""2010"
WS-01,ukpga/1998/42,,whole-act,text,primary,ukpga/2010/15,http://www.legislation.gov.uk/id/ukpga/2010/15,section-150,true,http://www.legislation.gov.uk/id/ukpga/1998/42,functions is subject to that duty only in respect of the exercise of those functions.5A public function is a function that is a function of a public nature for the purposes of the Human Rights Act 1998,"ra></P2><P2 DocumentURI=""http://www.legislation.gov.uk/ukpga/2010/15/section/150/5"" IdURI=""http://www.legislation.gov.uk/id/ukpga/2010/15/section/150/5"" id=""section-150-5""><Pnumber>5</Pnumber><P2para><Text>A public function is a function that is a function of a public nature for the purposes of the Human Rights Act 1998.</Text></P2para></P2></P1para></P1></P1group><P1group ConfersPower=""true"" RestrictStartDate=""2011-01-18""><Title>Power to specify public authorities</Title><P1 DocumentURI=""http://www.legislation.gov.uk/ukpga/2010/15/section/151"" IdURI=""http://www.legislation.gov.uk/id/ukpga/201"
WS-01,ukpga/1998/42,,whole-act,text,primary,ukpga/2010/15,http://www.legislation.gov.uk/id/ukpga/2010/15,section-31,true,http://www.legislation.gov.uk/id/ukpga/1998/42,includes a reference to the provision of a service in the exercise of a public function.4A public function is a function that is a function of a public nature for the purposes of the Human Rights Act 1998,"2para></P2><P2 DocumentURI=""http://www.legislation.gov.uk/ukpga/2010/15/section/31/4"" IdURI=""http://www.legislation.gov.uk/id/ukpga/2010/15/section/31/4"" id=""section-31-4""><Pnumber>4</Pnumber><P2para><Text>A public function is a function that is a function of a public nature for the purposes of the Human Rights Act 1998.</Text></P2para></P2><P2 DocumentURI=""http://www.legislation.gov.uk/ukpga/2010/15/section/31/5"" IdURI=""http://www.legislation.gov.uk/id/ukpga/2010/15/section/31/5"" id=""section-31-5""><Pnumber>5</Pnumber><P2para><Text>Where an employer arranges for another person to provide a ser"
WS-01,ukpga/1998/42,,whole-act,text,primary,ukpga/2011/13,http://www.legislation.gov.uk/id/ukpga/2011/13,schedule-14-paragraph-9,true,http://www.legislation.gov.uk/id/ukpga/1998/42,whose conduct is complained of.8The second condition is that the appropriate authority is satisfied that the conduct complained of (even if it were proved) would not involve the infringement of a person's rights under Article 2 or 3 of the Convention (within the meaning of the Human Rights Act 1998,"t></P2para></P2><P2><Pnumber>8</Pnumber><P2para><Text>The second condition is that the appropriate authority is satisfied that the conduct complained of (even if it were proved) would not involve the infringement of a person's rights under Article 2 or 3 of the Convention (within the meaning of the Human Rights Act 1998).</Text></P2para></P2><P2><Pnumber>9</Pnumber><P2para><Text>In a case where this paragraph applies to a complaint by virtue of sub-paragraph (2)(b), a determination that the complaint is suitable for being subjected to local resolution may not be made unless the Commission appr"
WS-01,ukpga/1998/42,,whole-act,text,primary,ukpga/2011/20,http://www.legislation.gov.uk/id/ukpga/2011/20,schedule-9-paragraph-2,true,http://www.legislation.gov.uk/id/ukpga/1998/42,"sections 61G and 61I(1).8The authority are not to be subject to the duty under subsection (4)(a) if they consider that the making of the order would breach, or would otherwise be incompatible with, any EU obligation or any of the Convention rights (within the meaning of the Human Rights Act 1998","P2para></P2><P2><Pnumber>8</Pnumber><P2para><Text>The authority are not to be subject to the duty under subsection (4)(a) if they consider that the making of the order would breach, or would otherwise be incompatible with, any EU obligation or any of the Convention rights (within the meaning of the Human Rights Act 1998).</Text></P2para></P2><P2><Pnumber>9</Pnumber><P2para><Text>Regulations may make provision as to the procedure to be followed by local planning authorities in cases where they act under subsection (8).</Text></P2para></P2><P2><Pnumber>10</Pnumber><P2para><Text>The regulations m"
WS-01,ukpga/1998/42,,whole-act,text,primary,ukpga/2011/20,http://www.legislation.gov.uk/id/ukpga/2011/20,schedule-9-paragraph-7,true,http://www.legislation.gov.uk/id/ukpga/1998/42,"“enactment” means an enactment, whenever passed or made.Interpretation17In this Schedule—“the Convention rights” has the same meaning as in the Human Rights Act 1998","></P1para></P1></Pblock><Pblock><Title><Emphasis>Interpretation</Emphasis></Title><P1><Pnumber PuncAfter="""">17</Pnumber><P1para><Text>In this Schedule—</Text><UnorderedList Decoration=""none"" Class=""Definition""><ListItem><Para><Text>“<Term>the Convention rights</Term>” has the same meaning as in the Human Rights Act 1998, and</Text></Para></ListItem><ListItem><Para><Text>“development plan”—</Text></Para><OrderedList Type=""alpha"" Decoration=""parens""><ListItem NumberOverride=""a""><Para><Text>includes a development plan for the purposes of paragraph 1 of Schedule 8 to the Planning and Compulsory Pu"
WS-01,ukpga/1998/42,,whole-act,text,primary,ukpga/2011/20,http://www.legislation.gov.uk/id/ukpga/2011/20,schedule-9-paragraph-7,true,http://www.legislation.gov.uk/id/ukpga/1998/42,"which the proposal relates.6The authority are not to be subject to the duty under subsection (4)(a) if they consider that the making of the plan would breach, or would otherwise be incompatible with, any EU obligation or any of the Convention rights (within the meaning of the Human Rights Act 1998","/P2para></P2><P2><Pnumber>6</Pnumber><P2para><Text>The authority are not to be subject to the duty under subsection (4)(a) if they consider that the making of the plan would breach, or would otherwise be incompatible with, any EU obligation or any of the Convention rights (within the meaning of the Human Rights Act 1998).</Text></P2para></P2><P2><Pnumber>7</Pnumber><P2para><Text>Regulations made by the Secretary of State may make provision as to the procedure to be followed by local planning authorities in cases where they act under subsection (6).</Text></P2para></P2><P2><Pnumber>8</Pnumber><"
WS-01,ukpga/1998/42,,whole-act,text,primary,ukpga/2011/20,http://www.legislation.gov.uk/id/ukpga/2011/20,schedule-9-paragraph-7,true,http://www.legislation.gov.uk/id/ukpga/1998/42,"authority consider need to be made to secure that the order does not breach, and is otherwise compatible with, EU obligations,bmodifications that the authority consider need to be made to secure that the order is compatible with the Convention rights (within the meaning of the Human Rights Act 1998","o secure that the order does not breach, and is otherwise compatible with, EU obligations,</Text></P3para></P3><P3><Pnumber>b</Pnumber><P3para><Text>modifications that the authority consider need to be made to secure that the order is compatible with the Convention rights (within the meaning of the Human Rights Act 1998), and</Text></P3para></P3><P3><Pnumber>c</Pnumber><P3para><Text>modifications for the purpose of correcting errors.</Text></P3para></P3></P2para></P2><P2><Pnumber>6</Pnumber><P2para><Text>In consequence of the provision made by sub-paragraphs (2) to (5) of this paragraph—</Text"
WS-01,ukpga/1998/42,,whole-act,text,primary,ukpga/2011/23,http://www.legislation.gov.uk/id/ukpga/2011/23,schedule-4-paragraph-5,true,http://www.legislation.gov.uk/id/ukpga/1998/42,Rights Convention.2The “Human Rights Convention” means the Convention within the meaning of the Human Rights Act 1998,"1/23/schedule/4/paragraph/5/2"" IdURI=""http://www.legislation.gov.uk/id/ukpga/2011/23/schedule/4/paragraph/5/2"" id=""schedule-4-paragraph-5-2""><Pnumber>2</Pnumber><P2para><Text>The  “<Term id=""term-human-rights-convention"">Human Rights Convention</Term>” means the Convention within the meaning of the Human Rights Act 1998 (see section 21(1) of that Act).</Text></P2para></P2></P1para></P1></Pblock><Pblock DocumentURI=""http://www.legislation.gov.uk/ukpga/2011/23/schedule/4/crossheading/rules-of-court-anonymity"" IdURI=""http://www.legislation.gov.uk/id/ukpga/2011/23/schedule/4/crossheading/rules-of-"
WS-01,ukpga/1998/42,section-7,whole-act,text,primary,ukpga/2011/23,http://www.legislation.gov.uk/id/ukpga/2011/23,section-17,true,http://www.legislation.gov.uk/id/ukpga/1998/42,on appeal from such proceedings.2The court is the appropriate tribunal for the purposes of section 7 of the Human Rights Act 1998,"t></P3para></P3></P2para></P2><P2 DocumentURI=""http://www.legislation.gov.uk/ukpga/2011/23/section/17/2"" IdURI=""http://www.legislation.gov.uk/id/ukpga/2011/23/section/17/2"" id=""section-17-2""><Pnumber>2</Pnumber><P2para><Text>The court is the appropriate tribunal for the purposes of section 7 of the Human Rights Act 1998 in relation to proceedings all or any part of which call a TPIM decision into question.</Text></P2para></P2><P2 DocumentURI=""http://www.legislation.gov.uk/ukpga/2011/23/section/17/3"" IdURI=""http://www.legislation.gov.uk/id/ukpga/2011/23/section/17/3"" id=""section-17-3""><Pnumber>"
WS-01,ukpga/1998/42,section-6,whole-act,text,primary,ukpga/2012/10,http://www.legislation.gov.uk/id/ukpga/2012/10,schedule-1-part-1-crossheading-abuse-of-position-or-powers-by-public-authority_paragraph-21,true,http://www.legislation.gov.uk/id/ukpga/1998/42,negligence” means breach of a duty of care or trespass to the person committed in the course of the provision of clinical or medical services (including dental or nursing services);“public authority” has the same meaning as in section 6 of the Human Rights Act 1998,"uty of care or trespass to the person committed in the course of the provision of clinical or medical services (including dental or nursing services);</Text></Para></ListItem><ListItem><Para><Text>“<Term id=""term-public-authority"">public authority</Term>” has the same meaning as in section 6 of the Human Rights Act 1998.</Text></Para></ListItem></UnorderedList></P2para></P2></P2group></P1para></P1></Pblock><Pblock DocumentURI=""http://www.legislation.gov.uk/ukpga/2012/10/schedule/1/part/1/crossheading/breach-of-convention-rights-by-public-authority"" IdURI=""http://www.legislation.gov.uk/id/ukpga"
WS-01,ukpga/1998/42,,whole-act,text,primary,ukpga/2012/10,http://www.legislation.gov.uk/id/ukpga/2012/10,schedule-1-part-1-crossheading-breach-of-convention-rights-by-public-authority_paragraph-22,true,http://www.legislation.gov.uk/id/ukpga/1998/42,negligence” means breach of a duty of care or trespass to the person committed in the course of the provision of clinical or medical services (including dental or nursing services);“Convention rights” has the same meaning as in the Human Rights Act 1998,"each of a duty of care or trespass to the person committed in the course of the provision of clinical or medical services (including dental or nursing services);</Text></Para></ListItem><ListItem><Para><Text>“<Term id=""term-convention-rights"">Convention rights</Term>” has the same meaning as in the Human Rights Act 1998;</Text></Para></ListItem><ListItem><Para><Text>“<Term id=""term-public-authority"">public authority</Term>” has the same meaning as in section 6 of that Act.</Text></Para></ListItem></UnorderedList></P2para></P2></P2group></P1para></P1></Pblock><Pblock DocumentURI=""http://www.leg"
WS-01,ukpga/1998/42,,whole-act,text,primary,ukpga/2012/10,http://www.legislation.gov.uk/id/ukpga/2012/10,section-10,true,http://www.legislation.gov.uk/id/ukpga/1998/42,necessary to make the services available to the individual under this Part because failure to do so would be a breach of—ithe individual's Convention rights (within the meaning of the Human Rights Act 1998,"so would be a breach of—</Text><P4 DocumentURI=""http://www.legislation.gov.uk/ukpga/2012/10/section/10/3/a/i"" IdURI=""http://www.legislation.gov.uk/id/ukpga/2012/10/section/10/3/a/i"" id=""section-10-3-a-i""><Pnumber>i</Pnumber><P4para><Text>the individual's Convention rights (within the meaning of the Human Rights Act 1998), or</Text></P4para></P4><P4 DocumentURI=""http://www.legislation.gov.uk/ukpga/2012/10/section/10/3/a/ii"" IdURI=""http://www.legislation.gov.uk/id/ukpga/2012/10/section/10/3/a/ii"" id=""section-10-3-a-ii""><Pnumber>ii</Pnumber><P4para><Text>any rights of the individual to the provis"
WS-01,ukpga/1998/42,,whole-act,text,primary,ukpga/2012/10,http://www.legislation.gov.uk/id/ukpga/2012/10,section-32,true,http://www.legislation.gov.uk/id/ukpga/1998/42,it is necessary to make the order because failure to do so would result in a breach of—ian individual's Convention rights (within the meaning of the Human Rights Act 1998,"ld result in a breach of—</Text><P4 DocumentURI=""http://www.legislation.gov.uk/ukpga/2012/10/section/32/3/a/i"" IdURI=""http://www.legislation.gov.uk/id/ukpga/2012/10/section/32/3/a/i"" id=""section-32-3-a-i""><Pnumber>i</Pnumber><P4para><Text>an individual's Convention rights (within the meaning of the Human Rights Act 1998), or</Text></P4para></P4><P4 DocumentURI=""http://www.legislation.gov.uk/ukpga/2012/10/section/32/3/a/ii"" IdURI=""http://www.legislation.gov.uk/id/ukpga/2012/10/section/32/3/a/ii"" id=""section-32-3-a-ii""><Pnumber>ii</Pnumber><P4para><Text>any rights of an individual to the provisi"
WS-01,ukpga/1998/42,section-6,whole-act,text,primary,ukpga/2012/10,http://www.legislation.gov.uk/id/ukpga/2012/10,section-6,true,http://www.legislation.gov.uk/id/ukpga/1998/42,"of anything done or omitted to be done by the authorised person (or an employee of that person), andddo not make the Lord Chancellor or the Director liable under section 6 of the Human Rights Act 1998","and</Text></P3para></P3><P3 DocumentURI=""http://www.legislation.gov.uk/ukpga/2012/10/section/6/4/d"" IdURI=""http://www.legislation.gov.uk/id/ukpga/2012/10/section/6/4/d"" id=""section-6-4-d""><Pnumber>d</Pnumber><P3para><Text>do not make the Lord Chancellor or the Director liable under section 6 of the Human Rights Act 1998 in respect of any act or omission of an authorised person if the act or omission is of a private nature.</Text></P3para></P3></P2para></P2><P2 DocumentURI=""http://www.legislation.gov.uk/ukpga/2012/10/section/6/5"" IdURI=""http://www.legislation.gov.uk/id/ukpga/2012/10/section/6/5"
WS-01,ukpga/1998/42,section-7-5,whole-act,text,primary,ukpga/2012/11,http://www.legislation.gov.uk/id/ukpga/2012/11,section-14,true,http://www.legislation.gov.uk/id/ukpga/1998/42,subsections (3A) and (3B) “act” does not include the making of any legislation but it does include any other act or failure to act (including a failure to make legislation).3EIn subsection (3B) “rule” has the same meaning as it has in section 7(5) of the Human Rights Act 1998,"rm>” does not include the making of any legislation but it does include any other act or failure to act (including a failure to make legislation).</Text></P2para></P2><P2><Pnumber>3E</Pnumber><P2para><Text>In subsection (3B)  “<Term>rule</Term>” has the same meaning as it has in section 7(5) of the Human Rights Act 1998.</Text></P2para></P2></BlockAmendment></P2para></P2><P2 DocumentURI=""http://www.legislation.gov.uk/ukpga/2012/11/section/14/7"" IdURI=""http://www.legislation.gov.uk/id/ukpga/2012/11/section/14/7"" id=""section-14-7""><Pnumber>7</Pnumber><P2para><Text>In subsection (4) of that secti"
WS-01,ukpga/1998/42,section-6-1,whole-act,text,primary,ukpga/2012/11,http://www.legislation.gov.uk/id/ukpga/2012/11,section-34,true,http://www.legislation.gov.uk/id/ukpga/1998/42,"to a compatibility issue.2In this section “compatibility issue” means a question, arising in criminal proceedings, as to—awhether a public authority has acted (or proposes to act)—iin a way which is made unlawful by section 6(1) of the Human Rights Act 1998","ion  “<Term>compatibility issue</Term>” means a question, arising in criminal proceedings, as to—</Text><P3><Pnumber>a</Pnumber><P3para><Text>whether a public authority has acted (or proposes to act)—</Text><P4><Pnumber>i</Pnumber><P4para><Text>in a way which is made unlawful by section 6(1) of the Human Rights Act 1998, or</Text></P4para></P4><P4><Pnumber>ii</Pnumber><P4para><Text>in a way which is incompatible with EU law, or</Text></P4para></P4></P3para></P3><P3><Pnumber>b</Pnumber><P3para><Text>whether an Act of the Scottish Parliament or any provision of an Act of the Scottish Parliament "
WS-01,ukpga/1998/42,section-6,whole-act,text,primary,ukpga/2012/11,http://www.legislation.gov.uk/id/ukpga/2012/11,section-34,true,http://www.legislation.gov.uk/id/ukpga/1998/42,an Act of the Scottish Parliament or any provision of an Act of the Scottish Parliament is incompatible with any of the Convention rights or with EU law.3In subsection (2)—a“public authority” has the same meaning as in section 6 of the Human Rights Act 1998,he Scottish Parliament is incompatible with any of the Convention rights or with EU law.</Text></P3para></P3></P2para></P2><P2><Pnumber>3</Pnumber><P2para><Text>In subsection (2)—</Text><P3><Pnumber>a</Pnumber><P3para><Text>“<Term>public authority</Term>” has the same meaning as in section 6 of the Human Rights Act 1998;</Text></P3para></P3><P3><Pnumber>b</Pnumber><P3para><Text>references to acting include failing to act;</Text></P3para></P3><P3><Pnumber>c</Pnumber><P3para><Text>“<Term>EU law</Term>” has the meaning given by section 126(9) of the Scotland Act 1998.</Text></P3para></P3></P2para
WS-01,ukpga/1998/42,section-6-1,whole-act,text,primary,ukpga/2012/21,http://www.legislation.gov.uk/id/ukpga/2012/21,schedule-2-paragraph-7,true,http://www.legislation.gov.uk/id/ukpga/1998/42,"(1) does not apply—aif the act or omission is shown to have been in bad faith, orbso as to prevent an award of damages made in respect of an act or omission on the ground that the act or omission was unlawful as a result of section 6(1) of the Human Rights Act 1998","ber><P3para><Text>if the act or omission is shown to have been in bad faith, or</Text></P3para></P3><P3><Pnumber>b</Pnumber><P3para><Text>so as to prevent an award of damages made in respect of an act or omission on the ground that the act or omission was unlawful as a result of section 6(1) of the Human Rights Act 1998.</Text></P3para></P3></P2para></P2></P1para></P1></Pblock><Pblock><Title><Emphasis>Accredited financial investigators</Emphasis></Title><P1><Pnumber PuncAfter="""">34</Pnumber><P1para><Text>For the purposes of this Act anything done by an accredited financial investigator within "
WS-01,ukpga/1998/42,section-6-1,whole-act,text,primary,ukpga/2012/21,http://www.legislation.gov.uk/id/ukpga/2012/21,schedule-2-paragraph-7,true,http://www.legislation.gov.uk/id/ukpga/1998/42,"(1) does not apply—aif the act or omission is shown to have been in bad faith, orbso as to prevent an award of damages made in respect of an act or omission on the ground that the act or omission was unlawful as a result of section 6(1) of the Human Rights Act 1998","ber><P3para><Text>if the act or omission is shown to have been in bad faith, or</Text></P3para></P3><P3><Pnumber>b</Pnumber><P3para><Text>so as to prevent an award of damages made in respect of an act or omission on the ground that the act or omission was unlawful as a result of section 6(1) of the Human Rights Act 1998.</Text></P3para></P3></P2para></P2></P1para></P1></Pblock><Pblock><Title><Emphasis>Accredited financial investigators</Emphasis></Title><P1><Pnumber PuncAfter="""">26</Pnumber><P1para><Text>For the purposes of this Act anything done by an accredited financial investigator within "
WS-01,ukpga/1998/42,section-6-1,whole-act,text,primary,ukpga/2012/21,http://www.legislation.gov.uk/id/ukpga/2012/21,schedule-6-paragraph-19,true,http://www.legislation.gov.uk/id/ukpga/1998/42,"person is not liable for damages in respect of action or inaction in accordance with directions.6The immunity does not extend to action or inaction—ain bad faith, orbin contravention of section 6(1) of the Human Rights Act 1998","in accordance with directions.</Text></P2para></P2><P2><Pnumber>6</Pnumber><P2para><Text>The immunity does not extend to action or inaction—</Text><P3><Pnumber>a</Pnumber><P3para><Text>in bad faith, or</Text></P3para></P3><P3><Pnumber>b</Pnumber><P3para><Text>in contravention of section 6(1) of the Human Rights Act 1998.</Text></P3para></P3></P2para></P2></P1para></P1></Pblock></Part><Part><Number>
                    <Strong>PART 4</Strong>
                  </Number><Title>Fees</Title><P1><Pnumber PuncAfter="""">36</Pnumber><P1para><P2><Pnumber>1</Pnumber><P2para><Text>The Bank of England may,"
WS-01,ukpga/1998/42,section-6-1,whole-act,text,primary,ukpga/2012/21,http://www.legislation.gov.uk/id/ukpga/2012/21,section-104,true,http://www.legislation.gov.uk/id/ukpga/1998/42,"subject to annulment in pursuance of a resolution of either House of Parliament.7An immunity conferred by or under this section does not extend to action or inaction—ain bad faith, orbin contravention of section 6(1) of the Human Rights Act 1998","P3></P2para></P2><P2><Pnumber>7</Pnumber><P2para><Text>An immunity conferred by or under this section does not extend to action or inaction—</Text><P3><Pnumber>a</Pnumber><P3para><Text>in bad faith, or</Text></P3para></P3><P3><Pnumber>b</Pnumber><P3para><Text>in contravention of section 6(1) of the Human Rights Act 1998.</Text></P3para></P3></P2para></P2></P1para></P1></P1group></BlockAmendment></P2para></P2><P2 DocumentURI=""http://www.legislation.gov.uk/ukpga/2012/21/section/104/4"" IdURI=""http://www.legislation.gov.uk/id/ukpga/2012/21/section/104/4"" id=""section-104-4""><Pnumber>4</Pnumber><P2p"
WS-01,ukpga/1998/42,section-6-1,whole-act,text,primary,ukpga/2012/21,http://www.legislation.gov.uk/id/ukpga/2012/21,section-88,true,http://www.legislation.gov.uk/id/ukpga/1998/42,"bad faith, orbso as to prevent an award of damages made in respect of an act or omission on the ground that the act or omission was unlawful as a result of section 6(1) of the Human Rights Act 1998","ction/88/2/b"" IdURI=""http://www.legislation.gov.uk/id/ukpga/2012/21/section/88/2/b"" id=""section-88-2-b""><Pnumber>b</Pnumber><P3para><Text>so as to prevent an award of damages made in respect of an act or omission on the ground that the act or omission was unlawful as a result of section 6(1) of the Human Rights Act 1998.</Text></P3para></P3></P2para></P2></P1para></P1></P1group></Part><Part DocumentURI=""http://www.legislation.gov.uk/ukpga/2012/21/part/7"" IdURI=""http://www.legislation.gov.uk/id/ukpga/2012/21/part/7"" NumberOfProvisions=""7"" id=""part-7"" RestrictStartDate=""2024-01-01""><Number>
    "
WS-01,ukpga/1998/42,,whole-act,text,primary,ukpga/2013/18,http://www.legislation.gov.uk/id/ukpga/2013/18,section-14,true,http://www.legislation.gov.uk/id/ukpga/1998/42,"legislation, andan enactment contained in, or in an instrument made under, a Measure or Act of the National Assembly for Wales,“the Human Rights Convention” means the Convention within the meaning of the Human Rights Act 1998","t contained in, or in an instrument made under, a Measure or Act of the National Assembly for Wales,</Text></Para></ListItem></OrderedList></ListItem><ListItem><Para><Text>“<Term id=""term-the-human-rights-convention"">the Human Rights Convention</Term>” means the Convention within the meaning of the Human Rights Act 1998 (see section 21(1) of that Act),</Text></Para></ListItem><ListItem><Para><Text>“<Term id=""term-relevant-civil-proceedings"">relevant civil proceedings</Term>” has the meaning given by section 6(11),</Text></Para></ListItem><ListItem><Para><Text>“<Term id=""term-relevant-person"">r"
WS-01,ukpga/1998/42,section-6-1,whole-act,text,primary,ukpga/2013/19,http://www.legislation.gov.uk/id/ukpga/2013/19,schedule-1-paragraph-18,true,http://www.legislation.gov.uk/id/ukpga/1998/42,"id=""schedule-1-paragraph-18-2-b"">bso as to prevent an award of damages made in respect of an act or omission on the ground that the act or omission was unlawful as a result of section 6(1) of the Human Rights Act 1998","//www.legislation.gov.uk/id/ukpga/2013/19/schedule/1/paragraph/18/2/b"" id=""schedule-1-paragraph-18-2-b""><Pnumber>b</Pnumber><P3para><Text>so as to prevent an award of damages made in respect of an act or omission on the ground that the act or omission was unlawful as a result of section 6(1) of the Human Rights Act 1998.</Text></P3para></P3></P2para></P2></P1para></P1></Pblock></ScheduleBody></Schedule><Schedule DocumentURI=""http://www.legislation.gov.uk/ukpga/2013/19/schedule/2"" IdURI=""http://www.legislation.gov.uk/id/ukpga/2013/19/schedule/2"" NumberOfProvisions=""4"" id=""schedule-2"" RestrictSt"
WS-01,ukpga/1998/42,section-4-5,whole-act,text,primary,ukpga/2013/22,http://www.legislation.gov.uk/id/ukpga/2013/22,schedule-14-paragraph-5,true,http://www.legislation.gov.uk/id/ukpga/1998/42,of the court) for “or (e)” substitute “ to (q) ”.5In section 4(5) (f) of the Human Rights Act 1998,"          ”</InlineAmendment>.</Text></P2para></P2><P2 DocumentURI=""http://www.legislation.gov.uk/ukpga/2013/22/schedule/14/paragraph/5/5"" IdURI=""http://www.legislation.gov.uk/id/ukpga/2013/22/schedule/14/paragraph/5/5"" id=""schedule-14-paragraph-5-5""><Pnumber>5</Pnumber><P2para><Text>In section 4(5)(f) of the Human Rights Act 1998 (things done by certain judges in Court of Protection) for  “Vice-Chancellor” substitute <InlineAmendment>“
                    Chancellor of the High Court
                  ”</InlineAmendment>.</Text></P2para></P2></P1para></P1></Part><Part DocumentURI=""http://www."
WS-01,ukpga/1998/42,,whole-act,text,primary,ukpga/2013/22,http://www.legislation.gov.uk/id/ukpga/2013/22,schedule-20-paragraph-11,true,http://www.legislation.gov.uk/id/ukpga/1998/42,"Format=""default"">10Subsection (11) applies at all times after the Secretary of State issues a certificate under this section.11The Secretary of State is not to consider whether the extradition would be compatible with the Convention rights within the meaning of the Human Rights Act 1998","ction (11) applies at all times after the Secretary of State issues a certificate under this section.</Text></P2para></P2><P2><Pnumber>11</Pnumber><P2para><Text>The Secretary of State is not to consider whether the extradition would be compatible with the Convention rights within the meaning of the Human Rights Act 1998.</Text></P2para></P2></BlockAmendment><AppendText>.</AppendText></P1para></P1><P1 DocumentURI=""http://www.legislation.gov.uk/ukpga/2013/22/schedule/20/paragraph/12"" IdURI=""http://www.legislation.gov.uk/id/ukpga/2013/22/schedule/20/paragraph/12"" id=""schedule-20-paragraph-12"" Res"
WS-01,ukpga/1998/42,,whole-act,text,primary,ukpga/2013/22,http://www.legislation.gov.uk/id/ukpga/2013/22,schedule-20-paragraph-12,true,http://www.legislation.gov.uk/id/ukpga/1998/42,to consider the appeal.8In this section “appeal on human rights grounds” means an appeal against the order for the person's extradition on the grounds (and only on the grounds) that the extradition would not be compatible with the Convention rights within the meaning of the Human Rights Act 1998,"><Pnumber>8</Pnumber><P2para><Text>In this section  “<Term>appeal on human rights grounds</Term>” means an appeal against the order for the person's extradition on the grounds (and only on the grounds) that the extradition would not be compatible with the Convention rights within the meaning of the Human Rights Act 1998.</Text></P2para></P2></BlockAmendment></P1para></P1><P1 DocumentURI=""http://www.legislation.gov.uk/ukpga/2013/22/schedule/20/paragraph/13"" IdURI=""http://www.legislation.gov.uk/id/ukpga/2013/22/schedule/20/paragraph/13"" id=""schedule-20-paragraph-13"" RestrictStartDate=""2021-09-17"
WS-01,ukpga/1998/42,,whole-act,text,primary,ukpga/2013/22,http://www.legislation.gov.uk/id/ukpga/2013/22,schedule-20-paragraph-14,true,http://www.legislation.gov.uk/id/ukpga/1998/42,"id=""schedule-20-paragraph-14-2"">2For that purpose—“human rights representations” means representations that the extradition would not be compatible with the Convention rights within the meaning of the Human Rights Act 1998","or that purpose—</Text><UnorderedList Decoration=""none"" Class=""Definition""><ListItem><Para><Text>“<Term id=""term-human-rights-representations"">human rights representations</Term>” means representations that the extradition would not be compatible with the Convention rights within the meaning of the Human Rights Act 1998;</Text></Para></ListItem><ListItem><Para><Text>“<Term id=""term-relevant-period"">relevant period</Term>” means the period that—</Text></Para><OrderedList Type=""alpha"" Decoration=""parens""><ListItem NumberOverride=""a""><Para><Text>begins when the Secretary of State issues a certifi"
WS-01,ukpga/1998/42,section-6,whole-act,text,primary,ukpga/2013/22,http://www.legislation.gov.uk/id/ukpga/2013/22,section-54,true,http://www.legislation.gov.uk/id/ukpga/1998/42,under the Human Rights Convention.2EIn subsection (2D) “non-human-rights ground” means any ground other than the ground that removal of the person from the United Kingdom in consequence of the decision to make the deportation order would be unlawful under section 6 of the Human Rights Act 1998,"para></P2><P2><Pnumber>2E</Pnumber><P2para><Text>In subsection (2D)  “<Term>non-human-rights ground</Term>” means any ground other than the ground that removal of the person from the United Kingdom in consequence of the decision to make the deportation order would be unlawful under section 6 of the Human Rights Act 1998 as being incompatible with a person's Convention rights.</Text></P2para></P2><P2><Pnumber>2F</Pnumber><P2para><Text>If a certificate in respect of a person is given under subsection (2B), the person may apply to the Special Immigration Appeals Commission to set aside the certif"
WS-01,ukpga/1998/42,,whole-act,text,primary,ukpga/2013/25,http://www.legislation.gov.uk/id/ukpga/2013/25,schedule-8-paragraph-25,true,http://www.legislation.gov.uk/id/ukpga/1998/42,Human Rights Act 1998,"/ukpga/2013/25/schedule/8/crossheading/human-rights-act-1998-c-42"" IdURI=""http://www.legislation.gov.uk/id/ukpga/2013/25/schedule/8/crossheading/human-rights-act-1998-c-42"" NumberOfProvisions=""1"" id=""schedule-8-crossheading-human-rights-act-1998-c-42"" RestrictStartDate=""2014-04-01""><Title><Emphasis>Human Rights Act 1998 (c. 42)</Emphasis></Title><P1 DocumentURI=""http://www.legislation.gov.uk/ukpga/2013/25/schedule/8/paragraph/26"" IdURI=""http://www.legislation.gov.uk/id/ukpga/2013/25/schedule/8/paragraph/26"" id=""schedule-8-paragraph-26"" RestrictStartDate=""2014-04-01""><Pnumber PuncAfter=""""><Comm"
WS-01,ukpga/1998/42,schedule-4,whole-act,text,primary,ukpga/2013/25,http://www.legislation.gov.uk/id/ukpga/2013/25,schedule-8-paragraph-26,true,http://www.legislation.gov.uk/id/ukpga/1998/42,Rights Act 1998 (c. 42)26In Schedule 4 to the Human Rights Act 1998,"2013/25/schedule/8/paragraph/26"" IdURI=""http://www.legislation.gov.uk/id/ukpga/2013/25/schedule/8/paragraph/26"" id=""schedule-8-paragraph-26"" RestrictStartDate=""2014-04-01""><Pnumber PuncAfter=""""><CommentaryRef Ref=""key-REDACTED-CLML-COMMENTARY-HANDLE""/>26</Pnumber><P1para><Text>In Schedule 4 to the Human Rights Act 1998 (judicial pensions), in the definition of  “pensions Act” in paragraph 4, after paragraph (d) (but before the final  “and”) there is inserted—</Text><BlockAmendment TargetClass=""unknown"" TargetSubClass=""unknown"" Context=""schedule"" Format=""default""><P3><Pnumber>e</Pnumber><P3par"
WS-01,ukpga/1998/42,section-6-1,whole-act,text,primary,ukpga/2013/32,http://www.legislation.gov.uk/id/ukpga/2013/32,section-63,true,http://www.legislation.gov.uk/id/ukpga/1998/42,"id=""section-63-3-a"">ais shown to be in bad faith;bis unlawful by virtue of section 6(1) of the Human Rights Act 1998","Text>is shown to be in bad faith;</Text></P3para></P3><P3 DocumentURI=""http://www.legislation.gov.uk/ukpga/2013/32/section/63/3/b"" IdURI=""http://www.legislation.gov.uk/id/ukpga/2013/32/section/63/3/b"" id=""section-63-3-b""><Pnumber>b</Pnumber><P3para><Text>is unlawful by virtue of section 6(1) of the Human Rights Act 1998 (public authorities not to act incompatibly with convention rights);</Text></P3para></P3><P3 DocumentURI=""http://www.legislation.gov.uk/ukpga/2013/32/section/63/3/c"" IdURI=""http://www.legislation.gov.uk/id/ukpga/2013/32/section/63/3/c"" id=""section-63-3-c""><Pnumber>c</Pnumber><P"
WS-01,ukpga/1998/42,section-8,whole-act,text,primary,ukpga/2013/33,http://www.legislation.gov.uk/id/ukpga/2013/33,schedule-2-paragraph-4,true,http://www.legislation.gov.uk/id/ukpga/1998/42,"of England, orbto be determined by the Bank of England and paid by the bank.3A bail-in administrator is not liable for damages in respect of anything done in good faith for the purposes of or in connection with the functions of the office (subject to section 8 of the Human Rights Act 1998","ank of England and paid by the bank.</Text></P3para></P3></P2para></P2><P2><Pnumber>3</Pnumber><P2para><Text>A bail-in administrator is not liable for damages in respect of anything done in good faith for the purposes of or in connection with the functions of the office (subject to section 8 of the Human Rights Act 1998).</Text></P2para></P2></P1para></P1></P1group><P1group><Title>Powers in relation to securities</Title><P1><Pnumber PuncAfter="""">48L</Pnumber><P1para><P2><Pnumber>1</Pnumber><P2para><Text>A resolution instrument may—</Text><P3><Pnumber>a</Pnumber><P3para><Text>cancel or modify a"
WS-01,ukpga/1998/42,section-6-1,whole-act,text,primary,ukpga/2013/33,http://www.legislation.gov.uk/id/ukpga/2013/33,schedule-4-paragraph-14,true,http://www.legislation.gov.uk/id/ukpga/1998/42,"id=""schedule-4-paragraph-14-4-b"">bso as to prevent an award of damages made in respect of an act or omission on the ground that the act or omission was unlawful as a result of section 6(1) of the Human Rights Act 1998","//www.legislation.gov.uk/id/ukpga/2013/33/schedule/4/paragraph/14/4/b"" id=""schedule-4-paragraph-14-4-b""><Pnumber>b</Pnumber><P3para><Text>so as to prevent an award of damages made in respect of an act or omission on the ground that the act or omission was unlawful as a result of section 6(1) of the Human Rights Act 1998.</Text></P3para></P3></P2para></P2></P1para></P1></Pblock><Pblock DocumentURI=""http://www.legislation.gov.uk/ukpga/2013/33/schedule/4/crossheading/engagement-with-parliamentary-committees"" IdURI=""http://www.legislation.gov.uk/id/ukpga/2013/33/schedule/4/crossheading/engagement-"
WS-01,ukpga/1998/42,section-6-1,whole-act,text,primary,ukpga/2013/33,http://www.legislation.gov.uk/id/ukpga/2013/33,section-120,true,http://www.legislation.gov.uk/id/ukpga/1998/42,"id=""section-120-7-a"">ain bad faith, orbin contravention of section 6(1) of the Human Rights Act 1998","mber><P3para><Text>in bad faith, or</Text></P3para></P3><P3 DocumentURI=""http://www.legislation.gov.uk/ukpga/2013/33/section/120/7/b"" IdURI=""http://www.legislation.gov.uk/id/ukpga/2013/33/section/120/7/b"" id=""section-120-7-b""><Pnumber>b</Pnumber><P3para><Text>in contravention of section 6(1) of the Human Rights Act 1998.</Text></P3para></P3></P2para></P2><P2 DocumentURI=""http://www.legislation.gov.uk/ukpga/2013/33/section/120/8"" IdURI=""http://www.legislation.gov.uk/id/ukpga/2013/33/section/120/8"" id=""section-120-8""><Pnumber>8</Pnumber><P2para><Text>This section does not limit the powers confer"
WS-01,ukpga/1998/42,section-21-1,whole-act,text,primary,ukpga/2014/12,http://www.legislation.gov.uk/id/ukpga/2014/12,schedule-11-paragraph-121,true,http://www.legislation.gov.uk/id/ukpga/1998/42,"id=""schedule-11-paragraph-121-2"">2After subsection (10) there is inserted—10AHuman Rights Convention” has the meaning given to “the Convention” by section 21(1) of the Human Rights Act 1998",">2</Pnumber><P2para><Text>After subsection (10) there is inserted—</Text><BlockAmendment TargetClass=""primary"" TargetSubClass=""unknown"" Context=""main"" Format=""default""><P2><Pnumber>10A</Pnumber><P2para><Text>Human Rights Convention” has the meaning given to  “the Convention” by section 21(1) of the Human Rights Act 1998.</Text></P2para></P2></BlockAmendment></P2para></P2><P2 DocumentURI=""http://www.legislation.gov.uk/ukpga/2014/12/schedule/11/paragraph/121/3"" IdURI=""http://www.legislation.gov.uk/id/ukpga/2014/12/schedule/11/paragraph/121/3"" id=""schedule-11-paragraph-121-3""><Pnumber>3</Pnumber>"
WS-01,ukpga/1998/42,,whole-act,text,primary,ukpga/2014/12,http://www.legislation.gov.uk/id/ukpga/2014/12,schedule-11-paragraph-18,true,http://www.legislation.gov.uk/id/ukpga/1998/42,"IdURI=""http://www.legislation.gov.uk/id/ukpga/2014/12/schedule/11/paragraph/18/2"" id=""schedule-11-paragraph-18-2"">2In subsection (3), after “below” there is inserted “ (and to any available defence based on the tenant's Convention rights, within the meaning of the Human Rights Act 1998","d/ukpga/2014/12/schedule/11/paragraph/18/2"" id=""schedule-11-paragraph-18-2""><Pnumber>2</Pnumber><P2para><Text>In subsection (3), after  “below” there is inserted <InlineAmendment>“
                      (and to any available defence based on the tenant's Convention rights, within the meaning of the Human Rights Act 1998)
                    ”</InlineAmendment>.</Text></P2para></P2><P2 DocumentURI=""http://www.legislation.gov.uk/ukpga/2014/12/schedule/11/paragraph/18/3"" IdURI=""http://www.legislation.gov.uk/id/ukpga/2014/12/schedule/11/paragraph/18/3"" id=""schedule-11-paragraph-18-3""><Pnumber>3</P"
WS-01,ukpga/1998/42,,whole-act,text,primary,ukpga/2014/12,http://www.legislation.gov.uk/id/ukpga/2014/12,section-157,true,http://www.legislation.gov.uk/id/ukpga/1998/42,"judge is required to proceed under this section (by virtue of section 11), the judge must decide both of the following questions in respect of the extradition of the person (“D”)—awhether the extradition would be compatible with the Convention rights within the meaning of the Human Rights Act 1998","proceed under this section (by virtue of section 11), the judge must decide both of the following questions in respect of the extradition of the person (“D”)—</Text><P3><Pnumber>a</Pnumber><P3para><Text>whether the extradition would be compatible with the Convention rights within the meaning of the Human Rights Act 1998;</Text></P3para></P3><P3><Pnumber>b</Pnumber><P3para><Text>whether the extradition would be disproportionate.</Text></P3para></P3></P2para></P2><P2><Pnumber>2</Pnumber><P2para><Text>In deciding whether the extradition would be disproportionate, the judge must take into account "
WS-01,ukpga/1998/42,section-21-1,whole-act,text,primary,ukpga/2014/12,http://www.legislation.gov.uk/id/ukpga/2014/12,section-34,true,http://www.legislation.gov.uk/id/ukpga/1998/42,"id=""section-34-3"">3In deciding whether to give such an authorisation an officer must have particular regard to the rights of freedom of expression and freedom of assembly set out in articles 10 and 11 of the Convention.“Convention” has the meaning given by section 21(1) of the Human Rights Act 1998","give such an authorisation an officer must have particular regard to the rights of freedom of expression and freedom of assembly set out in articles 10 and 11 of the Convention.</Text></P2para><P2para><Text>“<Term id=""term-convention"">Convention</Term>” has the meaning given by section 21(1) of the Human Rights Act 1998.</Text></P2para></P2><P2 DocumentURI=""http://www.legislation.gov.uk/ukpga/2014/12/section/34/4"" IdURI=""http://www.legislation.gov.uk/id/ukpga/2014/12/section/34/4"" id=""section-34-4""><Pnumber>4</Pnumber><P2para><Text>An authorisation under this section—</Text><P3 DocumentURI=""ht"
WS-01,ukpga/1998/42,section-21-1,whole-act,text,primary,ukpga/2014/12,http://www.legislation.gov.uk/id/ukpga/2014/12,section-36,true,http://www.legislation.gov.uk/id/ukpga/1998/42,deciding whether to give a direction under section 35 a constable must have particular regard to the rights of freedom of expression and freedom of assembly set out in articles 10 and 11 of the Convention.“Convention” has the meaning given by section 21(1) of the Human Rights Act 1998,"irection under section 35 a constable must have particular regard to the rights of freedom of expression and freedom of assembly set out in articles 10 and 11 of the Convention.</Text></P2para><P2para><Text>“<Term id=""term-convention"">Convention</Term>” has the meaning given by section 21(1) of the Human Rights Act 1998.</Text></P2para></P2></P1para></P1></P1group><P1group RestrictStartDate=""2014-10-20""><Title>Surrender of property</Title><P1 DocumentURI=""http://www.legislation.gov.uk/ukpga/2014/12/section/37"" IdURI=""http://www.legislation.gov.uk/id/ukpga/2014/12/section/37"" id=""section-37""><P"
WS-01,ukpga/1998/42,section-6-1,whole-act,text,primary,ukpga/2014/12,http://www.legislation.gov.uk/id/ukpga/2014/12,section-54,true,http://www.legislation.gov.uk/id/ukpga/1998/42,(1) and (2) do not apply so as to prevent an award of damages made in respect of an act or omission on the ground that the act or omission was unlawful by virtue of section 6(1) of the Human Rights Act 1998,".legislation.gov.uk/id/ukpga/2014/12/section/54/4"" id=""section-54-4""><Pnumber>4</Pnumber><P2para><Text>Subsections (1) and (2) do not apply so as to prevent an award of damages made in respect of an act or omission on the ground that the act or omission was unlawful by virtue of section 6(1) of the Human Rights Act 1998.</Text></P2para></P2><P2 DocumentURI=""http://www.legislation.gov.uk/ukpga/2014/12/section/54/5"" IdURI=""http://www.legislation.gov.uk/id/ukpga/2014/12/section/54/5"" id=""section-54-5""><Pnumber>5</Pnumber><P2para><Text>This section does not affect any other exemption from liabilit"
WS-01,ukpga/1998/42,section-21-1,whole-act,text,primary,ukpga/2014/12,http://www.legislation.gov.uk/id/ukpga/2014/12,section-72,true,http://www.legislation.gov.uk/id/ukpga/1998/42,freedom of assembly set out in articles 10 and 11 of the Convention.2In subsection (1) “Convention” has the meaning given by section 21(1) of the Human Rights Act 1998,"umentURI=""http://www.legislation.gov.uk/ukpga/2014/12/section/72/2"" IdURI=""http://www.legislation.gov.uk/id/ukpga/2014/12/section/72/2"" id=""section-72-2""><Pnumber>2</Pnumber><P2para><Text>In subsection (1)  “<Term id=""term-convention"">Convention</Term>” has the meaning given by section 21(1) of the Human Rights Act 1998.</Text></P2para></P2><P2 DocumentURI=""http://www.legislation.gov.uk/ukpga/2014/12/section/72/3"" IdURI=""http://www.legislation.gov.uk/id/ukpga/2014/12/section/72/3"" id=""section-72-3""><Pnumber>3</Pnumber><P2para><Text>A local authority must carry out the necessary consultation an"
WS-01,ukpga/1998/42,section-21-1,whole-act,text,primary,ukpga/2014/12,http://www.legislation.gov.uk/id/ukpga/2014/12,section-72A,true,http://www.legislation.gov.uk/id/ukpga/1998/42,"id=""section-72A-2"">2In subsection (1) “Convention” has the meaning given by section 21(1) of the Human Rights Act 1998","1511533"" CommentaryRef=""key-REDACTED-CLML-COMMENTARY-HANDLE"">2</Addition></Pnumber><P2para><Text><Addition ChangeId=""key-REDACTED-CLML-COMMENTARY-HANDLE-1657301511533"" CommentaryRef=""key-REDACTED-CLML-COMMENTARY-HANDLE"">In subsection (1) “Convention” has the meaning given by section 21(1) of the Human Rights Act 1998.</Addition></Text></P2para></P2><P2 DocumentURI=""http://www.legislation.gov.uk/ukpga/2014/12/section/72A/3"" IdURI=""http://www.legislation.gov.uk/id/ukpga/2014/12/section/72A/3"" id=""section-72A-3""><Pnumber><Addition ChangeId=""key-REDACTED-CLML-COMMENTARY-HANDLE-1657301511533"" C"
WS-01,ukpga/1998/42,section-6-1,whole-act,text,primary,ukpga/2014/12,http://www.legislation.gov.uk/id/ukpga/2014/12,section-89,true,http://www.legislation.gov.uk/id/ukpga/1998/42,(1) and (2) do not apply so as to prevent an award of damages made in respect of an act or omission on the ground that the act or omission was unlawful by virtue of section 6(1) of the Human Rights Act 1998,".legislation.gov.uk/id/ukpga/2014/12/section/89/4"" id=""section-89-4""><Pnumber>4</Pnumber><P2para><Text>Subsections (1) and (2) do not apply so as to prevent an award of damages made in respect of an act or omission on the ground that the act or omission was unlawful by virtue of section 6(1) of the Human Rights Act 1998.</Text></P2para></P2><P2 DocumentURI=""http://www.legislation.gov.uk/ukpga/2014/12/section/89/5"" IdURI=""http://www.legislation.gov.uk/id/ukpga/2014/12/section/89/5"" id=""section-89-5""><Pnumber>5</Pnumber><P2para><Text>This section does not affect any other exemption from liabilit"
WS-01,ukpga/1998/42,,whole-act,text,primary,ukpga/2014/12,http://www.legislation.gov.uk/id/ukpga/2014/12,section-94,true,http://www.legislation.gov.uk/id/ukpga/1998/42,"is satisfied that any of the following conditions is met, it must make an order for the possession of a dwelling-house let under a secure tenancy.This is subject to subsection (2) (and to any available defence based on the tenant's Convention rights, within the meaning of the Human Rights Act 1998","sfied that any of the following conditions is met, it must make an order for the possession of a dwelling-house let under a secure tenancy.</Text></P2para><P2para><Text>This is subject to subsection (2) (and to any available defence based on the tenant's Convention rights, within the meaning of the Human Rights Act 1998).</Text></P2para></P2><P2><Pnumber>2</Pnumber><P2para><Text>Subsection (1) applies only where the landlord has complied with any obligations it has under section 85ZA (review of decision to seek possession).</Text></P2para></P2><P2><Pnumber>3</Pnumber><P2para><Text>Condition 1 "
WS-01,ukpga/1998/42,section-6-1,whole-act,text,primary,ukpga/2014/2,http://www.legislation.gov.uk/id/ukpga/2014/2,schedule-1B-paragraph-8,true,http://www.legislation.gov.uk/id/ukpga/1998/42,"CommentaryRef=""key-REDACTED-CLML-COMMENTARY-HANDLE"">bso as to prevent an award of damages in respect of the act or omission on the ground that it was unlawful as a result of section 6(1) of the Human Rights Act 1998","/Addition></Pnumber><P3para><Text><Addition ChangeId=""key-REDACTED-CLML-COMMENTARY-HANDLE-1780590455896"" CommentaryRef=""key-REDACTED-CLML-COMMENTARY-HANDLE"">so as to prevent an award of damages in respect of the act or omission on the ground that it was unlawful as a result of section 6(1) of the Human Rights Act 1998 (acts of public authorities incompatible with Convention rights).</Addition></Text></P3para></P3></P2para></P2></P1para></P1></P1group></ScheduleBody></Schedule><Schedule DocumentURI=""http://www.legislation.gov.uk/ukpga/2014/2/schedule/1C"" IdURI=""http://www.legislation.gov.uk/i"
WS-01,ukpga/1998/42,section-6,whole-act,text,primary,ukpga/2014/21,http://www.legislation.gov.uk/id/ukpga/2014/21,schedule-11-paragraph-2,true,http://www.legislation.gov.uk/id/ukpga/1998/42,"Competition and Markets Authority, orcany other public authority (within the meaning of section 6 of the Human Rights Act 1998","umentURI=""http://www.legislation.gov.uk/ukpga/2014/21/schedule/11/paragraph/2/9/c"" IdURI=""http://www.legislation.gov.uk/id/ukpga/2014/21/schedule/11/paragraph/2/9/c"" id=""schedule-11-paragraph-2-9-c""><Pnumber>c</Pnumber><P3para><Text>any other public authority (within the meaning of section 6 of the Human Rights Act 1998).</Text></P3para></P3></P2para></P2><P2 DocumentURI=""http://www.legislation.gov.uk/ukpga/2014/21/schedule/11/paragraph/2/10"" IdURI=""http://www.legislation.gov.uk/id/ukpga/2014/21/schedule/11/paragraph/2/10"" id=""schedule-11-paragraph-2-10""><Pnumber>10</Pnumber><P2para><Text>A se"
WS-01,ukpga/1998/42,section-6,whole-act,text,primary,ukpga/2014/22,http://www.legislation.gov.uk/id/ukpga/2014/22,schedule-9-paragraph-43,true,http://www.legislation.gov.uk/id/ukpga/1998/42,"subsection (2B), for the words from “breach” to the end substitute “ be unlawful under section 6 of the Human Rights Act 1998","/43/a"" IdURI=""http://www.legislation.gov.uk/id/ukpga/2014/22/schedule/9/paragraph/43/a"" id=""schedule-9-paragraph-43-a""><Pnumber>a</Pnumber><P3para><Text>in subsection (2B), for the words from  “breach” to the end substitute <InlineAmendment>“
                      be unlawful under section 6 of the Human Rights Act 1998 (public authority not to act contrary to Human Rights Convention)
                    ”</InlineAmendment>;</Text></P3para></P3><P3 DocumentURI=""http://www.legislation.gov.uk/ukpga/2014/22/schedule/9/paragraph/43/b"" IdURI=""http://www.legislation.gov.uk/id/ukpga/2014/22/schedule/"
WS-01,ukpga/1998/42,section-6,whole-act,text,primary,ukpga/2014/22,http://www.legislation.gov.uk/id/ukpga/2014/22,section-15,true,http://www.legislation.gov.uk/id/ukpga/1998/42,removal of the appellant from the United Kingdom would breach the United Kingdom's obligations in relation to persons eligible for a grant of humanitarian protection;cthat removal of the appellant from the United Kingdom would be unlawful under section 6 of the Human Rights Act 1998,lant from the United Kingdom would breach the United Kingdom's obligations in relation to persons eligible for a grant of humanitarian protection;</Text></P3para></P3><P3><Pnumber>c</Pnumber><P3para><Text>that removal of the appellant from the United Kingdom would be unlawful under section 6 of the Human Rights Act 1998 (public authority not to act contrary to Human Rights Convention).</Text></P3para></P3></P2para></P2><P2><Pnumber>2</Pnumber><P2para><Text>An appeal under section 82(1)(b) (refusal of human rights claim) must be brought on the ground that the decision is unlawful under section 
WS-01,ukpga/1998/42,section-6,whole-act,text,primary,ukpga/2014/22,http://www.legislation.gov.uk/id/ukpga/2014/22,section-15,true,http://www.legislation.gov.uk/id/ukpga/1998/42,would be unlawful under section 6 of the Human Rights Act 1998 (public authority not to act contrary to Human Rights Convention).2An appeal under section 82(1)(b) (refusal of human rights claim) must be brought on the ground that the decision is unlawful under section 6 of the Human Rights Act 1998,hts Act 1998 (public authority not to act contrary to Human Rights Convention).</Text></P3para></P3></P2para></P2><P2><Pnumber>2</Pnumber><P2para><Text>An appeal under section 82(1)(b) (refusal of human rights claim) must be brought on the ground that the decision is unlawful under section 6 of the Human Rights Act 1998.</Text></P2para></P2><P2><Pnumber>3</Pnumber><P2para><Text>An appeal under section 82(1)(c) (revocation of protection status) must be brought on one or more of the following grounds—</Text><P3><Pnumber>a</Pnumber><P3para><Text>that the decision to revoke the appellant's protect
WS-01,ukpga/1998/42,section-6,whole-act,text,primary,ukpga/2014/22,http://www.legislation.gov.uk/id/ukpga/2014/22,section-17,true,http://www.legislation.gov.uk/id/ukpga/1998/42,"that, despite the appeals process not having been begun or not having been exhausted, removal of P to the country or territory to which P is proposed to be removed, pending the outcome of an appeal in relation to P's claim, would not be unlawful under section 6 of the Human Rights Act 1998","e Secretary of State considers that, despite the appeals process not having been begun or not having been exhausted, removal of P to the country or territory to which P is proposed to be removed, pending the outcome of an appeal in relation to P's claim, would not be unlawful under section 6 of the Human Rights Act 1998 (public authority not to act contrary to Human Rights Convention).</Text></P2para></P2><P2><Pnumber>3</Pnumber><P2para><Text>The grounds upon which the Secretary of State may certify a claim under subsection (2) include (in particular) that P would not, before the appeals proce"
WS-01,ukpga/1998/42,section-6,whole-act,text,primary,ukpga/2014/22,http://www.legislation.gov.uk/id/ukpga/2014/22,section-19,true,http://www.legislation.gov.uk/id/ukpga/1998/42,"Part applies where a court or tribunal is required to determine whether a decision made under the Immigration Acts—abreaches a person's right to respect for private and family life under Article 8, andbas a result would be unlawful under section 6 of the Human Rights Act 1998","ermine whether a decision made under the Immigration Acts—</Text><P3><Pnumber>a</Pnumber><P3para><Text>breaches a person's right to respect for private and family life under Article 8, and</Text></P3para></P3><P3><Pnumber>b</Pnumber><P3para><Text>as a result would be unlawful under section 6 of the Human Rights Act 1998.</Text></P3para></P3></P2para></P2><P2><Pnumber>2</Pnumber><P2para><Text>In considering the public interest question, the court or tribunal must (in particular) have regard—</Text><P3><Pnumber>a</Pnumber><P3para><Text>in all cases, to the considerations listed in section 117B, "
WS-01,ukpga/1998/42,,whole-act,text,primary,ukpga/2014/23,http://www.legislation.gov.uk/id/ukpga/2014/23,section-72B,true,http://www.legislation.gov.uk/id/ukpga/1998/42,"application, by a mandatory order. Miscellaneous Human Rights Act 1998","><Pblock DocumentURI=""http://www.legislation.gov.uk/ukpga/2014/23/part/1/crossheading/miscellaneous"" IdURI=""http://www.legislation.gov.uk/id/ukpga/2014/23/part/1/crossheading/miscellaneous"" NumberOfProvisions=""8"" id=""part-1-crossheading-miscellaneous"" RestrictStartDate=""2022-07-01""><Title><Emphasis>Miscellaneous</Emphasis></Title><P1group RestrictExtent=""E+W+S+N.I."" RestrictStartDate=""2018-04-02""><Title><CommentaryRef Ref=""key-REDACTED-CLML-COMMENTARY-HANDLE""/><CommentaryRef Ref=""key-REDACTED-CLML-COMMENTARY-HANDLE""/>Human Rights Act 1998: provision of regulated care or support <Abbreviation"
WS-01,ukpga/1998/42,section-6-3,whole-act,text,primary,ukpga/2014/23,http://www.legislation.gov.uk/id/ukpga/2014/23,section-73,true,http://www.legislation.gov.uk/id/ukpga/1998/42,"above, and “the provider” means the person who provides the care or support.2The provider is to be taken for the purposes of section 6(3) (b) of the Human Rights Act 1998","des the care or support.</Text></P2para></P2><P2 DocumentURI=""http://www.legislation.gov.uk/ukpga/2014/23/section/73/2"" IdURI=""http://www.legislation.gov.uk/id/ukpga/2014/23/section/73/2"" id=""section-73-2""><Pnumber>2</Pnumber><P2para><Text>The provider is to be taken for the purposes of section 6(3)(b) of the Human Rights Act 1998 (acts of public authorities) to be exercising a function of a public nature in providing the care or support, if the requirements of subsection (3) are met.</Text></P2para></P2><P2 DocumentURI=""http://www.legislation.gov.uk/ukpga/2014/23/section/73/3"" IdURI=""http://w"
WS-01,ukpga/1998/42,section-6,whole-act,text,primary,ukpga/2015/15,http://www.legislation.gov.uk/id/ukpga/2015/15,schedule-3-paragraph-8,true,http://www.legislation.gov.uk/id/ukpga/1998/42,House of Parliament.8In this paragraph “public authority” has the same meaning as in section 6 of the Human Rights Act 1998,"2015/15/schedule/3/paragraph/8/8"" IdURI=""http://www.legislation.gov.uk/id/ukpga/2015/15/schedule/3/paragraph/8/8"" id=""schedule-3-paragraph-8-8""><Pnumber>8</Pnumber><P2para><Text>In this paragraph  “<Term id=""term-public-authority"">public authority</Term>” has the same meaning as in section 6 of the Human Rights Act 1998.</Text></P2para></P2></P1para></P1></Pblock><Pblock DocumentURI=""http://www.legislation.gov.uk/ukpga/2015/15/schedule/3/crossheading/other-definitions"" IdURI=""http://www.legislation.gov.uk/id/ukpga/2015/15/schedule/3/crossheading/other-definitions"" NumberOfProvisions=""1"" id=""sc"
WS-01,ukpga/1998/42,section-6,whole-act,text,primary,ukpga/2015/15,http://www.legislation.gov.uk/id/ukpga/2015/15,schedule-5-paragraph-6,true,http://www.legislation.gov.uk/id/ukpga/1998/42,"3 (persons or bodies that may enforce provisions about unfair contract terms), andbis a public authority within the meaning of section 6 of the Human Rights Act 1998","ra></P3><P3 DocumentURI=""http://www.legislation.gov.uk/ukpga/2015/15/schedule/5/paragraph/6/b"" IdURI=""http://www.legislation.gov.uk/id/ukpga/2015/15/schedule/5/paragraph/6/b"" id=""schedule-5-paragraph-6-b""><Pnumber>b</Pnumber><P3para><Text>is a public authority within the meaning of section 6 of the Human Rights Act 1998.</Text></P3para></P3></P1para></P1></Pblock><Pblock DocumentURI=""http://www.legislation.gov.uk/ukpga/2015/15/schedule/5/part/1/crossheading/officers"" IdURI=""http://www.legislation.gov.uk/id/ukpga/2015/15/schedule/5/part/1/crossheading/officers"" NumberOfProvisions=""1"" id=""schedu"
WS-01,ukpga/1998/42,section-6-1,whole-act,text,primary,ukpga/2015/26,http://www.legislation.gov.uk/id/ukpga/2015/26,schedule-1-paragraph-18,true,http://www.legislation.gov.uk/id/ukpga/1998/42,"id=""schedule-1-paragraph-18-2-b"">bso as to prevent an award of damages made in respect of an act or omission on the ground that the act or omission was unlawful as a result of section 6(1) of the Human Rights Act 1998","//www.legislation.gov.uk/id/ukpga/2015/26/schedule/1/paragraph/18/2/b"" id=""schedule-1-paragraph-18-2-b""><Pnumber>b</Pnumber><P3para><Text>so as to prevent an award of damages made in respect of an act or omission on the ground that the act or omission was unlawful as a result of section 6(1) of the Human Rights Act 1998.</Text></P3para></P3></P2para></P2></P1para></P1></Pblock></Part><Part DocumentURI=""http://www.legislation.gov.uk/ukpga/2015/26/schedule/1/part/2"" IdURI=""http://www.legislation.gov.uk/id/ukpga/2015/26/schedule/1/part/2"" NumberOfProvisions=""4"" id=""schedule-1-part-2"" RestrictStar"
WS-01,ukpga/1998/42,section-6-1,whole-act,text,primary,ukpga/2015/26,http://www.legislation.gov.uk/id/ukpga/2015/26,section-38,true,http://www.legislation.gov.uk/id/ukpga/1998/42,"(3) does not apply—aif the act or omission is shown to have been in bad faith, orbso as to prevent an award of damages in respect of the act or omission on the grounds that it was unlawful as a result of section 6(1) of the Human Rights Act 1998","<P3><Pnumber>a</Pnumber><P3para><Text>if the act or omission is shown to have been in bad faith, or</Text></P3para></P3><P3><Pnumber>b</Pnumber><P3para><Text>so as to prevent an award of damages in respect of the act or omission on the grounds that it was unlawful as a result of section 6(1) of the Human Rights Act 1998 (acts of public authorities incompatible with Convention rights).</Text></P3para></P3></P2para></P2><P2><Pnumber>5</Pnumber><P2para><Text>In this section—</Text><UnorderedList Decoration=""none"" Class=""Definition""><ListItem><Para><Text>“<Term>section 16(2) activities</Term>” mea"
WS-01,ukpga/1998/42,section-6,whole-act,text,primary,ukpga/2015/30,http://www.legislation.gov.uk/id/ukpga/2015/30,section-56,true,http://www.legislation.gov.uk/id/ukpga/1998/42,“immigration officer” means a person appointed as an immigration officer under paragraph 1 of Schedule 2 to the Immigration Act 1971; “public authority” means any public authority within the meaning of section 6 of the Human Rights Act 1998,"cer</Term>” means a person appointed as an immigration officer under paragraph 1 of Schedule 2 to the Immigration Act 1971;</Text>
</Para>
</ListItem>
<ListItem>
<Para>
<Text>“<Term id=""term-public-authority"">public authority</Term>” means any public authority within the meaning of section 6 of the Human Rights Act 1998, other than a court or tribunal;</Text>
</Para>
</ListItem>
<ListItem>
<Para>
<Text>“<Term id=""term-uk-national"">UK national</Term>” has the meaning given by section 13.</Text>
</Para>
</ListItem>
</UnorderedList>
</P2para>
</P2>
</P1para>
</P1>
</P1group>
<P1group RestrictStar"
WS-01,ukpga/1998/42,,whole-act,text,primary,ukpga/2015/6,http://www.legislation.gov.uk/id/ukpga/2015/6,schedule-3-paragraph-5,true,http://www.legislation.gov.uk/id/ukpga/1998/42,Rights Convention.2The “Human Rights Convention” means the Convention within the meaning of the Human Rights Act 1998,"015/6/schedule/3/paragraph/5/2"" IdURI=""http://www.legislation.gov.uk/id/ukpga/2015/6/schedule/3/paragraph/5/2"" id=""schedule-3-paragraph-5-2""><Pnumber>2</Pnumber><P2para><Text>The  “<Term id=""term-human-rights-convention"">Human Rights Convention</Term>” means the Convention within the meaning of the Human Rights Act 1998 (see section 21(1) of that Act).</Text></P2para></P2></P1para></P1></Pblock><Pblock DocumentURI=""http://www.legislation.gov.uk/ukpga/2015/6/schedule/3/crossheading/rules-of-court-anonymity"" IdURI=""http://www.legislation.gov.uk/id/ukpga/2015/6/schedule/3/crossheading/rules-of-co"
WS-01,ukpga/1998/42,section-6,whole-act,text,primary,ukpga/2015/7,http://www.legislation.gov.uk/id/ukpga/2015/7,section-8,true,http://www.legislation.gov.uk/id/ukpga/1998/42,"rights and liabilities of the strategic highways company and the authorised person as between one another,bdoes not make the strategic highways company liable under section 6 of the Human Rights Act 1998","another,</Text></P3para></P3><P3 DocumentURI=""http://www.legislation.gov.uk/ukpga/2015/7/section/8/3/b"" IdURI=""http://www.legislation.gov.uk/id/ukpga/2015/7/section/8/3/b"" id=""section-8-3-b""><Pnumber>b</Pnumber><P3para><Text>does not make the strategic highways company liable under section 6 of the Human Rights Act 1998 in respect of any act (within the meaning of that section) of the authorised person or an employee of the authorised person if the act is of a private nature,</Text></P3para></P3><P3 DocumentURI=""http://www.legislation.gov.uk/ukpga/2015/7/section/8/3/c"" IdURI=""http://www.legisl"
WS-01,ukpga/1998/42,section-6-1,whole-act,text,primary,ukpga/2016/12,http://www.legislation.gov.uk/id/ukpga/2016/12,schedule-1-paragraph-17,true,http://www.legislation.gov.uk/id/ukpga/1998/42,"id=""schedule-1-paragraph-17-2-b"">bso as to prevent an award of damages made in respect of an act or omission on the ground that the act or omission was unlawful as a result of section 6(1) of the Human Rights Act 1998","//www.legislation.gov.uk/id/ukpga/2016/12/schedule/1/paragraph/17/2/b"" id=""schedule-1-paragraph-17-2-b""><Pnumber>b</Pnumber><P3para><Text>so as to prevent an award of damages made in respect of an act or omission on the ground that the act or omission was unlawful as a result of section 6(1) of the Human Rights Act 1998 (acts of public authorities).</Text></P3para></P3></P2para></P2></P1para></P1></Pblock><Pblock DocumentURI=""http://www.legislation.gov.uk/ukpga/2016/12/schedule/1/crossheading/parliamentary-commissioner-act-1967"" IdURI=""http://www.legislation.gov.uk/id/ukpga/2016/12/schedule/1/"
WS-01,ukpga/1998/42,section-1,whole-act,text,primary,ukpga/2016/19,http://www.legislation.gov.uk/id/ukpga/2016/19,schedule-10-paragraph-2,true,http://www.legislation.gov.uk/id/ukpga/1998/42,"id=""schedule-10-paragraph-2-10"" RestrictStartDate=""2022-08-31"">10In this Schedule “Convention rights” is to be construed in accordance with section 1 of the Human Rights Act 1998","""2022-08-31""><Pnumber><CommentaryRef Ref=""key-REDACTED-CLML-COMMENTARY-HANDLE""/><CommentaryRef Ref=""key-REDACTED-CLML-COMMENTARY-HANDLE""/>10</Pnumber><P2para><Text>In this Schedule  “<Term id=""term-convention-rights"">Convention rights</Term>” is to be construed in accordance with section 1 of the Human Rights Act 1998.</Text></P2para></P2><P2 DocumentURI=""http://www.legislation.gov.uk/ukpga/2016/19/schedule/10/paragraph/2/11"" IdURI=""http://www.legislation.gov.uk/id/ukpga/2016/19/schedule/10/paragraph/2/11"" id=""schedule-10-paragraph-2-11"" RestrictStartDate=""2018-01-15""><Pnumber><CommentaryRef"
WS-01,ukpga/1998/42,section-6-1,whole-act,text,primary,ukpga/2016/19,http://www.legislation.gov.uk/id/ukpga/2016/19,schedule-6-paragraph-14,true,http://www.legislation.gov.uk/id/ukpga/1998/42,"id=""schedule-6-paragraph-14-3"">3Sub-paragraph (1) does not apply so as to prevent an award of damages made in respect of an act or omission on the ground that the act or omission was unlawful by virtue of section 6(1) of the Human Rights Act 1998","/ukpga/2016/19/schedule/6/paragraph/14/3"" id=""schedule-6-paragraph-14-3""><Pnumber>3</Pnumber><P2para><Text>Sub-paragraph (1) does not apply so as to prevent an award of damages made in respect of an act or omission on the ground that the act or omission was unlawful by virtue of section 6(1) of the Human Rights Act 1998.</Text></P2para></P2><P2 DocumentURI=""http://www.legislation.gov.uk/ukpga/2016/19/schedule/6/paragraph/14/4"" IdURI=""http://www.legislation.gov.uk/id/ukpga/2016/19/schedule/6/paragraph/14/4"" id=""schedule-6-paragraph-14-4""><Pnumber>4</Pnumber><P2para><Text>This paragraph does not"
WS-01,ukpga/1998/42,section-6-1,whole-act,text,primary,ukpga/2016/2,http://www.legislation.gov.uk/id/ukpga/2016/2,section-25,true,http://www.legislation.gov.uk/id/ukpga/1998/42,(1) does not apply so as to prevent an award of damages made in respect of an act or omission on the ground that the act or omission was unlawful by virtue of section 6(1) of the Human Rights Act 1998,"tp://www.legislation.gov.uk/id/ukpga/2016/2/section/25/3"" id=""section-25-3""><Pnumber>3</Pnumber><P2para><Text>Subsection (1) does not apply so as to prevent an award of damages made in respect of an act or omission on the ground that the act or omission was unlawful by virtue of section 6(1) of the Human Rights Act 1998.</Text></P2para></P2><P2 DocumentURI=""http://www.legislation.gov.uk/ukpga/2016/2/section/25/4"" IdURI=""http://www.legislation.gov.uk/id/ukpga/2016/2/section/25/4"" id=""section-25-4""><Pnumber>4</Pnumber><P2para><Text>This section does not affect any other exemption from liability "
WS-01,ukpga/1998/42,,whole-act,text,primary,ukpga/2016/25,http://www.legislation.gov.uk/id/ukpga/2016/25,section-1,true,http://www.legislation.gov.uk/id/ukpga/1998/42,"IdURI=""http://www.legislation.gov.uk/id/ukpga/2016/25/section/1/5/b"" id=""section-1-5-b"">balso exist—iby virtue of the Human Rights Act 1998","/1/5/b"" id=""section-1-5-b""><Pnumber>b</Pnumber><P3para><Text>also exist—</Text><P4 DocumentURI=""http://www.legislation.gov.uk/ukpga/2016/25/section/1/5/b/i"" IdURI=""http://www.legislation.gov.uk/id/ukpga/2016/25/section/1/5/b/i"" id=""section-1-5-b-i""><Pnumber>i</Pnumber><P4para><Text>by virtue of the Human Rights Act 1998,</Text></P4para></P4><P4 DocumentURI=""http://www.legislation.gov.uk/ukpga/2016/25/section/1/5/b/ii"" IdURI=""http://www.legislation.gov.uk/id/ukpga/2016/25/section/1/5/b/ii"" id=""section-1-5-b-ii""><Pnumber><Substitution ChangeId=""key-REDACTED-CLML-COMMENTARY-HANDLE-1531136564970"""
WS-01,ukpga/1998/42,,whole-act,text,primary,ukpga/2016/25,http://www.legislation.gov.uk/id/ukpga/2016/25,section-2,true,http://www.legislation.gov.uk/id/ukpga/1998/42,"id=""section-2-4-c-ii"">iiwhether it is necessary to act for a purpose provided for by this Act,dthe requirements of the Human Rights Act 1998","act for a purpose provided for by this Act,</Text></P4para></P4></P3para></P3><P3 DocumentURI=""http://www.legislation.gov.uk/ukpga/2016/25/section/2/4/d"" IdURI=""http://www.legislation.gov.uk/id/ukpga/2016/25/section/2/4/d"" id=""section-2-4-d""><Pnumber>d</Pnumber><P3para><Text>the requirements of the Human Rights Act 1998, and</Text></P3para></P3><P3 DocumentURI=""http://www.legislation.gov.uk/ukpga/2016/25/section/2/4/e"" IdURI=""http://www.legislation.gov.uk/id/ukpga/2016/25/section/2/4/e"" id=""section-2-4-e""><Pnumber>e</Pnumber><P3para><Text>other requirements of public law.</Text></P3para></P3><"
WS-01,ukpga/1998/42,,whole-act,text,primary,ukpga/2016/25,http://www.legislation.gov.uk/id/ukpga/2016/25,section-231,true,http://www.legislation.gov.uk/id/ukpga/1998/42,the fact that there has been a breach of a person's Convention rights (within the meaning of the Human Rights Act 1998,"slation.gov.uk/id/ukpga/2016/25/section/231/3"" id=""section-231-3"" RestrictStartDate=""2018-06-27""><Pnumber><CommentaryRef Ref=""key-REDACTED-CLML-COMMENTARY-HANDLE""/>3</Pnumber><P2para><Text>Accordingly, the fact that there has been a breach of a person's Convention rights (within the meaning of the Human Rights Act 1998) is not sufficient by itself for an error to be a serious error.</Text></P2para></P2><P2 DocumentURI=""http://www.legislation.gov.uk/ukpga/2016/25/section/231/4"" IdURI=""http://www.legislation.gov.uk/id/ukpga/2016/25/section/231/4"" id=""section-231-4"" RestrictStartDate=""2018-06-27"
WS-01,ukpga/1998/42,section-6,whole-act,text,primary,ukpga/2016/25,http://www.legislation.gov.uk/id/ukpga/2016/25,section-263,true,http://www.legislation.gov.uk/id/ukpga/1998/42,"Measure or Act of the National Assembly for Wales, orNorthern Ireland legislation,“public authority” means a public authority within the meaning of section 6 of the Human Rights Act 1998"," Wales, or</Text></Para></ListItem><ListItem NumberOverride=""d""><Para><Text>Northern Ireland legislation,</Text></Para></ListItem></OrderedList></ListItem><ListItem><Para><Text>“<Term id=""term-public-authority"">public authority</Term>” means a public authority within the meaning of section 6 of the Human Rights Act 1998, other than a court or tribunal,</Text></Para></ListItem><ListItem><Para><Text>“<Term id=""term-serious-crime"">serious crime</Term>” means crime where—</Text></Para><OrderedList Type=""alpha"" Decoration=""parens""><ListItem NumberOverride=""a""><Para><Text>the offence, or one of the "
WS-01,ukpga/1998/42,section-6-1,whole-act,text,primary,ukpga/2017/17,http://www.legislation.gov.uk/id/ukpga/2017/17,schedule-1-paragraph-5,true,http://www.legislation.gov.uk/id/ukpga/1998/42,"id=""schedule-1-paragraph-5-2"">2Sub-paragraph (1) does not have effect to authorise the Pensions Regulator to make an order as mentioned in that sub-paragraph if its doing so would be unlawful as a result of section 6(1) of the Human Rights Act 1998","ukpga/2017/17/schedule/1/paragraph/5/2"" id=""schedule-1-paragraph-5-2""><Pnumber>2</Pnumber><P2para><Text>Sub-paragraph (1) does not have effect to authorise the Pensions Regulator to make an order as mentioned in that sub-paragraph if its doing so would be unlawful as a result of section 6(1) of the Human Rights Act 1998 (unlawful for public authority to act in contravention of a Convention right).</Text></P2para></P2></P1para></P1></Pblock></ScheduleBody></Schedule><Schedule DocumentURI=""http://www.legislation.gov.uk/ukpga/2017/17/schedule/2"" IdURI=""http://www.legislation.gov.uk/id/ukpga/2017/"
WS-01,ukpga/1998/42,,whole-act,text,primary,ukpga/2017/20,http://www.legislation.gov.uk/id/ukpga/2017/20,schedule-1-paragraph-1,true,http://www.legislation.gov.uk/id/ukpga/1998/42,matters to be discussed at a meeting.Interpretation16In this Schedule—“the Convention rights” has the same meaning as in the Human Rights Act 1998,"></P1para></P1></Pblock><Pblock><Title><Emphasis>Interpretation</Emphasis></Title><P1><Pnumber PuncAfter="""">16</Pnumber><P1para><Text>In this Schedule—</Text><UnorderedList Decoration=""none"" Class=""Definition""><ListItem><Para><Text>“<Term>the Convention rights</Term>” has the same meaning as in the Human Rights Act 1998;</Text></Para></ListItem><ListItem><Para><Text>“the development plan”—</Text></Para><OrderedList Type=""alpha"" Decoration=""parens""><ListItem NumberOverride=""a""><Para><Text>includes a development plan for the purposes of paragraph 1 of Schedule 8 (transitional provisions);</Text>"
WS-01,ukpga/1998/42,section-21-1,whole-act,text,primary,ukpga/2017/29,http://www.legislation.gov.uk/id/ukpga/2017/29,section-A1,true,http://www.legislation.gov.uk/id/ukpga/1998/42,Convention” has the meaning given by section 21(1) of the Human Rights Act 1998,"5b30788a9212ac7dbb0b6c79ab-1754995518539"" CommentaryRef=""key-REDACTED-CLML-COMMENTARY-HANDLE"">the Convention</Addition></Term><Addition ChangeId=""key-REDACTED-CLML-COMMENTARY-HANDLE-1754995518539"" CommentaryRef=""key-REDACTED-CLML-COMMENTARY-HANDLE"">” has the meaning given by section 21(1) of the Human Rights Act 1998;</Addition></Text></Para></ListItem><ListItem><Para><Text><Addition ChangeId=""key-REDACTED-CLML-COMMENTARY-HANDLE-1754995518539"" CommentaryRef=""key-REDACTED-CLML-COMMENTARY-HANDLE"">“</Addition><Term><Addition ChangeId=""key-REDACTED-CLML-COMMENTARY-HANDLE-1754995518539"" Comme"
WS-01,ukpga/1998/42,,whole-act,text,primary,ukpga/2017/29,http://www.legislation.gov.uk/id/ukpga/2017/29,section-A1,true,http://www.legislation.gov.uk/id/ukpga/1998/42,"to freedom of speech are to the freedom to impart ideas, opinions or information (referred to in Article 10(1) of the Convention as it has effect for the purposes of the Human Rights Act 1998","ion ChangeId=""key-REDACTED-CLML-COMMENTARY-HANDLE-1754995518539"" CommentaryRef=""key-REDACTED-CLML-COMMENTARY-HANDLE"">references to freedom of speech are to the freedom to impart ideas, opinions or information (referred to in Article 10(1) of the Convention as it has effect for the purposes of the Human Rights Act 1998) by means of speech, writing or images (including in electronic form);</Addition></Text></Para></ListItem><ListItem><Para><Text><Addition ChangeId=""key-REDACTED-CLML-COMMENTARY-HANDLE-1754995518539"" CommentaryRef=""key-REDACTED-CLML-COMMENTARY-HANDLE"">“</Addition><Term><Additi"
WS-01,ukpga/1998/42,,whole-act,text,primary,ukpga/2017/3,http://www.legislation.gov.uk/id/ukpga/2017/3,schedule-5-paragraph-2,true,http://www.legislation.gov.uk/id/ukpga/1998/42,"the commission of a criminal offence or justify the bringing of disciplinary proceedings,cthe conduct or other matter complained of (if proved) might have involved the infringement of a person's rights under Article 2 or 3 of the Convention (within the meaning of the Human Rights Act 1998","al offence or justify the bringing of disciplinary proceedings,</Text></P3para></P3><P3><Pnumber>c</Pnumber><P3para><Text>the conduct or other matter complained of (if proved) might have involved the infringement of a person's rights under Article 2 or 3 of the Convention (within the meaning of the Human Rights Act 1998), or</Text></P3para></P3><P3><Pnumber>d</Pnumber><P3para><Text>the complaint is of a description specified for the purposes of paragraph 4(1)(b) in regulations made by the Secretary of State.</Text></P3para></P3></P2para></P2><P2><Pnumber>6C</Pnumber><P2para><Text>Where a local"
WS-01,ukpga/1998/42,,whole-act,text,primary,ukpga/2017/3,http://www.legislation.gov.uk/id/ukpga/2017/3,schedule-5-paragraph-6,true,http://www.legislation.gov.uk/id/ukpga/1998/42,"serving with the police may have committed a criminal offence or behaved in a manner that would justify the bringing of disciplinary proceedings, orbthere may have been the infringement of a person's rights under Article 2 or 3 of the Convention (within the meaning of the Human Rights Act 1998","e committed a criminal offence or behaved in a manner that would justify the bringing of disciplinary proceedings, or</Text></P3para></P3><P3><Pnumber>b</Pnumber><P3para><Text>there may have been the infringement of a person's rights under Article 2 or 3 of the Convention (within the meaning of the Human Rights Act 1998).</Text></P3para></P3><P2><Pnumber>2D</Pnumber><P2para><Text>The Secretary of State may by regulations provide for the duty in sub-paragraph (2C) to be subject to exceptions.</Text></P2para></P2><P2><Pnumber>2E</Pnumber><P2para><Text>A statement made by any person for the purpo"
WS-01,ukpga/1998/42,,whole-act,text,primary,ukpga/2017/30,http://www.legislation.gov.uk/id/ukpga/2017/30,section-79,true,http://www.legislation.gov.uk/id/ukpga/1998/42,section 54 (Data Protection Act 1998 and Human Rights Act 1998,"/www.legislation.gov.uk/id/ukpga/2017/30/section/79/4"" id=""section-79-4"" RestrictStartDate=""2018-05-01""><Pnumber><CommentaryRef Ref=""key-REDACTED-CLML-COMMENTARY-HANDLE""/><CommentaryRef Ref=""key-REDACTED-CLML-COMMENTARY-HANDLE""/>4</Pnumber><P2para><Text>In section 54 (Data Protection Act 1998 and Human Rights Act 1998) for  “47” substitute <InlineAmendment>“
                    50
                  ”</InlineAmendment>.</Text></P2para></P2><P2 DocumentURI=""http://www.legislation.gov.uk/ukpga/2017/30/section/79/5"" IdURI=""http://www.legislation.gov.uk/id/ukpga/2017/30/section/79/5"" id=""section-"
WS-01,ukpga/1998/42,,whole-act,text,primary,ukpga/2017/4,http://www.legislation.gov.uk/id/ukpga/2017/4,section-72,true,http://www.legislation.gov.uk/id/ukpga/1998/42,of the Secretary of State under section 26(5) (consultation) so far as it relates to concurrently exercisable functions under section 26(1) or 26(2).Housing Act 1996Functions of the Secretary of State under section 185 (persons from abroad: eligibility for housing assistance). Human Rights Act 1998,"ate under section 26(5) (consultation) so far as it relates to concurrently exercisable functions under section 26(1) or 26(2).</td></tr><tr><td>Housing Act 1996</td><td>Functions of the Secretary of State under section 185 (persons from abroad: eligibility for housing assistance).</td></tr><tr><td>Human Rights Act 1998</td><td><leg:P xmlns:leg=""http://www.legislation.gov.uk/namespaces/legislation""><leg:BlockText><leg:Para><leg:Text>Functions of a Minister of the Crown under section 5(2) (joinder of Minister etc as a party to proceedings) in respect of any proceedings in which a court is consi"
WS-01,ukpga/1998/42,,whole-act,text,primary,ukpga/2017/4,http://www.legislation.gov.uk/id/ukpga/2017/4,section-72,true,http://www.legislation.gov.uk/id/ukpga/1998/42,"xmlns:leg=""http://www.legislation.gov.uk/namespaces/legislation"">EnactmentProvisions protected from modificationEuropean Communities Act 1972The whole Act.Government of Wales Act 1998Section 144(7). Human Rights Act 1998","></th><th><leg:Emphasis xmlns:leg=""http://www.legislation.gov.uk/namespaces/legislation"">Provisions protected from modification</leg:Emphasis></th></tr><tr><td>European Communities Act 1972</td><td>The whole Act.</td></tr><tr><td>Government of Wales Act 1998</td><td>Section 144(7).</td></tr><tr><td>Human Rights Act 1998</td><td>The whole Act.</td></tr><tr><td>Civil Contingencies Act 2004</td><td>The whole Act.</td></tr><tr><td>Energy Act 2008</td><td>Section 100 and regulations under that section.</td></tr></tbody></table></Tabular></P2><P2><Pnumber>2</Pnumber><P2para><Text>A provision of an A"
WS-01,ukpga/1998/42,section-4,whole-act,text,primary,ukpga/2017/4,http://www.legislation.gov.uk/id/ukpga/2017/4,section-72,true,http://www.legislation.gov.uk/id/ukpga/1998/42,Rights Act 1998Functions of a Minister of the Crown under section 5(2) (joinder of Minister etc as a party to proceedings) in respect of any proceedings in which a court is considering whether to make a declaration of incompatibility within the meaning of section 4 of the Human Rights Act 1998,"ation""><leg:BlockText><leg:Para><leg:Text>Functions of a Minister of the Crown under section 5(2) (joinder of Minister etc as a party to proceedings) in respect of any proceedings in which a court is considering whether to make a declaration of incompatibility within the meaning of section 4 of the Human Rights Act 1998 in respect of—</leg:Text></leg:Para><leg:OrderedList Type=""alpha"" Decoration=""parens""><leg:ListItem NumberOverride=""a""><leg:Para><leg:Text>subordinate legislation made by the Assembly, or</leg:Text></leg:Para></leg:ListItem><leg:ListItem NumberOverride=""b""><leg:Para><leg:Text>s"
WS-01,ukpga/1998/42,,whole-act,text,primary,ukpga/2018/12,http://www.legislation.gov.uk/id/ukpga/2018/12,schedule-19-paragraph-141,true,http://www.legislation.gov.uk/id/ukpga/1998/42,54 (Data Protection Act 1998 and Human Rights Act 1998,"1</Pnumber><P1para><P2 DocumentURI=""http://www.legislation.gov.uk/ukpga/2018/12/schedule/19/paragraph/141/1"" IdURI=""http://www.legislation.gov.uk/id/ukpga/2018/12/schedule/19/paragraph/141/1"" id=""schedule-19-paragraph-141-1""><Pnumber>1</Pnumber><P2para><Text>Section 54 (Data Protection Act 1998 and Human Rights Act 1998) is amended as follows.</Text></P2para></P2><P2 DocumentURI=""http://www.legislation.gov.uk/ukpga/2018/12/schedule/19/paragraph/141/2"" IdURI=""http://www.legislation.gov.uk/id/ukpga/2018/12/schedule/19/paragraph/141/2"" id=""schedule-19-paragraph-141-2""><Pnumber>2</Pnumber><P2para>"
WS-01,ukpga/1998/42,,whole-act,text,primary,ukpga/2018/12,http://www.legislation.gov.uk/id/ukpga/2018/12,schedule-2-paragraph-4A,true,http://www.legislation.gov.uk/id/ukpga/1998/42,rights” has the same meaning as in the Human Rights Act 1998,"b2150a1d39bc03193da3965332e3b3-1710589852826"" CommentaryRef=""key-REDACTED-CLML-COMMENTARY-HANDLE"">Convention rights</Substitution></Term><Substitution ChangeId=""key-REDACTED-CLML-COMMENTARY-HANDLE-1710589852826"" CommentaryRef=""key-REDACTED-CLML-COMMENTARY-HANDLE"">” has the same meaning as in the Human Rights Act 1998 (see section 1(1) of that Act);</Substitution></Text></Para></ListItem><ListItem><Para><Text><Substitution ChangeId=""key-REDACTED-CLML-COMMENTARY-HANDLE-1710589852826"" CommentaryRef=""key-REDACTED-CLML-COMMENTARY-HANDLE"">“</Substitution><Term><Substitution ChangeId=""key-e5b215"
WS-01,ukpga/1998/42,,whole-act,text,primary,ukpga/2018/12,http://www.legislation.gov.uk/id/ukpga/2018/12,section-205,true,http://www.legislation.gov.uk/id/ukpga/1998/42,"CommentaryRef=""key-REDACTED-CLML-COMMENTARY-HANDLE"">1AIn this Act, references to fundamental rights or fundamental freedoms (however expressed) are to the Convention rights within the meaning of the Human Rights Act 1998","n></Pnumber><P2para><Text><Substitution ChangeId=""key-REDACTED-CLML-COMMENTARY-HANDLE-1705404188442"" CommentaryRef=""key-REDACTED-CLML-COMMENTARY-HANDLE"">In this Act, references to fundamental rights or fundamental freedoms (however expressed) are to the Convention rights within the meaning of the Human Rights Act 1998.</Substitution></Text></P2para></P2><P2 DocumentURI=""http://www.legislation.gov.uk/ukpga/2018/12/section/205/2"" IdURI=""http://www.legislation.gov.uk/id/ukpga/2018/12/section/205/2"" id=""section-205-2""><Pnumber>2</Pnumber><P2para><Text>References in this Act to a period expressed"
WS-01,ukpga/1998/42,,whole-act,text,primary,ukpga/2018/16,http://www.legislation.gov.uk/id/ukpga/2018/16,schedule-2-paragraph-11G,true,http://www.legislation.gov.uk/id/ukpga/1998/42,"id=""schedule-2-paragraph-11G-7-e"">eamend, repeal or revoke the Human Rights Act 1998","geId=""key-REDACTED-CLML-COMMENTARY-HANDLE-1591086306996"" CommentaryRef=""key-REDACTED-CLML-COMMENTARY-HANDLE"">e</Addition></Pnumber><P3para><Text><Addition ChangeId=""key-REDACTED-CLML-COMMENTARY-HANDLE-1591086306996"" CommentaryRef=""key-REDACTED-CLML-COMMENTARY-HANDLE"">amend, repeal or revoke the Human Rights Act 1998 or any subordinate legislation made under it, or</Addition></Text></P3para></P3><P3 DocumentURI=""http://www.legislation.gov.uk/ukpga/2018/16/schedule/2/paragraph/11G/7/f"" IdURI=""http://www.legislation.gov.uk/id/ukpga/2018/16/schedule/2/paragraph/11G/7/f"" id=""schedule-2-paragrap"
WS-01,ukpga/1998/42,,whole-act,text,primary,ukpga/2018/16,http://www.legislation.gov.uk/id/ukpga/2018/16,schedule-8-paragraph-29,true,http://www.legislation.gov.uk/id/ukpga/1998/42,(c). Human Rights Act 1998,". . . . . .</Text></P2para></P2><P2 DocumentURI=""http://www.legislation.gov.uk/ukpga/2018/16/schedule/8/paragraph/29/3"" IdURI=""http://www.legislation.gov.uk/id/ukpga/2018/16/schedule/8/paragraph/29/3"" id=""schedule-8-paragraph-29-3""><Pnumber>3</Pnumber><P2para><Text>In subsection (3), omit paragraph (c).</Text></P2para></P2></P1para></P1></Pblock><Pblock DocumentURI=""http://www.legislation.gov.uk/ukpga/2018/16/schedule/8/part/2/crossheading/human-rights-act-1998"" IdURI=""http://www.legislation.gov.uk/id/ukpga/2018/16/schedule/8/part/2/crossheading/human-rights-act-1998"" NumberOfProvisions=""1"" id"
WS-01,ukpga/1998/42,,whole-act,text,primary,ukpga/2018/16,http://www.legislation.gov.uk/id/ukpga/2018/16,schedule-8-paragraph-30,true,http://www.legislation.gov.uk/id/ukpga/1998/42,"IdURI=""http://www.legislation.gov.uk/id/ukpga/2018/16/schedule/8/paragraph/30/4"" id=""schedule-8-paragraph-30-4"">4In this paragraph “amend”, “primary legislation” and “subordinate legislation” have the same meaning as in the Human Rights Act 1998",""" id=""schedule-8-paragraph-30-4""><Pnumber>4</Pnumber><P2para><Text>In this paragraph  “<Term id=""term-amend"">amend</Term>”,  “<Term id=""term-primary-legislation"">primary legislation</Term>” and  “<Term id=""term-subordinate-legislation"">subordinate legislation</Term>” have the same meaning as in the Human Rights Act 1998.</Text></P2para></P2></P1para></P1></Pblock><Pblock DocumentURI=""http://www.legislation.gov.uk/ukpga/2018/16/schedule/8/part/2/crossheading/interpretation-and-legislative-reform-scotland-act-2010-asp-10"" IdURI=""http://www.legislation.gov.uk/id/ukpga/2018/16/schedule/8/part/2/cr"
WS-01,ukpga/1998/42,,whole-act,text,primary,ukpga/2018/16,http://www.legislation.gov.uk/id/ukpga/2018/16,schedule-8-paragraph-30,true,http://www.legislation.gov.uk/id/ukpga/1998/42,paragraph has effect for the purposes of the Human Rights Act 1998,"Pnumber><P1para><P2 DocumentURI=""http://www.legislation.gov.uk/ukpga/2018/16/schedule/8/paragraph/30/1"" IdURI=""http://www.legislation.gov.uk/id/ukpga/2018/16/schedule/8/paragraph/30/1"" id=""schedule-8-paragraph-30-1""><Pnumber>1</Pnumber><P2para><Text>This paragraph has effect for the purposes of the Human Rights Act 1998.</Text></P2para></P2><P2 DocumentURI=""http://www.legislation.gov.uk/ukpga/2018/16/schedule/8/paragraph/30/2"" IdURI=""http://www.legislation.gov.uk/id/ukpga/2018/16/schedule/8/paragraph/30/2"" id=""schedule-8-paragraph-30-2""><Pnumber>2</Pnumber><P2para><Text>Any  <Substitution Chan"
WS-01,ukpga/1998/42,section-6,whole-act,text,primary,ukpga/2018/16,http://www.legislation.gov.uk/id/ukpga/2018/16,section-20,true,http://www.legislation.gov.uk/id/ukpga/1998/42,"Measure or Act of the National Assembly for Wales, orNorthern Ireland legislation;“public authority” means a public authority within the meaning of section 6 of the Human Rights Act 1998"," Wales, or</Text></Para></ListItem><ListItem NumberOverride=""d""><Para><Text>Northern Ireland legislation;</Text></Para></ListItem></OrderedList></ListItem><ListItem><Para><Text>“<Term id=""term-public-authority"">public authority</Term>” means a public authority within the meaning of section 6 of the Human Rights Act 1998;</Text></Para></ListItem><ListItem><Para><Text> <Addition ChangeId=""key-REDACTED-CLML-COMMENTARY-HANDLE-1579860637275"" CommentaryRef=""key-REDACTED-CLML-COMMENTARY-HANDLE"">“ratify”, whether in relation to the withdrawal agreement or otherwise, has the same meaning as it does f"
WS-01,ukpga/1998/42,,whole-act,text,primary,ukpga/2018/16,http://www.legislation.gov.uk/id/ukpga/2018/16,section-7,true,http://www.legislation.gov.uk/id/ukpga/1998/42,"IdURI=""http://www.legislation.gov.uk/id/ukpga/2018/16/section/7/5/f"" id=""section-7-5-f"">fparagraph 30 of that Schedule (status of assimilated direct legislation for the purposes of the Human Rights Act 1998","5/f"" id=""section-7-5-f""><Pnumber>f</Pnumber><P3para><Text>paragraph 30 of that Schedule (status of  <Substitution ChangeId=""key-REDACTED-CLML-COMMENTARY-HANDLE-1705416327013"" CommentaryRef=""key-REDACTED-CLML-COMMENTARY-HANDLE"">assimilated direct</Substitution>  legislation for the purposes of the Human Rights Act 1998).</Text></P3para></P3></P2para></P2><P2 DocumentURI=""http://www.legislation.gov.uk/ukpga/2018/16/section/7/6"" IdURI=""http://www.legislation.gov.uk/id/ukpga/2018/16/section/7/6"" id=""section-7-6"" RestrictStartDate=""2020-01-31""><Pnumber><CommentaryRef Ref=""key-faa6d8321755a62e0fdf"
WS-01,ukpga/1998/42,,whole-act,text,primary,ukpga/2018/16,http://www.legislation.gov.uk/id/ukpga/2018/16,section-8,true,http://www.legislation.gov.uk/id/ukpga/1998/42,". . . . . . . . . . . . . . . . . . . . . . . . . . . . . . .famend, repeal or revoke the Human Rights Act 1998",". . . . . . . . . . . . . . . . . . . . . . . . . . .</Text></P3para></P3><P3 DocumentURI=""http://www.legislation.gov.uk/ukpga/2018/16/section/8/7/f"" IdURI=""http://www.legislation.gov.uk/id/ukpga/2018/16/section/8/7/f"" id=""section-8-7-f""><Pnumber>f</Pnumber><P3para><Text>amend, repeal or revoke the Human Rights Act 1998 or any subordinate legislation made under it, or</Text></P3para></P3><P3 DocumentURI=""http://www.legislation.gov.uk/ukpga/2018/16/section/8/7/g"" IdURI=""http://www.legislation.gov.uk/id/ukpga/2018/16/section/8/7/g"" id=""section-8-7-g""><Pnumber>g</Pnumber><P3para><Text>amend or re"
WS-01,ukpga/1998/42,,whole-act,text,primary,ukpga/2018/16,http://www.legislation.gov.uk/id/ukpga/2018/16,section-8B,true,http://www.legislation.gov.uk/id/ukpga/1998/42,"id=""section-8B-5-e"">eamend, repeal or revoke the Human Rights Act 1998","geId=""key-REDACTED-CLML-COMMENTARY-HANDLE-1591086032913"" CommentaryRef=""key-REDACTED-CLML-COMMENTARY-HANDLE"">e</Addition></Pnumber><P3para><Text><Addition ChangeId=""key-REDACTED-CLML-COMMENTARY-HANDLE-1591086032913"" CommentaryRef=""key-REDACTED-CLML-COMMENTARY-HANDLE"">amend, repeal or revoke the Human Rights Act 1998 or any subordinate legislation made under it, or</Addition></Text></P3para></P3><P3 DocumentURI=""http://www.legislation.gov.uk/ukpga/2018/16/section/8B/5/f"" IdURI=""http://www.legislation.gov.uk/id/ukpga/2018/16/section/8B/5/f"" id=""section-8B-5-f""><Pnumber><Addition ChangeId=""ke"
WS-01,ukpga/1998/42,section-6,whole-act,text,primary,ukpga/2019/8,http://www.legislation.gov.uk/id/ukpga/2019/8,section-10,true,http://www.legislation.gov.uk/id/ukpga/1998/42,altered or replaced from time to time);“private parking facilities” means facilities for the parking of vehicles on relevant land;“public authority” means a public authority within the meaning of section 6 of the Human Rights Act 1998,"term-private-parking-facilities"">private parking facilities</Term>” means facilities for the parking of vehicles on relevant land;</Text></Para></ListItem><ListItem><Para><Text>“<Term id=""term-public-authority"">public authority</Term>” means a public authority within the meaning of section 6 of the Human Rights Act 1998, other than a court or tribunal;</Text></Para></ListItem><ListItem><Para><Text>“<Term id=""term-the-register"">the register</Term>” has the meaning given by section 5(4);</Text></Para></ListItem><ListItem><Para><Text>“<Term id=""term-relevant-land"">relevant land</Term>” has the me"
WS-01,ukpga/1998/42,section-7-1,whole-act,text,primary,ukpga/2020/1,http://www.legislation.gov.uk/id/ukpga/2020/1,schedule-3-paragraph-5,true,http://www.legislation.gov.uk/id/ukpga/1998/42,"on proceedings)—ain subsection (2B), for “human rights proceedings” substitute “ proceedings which rely on section 7(1) (b) of the Human Rights Act 1998","e/3/paragraph/5/a"" IdURI=""http://www.legislation.gov.uk/id/ukpga/2020/1/schedule/3/paragraph/5/a"" id=""schedule-3-paragraph-5-a""><Pnumber>a</Pnumber><P3para><Text>in subsection (2B), for  “human rights proceedings” substitute <InlineAmendment>“
                  proceedings which rely on section 7(1)(b) of the Human Rights Act 1998
                ”</InlineAmendment>, and</Text></P3para></P3><P3 DocumentURI=""http://www.legislation.gov.uk/ukpga/2020/1/schedule/3/paragraph/5/b"" IdURI=""http://www.legislation.gov.uk/id/ukpga/2020/1/schedule/3/paragraph/5/b"" id=""schedule-3-paragraph-5-b""><Pnumber>b<"
WS-01,ukpga/1998/42,,whole-act,text,primary,ukpga/2020/1,http://www.legislation.gov.uk/id/ukpga/2020/1,section-18,true,http://www.legislation.gov.uk/id/ukpga/1998/42,"or increase taxation or fees,bmake retrospective provision,ccreate a relevant criminal offence,destablish a public authority,eamend, repeal or revoke the Human Rights Act 1998","t>make retrospective provision,</Text></P3para></P3><P3><Pnumber>c</Pnumber><P3para><Text>create a relevant criminal offence,</Text></P3para></P3><P3><Pnumber>d</Pnumber><P3para><Text>establish a public authority,</Text></P3para></P3><P3><Pnumber>e</Pnumber><P3para><Text>amend, repeal or revoke the Human Rights Act 1998 or any subordinate legislation made under it, or</Text></P3para></P3><P3><Pnumber>f</Pnumber><P3para><Text>amend or repeal the Scotland Act 1998, the Government of Wales Act 2006 or the Northern Ireland Act 1998 (unless the regulations are made by virtue of paragraph 21(b) of S"
WS-01,ukpga/1998/42,,whole-act,text,primary,ukpga/2020/1,http://www.legislation.gov.uk/id/ukpga/2020/1,section-19,true,http://www.legislation.gov.uk/id/ukpga/1998/42,"or increase taxation or fees,bmake retrospective provision,ccreate a relevant criminal offence,destablish a public authority,eamend, repeal or revoke the Human Rights Act 1998","t>make retrospective provision,</Text></P3para></P3><P3><Pnumber>c</Pnumber><P3para><Text>create a relevant criminal offence,</Text></P3para></P3><P3><Pnumber>d</Pnumber><P3para><Text>establish a public authority,</Text></P3para></P3><P3><Pnumber>e</Pnumber><P3para><Text>amend, repeal or revoke the Human Rights Act 1998 or any subordinate legislation made under it, or</Text></P3para></P3><P3><Pnumber>f</Pnumber><P3para><Text>amend or repeal the Scotland Act 1998, the Government of Wales Act 2006 or the Northern Ireland Act 1998 (unless the regulations are made by virtue of paragraph 21(b) of S"
WS-01,ukpga/1998/42,,whole-act,text,primary,ukpga/2020/2,http://www.legislation.gov.uk/id/ukpga/2020/2,section-2,true,http://www.legislation.gov.uk/id/ukpga/1998/42,"IdURI=""http://www.legislation.gov.uk/id/ukpga/2020/2/section/2/9"" id=""section-2-9"">9In subsection (8), “amend”, “primary legislation” and “subordinate legislation” have the same meaning as in the Human Rights Act 1998","2/section/2/9"" id=""section-2-9""><Pnumber>9</Pnumber><P2para><Text>In subsection (8),  “<Term id=""term-amend"">amend</Term>”,  “<Term id=""term-primary-legislation"">primary legislation</Term>” and  “<Term id=""term-subordinate-legislation"">subordinate legislation</Term>” have the same meaning as in the Human Rights Act 1998.</Text></P2para></P2><P2 DocumentURI=""http://www.legislation.gov.uk/ukpga/2020/2/section/2/10"" IdURI=""http://www.legislation.gov.uk/id/ukpga/2020/2/section/2/10"" id=""section-2-10""><Pnumber>10</Pnumber><P2para><Text>In this Act—</Text><UnorderedList Decoration=""none"" Class=""Defi"
WS-01,ukpga/1998/42,,whole-act,text,primary,ukpga/2020/2,http://www.legislation.gov.uk/id/ukpga/2020/2,section-2,true,http://www.legislation.gov.uk/id/ukpga/1998/42,"CommentaryRef=""key-REDACTED-CLML-COMMENTARY-HANDLE"">assimilated law governing the CAP direct payment schemes.8For the purposes of the Human Rights Act 1998","ted</Substitution>  law governing the CAP direct payment schemes.</Text></P2para></P2><P2 DocumentURI=""http://www.legislation.gov.uk/ukpga/2020/2/section/2/8"" IdURI=""http://www.legislation.gov.uk/id/ukpga/2020/2/section/2/8"" id=""section-2-8""><Pnumber>8</Pnumber><P2para><Text>For the purposes of the Human Rights Act 1998—</Text><P3 DocumentURI=""http://www.legislation.gov.uk/ukpga/2020/2/section/2/8/a"" IdURI=""http://www.legislation.gov.uk/id/ukpga/2020/2/section/2/8/a"" id=""section-2-8-a""><Pnumber>a</Pnumber><P3para><Text>the Direct Payments Regulation and the Horizontal Regulation so far as they"
WS-01,ukpga/1998/42,section-6,whole-act,text,primary,ukpga/2020/2,http://www.legislation.gov.uk/id/ukpga/2020/2,section-3,true,http://www.legislation.gov.uk/id/ukpga/1998/42,or as regards Northern Ireland;“payment entitlements” has the same meaning as in the Direct Payments Regulation;“public authority” means a public authority within the meaning of section 6 of the Human Rights Act 1998,"Text>“<Term id=""term-payment-entitlements"">payment entitlements</Term>” has the same meaning as in the Direct Payments Regulation;</Text></Para></ListItem><ListItem><Para><Text>“<Term id=""term-public-authority"">public authority</Term>” means a public authority within the meaning of section 6 of the Human Rights Act 1998.</Text></Para></ListItem></UnorderedList></P2para></P2></P1para></P1></P1group><P1group RestrictStartDate=""2024-01-01""><Title>Publication and rules of evidence</Title><P1 DocumentURI=""http://www.legislation.gov.uk/ukpga/2020/2/section/4"" IdURI=""http://www.legislation.gov.uk/id/"
WS-01,ukpga/1998/42,section-6,whole-act,text,primary,ukpga/2020/29,http://www.legislation.gov.uk/id/ukpga/2020/29,section-21,true,http://www.legislation.gov.uk/id/ukpga/1998/42,"has the same meaning as in the European Union (Future Relationship) Act 2020;“modify” includes amend, repeal or revoke (and related expressions are to be read accordingly);“public authority” means a public authority within the meaning of section 6 of the Human Rights Act 1998","0;</Text></Para></ListItem><ListItem><Para><Text>“<Term>modify</Term>” includes amend, repeal or revoke (and related expressions are to be read accordingly);</Text></Para></ListItem><ListItem><Para><Text>“<Term>public authority</Term>” means a public authority within the meaning of section 6 of the Human Rights Act 1998.</Text></Para></ListItem></UnorderedList></P2para></P2></P1para></P1></P1group></Pblock></BlockAmendment></P2para></P2><P2 DocumentURI=""http://www.legislation.gov.uk/ukpga/2020/29/section/21/3"" IdURI=""http://www.legislation.gov.uk/id/ukpga/2020/29/section/21/3"" id=""section-21-3"
WS-01,ukpga/1998/42,,whole-act,text,primary,ukpga/2020/29,http://www.legislation.gov.uk/id/ukpga/2020/29,section-31,true,http://www.legislation.gov.uk/id/ukpga/1998/42,"id=""section-31-4-c"">ccreate a relevant criminal offence,damend, repeal or revoke the Human Rights Act 1998","><P3para><Text>create a relevant criminal offence,</Text></P3para></P3><P3 DocumentURI=""http://www.legislation.gov.uk/ukpga/2020/29/section/31/4/d"" IdURI=""http://www.legislation.gov.uk/id/ukpga/2020/29/section/31/4/d"" id=""section-31-4-d""><Pnumber>d</Pnumber><P3para><Text>amend, repeal or revoke the Human Rights Act 1998 or any subordinate legislation made under it, or</Text></P3para></P3><P3 DocumentURI=""http://www.legislation.gov.uk/ukpga/2020/29/section/31/4/e"" IdURI=""http://www.legislation.gov.uk/id/ukpga/2020/29/section/31/4/e"" id=""section-31-4-e""><Pnumber>e</Pnumber><P3para><Text>amend or"
WS-01,ukpga/1998/42,,whole-act,text,primary,ukpga/2020/29,http://www.legislation.gov.uk/id/ukpga/2020/29,section-32,true,http://www.legislation.gov.uk/id/ukpga/1998/42,"id=""section-32-3-a"">acreate a relevant criminal offence,bamend, repeal or revoke the Human Rights Act 1998","><P3para><Text>create a relevant criminal offence,</Text></P3para></P3><P3 DocumentURI=""http://www.legislation.gov.uk/ukpga/2020/29/section/32/3/b"" IdURI=""http://www.legislation.gov.uk/id/ukpga/2020/29/section/32/3/b"" id=""section-32-3-b""><Pnumber>b</Pnumber><P3para><Text>amend, repeal or revoke the Human Rights Act 1998 or any subordinate legislation made under it, or</Text></P3para></P3><P3 DocumentURI=""http://www.legislation.gov.uk/ukpga/2020/29/section/32/3/c"" IdURI=""http://www.legislation.gov.uk/id/ukpga/2020/29/section/32/3/c"" id=""section-32-3-c""><Pnumber>c</Pnumber><P3para><Text>amend or"
WS-01,ukpga/1998/42,,whole-act,text,primary,ukpga/2020/29,http://www.legislation.gov.uk/id/ukpga/2020/29,section-33,true,http://www.legislation.gov.uk/id/ukpga/1998/42,"a ruling of an arbitration tribunal under the Trade and Cooperation Agreement or any other future relationship agreement,eamend, repeal or revoke the Human Rights Act 1998","eement or any other future relationship agreement,</Text></P3para></P3><P3 DocumentURI=""http://www.legislation.gov.uk/ukpga/2020/29/section/33/5/e"" IdURI=""http://www.legislation.gov.uk/id/ukpga/2020/29/section/33/5/e"" id=""section-33-5-e""><Pnumber>e</Pnumber><P3para><Text>amend, repeal or revoke the Human Rights Act 1998 or any subordinate legislation made under it, or</Text></P3para></P3><P3 DocumentURI=""http://www.legislation.gov.uk/ukpga/2020/29/section/33/5/f"" IdURI=""http://www.legislation.gov.uk/id/ukpga/2020/29/section/33/5/f"" id=""section-33-5-f""><Pnumber>f</Pnumber><P3para><Text>amend or"
WS-01,ukpga/1998/42,section-6-1,whole-act,text,primary,ukpga/2021/1,http://www.legislation.gov.uk/id/ukpga/2021/1,schedule-2-paragraph-5,true,http://www.legislation.gov.uk/id/ukpga/1998/42,"id=""schedule-2-paragraph-5-2"">2Sub-paragraph (1) does not have effect to authorise the Pensions Regulator to make an order as mentioned in that sub-paragraph if its doing so would be unlawful as a result of section 6(1) of the Human Rights Act 1998","/ukpga/2021/1/schedule/2/paragraph/5/2"" id=""schedule-2-paragraph-5-2""><Pnumber>2</Pnumber><P2para><Text>Sub-paragraph (1) does not have effect to authorise the Pensions Regulator to make an order as mentioned in that sub-paragraph if its doing so would be unlawful as a result of section 6(1) of the Human Rights Act 1998 (unlawful for public authority to act in contravention of a Convention right).</Text></P2para></P2></P1para></P1></Pblock></ScheduleBody></Schedule><Schedule DocumentURI=""http://www.legislation.gov.uk/ukpga/2021/1/schedule/3"" IdURI=""http://www.legislation.gov.uk/id/ukpga/2021/1"
WS-01,ukpga/1998/42,section-6-1,whole-act,text,primary,ukpga/2021/1,http://www.legislation.gov.uk/id/ukpga/2021/1,schedule-5-paragraph-5,true,http://www.legislation.gov.uk/id/ukpga/1998/42,"id=""schedule-5-paragraph-5-2"">2Sub-paragraph (1) does not have effect to authorise the Pensions Regulator to make an order as mentioned in that sub-paragraph if its doing so would be unlawful as a result of section 6(1) of the Human Rights Act 1998","/ukpga/2021/1/schedule/5/paragraph/5/2"" id=""schedule-5-paragraph-5-2""><Pnumber>2</Pnumber><P2para><Text>Sub-paragraph (1) does not have effect to authorise the Pensions Regulator to make an order as mentioned in that sub-paragraph if its doing so would be unlawful as a result of section 6(1) of the Human Rights Act 1998 (unlawful for public authority to act in contravention of a Convention right).</Text></P2para></P2></P1para></P1></Pblock></ScheduleBody></Schedule><Schedule DocumentURI=""http://www.legislation.gov.uk/ukpga/2021/1/schedule/6"" IdURI=""http://www.legislation.gov.uk/id/ukpga/2021/1"
WS-01,ukpga/1998/42,section-6,whole-act,text,primary,ukpga/2021/17,http://www.legislation.gov.uk/id/ukpga/2021/17,section-15,true,http://www.legislation.gov.uk/id/ukpga/1998/42,care board established under section 14Z25 of that Act; ...“public authority” means any public authority within the meaning of section 6 of the Human Rights Act 1998,"<ListItem NumberOverride=""e""><Para><Text><CommentaryRef Ref=""key-REDACTED-CLML-COMMENTARY-HANDLE""/>...</Text></Para></ListItem></OrderedList></ListItem><ListItem><Para><Text>“<Term id=""term-public-authority"">public authority</Term>” means any public authority within the meaning of section 6 of the Human Rights Act 1998, other than a court or tribunal.</Text></Para></ListItem></UnorderedList></P2para></P2></P1para></P1></P1group><P1group RestrictStartDate=""2021-11-01""><Title>Duty to respond to Commissioner's recommendations</Title><P1 DocumentURI=""http://www.legislation.gov.uk/ukpga/2021/17/se"
WS-01,ukpga/1998/42,section-6,whole-act,text,primary,ukpga/2021/17,http://www.legislation.gov.uk/id/ukpga/2021/17,section-7,true,http://www.legislation.gov.uk/id/ukpga/1998/42,Welsh authority” has the meaning given by section 157A of the Government of Wales Act 2006;“public authority” means any public authority within the meaning of section 6 of the Human Rights Act 1998,"ved-welsh-authority"">devolved Welsh authority</Term>” has the meaning given by section 157A of the Government of Wales Act 2006;</Text></Para></ListItem><ListItem><Para><Text>“<Term id=""term-public-authority"">public authority</Term>” means any public authority within the meaning of section 6 of the Human Rights Act 1998, other than a court or tribunal.</Text></Para></ListItem></UnorderedList></P2para></P2></P1para></P1></P1group><P1group RestrictStartDate=""2021-11-01""><Title>Reports</Title><P1 DocumentURI=""http://www.legislation.gov.uk/ukpga/2021/17/section/8"" IdURI=""http://www.legislation.gov"
WS-01,ukpga/1998/42,,whole-act,text,primary,ukpga/2021/23,http://www.legislation.gov.uk/id/ukpga/2021/23,section-11,true,http://www.legislation.gov.uk/id/ukpga/1998/42,"IdURI=""http://www.legislation.gov.uk/id/ukpga/2021/23/section/11"" id=""section-11"">111 The Human Rights Act 1998","11""><Pnumber PuncAfter=""""><CommentaryRef Ref=""key-REDACTED-CLML-COMMENTARY-HANDLE""/>11</Pnumber><P1para><P2 DocumentURI=""http://www.legislation.gov.uk/ukpga/2021/23/section/11/1"" IdURI=""http://www.legislation.gov.uk/id/ukpga/2021/23/section/11/1"" id=""section-11-1""><Pnumber>1</Pnumber><P2para><Text>The Human Rights Act 1998 is amended as follows.</Text></P2para></P2><P2 DocumentURI=""http://www.legislation.gov.uk/ukpga/2021/23/section/11/2"" IdURI=""http://www.legislation.gov.uk/id/ukpga/2021/23/section/11/2"" id=""section-11-2""><Pnumber>2</Pnumber><P2para><Text>After section 7 insert—</Text><Block"
WS-01,ukpga/1998/42,section-6,whole-act,text,primary,ukpga/2021/25,http://www.legislation.gov.uk/id/ukpga/2021/25,section-54,true,http://www.legislation.gov.uk/id/ukpga/1998/42,"to the functions of the Secretary of State under this Act, orrelate to any of the purposes mentioned in paragraphs (b) to (f) of subsection (2),“public authority” has the same meaning as in section 6 of the Human Rights Act 1998","><ListItem NumberOverride=""b""><Para><Text>relate to any of the purposes mentioned in paragraphs (b) to (f) of subsection (2),</Text></Para></ListItem></OrderedList></ListItem><ListItem><Para><Text>“<Term id=""term-public-authority"">public authority</Term>” has the same meaning as in section 6 of the Human Rights Act 1998.</Text></Para></ListItem></UnorderedList></P2para></P2></P1para></P1></P1group><P1group RestrictStartDate=""2022-01-04""><Title>Disclosure of information held by HMRC</Title><P1 DocumentURI=""http://www.legislation.gov.uk/ukpga/2021/25/section/55"" IdURI=""http://www.legislation.gov"
WS-01,ukpga/1998/42,,whole-act,text,primary,ukpga/2021/4,http://www.legislation.gov.uk/id/ukpga/2021/4,section-1,true,http://www.legislation.gov.uk/id/ukpga/1998/42,"sought to be achieved by the authorised conduct could reasonably be achieved by other conduct which would not constitute crime.7Subsection (6) is without prejudice to the need to take into account other matters so far as they are relevant (for example, the requirements of the Human Rights Act 1998","ised conduct could reasonably be achieved by other conduct which would not constitute crime.</Text></P2para></P2><P2><Pnumber>7</Pnumber><P2para><Text>Subsection (6) is without prejudice to the need to take into account other matters so far as they are relevant (for example, the requirements of the Human Rights Act 1998).</Text></P2para></P2><P2><Pnumber>8</Pnumber><P2para><Text>The conduct that is authorised by a criminal conduct authorisation is any conduct that—</Text><P3><Pnumber>a</Pnumber><P3para><Text>is comprised in any activities—</Text><P4><Pnumber>i</Pnumber><P4para><Text>which invo"
WS-01,ukpga/1998/42,,whole-act,text,primary,ukpga/2022/30,http://www.legislation.gov.uk/id/ukpga/2022/30,section-135,true,http://www.legislation.gov.uk/id/ukpga/1998/42,this section—“Convention rights” has the same meaning as in the Human Rights Act 1998,"://www.legislation.gov.uk/id/ukpga/2022/30/section/135/7"" id=""section-135-7""><Pnumber>7</Pnumber><P2para><Text>In this section—</Text><UnorderedList Class=""Definition"" Decoration=""none""><ListItem><Para><Text>“<Term id=""term-convention-rights"">Convention rights</Term>” has the same meaning as in the Human Rights Act 1998;</Text></Para></ListItem><ListItem><Para><Text>“<Term id=""term-the-initial-period"">the initial period</Term>” means the period of one year beginning with the day on which this section comes into force.</Text></Para></ListItem></UnorderedList></P2para></P2></P1para></P1></P1grou"
WS-01,ukpga/1998/42,,whole-act,text,primary,ukpga/2022/30,http://www.legislation.gov.uk/id/ukpga/2022/30,section-149,true,http://www.legislation.gov.uk/id/ukpga/1998/42,this section—“cladding product” means a cladding system or any component of a cladding system;“Convention rights” has the same meaning as in the Human Rights Act 1998,"Decoration=""none""><ListItem><Para><Text>“<Term id=""term-cladding-product"">cladding product</Term>” means a cladding system or any component of a cladding system;</Text></Para></ListItem><ListItem><Para><Text>“<Term id=""term-convention-rights"">Convention rights</Term>” has the same meaning as in the Human Rights Act 1998;</Text></Para></ListItem><ListItem><Para><Text>“<Term id=""term-external-wall"">external wall</Term>”, in relation to a building, includes any part of a roof pitched at an angle of more than 70 degrees to the horizontal if that part of the roof adjoins a space within the building"
WS-01,ukpga/1998/42,section-1,whole-act,text,primary,ukpga/2022/32,http://www.legislation.gov.uk/id/ukpga/2022/32,section-169,true,http://www.legislation.gov.uk/id/ukpga/1998/42,"P was given the notice falls within subsection (3).3A conviction, finding or caution falls within this subsection if—aany investigations or proceedings leading to it were conducted in a way which contravened any of the Convention rights (within the meaning of section 1 of the Human Rights Act 1998","umber>3</Pnumber><P2para><Text>A conviction, finding or caution falls within this subsection if—</Text><P3><Pnumber>a</Pnumber><P3para><Text>any investigations or proceedings leading to it were conducted in a way which contravened any of the Convention rights (within the meaning of section 1 of the Human Rights Act 1998) which P would have had if those investigations or proceedings had taken place in the United Kingdom, and</Text></P3para></P3><P3><Pnumber>b</Pnumber><P3para><Text>that contravention was such that the conviction, finding or caution cannot be safely relied on for the purposes of"
WS-01,ukpga/1998/42,section-21-1,whole-act,text,primary,ukpga/2022/32,http://www.legislation.gov.uk/id/ukpga/2022/32,section-82,true,http://www.legislation.gov.uk/id/ukpga/1998/42,"to discharge an expedited order (under section 61),must have particular regard to the rights of freedom of expression and freedom of assembly set out in articles 10 and 11 of the Convention.2In subsection (1) “Convention” has the meaning given by section 21(1) of the Human Rights Act 1998","></P3><Text>must have particular regard to the rights of freedom of expression and freedom of assembly set out in articles 10 and 11 of the Convention.</Text></P2para></P2><P2><Pnumber>2</Pnumber><P2para><Text>In subsection (1) “<Term>Convention</Term>” has the meaning given by section 21(1) of the Human Rights Act 1998.</Text></P2para></P2><P2><Pnumber>3</Pnumber><P2para><Text>A local authority must obtain the necessary consents before—</Text><P3><Pnumber>a</Pnumber><P3para><Text>making an expedited order,</Text></P3para></P3><P3><Pnumber>b</Pnumber><P3para><Text>extending or reducing the per"
WS-01,ukpga/1998/42,section-1,whole-act,text,primary,ukpga/2022/36,http://www.legislation.gov.uk/id/ukpga/2022/36,schedule-4-paragraph-2,true,http://www.legislation.gov.uk/id/ukpga/1998/42,"subsection (3) of that section, for “subsection (2)” substitute “this section, “Convention rights” means the rights identified as Convention rights by section 1 of the Human Rights Act 1998","f Ref=""key-REDACTED-CLML-COMMENTARY-HANDLE""/>2</Pnumber><P1para><Text>In subsection (3) of that section, for “subsection (2)” substitute <InlineAmendment>“this section, “<Term id=""term-convention-rights"">Convention rights</Term>” means the rights identified as Convention rights by section 1 of the Human Rights Act 1998 (whether or not in relation to a State that is a party to the Convention); and”</InlineAmendment>.</Text></P1para></P1></P1group><P1group RestrictExtent=""E+W+S+N.I."" RestrictStartDate=""2022-06-28""><Title>Amendments to Schedule 3 to the Asylum and Immigration (Treatment of Claim"
WS-01,ukpga/1998/42,section-6,whole-act,text,primary,ukpga/2022/36,http://www.legislation.gov.uk/id/ukpga/2022/36,section-49,true,http://www.legislation.gov.uk/id/ukpga/1998/42,"id=""c00011"" Class=""NorthernIrelandOrderInCouncil"" Year=""1991"" Number=""0194"" AlternativeNumber=""N.I 1"">S.I. 1991/194 (N.I. 1)); “public authority” means a public authority within the meaning of section 6 of the Human Rights Act 1998","l"" Year=""1991"" Number=""0194"" AlternativeNumber=""N.I 1"">S.I. 1991/194 (N.I. 1)</Citation>);</Text>
</Para>
</ListItem>
</OrderedList>
</Para>
</ListItem>
<ListItem>
<Para>
<Text>“<Term id=""term-public-authority"">public authority</Term>” means a public authority within the meaning of section 6 of the Human Rights Act 1998, other than a court or tribunal;</Text>
</Para>
</ListItem>
<ListItem>
<Para>
<Text>“<Term id=""term-specified-scientific-method"">specified scientific method</Term>” means a method used for assessing a person’s age which is specified in regulations under section 52(1).</Text>
</"
WS-01,ukpga/1998/42,section-6,whole-act,text,primary,ukpga/2022/36,http://www.legislation.gov.uk/id/ukpga/2022/36,section-65,true,http://www.legislation.gov.uk/id/ukpga/1998/42,“positive conclusive grounds decision” means a decision made by a competent authority that a person is a victim of slavery or human trafficking; “public authority” means any public authority within the meaning of section 6 of the Human Rights Act 1998," decision</Term>” means a decision made by a competent authority that a person is a victim of slavery or human trafficking;</Text>
</Para>
</ListItem>
<ListItem>
<Para>
<Text>“<Term id=""term-public-authority"">public authority</Term>” means any public authority within the meaning of section 6 of the Human Rights Act 1998;</Text>
</Para>
</ListItem>
<ListItem>
<Para>
<Text>“<Term id=""term-the-relevant-exploitation"">the relevant exploitation</Term>” means the conduct resulting in the positive conclusive grounds decision.</Text>
</Para>
</ListItem>
</UnorderedList>
</P2para>
</P2>
<P2 DocumentURI="
WS-01,ukpga/1998/42,section-6,whole-act,text,primary,ukpga/2022/36,http://www.legislation.gov.uk/id/ukpga/2022/36,section-67,true,http://www.legislation.gov.uk/id/ukpga/1998/42,"to which subsection (3B) applies. 3B This subsection applies to services in relation to a claim by the individual made to the Secretary of State that to remove the individual from, or to require the person to leave, the United Kingdom would be unlawful under section 6 of the Human Rights Act 1998","t>
</P2para>
</P2>
<P2>
<Pnumber>3B</Pnumber>
<P2para>
<Text>This subsection applies to services in relation to a claim by the individual made to the Secretary of State that to remove the individual from, or to require the person to leave, the United Kingdom would be unlawful under section 6 of the Human Rights Act 1998.</Text>
</P2para>
</P2>
<P2>
<Pnumber>3C</Pnumber>
<P2para>
<Text>The services described in subsection (3A) do not include—</Text>
<P3>
<Pnumber>a</Pnumber>
<P3para>
<Text>the services listed in Part 2 of Schedule 1;</Text>
</P3para>
</P3>
<P3>
<Pnumber>b</Pnumber>
<P3para>
<Te"
WS-01,ukpga/1998/42,section-6,whole-act,text,primary,ukpga/2022/36,http://www.legislation.gov.uk/id/ukpga/2022/36,section-8,true,http://www.legislation.gov.uk/id/ukpga/1998/42,"couples where the mother was married to someone other than the natural father in the same way as children of couples where the mother was married to the natural father. 3 In subsection (1)(b), “public authority” means any public authority within the meaning of section 6 of the Human Rights Act 1998","l father in the same way as children of couples where the mother was married to the natural father.</Text>
</P3para>
</P3>
</P2para>
</P2>
<P2>
<Pnumber>3</Pnumber>
<P2para>
<Text>In subsection (1)(b), “<Term>public authority</Term>” means any public authority within the meaning of section 6 of the Human Rights Act 1998, other than a court or tribunal.</Text>
</P2para>
</P2>
<P2>
<Pnumber>4</Pnumber>
<P2para>
<Text>In considering whether to grant an application under this section, the Secretary of State may take into account whether the applicant is of good character.</Text>
</P2para>
</P2>
</"
WS-01,ukpga/1998/42,section-6,whole-act,text,primary,ukpga/2022/36,http://www.legislation.gov.uk/id/ukpga/2022/36,section-8,true,http://www.legislation.gov.uk/id/ukpga/1998/42,"couples where the mother was married to someone other than the natural father in the same way as children of couples where the mother was married to the natural father. 3 In subsection (1)(b), “public authority” means any public authority within the meaning of section 6 of the Human Rights Act 1998","l father in the same way as children of couples where the mother was married to the natural father.</Text>
</P3para>
</P3>
</P2para>
</P2>
<P2>
<Pnumber>3</Pnumber>
<P2para>
<Text>In subsection (1)(b), “<Term>public authority</Term>” means any public authority within the meaning of section 6 of the Human Rights Act 1998, other than a court or tribunal.</Text>
</P2para>
</P2>
<P2>
<Pnumber>4</Pnumber>
<P2para>
<Text>In considering whether to grant an application under this section, the Secretary of State may take into account whether the applicant is of good character.</Text>
</P2para>
</P2>
</"
WS-01,ukpga/1998/42,section-21-1,whole-act,text,primary,ukpga/2023/16,http://www.legislation.gov.uk/id/ukpga/2023/16,section-1,true,http://www.legislation.gov.uk/id/ukpga/1998/42,"ideas, opinions or information (referred to in Article 10(1) of the Convention as it has effect for the purposes of the Human Rights Act 1998) by means of speech, writing or images (including in electronic form); “the Convention” has the meaning given by section 21(1) of the Human Rights Act 1998"," to in Article 10(1) of the Convention as it has effect for the purposes of the Human Rights Act 1998) by means of speech, writing or images (including in electronic form);</Text>
</Para>
</ListItem>
<ListItem>
<Para>
<Text>“<Term>the Convention</Term>” has the meaning given by section 21(1) of the Human Rights Act 1998;</Text>
</Para>
</ListItem>
<ListItem>
<Para>
<Text>“<Term>member</Term>”, in relation to a registered higher education provider, does not include a person who is a member of the provider solely because of having been a student of the provider;</Text>
</Para>
</ListItem>
<ListI"
WS-01,ukpga/1998/42,,whole-act,text,primary,ukpga/2023/16,http://www.legislation.gov.uk/id/ukpga/2023/16,section-1,true,http://www.legislation.gov.uk/id/ukpga/1998/42,"13 In this Part— references to freedom of speech are to the freedom to impart ideas, opinions or information (referred to in Article 10(1) of the Convention as it has effect for the purposes of the Human Rights Act 1998","mber>
<P2para>
<Text>In this Part—</Text>
<UnorderedList Class=""Definition"" Decoration=""none"">
<ListItem>
<Para>
<Text>references to freedom of speech are to the freedom to impart ideas, opinions or information (referred to in Article 10(1) of the Convention as it has effect for the purposes of the Human Rights Act 1998) by means of speech, writing or images (including in electronic form);</Text>
</Para>
</ListItem>
<ListItem>
<Para>
<Text>“<Term>the Convention</Term>” has the meaning given by section 21(1) of the Human Rights Act 1998;</Text>
</Para>
</ListItem>
<ListItem>
<Para>
<Text>“<Term"
WS-01,ukpga/1998/42,section-6,whole-act,text,primary,ukpga/2023/29,http://www.legislation.gov.uk/id/ukpga/2023/29,schedule-11-paragraph-145,true,http://www.legislation.gov.uk/id/ukpga/1998/42,part) would have material fiscal implications for the United Kingdom; d recognition would be unlawful under section 6 of the Human Rights Act 1998,"3 DocumentURI=""http://www.legislation.gov.uk/ukpga/2023/29/schedule/11/paragraph/145/4/d"" IdURI=""http://www.legislation.gov.uk/id/ukpga/2023/29/schedule/11/paragraph/145/4/d"" id=""schedule-11-paragraph-145-4-d"">
<Pnumber>d</Pnumber>
<P3para>
<Text>recognition would be unlawful under section 6 of the Human Rights Act 1998 (public authority not to act contrary to Human Rights Convention).</Text>
</P3para>
</P3>
</P2para>
</P2>
<P2 DocumentURI=""http://www.legislation.gov.uk/ukpga/2023/29/schedule/11/paragraph/145/5"" IdURI=""http://www.legislation.gov.uk/id/ukpga/2023/29/schedule/11/paragraph/145/5"""
WS-01,ukpga/1998/42,,whole-act,text,primary,ukpga/2023/29,http://www.legislation.gov.uk/id/ukpga/2023/29,schedule-11-paragraph-15,true,http://www.legislation.gov.uk/id/ukpga/1998/42,funds. 7 Objective 5 is to avoid interfering with property rights in contravention of a Convention right (within the meaning of the Human Rights Act 1998,"hedule/11/paragraph/15/7"" IdURI=""http://www.legislation.gov.uk/id/ukpga/2023/29/schedule/11/paragraph/15/7"" id=""schedule-11-paragraph-15-7"">
<Pnumber>7</Pnumber>
<P2para>
<Text>Objective 5 is to avoid interfering with property rights in contravention of a Convention right (within the meaning of the Human Rights Act 1998).</Text>
</P2para>
</P2>
<P2 DocumentURI=""http://www.legislation.gov.uk/ukpga/2023/29/schedule/11/paragraph/15/8"" IdURI=""http://www.legislation.gov.uk/id/ukpga/2023/29/schedule/11/paragraph/15/8"" id=""schedule-11-paragraph-15-8"">
<Pnumber>8</Pnumber>
<P2para>
<Text>The order in "
WS-01,ukpga/1998/42,section-8,whole-act,text,primary,ukpga/2023/29,http://www.legislation.gov.uk/id/ukpga/2023/29,schedule-11-paragraph-8,true,http://www.legislation.gov.uk/id/ukpga/1998/42,"id=""schedule-11-paragraph-8-4""> 4 A temporary manager is not liable for damages in respect of anything done in good faith for the purposes of or in connection with the functions of the appointment (subject to section 8 of the Human Rights Act 1998","kpga/2023/29/schedule/11/paragraph/8/4"" id=""schedule-11-paragraph-8-4"">
<Pnumber>4</Pnumber>
<P2para>
<Text>A temporary manager is not liable for damages in respect of anything done in good faith for the purposes of or in connection with the functions of the appointment (subject to section 8 of the Human Rights Act 1998).</Text>
</P2para>
</P2>
</P1para>
</P1></P1group>
<P1group RestrictExtent=""E+W+S+N.I."" RestrictStartDate=""2023-12-31""><Title>Temporary manager: instrument of appointment</Title><P1 DocumentURI=""http://www.legislation.gov.uk/ukpga/2023/29/schedule/11/paragraph/9"" IdURI=""http://"
WS-01,ukpga/1998/42,section-6-1,whole-act,text,primary,ukpga/2023/29,http://www.legislation.gov.uk/id/ukpga/2023/29,schedule-9-paragraph-1,true,http://www.legislation.gov.uk/id/ukpga/1998/42,"subject to annulment in pursuance of a resolution of either House of Parliament.8An immunity conferred by or under this section does not extend to action or inaction—ain bad faith, orbin contravention of section 6(1) of the Human Rights Act 1998","P3></P2para></P2><P2><Pnumber>8</Pnumber><P2para><Text>An immunity conferred by or under this section does not extend to action or inaction—</Text><P3><Pnumber>a</Pnumber><P3para><Text>in bad faith, or</Text></P3para></P3><P3><Pnumber>b</Pnumber><P3para><Text>in contravention of section 6(1) of the Human Rights Act 1998.</Text></P3para></P3></P2para></P2><P2><Pnumber>9</Pnumber><P2para><Text>In this section, “<Term>specified</Term>” means specified in the direction.</Text></P2para></P2></P1para></P1></P1group><P1group><Title>Role of the FCA, PRA and Payment Systems Regulator</Title><P1><Pnumbe"
WS-01,ukpga/1998/42,section-6-1,whole-act,text,primary,ukpga/2023/29,http://www.legislation.gov.uk/id/ukpga/2023/29,section-18,true,http://www.legislation.gov.uk/id/ukpga/1998/42,"inform the critical third party of the effect of subsection (4). 6 An immunity conferred by this section does not extend to action or inaction— a in bad faith, or b in contravention of section 6(1) of the Human Rights Act 1998","2para>
</P2>
<P2>
<Pnumber>6</Pnumber>
<P2para>
<Text>An immunity conferred by this section does not extend to action or inaction—</Text>
<P3>
<Pnumber>a</Pnumber>
<P3para>
<Text>in bad faith, or</Text>
</P3para>
</P3>
<P3>
<Pnumber>b</Pnumber>
<P3para>
<Text>in contravention of section 6(1) of the Human Rights Act 1998.</Text>
</P3para>
</P3>
</P2para>
</P2>
<P2>
<Pnumber>7</Pnumber>
<P2para>
<Text>A relevant regulator may at any time revoke a direction under this section by giving notice in writing to the critical third party to which the direction relates.</Text>
</P2para>
</P2>
<P2>
<Pnumb"
WS-01,ukpga/1998/42,,whole-act,text,primary,ukpga/2023/32,http://www.legislation.gov.uk/id/ukpga/2023/32,schedule-10-paragraph-5,true,http://www.legislation.gov.uk/id/ukpga/1998/42,Rights Convention.2The “Human Rights Convention” means the Convention within the meaning of the Human Rights Act 1998,"32/schedule/10/paragraph/5/2"" IdURI=""http://www.legislation.gov.uk/id/ukpga/2023/32/schedule/10/paragraph/5/2"" id=""schedule-10-paragraph-5-2""><Pnumber>2</Pnumber><P2para><Text>The “<Term id=""term-human-rights-convention"">Human Rights Convention</Term>” means the Convention within the meaning of the Human Rights Act 1998 (see section 21(1) of that Act).</Text></P2para></P2></P1para></P1></P1group><P1group ConfersPower=""true"" RestrictExtent=""E+W+S+N.I."" RestrictStartDate=""2023-12-20""><Title>Rules of court: anonymity</Title><P1 DocumentURI=""http://www.legislation.gov.uk/ukpga/2023/32/schedule/10/"
WS-01,ukpga/1998/42,section-1,whole-act,text,primary,ukpga/2023/32,http://www.legislation.gov.uk/id/ukpga/2023/32,section-14,true,http://www.legislation.gov.uk/id/ukpga/1998/42,this section—“Convention rights” has the meaning given by section 1 of the Human Rights Act 1998,"gislation.gov.uk/id/ukpga/2023/32/section/14/5"" id=""section-14-5""><Pnumber>5</Pnumber><P2para><Text>In this section—</Text><UnorderedList Class=""Definition"" Decoration=""none""><ListItem><Para><Text>“<Term id=""term-convention-rights"">Convention rights</Term>” has the meaning given by section 1 of the Human Rights Act 1998;</Text></Para></ListItem><ListItem><Para><Text>the “<Term id=""term-law-of-the-united-kingdom"">law of the United Kingdom</Term>” includes the law of any part of the United Kingdom;</Text></Para></ListItem><ListItem><Para><Text>“<Term id=""term-local-authority"">local authority</Te"
WS-01,ukpga/1998/42,,whole-act,text,primary,ukpga/2023/32,http://www.legislation.gov.uk/id/ukpga/2023/32,section-33F,true,http://www.legislation.gov.uk/id/ukpga/1998/42,"on section 96(6A), the date on which they are approved by the second House of Parliament to approve them.Proceedings under the Human Rights Act 1998","ve them.</Addition></Text></P3para></P3></P2para></P2></P1para></P1></P1group><P1group RestrictStartDate=""2026-07-08"" RestrictExtent=""E+W+S+N.I.""><Title><Addition ChangeId=""key-REDACTED-CLML-COMMENTARY-HANDLE-1785237074328"" CommentaryRef=""key-REDACTED-CLML-COMMENTARY-HANDLE"">Proceedings under the Human Rights Act 1998</Addition></Title><P1 DocumentURI=""http://www.legislation.gov.uk/ukpga/2023/32/section/33G"" IdURI=""http://www.legislation.gov.uk/id/ukpga/2023/32/section/33G"" id=""section-33G""><Pnumber><Addition ChangeId=""key-REDACTED-CLML-COMMENTARY-HANDLE-1785237074328"" CommentaryRef=""key-f8"
WS-01,ukpga/1998/42,section-7,whole-act,text,primary,ukpga/2023/32,http://www.legislation.gov.uk/id/ukpga/2023/32,section-33G,true,http://www.legislation.gov.uk/id/ukpga/1998/42,"id=""section-33G"">33GThe Commission is the appropriate tribunal for the purposes of section 7 of the Human Rights Act 1998","28"" CommentaryRef=""key-REDACTED-CLML-COMMENTARY-HANDLE"">33G</Addition></Pnumber><P1para><Text><Addition ChangeId=""key-REDACTED-CLML-COMMENTARY-HANDLE-1785237074328"" CommentaryRef=""key-REDACTED-CLML-COMMENTARY-HANDLE"">The Commission is the appropriate tribunal for the purposes of section 7 of the Human Rights Act 1998 in relation to any proceedings which call into question a decision made by the Secretary of State in relation to an application made under section 33C.</Addition></Text></P1para></P1></P1group><P1group RestrictStartDate=""2026-07-08"" RestrictExtent=""E+W+S+N.I.""><Title><Addition "
WS-01,ukpga/1998/42,section-7-1,whole-act,text,primary,ukpga/2023/32,http://www.legislation.gov.uk/id/ukpga/2023/32,section-33H,true,http://www.legislation.gov.uk/id/ukpga/1998/42,"ChangeId=""key-REDACTED-CLML-COMMENTARY-HANDLE-1785237074328"" CommentaryRef=""key-REDACTED-CLML-COMMENTARY-HANDLE"">bevidence of anything done in relation to proceedings before the Commission under section 33D or section 7(1) of the Human Rights Act 1998","2ed01e2f3393b1d86e588"">b</Addition></Pnumber><P3para><Text><Addition ChangeId=""key-REDACTED-CLML-COMMENTARY-HANDLE-1785237074328"" CommentaryRef=""key-REDACTED-CLML-COMMENTARY-HANDLE"">evidence of anything done in relation to proceedings before the Commission under section 33D or section 7(1) of the Human Rights Act 1998,</Addition></Text></P3para></P3><P3 DocumentURI=""http://www.legislation.gov.uk/ukpga/2023/32/section/33H/1/c"" IdURI=""http://www.legislation.gov.uk/id/ukpga/2023/32/section/33H/1/c"" id=""section-33H-1-c""><Pnumber><Addition ChangeId=""key-REDACTED-CLML-COMMENTARY-HANDLE-1785237074"
WS-01,ukpga/1998/42,section-7,whole-act,text,primary,ukpga/2023/32,http://www.legislation.gov.uk/id/ukpga/2023/32,section-53,true,http://www.legislation.gov.uk/id/ukpga/1998/42,The court is the appropriate tribunal for the purposes of section 7 of the Human Rights Act 1998,"/32/section/53/2"" IdURI=""http://www.legislation.gov.uk/id/ukpga/2023/32/section/53/2"" id=""section-53-2"">
                           <Pnumber>2</Pnumber>
                           <P2para>
                              <Text>The court is the appropriate tribunal for the purposes of section 7 of the Human Rights Act 1998 in relation to proceedings all or any part of which call a decision relating to a <InternalLink Ref=""part-2"" IdURI=""http://www.legislation.gov.uk/id/ukpga/2023/32/part/2"" DocumentURI=""http://www.legislation.gov.uk/ukpga/2023/32/part/2"">Part 2</InternalLink> notice into question"
WS-01,ukpga/1998/42,section-6,whole-act,text,primary,ukpga/2023/32,http://www.legislation.gov.uk/id/ukpga/2023/32,section-63,true,http://www.legislation.gov.uk/id/ukpga/1998/42,“Public authority” means a public authority within the meaning of section 6 of the Human Rights Act 1998,"islation.gov.uk/id/ukpga/2023/32/section/63/8"" id=""section-63-8"">
                        <Pnumber>8</Pnumber>
                        <P2para>
                           <Text>“<Term id=""term-public-authority"">Public authority</Term>” means a public authority within the meaning of section 6 of the Human Rights Act 1998, other than a court or tribunal.</Text>
                        </P2para>
                     </P2>
                     <P2 DocumentURI=""http://www.legislation.gov.uk/ukpga/2023/32/section/63/9"" IdURI=""http://www.legislation.gov.uk/id/ukpga/2023/32/section/63/9"" id=""section-6"
WS-01,ukpga/1998/42,section-7-1,whole-act,text,primary,ukpga/2023/32,http://www.legislation.gov.uk/id/ukpga/2023/32,section-84,true,http://www.legislation.gov.uk/id/ukpga/1998/42,are brought against the Crown on any grounds (unless they are brought under section 7(1) (a) of the Human Rights Act 1998,".legislation.gov.uk/id/ukpga/2023/32/section/84/1/b"" id=""section-84-1-b"">
                                 <Pnumber>b</Pnumber>
                                 <P3para>
                                    <Text>are brought against the Crown on any grounds (unless they are brought under section 7(1)(a) of the Human Rights Act 1998), and</Text>
                                 </P3para>
                              </P3>
                              <P3 DocumentURI=""http://www.legislation.gov.uk/ukpga/2023/32/section/84/1/c"" IdURI=""http://www.legislation.gov.uk/id/ukpga/2023/32/section/84/1/c"
WS-01,ukpga/1998/42,section-8,whole-act,text,primary,ukpga/2023/32,http://www.legislation.gov.uk/id/ukpga/2023/32,section-85,true,http://www.legislation.gov.uk/id/ukpga/1998/42,But the court may not decide to reduce damages it would otherwise award to the claimant under section 8 of the Human Rights Act 1998,"legislation.gov.uk/id/ukpga/2023/32/section/85/6"" id=""section-85-6"">
                           <Pnumber>6</Pnumber>
                           <P2para>
                              <Text>But the court may not decide to reduce damages it would otherwise award to the claimant under section 8 of the Human Rights Act 1998 (judicial remedies).</Text>
                           </P2para>
                        </P2>
                        <P2 DocumentURI=""http://www.legislation.gov.uk/ukpga/2023/32/section/85/7"" IdURI=""http://www.legislation.gov.uk/id/ukpga/2023/32/section/85/7"" id=""section-85-7"
WS-01,ukpga/1998/42,,whole-act,text,primary,ukpga/2023/41,http://www.legislation.gov.uk/id/ukpga/2023/41,section-13,true,http://www.legislation.gov.uk/id/ukpga/1998/42,1 The Commissioner for Investigations must comply with the obligations imposed by the Human Rights Act 1998,"1"" IdURI=""http://www.legislation.gov.uk/id/ukpga/2023/41/section/13/1"" id=""section-13-1"" RestrictStartDate=""2024-05-01"">
<Pnumber><CommentaryRef Ref=""key-REDACTED-CLML-COMMENTARY-HANDLE""/>1</Pnumber>
<P2para>
<Text>The Commissioner for Investigations must comply with the obligations imposed by the Human Rights Act 1998 when exercising functions under this section.</Text>
</P2para>
</P2>
<P2 DocumentURI=""http://www.legislation.gov.uk/ukpga/2023/41/section/13/2"" IdURI=""http://www.legislation.gov.uk/id/ukpga/2023/41/section/13/2"" id=""section-13-2"" RestrictStartDate=""2024-05-01"">
<Pnumber>2</Pnum"
WS-01,ukpga/1998/42,,whole-act,text,primary,ukpga/2023/41,http://www.legislation.gov.uk/id/ukpga/2023/41,section-13,true,http://www.legislation.gov.uk/id/ukpga/1998/42,Subsection (1) does not limit the duty of the Commissioner for Investigations to comply with the obligations imposed by the Human Rights Act 1998,"<InternalLink Ref=""section-13-1"" IdURI=""http://www.legislation.gov.uk/id/ukpga/2023/41/section/13/1"" DocumentURI=""http://www.legislation.gov.uk/ukpga/2023/41/section/13/1"">(1)</InternalLink> does not limit the duty of the Commissioner for Investigations to comply with the obligations imposed by the Human Rights Act 1998 when exercising other functions.</Text>
</P2para>
</P2>
<P2 DocumentURI=""http://www.legislation.gov.uk/ukpga/2023/41/section/13/12"" IdURI=""http://www.legislation.gov.uk/id/ukpga/2023/41/section/13/12"" id=""section-13-12"" RestrictStartDate=""2024-05-01"">
<Pnumber>12</Pnumber>
<P2p"
WS-01,ukpga/1998/42,,whole-act,text,primary,ukpga/2023/50,http://www.legislation.gov.uk/id/ukpga/2023/50,schedule-1-paragraph-9,true,http://www.legislation.gov.uk/id/ukpga/1998/42,"this paragraph, “public function” means a function that is a function of a public nature for the purposes of the Human Rights Act 1998"," IdURI=""http://www.legislation.gov.uk/id/ukpga/2023/50/schedule/1/paragraph/9/4"" id=""schedule-1-paragraph-9-4""><Pnumber>4</Pnumber><P2para><Text>In this paragraph, “<Term id=""term-public-function"">public function</Term>” means a function that is a function of a public nature for the purposes of the Human Rights Act 1998.</Text></P2para></P2></P1para></P1></P1group><P1group RestrictStartDate=""2023-10-26"" RestrictExtent=""E+W+S+N.I.""><Title>Services provided by persons providing education or childcare</Title><P1 DocumentURI=""http://www.legislation.gov.uk/ukpga/2023/50/schedule/1/paragraph/10"" IdU"
WS-01,ukpga/1998/42,section-6,whole-act,text,primary,ukpga/2023/50,http://www.legislation.gov.uk/id/ukpga/2023/50,schedule-1-paragraph-9,true,http://www.legislation.gov.uk/id/ukpga/1998/42,following conditions are met in relation to the service—ithe provider of the service is a public authority within the meaning of section 6 of the Human Rights Act 1998,"slation.gov.uk/ukpga/2023/50/schedule/1/paragraph/9/1/a/i"" IdURI=""http://www.legislation.gov.uk/id/ukpga/2023/50/schedule/1/paragraph/9/1/a/i"" id=""schedule-1-paragraph-9-1-a-i""><Pnumber>i</Pnumber><P4para><Text>the provider of the service is a public authority within the meaning of section 6 of the Human Rights Act 1998, and</Text></P4para></P4><P4 DocumentURI=""http://www.legislation.gov.uk/ukpga/2023/50/schedule/1/paragraph/9/1/a/ii"" IdURI=""http://www.legislation.gov.uk/id/ukpga/2023/50/schedule/1/paragraph/9/1/a/ii"" id=""schedule-1-paragraph-9-1-a-ii""><Pnumber>ii</Pnumber><P4para><Text>the se"
WS-01,ukpga/1998/42,section-6,whole-act,text,primary,ukpga/2023/50,http://www.legislation.gov.uk/id/ukpga/2023/50,schedule-9-paragraph-3,true,http://www.legislation.gov.uk/id/ukpga/1998/42,conditions are met in relation to the service— i the provider of the service is a public authority within the meaning of section 6 of the Human Rights Act 1998,"tion.gov.uk/ukpga/2023/50/schedule/9/paragraph/3/2/a/i"" IdURI=""http://www.legislation.gov.uk/id/ukpga/2023/50/schedule/9/paragraph/3/2/a/i"" id=""schedule-9-paragraph-3-2-a-i"">
<Pnumber>i</Pnumber>
<P4para>
<Text>the provider of the service is a public authority within the meaning of section 6 of the Human Rights Act 1998, and</Text>
</P4para>
</P4>
<P4 DocumentURI=""http://www.legislation.gov.uk/ukpga/2023/50/schedule/9/paragraph/3/2/a/ii"" IdURI=""http://www.legislation.gov.uk/id/ukpga/2023/50/schedule/9/paragraph/3/2/a/ii"" id=""schedule-9-paragraph-3-2-a-ii"">
<Pnumber>ii</Pnumber>
<P4para>
<Text>"
WS-01,ukpga/1998/42,,whole-act,text,primary,ukpga/2023/50,http://www.legislation.gov.uk/id/ukpga/2023/50,schedule-9-paragraph-3,true,http://www.legislation.gov.uk/id/ukpga/1998/42,"5 In this paragraph, “public function” means a function that is a function of a public nature for the purposes of the Human Rights Act 1998","URI=""http://www.legislation.gov.uk/id/ukpga/2023/50/schedule/9/paragraph/3/5"" id=""schedule-9-paragraph-3-5"">
<Pnumber>5</Pnumber>
<P2para>
<Text>In this paragraph, “<Term id=""term-public-function"">public function</Term>” means a function that is a function of a public nature for the purposes of the Human Rights Act 1998.</Text>
</P2para>
</P2>
</P1para>
</P1></P1group>
<P1group RestrictExtent=""E+W+S+N.I."" RestrictStartDate=""2024-01-10""><Title>Services provided by persons providing education or childcare</Title><P1 DocumentURI=""http://www.legislation.gov.uk/ukpga/2023/50/schedule/9/paragraph/4"""
WS-01,ukpga/1998/42,section-21-1,whole-act,text,primary,ukpga/2023/50,http://www.legislation.gov.uk/id/ukpga/2023/50,section-236,true,http://www.legislation.gov.uk/id/ukpga/1998/42,"communicated by means of an internet service, whether publicly or privately, including written material or messages, oral communications, photographs, videos, visual images, music and data of any description;“the Convention” has the meaning given by section 21(1) of the Human Rights Act 1998","blicly or privately, including written material or messages, oral communications, photographs, videos, visual images, music and data of any description;</Text></Para></ListItem><ListItem><Para><Text>“<Term id=""term-the-convention"">the Convention</Term>” has the meaning given by section 21(1) of the Human Rights Act 1998;</Text></Para></ListItem><ListItem><Para><Text>“<Term id=""term-country"">country</Term>” includes territory;</Text></Para></ListItem><ListItem><Para><Text> <Addition ChangeId=""key-REDACTED-CLML-COMMENTARY-HANDLE-1758817621765"" CommentaryRef=""key-REDACTED-CLML-COMMENTARY-HANDLE"
WS-01,ukpga/1998/42,section-6,whole-act,text,primary,ukpga/2023/55,http://www.legislation.gov.uk/id/ukpga/2023/55,section-167,true,http://www.legislation.gov.uk/id/ukpga/1998/42,"authority” means— any person with functions under, or functions in respect of which provision is made by, existing environmental assessment legislation when this Act is passed; any public authority within the meaning of section 6 of the Human Rights Act 1998","ens"">
<ListItem>
<Para>
<Text>any person with functions under, or functions in respect of which provision is made by, existing environmental assessment legislation when this Act is passed;</Text>
</Para>
</ListItem>
<ListItem>
<Para>
<Text>any public authority within the meaning of section 6 of the Human Rights Act 1998, other than a court or tribunal;</Text>
</Para>
</ListItem>
</OrderedList>
</Para>
</ListItem>
<ListItem>
<Para>
<Text>“<Term id=""term-relevant-consent"">relevant consent</Term>” has the meaning given by <InternalLink Ref=""section-154"" IdURI=""http://www.legislation.gov.uk/id/ukp"
WS-01,ukpga/1998/42,,whole-act,text,primary,ukpga/2024/21,http://www.legislation.gov.uk/id/ukpga/2024/21,section-68,true,http://www.legislation.gov.uk/id/ukpga/1998/42,"NumberOfProvisions=""6"" id=""part-4-crossheading-application-of-convention-rights"" RestrictExtent=""E+W"" Match=""false"" Status=""Prospective"">Application of Convention rightsSection 3 of the Human Rights Act 1998","tion-of-convention-rights"" NumberOfProvisions=""6"" id=""part-4-crossheading-application-of-convention-rights"" RestrictExtent=""E+W"" Match=""false"" Status=""Prospective""><Title>Application of Convention rights</Title><P1group Match=""false"" Status=""Prospective"" RestrictExtent=""E+W""><Title>Section 3 of the Human Rights Act 1998: life prisoners</Title><P1 DocumentURI=""http://www.legislation.gov.uk/ukpga/2024/21/section/69"" IdURI=""http://www.legislation.gov.uk/id/ukpga/2024/21/section/69"" id=""section-69"">
<Pnumber><CommentaryRef Ref=""key-REDACTED-CLML-COMMENTARY-HANDLE""/>69</Pnumber>
<P1para>
<Text>In "
WS-01,ukpga/1998/42,section-3,whole-act,text,primary,ukpga/2024/21,http://www.legislation.gov.uk/id/ukpga/2024/21,section-69,true,http://www.legislation.gov.uk/id/ukpga/1998/42,under it. 2 In this section “subordinate legislation” has the same meaning as in the Human Rights Act 1998 (see section 21 of that Act). Section 3 of the Human Rights Act 1998,"rm>subordinate legislation</Term>” has the same meaning as in the Human Rights Act 1998 (see section 21 of that Act).</Text>
</P2para>
</P2>
</P1para>
</P1>
</P1group>
</BlockAmendment>
</P1para>
</P1></P1group><P1group Match=""false"" Status=""Prospective"" RestrictExtent=""E+W""><Title>Section 3 of the Human Rights Act 1998: fixed-term prisoners</Title><P1 DocumentURI=""http://www.legislation.gov.uk/ukpga/2024/21/section/70"" IdURI=""http://www.legislation.gov.uk/id/ukpga/2024/21/section/70"" id=""section-70"">
<Pnumber><CommentaryRef Ref=""key-REDACTED-CLML-COMMENTARY-HANDLE""/>70</Pnumber>
<P1para>
<Te"
WS-01,ukpga/1998/42,section-3,whole-act,text,primary,ukpga/2024/21,http://www.legislation.gov.uk/id/ukpga/2024/21,section-69,true,http://www.legislation.gov.uk/id/ukpga/1998/42,"id=""section-69""> 69 In Chapter 2 of Part 2 of the Crime (Sentences) Act 1997 (life sentences), after section 34 insert— Disapplication of section 3 of the Human Rights Act 1998","a86290d6bf355f6""/>69</Pnumber>
<P1para>
<Text>In Chapter 2 of Part 2 of the Crime (Sentences) Act 1997 (life sentences), after section 34 insert—</Text>
<BlockAmendment Context=""main"" Format=""double"" TargetClass=""primary"" TargetSubClass=""unknown"">
<P1group>
<Title>Disapplication of section 3 of the Human Rights Act 1998 to Chapter 2</Title>
<P1>
<Pnumber>34A</Pnumber>
<P1para>
<P2>
<Pnumber>1</Pnumber>
<P2para>
<Text>Section 3 of the Human Rights Act 1998 (legislation to be read and given effect in way which is compatible with Convention rights) does not apply to this Chapter or any subordinat"
WS-01,ukpga/1998/42,section-3,whole-act,text,primary,ukpga/2024/21,http://www.legislation.gov.uk/id/ukpga/2024/21,section-69,true,http://www.legislation.gov.uk/id/ukpga/1998/42,"In Chapter 2 of Part 2 of the Crime (Sentences) Act 1997 (life sentences), after section 34 insert— Disapplication of section 3 of the Human Rights Act 1998 to Chapter 2 34A 1 Section 3 of the Human Rights Act 1998","insert—</Text>
<BlockAmendment Context=""main"" Format=""double"" TargetClass=""primary"" TargetSubClass=""unknown"">
<P1group>
<Title>Disapplication of section 3 of the Human Rights Act 1998 to Chapter 2</Title>
<P1>
<Pnumber>34A</Pnumber>
<P1para>
<P2>
<Pnumber>1</Pnumber>
<P2para>
<Text>Section 3 of the Human Rights Act 1998 (legislation to be read and given effect in way which is compatible with Convention rights) does not apply to this Chapter or any subordinate legislation made under it.</Text>
</P2para>
</P2>
<P2>
<Pnumber>2</Pnumber>
<P2para>
<Text>In this section “<Term>subordinate legislatio"
WS-01,ukpga/1998/42,,whole-act,text,primary,ukpga/2024/21,http://www.legislation.gov.uk/id/ukpga/2024/21,section-69,true,http://www.legislation.gov.uk/id/ukpga/1998/42,3 of the Human Rights Act 1998 (legislation to be read and given effect in way which is compatible with Convention rights) does not apply to this Chapter or any subordinate legislation made under it. 2 In this section “subordinate legislation” has the same meaning as in the Human Rights Act 1998,"read and given effect in way which is compatible with Convention rights) does not apply to this Chapter or any subordinate legislation made under it.</Text>
</P2para>
</P2>
<P2>
<Pnumber>2</Pnumber>
<P2para>
<Text>In this section “<Term>subordinate legislation</Term>” has the same meaning as in the Human Rights Act 1998 (see section 21 of that Act).</Text>
</P2para>
</P2>
</P1para>
</P1>
</P1group>
</BlockAmendment>
</P1para>
</P1></P1group><P1group Match=""false"" Status=""Prospective"" RestrictExtent=""E+W""><Title>Section 3 of the Human Rights Act 1998: fixed-term prisoners</Title><P1 DocumentURI"
WS-01,ukpga/1998/42,section-3,whole-act,text,primary,ukpga/2024/21,http://www.legislation.gov.uk/id/ukpga/2024/21,section-70,true,http://www.legislation.gov.uk/id/ukpga/1998/42,"Act 2003 (release, licences, supervision and recall of fixed-term prisoners), after section 268 insert— Disapplication of section 3 of the Human Rights Act 1998 to Chapter 6 268A 1 Section 3 of the Human Rights Act 1998","nsert—</Text>
<BlockAmendment Context=""main"" Format=""double"" TargetClass=""primary"" TargetSubClass=""unknown"">
<P1group>
<Title>Disapplication of section 3 of the Human Rights Act 1998 to Chapter 6</Title>
<P1>
<Pnumber>268A</Pnumber>
<P1para>
<P2>
<Pnumber>1</Pnumber>
<P2para>
<Text>Section 3 of the Human Rights Act 1998 (legislation to be read and given effect in way which is compatible with Convention rights) does not apply to this Chapter or any subordinate legislation made under it.</Text>
</P2para>
</P2>
<P2>
<Pnumber>2</Pnumber>
<P2para>
<Text>In this section “<Term>subordinate legislatio"
WS-01,ukpga/1998/42,section-3,whole-act,text,primary,ukpga/2024/21,http://www.legislation.gov.uk/id/ukpga/2024/21,section-70,true,http://www.legislation.gov.uk/id/ukpga/1998/42,"In Chapter 6 of Part 12 of the Criminal Justice Act 2003 (release, licences, supervision and recall of fixed-term prisoners), after section 268 insert— Disapplication of section 3 of the Human Rights Act 1998","pter 6 of Part 12 of the Criminal Justice Act 2003 (release, licences, supervision and recall of fixed-term prisoners), after section 268 insert—</Text>
<BlockAmendment Context=""main"" Format=""double"" TargetClass=""primary"" TargetSubClass=""unknown"">
<P1group>
<Title>Disapplication of section 3 of the Human Rights Act 1998 to Chapter 6</Title>
<P1>
<Pnumber>268A</Pnumber>
<P1para>
<P2>
<Pnumber>1</Pnumber>
<P2para>
<Text>Section 3 of the Human Rights Act 1998 (legislation to be read and given effect in way which is compatible with Convention rights) does not apply to this Chapter or any subordina"
WS-01,ukpga/1998/42,,whole-act,text,primary,ukpga/2024/21,http://www.legislation.gov.uk/id/ukpga/2024/21,section-70,true,http://www.legislation.gov.uk/id/ukpga/1998/42,3 of the Human Rights Act 1998 (legislation to be read and given effect in way which is compatible with Convention rights) does not apply to this Chapter or any subordinate legislation made under it. 2 In this section “subordinate legislation” has the same meaning as in the Human Rights Act 1998,"read and given effect in way which is compatible with Convention rights) does not apply to this Chapter or any subordinate legislation made under it.</Text>
</P2para>
</P2>
<P2>
<Pnumber>2</Pnumber>
<P2para>
<Text>In this section “<Term>subordinate legislation</Term>” has the same meaning as in the Human Rights Act 1998 (see section 21 of that Act).</Text>
</P2para>
</P2>
</P1para>
</P1>
</P1group>
</BlockAmendment>
</P1para>
</P1></P1group><P1group Match=""false"" Status=""Prospective"" RestrictExtent=""E+W""><Title>Section 3 of the Human Rights Act 1998: power to change release test</Title><P1 Doc"
WS-01,ukpga/1998/42,section-3,whole-act,text,primary,ukpga/2024/21,http://www.legislation.gov.uk/id/ukpga/2024/21,section-70,true,http://www.legislation.gov.uk/id/ukpga/1998/42,under it. 2 In this section “subordinate legislation” has the same meaning as in the Human Rights Act 1998 (see section 21 of that Act). Section 3 of the Human Rights Act 1998,"rm>subordinate legislation</Term>” has the same meaning as in the Human Rights Act 1998 (see section 21 of that Act).</Text>
</P2para>
</P2>
</P1para>
</P1>
</P1group>
</BlockAmendment>
</P1para>
</P1></P1group><P1group Match=""false"" Status=""Prospective"" RestrictExtent=""E+W""><Title>Section 3 of the Human Rights Act 1998: power to change release test</Title><P1 DocumentURI=""http://www.legislation.gov.uk/ukpga/2024/21/section/71"" IdURI=""http://www.legislation.gov.uk/id/ukpga/2024/21/section/71"" id=""section-71"">
<Pnumber><CommentaryRef Ref=""key-REDACTED-CLML-COMMENTARY-HANDLE""/>71</Pnumber>
<P1p"
WS-01,ukpga/1998/42,section-3,whole-act,text,primary,ukpga/2024/21,http://www.legislation.gov.uk/id/ukpga/2024/21,section-71,true,http://www.legislation.gov.uk/id/ukpga/1998/42,"In section 128 of the Legal Aid, Sentencing and Punishment of Offenders Act 2012 (power to change test for release on licence of certain prisoners), after subsection (6) insert— 7 Section 3 of the Human Rights Act 1998","cing and Punishment of Offenders Act 2012 (power to change test for release on licence of certain prisoners), after subsection (6) insert— </Text>
<BlockAmendment Context=""main"" Format=""double"" TargetClass=""primary"" TargetSubClass=""unknown"">
<P2>
<Pnumber>7</Pnumber>
<P2para>
<Text>Section 3 of the Human Rights Act 1998 (legislation to be read and given effect in way which is compatible with Convention rights) does not apply to this section or any order made under it.</Text>
</P2para>
</P2>
</BlockAmendment>
</P1para>
</P1></P1group><P1group Match=""false"" Status=""Prospective"" ConfersPower=""tru"
WS-01,ukpga/1998/42,,whole-act,text,primary,ukpga/2024/21,http://www.legislation.gov.uk/id/ukpga/2024/21,section-72,true,http://www.legislation.gov.uk/id/ukpga/1998/42,"7 (no punishment without law). 5 In this section, the following terms have the same meanings as in the Human Rights Act 1998","/UnorderedList>
</P2para>
</P2>
<P2 DocumentURI=""http://www.legislation.gov.uk/ukpga/2024/21/section/72/5"" IdURI=""http://www.legislation.gov.uk/id/ukpga/2024/21/section/72/5"" id=""section-72-5"">
<Pnumber>5</Pnumber>
<P2para>
<Text>In this section, the following terms have the same meanings as in the Human Rights Act 1998—</Text>
<UnorderedList Class=""Definition"" Decoration=""none"">
<ListItem id=""p06996"">
<Para>
<Text>“<Term id=""term-the-convention"">the Convention</Term>”;</Text>
</Para>
</ListItem>
<ListItem id=""p07000"">
<Para>
<Text>“<Term id=""term-convention-right"">Convention right</Term>”;</T"
WS-01,ukpga/1998/42,,whole-act,text,primary,ukpga/2024/8,http://www.legislation.gov.uk/id/ukpga/2024/8,section-2,true,http://www.legislation.gov.uk/id/ukpga/1998/42,"IdURI=""http://www.legislation.gov.uk/id/ukpga/2024/8/section/2"" id=""section-2"">2. . . . . . . . . . . . . . . . . . . . . . . . . . . . . . . . Disapplication of the Human Rights Act 1998","on-2""><Pnumber><CommentaryRef Ref=""key-REDACTED-CLML-COMMENTARY-HANDLE""/>2</Pnumber><P1para><Text>. . . . . . . . . . . . . . . . . . . . . . . . . . . . . . . .</Text></P1para></P1></P1group><P1group RestrictExtent=""E+W+S+N.I."" RestrictStartDate=""2025-12-02"" Status=""Repealed"" Match=""false""><Title>Disapplication of the Human Rights Act 1998</Title><P1 DocumentURI=""http://www.legislation.gov.uk/ukpga/2024/8/section/3"" IdURI=""http://www.legislation.gov.uk/id/ukpga/2024/8/section/3"" id=""section-3""><Pnumber><CommentaryRef Ref=""key-REDACTED-CLML-COMMENTARY-HANDLE""/>3</Pnumber><P1para><Text>. . . "
WS-01,ukpga/1998/42,section-6-1,whole-act,text,primary,ukpga/2025/18,http://www.legislation.gov.uk/id/ukpga/2025/18,section-18,true,http://www.legislation.gov.uk/id/ukpga/1998/42,provision so as to prevent an award of damages made in respect of an act or omission on the ground that the act or omission was unlawful as a result of section 6(1) of the Human Rights Act 1998,"dURI=""http://www.legislation.gov.uk/id/ukpga/2025/18/section/18/3/b"" id=""section-18-3-b""><Pnumber>b</Pnumber><P3para><Text>make provision so as to prevent an award of damages made in respect of an act or omission on the ground that the act or omission was unlawful as a result of section 6(1) of the Human Rights Act 1998.</Text></P3para></P3></P2para></P2></P1para></P1></P1group><P1group ConfersPower=""true"" RestrictExtent=""E+W+S+N.I."" RestrictStartDate=""2025-08-20""><Title>Duty to review regulations</Title><P1 DocumentURI=""http://www.legislation.gov.uk/ukpga/2025/18/section/19"" IdURI=""http://www"
WS-01,ukpga/1998/42,section-6,whole-act,text,primary,ukpga/2025/21,http://www.legislation.gov.uk/id/ukpga/2025/21,section-87,true,http://www.legislation.gov.uk/id/ukpga/1998/42,"id=""section-87-5""> 5 In subsection (4), “public authority” has the same meaning as in section 6 of the Human Rights Act 1998","nalLink Ref=""section-87-4"" IdURI=""http://www.legislation.gov.uk/id/ukpga/2025/21/section/87/4"" DocumentURI=""http://www.legislation.gov.uk/ukpga/2025/21/section/87/4"">subsection (4)</InternalLink>, “<Term id=""term-public-authority"">public authority</Term>” has the same meaning as in section 6 of the Human Rights Act 1998.</Text>
</P2para>
</P2>
<P2 DocumentURI=""http://www.legislation.gov.uk/ukpga/2025/21/section/87/6"" IdURI=""http://www.legislation.gov.uk/id/ukpga/2025/21/section/87/6"" id=""section-87-6"">
<Pnumber>6</Pnumber>
<P2para>
<Text>Regulations under <InternalLink Ref=""section-87-4"" IdURI"
WS-01,ukpga/1998/42,,whole-act,text,primary,ukpga/2025/33,http://www.legislation.gov.uk/id/ukpga/2025/33,p06337,true,http://www.legislation.gov.uk/id/ukpga/1998/42,"in section 83 (removal of patients to Channel Islands or Isle of Man), for “in the interests of the patient” there is to be substituted “appropriate”. Human Rights Act 1998","patients to Channel Islands or Isle of Man), for “in the interests of the patient” there is to be substituted <InlineAmendment>“appropriate”</InlineAmendment>.</Text>
</P1para>
</P1>
</P1group>
</ScheduleBody>
</Schedule>
</BlockAmendment>
</P2para>
</P2>
</P1para>
</P1>
</P1group>
<P1group>
<Title>Human Rights Act 1998: extension to certain private care providers</Title>
<P1 DocumentURI=""http://www.legislation.gov.uk/ukpga/2025/33/section/51/enacted"" IdURI=""http://www.legislation.gov.uk/id/ukpga/2025/33/section/51"" id=""section-51"">
<Pnumber>51</Pnumber>
<P1para>
<Text>In the Mental Health Act"
WS-01,ukpga/1998/42,,whole-act,text,primary,ukpga/2025/33,http://www.legislation.gov.uk/id/ukpga/2025/33,section-51,true,http://www.legislation.gov.uk/id/ukpga/1998/42,"providers 51 In the Mental Health Act 1983, after section 142B insert— Human Rights Act 1998","d"" IdURI=""http://www.legislation.gov.uk/id/ukpga/2025/33/section/51"" id=""section-51"">
<Pnumber>51</Pnumber>
<P1para>
<Text>In the Mental Health Act 1983, after section 142B insert—</Text>
<BlockAmendment Context=""main"" Format=""double"" TargetClass=""primary"" TargetSubClass=""unknown"">
<P1group>
<Title>Human Rights Act 1998: extension to certain private care providers</Title>
<P1>
<Pnumber>142C</Pnumber>
<P1para>
<P2>
<Pnumber>1</Pnumber>
<P2para>
<Text>A registered care provider is to be regarded for the purposes of <Citation URI=""https://www.legislation.gov.uk/ukpga/1998/42/section/6"" id=""c00292"
WS-01,ukpga/1998/42,section-6,whole-act,markup,primary,ukpga/2025/33,http://www.legislation.gov.uk/id/ukpga/2025/33,section-51,true,https://www.legislation.gov.uk/ukpga/1998/42/section/6,"the Mental Health Act 1983, after section 142B insert— Human Rights Act 1998: extension to certain private care providers 142C 1 A registered care provider is to be regarded for the purposes of section 6","Format=""double"" TargetClass=""primary"" TargetSubClass=""unknown"">
<P1group>
<Title>Human Rights Act 1998: extension to certain private care providers</Title>
<P1>
<Pnumber>142C</Pnumber>
<P1para>
<P2>
<Pnumber>1</Pnumber>
<P2para>
<Text>A registered care provider is to be regarded for the purposes of <Citation URI=""https://www.legislation.gov.uk/ukpga/1998/42/section/6"" id=""c00292"" Class=""UnitedKingdomPublicGeneralAct"" Year=""1998"" Number=""42"" SectionRef=""section-6"">section 6</Citation><Citation URI=""https://www.legislation.gov.uk/ukpga/1998/42/section/6"" id=""c00293"" Class=""UnitedKingdomPublicGen"
WS-01,ukpga/1998/42,section-6,whole-act,markup,primary,ukpga/2025/33,http://www.legislation.gov.uk/id/ukpga/2025/33,section-51,true,https://www.legislation.gov.uk/ukpga/1998/42/section/6,Act 1998: extension to certain private care providers 142C 1 A registered care provider is to be regarded for the purposes of section 6 (3),"para>
<P2>
<Pnumber>1</Pnumber>
<P2para>
<Text>A registered care provider is to be regarded for the purposes of <Citation URI=""https://www.legislation.gov.uk/ukpga/1998/42/section/6"" id=""c00292"" Class=""UnitedKingdomPublicGeneralAct"" Year=""1998"" Number=""42"" SectionRef=""section-6"">section 6</Citation><Citation URI=""https://www.legislation.gov.uk/ukpga/1998/42/section/6"" id=""c00293"" Class=""UnitedKingdomPublicGeneralAct"" Year=""1998"" Number=""42"" SectionRef=""section-6"">(3)</Citation><Citation URI=""https://www.legislation.gov.uk/ukpga/1998/42/section/6"" id=""c00294"" Class=""UnitedKingdomPublicGeneralAc"
WS-01,ukpga/1998/42,section-6,whole-act,markup,primary,ukpga/2025/33,http://www.legislation.gov.uk/id/ukpga/2025/33,section-51,true,https://www.legislation.gov.uk/ukpga/1998/42/section/6,for the purposes of section 6(3) (b)," id=""c00292"" Class=""UnitedKingdomPublicGeneralAct"" Year=""1998"" Number=""42"" SectionRef=""section-6"">section 6</Citation><Citation URI=""https://www.legislation.gov.uk/ukpga/1998/42/section/6"" id=""c00293"" Class=""UnitedKingdomPublicGeneralAct"" Year=""1998"" Number=""42"" SectionRef=""section-6"">(3)</Citation><Citation URI=""https://www.legislation.gov.uk/ukpga/1998/42/section/6"" id=""c00294"" Class=""UnitedKingdomPublicGeneralAct"" Year=""1998"" Number=""42"" SectionRef=""section-6"">(b)</Citation> of the <Citation URI=""https://www.legislation.gov.uk/ukpga/1998/42/contents"" id=""c00295"" Class=""UnitedKingdomPublicGe"
WS-01,ukpga/1998/42,contents,whole-act,markup,primary,ukpga/2025/33,http://www.legislation.gov.uk/id/ukpga/2025/33,section-51,true,https://www.legislation.gov.uk/ukpga/1998/42/contents,6(3)(b) of the Human Rights Act 1998,"d=""c00293"" Class=""UnitedKingdomPublicGeneralAct"" Year=""1998"" Number=""42"" SectionRef=""section-6"">(3)</Citation><Citation URI=""https://www.legislation.gov.uk/ukpga/1998/42/section/6"" id=""c00294"" Class=""UnitedKingdomPublicGeneralAct"" Year=""1998"" Number=""42"" SectionRef=""section-6"">(b)</Citation> of the <Citation URI=""https://www.legislation.gov.uk/ukpga/1998/42/contents"" id=""c00295"" Class=""UnitedKingdomPublicGeneralAct"" Year=""1998"" Number=""42"" SectionRef=""contents"">Human Rights Act 1998</Citation> as exercising a function of a public nature in providing any of the services mentioned in subsection "
WS-01,ukpga/1998/42,section-6-1,whole-act,text,primary,ukpga/2026/23,http://www.legislation.gov.uk/id/ukpga/2026/23,p36214,true,http://www.legislation.gov.uk/id/ukpga/1998/42,"Sub-paragraph (1) does not apply— a if the act or omission is shown to have been in bad faith, or b so as to prevent an award of damages in respect of the act or omission on the ground that it was unlawful as a result of section 6(1) of the Human Rights Act 1998","umber>a</Pnumber>
<P3para>
<Text>if the act or omission is shown to have been in bad faith, or</Text>
</P3para>
</P3>
<P3>
<Pnumber>b</Pnumber>
<P3para>
<Text>so as to prevent an award of damages in respect of the act or omission on the ground that it was unlawful as a result of section 6(1) of the Human Rights Act 1998 (acts of public authorities incompatible with Convention rights).</Text>
</P3para>
</P3>
</P2para>
</P2>
</P1para>
</P1>
</P1group>
</ScheduleBody>
</Schedule>
<Schedule id=""p36522"">
<Number>Schedule 1C</Number>
<TitleBlock>
<Title>Eligibility and regulation of registered provi"
WS-01,ukpga/1998/42,section-7,whole-act,text,primary,ukpga/2026/24,http://www.legislation.gov.uk/id/ukpga/2026/24,p00848,true,http://www.legislation.gov.uk/id/ukpga/1998/42,"regulations are made in reliance on section 96(6A), the date on which they are approved by the second House of Parliament to approve them. Proceedings under the Human Rights Act 1998 33G The Commission is the appropriate tribunal for the purposes of section 7 of the Human Rights Act 1998","cond House of Parliament to approve them.</Text>
</P3para>
</P3>
</P2para>
</P2>
</P1para>
</P1>
</P1group>
<P1group>
<Title>Proceedings under the Human Rights Act 1998</Title>
<P1>
<Pnumber>33G</Pnumber>
<P1para>
<Text>The Commission is the appropriate tribunal for the purposes of section 7 of the Human Rights Act 1998 in relation to any proceedings which call into question a decision made by the Secretary of State in relation to an application made under <InternalLink Ref=""p00760"">section 33C</InternalLink>.</Text>
</P1para>
</P1>
</P1group>
<P1group>
<Title>Immunity</Title>
<P1>
<Pnumber>33"
WS-01,ukpga/1998/42,,whole-act,text,primary,ukpga/2026/24,http://www.legislation.gov.uk/id/ukpga/2026/24,p00848,true,http://www.legislation.gov.uk/id/ukpga/1998/42,"come into force, or b where the regulations are made in reliance on section 96(6A), the date on which they are approved by the second House of Parliament to approve them. Proceedings under the Human Rights Act 1998","/P3>
<P3>
<Pnumber>b</Pnumber>
<P3para>
<Text>where the regulations are made in reliance on section 96(6A), the date on which they are approved by the second House of Parliament to approve them.</Text>
</P3para>
</P3>
</P2para>
</P2>
</P1para>
</P1>
</P1group>
<P1group>
<Title>Proceedings under the Human Rights Act 1998</Title>
<P1>
<Pnumber>33G</Pnumber>
<P1para>
<Text>The Commission is the appropriate tribunal for the purposes of section 7 of the Human Rights Act 1998 in relation to any proceedings which call into question a decision made by the Secretary of State in relation to an applicati"
WS-01,ukpga/1998/42,section-7-1,whole-act,text,primary,ukpga/2026/24,http://www.legislation.gov.uk/id/ukpga/2026/24,p00848,true,http://www.legislation.gov.uk/id/ukpga/1998/42,"evidence of anything done in relation to an application to the Secretary of State under section 33C, b evidence of anything done in relation to proceedings before the Commission under section 33D or section 7(1) of the Human Rights Act 1998","cretary of State under <InternalLink Ref=""p00760"">section 33C</InternalLink>,</Text>
</P3para>
</P3>
<P3>
<Pnumber>b</Pnumber>
<P3para>
<Text>evidence of anything done in relation to proceedings before the Commission under <InternalLink Ref=""p00804"">section 33D</InternalLink> or section 7(1) of the Human Rights Act 1998,</Text>
</P3para>
</P3>
<P3>
<Pnumber>c</Pnumber>
<P3para>
<Text>evidence of anything done in relation to proceedings under <InternalLink Ref=""p00848"">section 33E</InternalLink>, and</Text>
</P3para>
</P3>
<P3>
<Pnumber>d</Pnumber>
<P3para>
<Text>any document submitted for the "
WS-01,ukpga/1998/42,section-8,whole-act,markup,primary,ukpga/2026/27,http://www.legislation.gov.uk/id/ukpga/2026/27,section-56,true,https://www.legislation.gov.uk/ukpga/1998/42/section/8,An independent valuer (and its staff) is not liable for damages in respect of anything done in good faith for the purposes of or in connection with the functions of the appointment (subject to section 8,"w.legislation.gov.uk/id/ukpga/2026/27/section/56/5"" id=""section-56-5"">
<Pnumber>5</Pnumber>
<P2para>
<Text>An independent valuer (and its staff) is not liable for damages in respect of anything done in good faith for the purposes of or in connection with the functions of the appointment (subject to <Citation URI=""https://www.legislation.gov.uk/ukpga/1998/42/section/8"" id=""c00081"" Class=""UnitedKingdomPublicGeneralAct"" Year=""1998"" Number=""42"" SectionRef=""section-8"">section 8</Citation> of the <Citation URI=""https://www.legislation.gov.uk/ukpga/1998/42/contents"" id=""c00082"" Class=""UnitedKingdomPu"
WS-01,ukpga/1998/42,contents,whole-act,markup,primary,ukpga/2026/27,http://www.legislation.gov.uk/id/ukpga/2026/27,section-56,true,https://www.legislation.gov.uk/ukpga/1998/42/contents,An independent valuer (and its staff) is not liable for damages in respect of anything done in good faith for the purposes of or in connection with the functions of the appointment (subject to section 8 of the Human Rights Act 1998,"ne in good faith for the purposes of or in connection with the functions of the appointment (subject to <Citation URI=""https://www.legislation.gov.uk/ukpga/1998/42/section/8"" id=""c00081"" Class=""UnitedKingdomPublicGeneralAct"" Year=""1998"" Number=""42"" SectionRef=""section-8"">section 8</Citation> of the <Citation URI=""https://www.legislation.gov.uk/ukpga/1998/42/contents"" id=""c00082"" Class=""UnitedKingdomPublicGeneralAct"" Year=""1998"" Number=""42"" SectionRef=""contents"">Human Rights Act 1998</Citation>).</Text>
</P2para>
</P2>
</P1para>
</P1>
</P1group>
<P1group>
<Title>Procedure for compensation schem"
