ws_id,target_act_id,target_provision_ref,scope_band,detection,source_type,source_gid,source_doc_uri,source_provision_ref,resolved,target_uri,citation_text,raw_fragment
WS-05,ukpga/2010/25,schedule-6-paragraph-12,other-provision,text,SI,nisr/2023/209,http://www.legislation.gov.uk/id/nisr/2023/209,regulation-37,true,http://www.legislation.gov.uk/id/ukpga/2010/25,to the Money and Pensions Service); “parliamentary pension schemes” refers to the following pension schemes— a scheme for Members of the House of Commons established under paragraph 12 of Schedule 6 to the Constitutional Reform and Governance Act 2010,"<Term id=""term-parliamentary-pension-schemes"">parliamentary pension schemes</Term>” refers to the following pension schemes—</Text>
<OrderedList Type=""alpha"" Decoration=""parens"">
<ListItem>
<Para>
<Text>a scheme for Members of the House of Commons established under paragraph 12 of Schedule 6 to the Constitutional Reform and Governance Act 2010<FootnoteRef Ref=""f00031""/>;</Text>
</Para>
</ListItem>
<ListItem>
<Para>
<Text>a scheme for members of the Assembly established under section 48 of the Northern Ireland Act 1998<FootnoteRef Ref=""f00032""/>;</Text>
</Para>
</ListItem>
</OrderedList>
</Para"
WS-05,ukpga/2010/25,,act-level,text,SI,ssi/2013/365,http://www.legislation.gov.uk/id/ssi/2013/365,article-2,true,http://www.legislation.gov.uk/id/ukpga/2010/25,"person or 20 years after the date when the record was created (whichever is later). The amendments regarding communications with Her Majesty, the Royal Family or the Royal Household mirror amendments made to the Freedom of Information Act 2000 by the Constitutional Reform and Governance Act 2010","years after the death of the person or 20 years after the date when the record was created (whichever is later).</Text></P>
<P><Text>The amendments regarding communications with Her Majesty, the Royal Family or the Royal Household mirror amendments made to the Freedom of Information Act 2000 by the Constitutional Reform and Governance Act 2010.</Text></P>
</ExplanatoryNotes>
</Secondary><Footnotes><Footnote id=""f00001"">
<FootnoteText>
<Para><Text><Citation URI=""http://www.legislation.gov.uk/id/asp/2002/13"" id=""c00001"" Class=""ScottishAct"" Year=""2002"" Number=""0013"">2002 asp 13</Citation>; sectio"
WS-05,ukpga/2010/25,section-1-4,part-1,text,SI,ssi/2021/174,http://www.legislation.gov.uk/id/ssi/2021/174,regulation-6,true,http://www.legislation.gov.uk/id/ukpga/2010/25,"has a relationship equivalent to those listed in paragraph (a) under the law of Scotland,. . . . . . . . . . . . . . . . . . . . . . . . . . . . . . . .“civil servant” has the meaning given by section 1(4) of the Constitutional Reform and Governance Act 2010","Para></ListItem></OrderedList></Para></ListItem><ListItem><Para><Text><CommentaryRef Ref=""key-REDACTED-CLML-COMMENTARY-HANDLE""/>. . . . . . . . . . . . . . . . . . . . . . . . . . . . . . . .</Text></Para></ListItem><ListItem><Para><Text>“civil servant” has the meaning given by section 1(4) of the Constitutional Reform and Governance Act 2010<FootnoteRef Ref=""f00036""/>,</Text></Para></ListItem><ListItem><Para><Text>“common travel area” has the meaning given in section 1(3) of the Immigration Act 1971,</Text></Para></ListItem><ListItem><Para><Text>“mariner” means a person who is, or has been, "
WS-05,ukpga/2010/25,section-1-4,part-1,text,SI,ssi/2022/54,http://www.legislation.gov.uk/id/ssi/2022/54,regulation-17,true,http://www.legislation.gov.uk/id/ukpga/2010/25,"a person listed in paragraph (3)(a) has a relationship equivalent to those listed under the law of Scotland,...“civil servant” has the meaning given by section 1(4) of the Constitutional Reform and Governance Act 2010","w of Scotland,</Text></Para></ListItem></OrderedList></Para></ListItem><ListItem><Para><Text><CommentaryRef Ref=""key-REDACTED-CLML-COMMENTARY-HANDLE""/>...</Text></Para></ListItem><ListItem><Para><Text>“<Term id=""term-civil-servant"">civil servant</Term>” has the meaning given by section 1(4) of the Constitutional Reform and Governance Act 2010<FootnoteRef Ref=""f00031""/>,</Text></Para></ListItem><ListItem><Para><Text><CommentaryRef Ref=""key-REDACTED-CLML-COMMENTARY-HANDLE""/>...</Text></Para></ListItem><ListItem><Para><Text>“<Term id=""term-serving-member-of-her-majestys-forces"">serving member o"
WS-05,ukpga/2010/25,section-1-4,part-1,text,SI,ssi/2023/302,http://www.legislation.gov.uk/id/ssi/2023/302,regulation-8,true,http://www.legislation.gov.uk/id/ukpga/2010/25,"the law of England and Wales and Northern Ireland, a child in respect of whom a person listed in paragraph (3)(a) has a relationship equivalent to those listed under the law of Scotland,“civil servant” has the meaning given by section 1(4) of the Constitutional Reform and Governance Act 2010","espect of whom a person listed in paragraph (3)(a) has a relationship equivalent to those listed under the law of Scotland,</Text></Para></ListItem></OrderedList></Para></ListItem><ListItem><Para><Text>“<Term id=""term-civil-servant"">civil servant</Term>” has the meaning given by section 1(4) of the Constitutional Reform and Governance Act 2010<FootnoteRef Ref=""f00049""/>, and</Text></Para></ListItem><ListItem><Para><Text>“<Term id=""term-serving-member-of-his-majestys-forces"">serving member of His Majesty’s forces</Term>” means a member of a regular force or a reserve force (“<Term id=""term-m"">M"
WS-05,ukpga/2010/25,section-20,other-provision,enabling,SI,ssi/2024/101,http://www.legislation.gov.uk/id/ssi/2024/101,,true,http://www.legislation.gov.uk/id/ukpga/2010/25,"accordance with paragraph 2(b) of that schedule, the requirements of section 20 of the Constitutional Reform and Governance Act 2010","<EnactingText>
<Para>
<Text>In accordance with paragraph 2(b) of that schedule, the requirements of section 20 of the Constitutional Reform and Governance Act 2010<FootnoteRef Ref=""f00002""/> have been met in respect of the Agreement between the United Kingdom of Great Britain and Northern Ireland and the Kingdom of Denmark on the Participation in Certain Elections of Nationals of each Country resident in the Territory of the Other, signed in Copenhagen, Denma"
WS-05,ukpga/2010/25,,act-level,enabling,SI,ssi/2024/101,http://www.legislation.gov.uk/id/ssi/2024/101,,true,http://www.legislation.gov.uk/id/ukpga/2010/25,"accordance with paragraph 2(b) of that schedule, the requirements of section 20 of the Constitutional Reform and Governance Act 2010","<EnactingText>
<Para>
<Text>In accordance with paragraph 2(b) of that schedule, the requirements of section 20 of the Constitutional Reform and Governance Act 2010<FootnoteRef Ref=""f00002""/> have been met in respect of the Agreement between the United Kingdom of Great Britain and Northern Ireland and the Kingdom of Denmark on the Participation in Certain Elections of Nationals of each Country resident in the Territory of the Other, signed in Copenhagen, Denma"
WS-05,ukpga/2010/25,section-1-4,part-1,text,SI,ssi/2024/166,http://www.legislation.gov.uk/id/ssi/2024/166,regulation-11,true,http://www.legislation.gov.uk/id/ukpga/2010/25,"the law of England and Wales and Northern Ireland, a child in respect of whom a person listed in paragraph (3)(a) has a relationship equivalent to those listed under the law of Scotland,“civil servant” has the meaning given by section 1(4) of the Constitutional Reform and Governance Act 2010","espect of whom a person listed in paragraph (3)(a) has a relationship equivalent to those listed under the law of Scotland,</Text></Para></ListItem></OrderedList></Para></ListItem><ListItem><Para><Text>“<Term id=""term-civil-servant"">civil servant</Term>” has the meaning given by section 1(4) of the Constitutional Reform and Governance Act 2010<FootnoteRef Ref=""f00034""/>, and</Text></Para></ListItem><ListItem><Para><Text>“<Term id=""term-serving-member-of-his-majestys-forces"">serving member of His Majesty’s forces</Term>” means a member of a regular force or a reserve force (“<Term id=""term-m"">M"
WS-05,ukpga/2010/25,section-1-4,part-1,text,SI,ssi/2025/3,http://www.legislation.gov.uk/id/ssi/2025/3,regulation-12,true,http://www.legislation.gov.uk/id/ukpga/2010/25,"the law of England and Wales and Northern Ireland, a child in respect of whom a person listed in paragraph (3)(a) has a relationship equivalent to those listed under the law of Scotland,“civil servant” has the meaning given by section 1(4) of the Constitutional Reform and Governance Act 2010","espect of whom a person listed in paragraph (3)(a) has a relationship equivalent to those listed under the law of Scotland,</Text></Para></ListItem></OrderedList></Para></ListItem><ListItem><Para><Text>“<Term id=""term-civil-servant"">civil servant</Term>” has the meaning given by section 1(4) of the Constitutional Reform and Governance Act 2010<FootnoteRef Ref=""f00038""/>,</Text></Para></ListItem><ListItem><Para><Text>“<Term id=""term-serving-member-of-his-majestys-forces"">serving member of His Majesty’s forces</Term>” means a member of a regular force or a reserve force (“<Term id=""term-m"">M</Te"
WS-05,ukpga/2010/25,,act-level,text,SI,uksi/2010/1277,http://www.legislation.gov.uk/id/uksi/2010/1277,article-1,true,http://www.legislation.gov.uk/id/ukpga/2010/25,"IdURI=""http://www.legislation.gov.uk/id/uksi/2010/1277/body"" NumberOfProvisions=""3""> Citation 1 This Order may be cited as the Constitutional Reform and Governance Act 2010","010/1277/body"" NumberOfProvisions=""3"">
<P1group>
<Title>Citation</Title>
<P1 DocumentURI=""http://www.legislation.gov.uk/uksi/2010/1277/article/1/made"" IdURI=""http://www.legislation.gov.uk/id/uksi/2010/1277/article/1"" id=""article-1"">
<Pnumber>1</Pnumber>
<P1para>
<Text>This Order may be cited as the Constitutional Reform and Governance Act 2010 (Commencement No. 1) Order 2010.</Text>
</P1para>
</P1>
</P1group>
<P1group>
<Title>Commencement</Title>
<P1 DocumentURI=""http://www.legislation.gov.uk/uksi/2010/1277/article/2/made"" IdURI=""http://www.legislation.gov.uk/id/uksi/2010/1277/article/2"" id=""a"
WS-05,ukpga/2010/25,,act-level,text,SI,uksi/2010/1277,http://www.legislation.gov.uk/id/uksi/2010/1277,article-3,true,http://www.legislation.gov.uk/id/ukpga/2010/25,2010 EXPLANATORY NOTE (This note is not part of the Order) This Order brings into force provisions of the Constitutional Reform and Governance Act 2010,"umentURI=""http://www.legislation.gov.uk/uksi/2010/1277/note/made"" IdURI=""http://www.legislation.gov.uk/id/uksi/2010/1277/note"">
<Title>EXPLANATORY NOTE</Title>
<Comment>
<Para><Text>(This note is not part of the Order)</Text></Para>
</Comment>
<P><Text>This Order brings into force provisions of the Constitutional Reform and Governance Act 2010 which make amendments to the Parliamentary Standards Act 2009 (“the <Abbreviation Expansion=""Parliamentary Standards Act 2009 c. 13"">2009 Act</Abbreviation>”) about the Independent Parliamentary Standards Authority (“the IPSA”) and its functions. The pro"
WS-05,ukpga/2010/25,section-52,other-provision,enabling,SI,uksi/2010/1277,http://www.legislation.gov.uk/id/uksi/2010/1277,,true,http://www.legislation.gov.uk/id/ukpga/2010/25,Secretary of State makes the following Order in exercise of the powers conferred by section 52(2) of the Constitutional Reform and Governance Act 2010,"<EnactingText>
<Para>
<Text>The Secretary of State makes the following Order in exercise of the powers conferred by section 52(2) of the Constitutional Reform and Governance Act 2010<FootnoteRef Ref=""f00001""/>:</Text></Para>
</EnactingText>"
WS-05,ukpga/2010/25,,act-level,text,SI,uksi/2010/1277,http://www.legislation.gov.uk/id/uksi/2010/1277,,true,http://www.legislation.gov.uk/id/ukpga/2010/25,Constitutional Reform and Governance Act 2010 (Commencement No. 1) Order 2010Members Of ParliamentenKing's Printer of Acts of Parliament2014-06-10PARLIAMENT This Order brings into force provisions of the Constitutional Reform and Governance Act 2010,"<dc:subject>Members Of Parliament</dc:subject><dc:language>en</dc:language><dc:publisher>King's Printer of Acts of Parliament</dc:publisher><dc:modified>2014-06-10</dc:modified><dc:subject scheme=""SIheading"">PARLIAMENT</dc:subject>
					<dc:description>This Order brings into force provisions of the Constitutional Reform and Governance Act 2010 which make amendments to the Parliamentary Standards Act 2009 (“the 2009 Act”) about the Independent Parliamentary Standards Authority (“the IPSA”) and its functions. The provisions which replace section 3(3) and (4) of, and Schedule 2 to, the 2009 Act w"
WS-05,ukpga/2010/25,,act-level,text,SI,uksi/2010/1277,http://www.legislation.gov.uk/id/uksi/2010/1277,,true,http://www.legislation.gov.uk/id/ukpga/2010/25,"http://www.legislation.gov.uk/schema/legislation.xsd"" SchemaVersion=""1.0""> http://www.legislation.gov.uk/uksi/2010/1277/made The Constitutional Reform and Governance Act 2010","1.0""><ukm:Metadata xmlns:dc=""http://purl.org/dc/elements/1.1/"" xmlns:dct=""http://purl.org/dc/terms/"" xmlns:atom=""http://www.w3.org/2005/Atom"" xmlns:ukm=""http://www.legislation.gov.uk/namespaces/metadata"">
					<dc:identifier>http://www.legislation.gov.uk/uksi/2010/1277/made</dc:identifier><dc:title>The Constitutional Reform and Governance Act 2010 (Commencement No. 1) Order 2010</dc:title><dc:subject>Members Of Parliament</dc:subject><dc:language>en</dc:language><dc:publisher>King's Printer of Acts of Parliament</dc:publisher><dc:modified>2014-06-10</dc:modified><dc:subject scheme=""SIheading"">"
WS-05,ukpga/2010/25,,act-level,text,SI,uksi/2010/1277,http://www.legislation.gov.uk/id/uksi/2010/1277,,true,http://www.legislation.gov.uk/id/ukpga/2010/25,"Value=""0""/> 2010 No. 1277 (C. 79) Parliament The Constitutional Reform and Governance Act 2010","
								</ukm:Statistics>
				</ukm:Metadata><Secondary>
<SecondaryPrelims DocumentURI=""http://www.legislation.gov.uk/uksi/2010/1277/introduction/made"" IdURI=""http://www.legislation.gov.uk/id/uksi/2010/1277/introduction"">
<Number>2010 No. 1277 (C. 79)</Number>
<SubjectInformation>
<Subject>
<Title>Parliament</Title>
</Subject>
</SubjectInformation>
<Title>The Constitutional Reform and Governance Act 2010 (Commencement <Abbreviation Expansion=""Number"">No.</Abbreviation> 1) Order 2010</Title>
<MadeDate>
<Text>Made</Text>
<DateText>15th April 2010</DateText>
</MadeDate>
<SecondaryPreamble>
<Enac"
WS-05,ukpga/2010/25,,act-level,enabling,SI,uksi/2010/1277,http://www.legislation.gov.uk/id/uksi/2010/1277,,true,http://www.legislation.gov.uk/id/ukpga/2010/25,Secretary of State makes the following Order in exercise of the powers conferred by section 52(2) of the Constitutional Reform and Governance Act 2010,"<EnactingText>
<Para>
<Text>The Secretary of State makes the following Order in exercise of the powers conferred by section 52(2) of the Constitutional Reform and Governance Act 2010<FootnoteRef Ref=""f00001""/>:</Text></Para>
</EnactingText>"
WS-05,ukpga/2010/25,,act-level,text,SI,uksi/2010/1278,http://www.legislation.gov.uk/id/uksi/2010/1278,article-2,true,http://www.legislation.gov.uk/id/ukpga/2010/25,"Order brings into force on 7th May 2010 section 7 of the Parliamentary Standards Act 2009 which, as amended by the Constitutional Reform and Governance Act 2010","http://www.legislation.gov.uk/id/uksi/2010/1278/note"">
<Title>EXPLANATORY NOTE</Title>
<Comment>
<Para><Text>(This note is not part of the Order)</Text></Para>
</Comment>
<P><Text>This Order brings into force on 7th May 2010 section 7 of the Parliamentary Standards Act 2009 which, as amended by the Constitutional Reform and Governance Act <Citation URI=""http://www.legislation.gov.uk/id/ukpga/2010/25"" id=""c00001"" Class=""UnitedKingdomPublicGeneralAct"" Year=""2010"" Number=""0025"">2010 (c.25)</Citation>, makes provision about the general duties of the Independent Parliamentary Standards Authority.</"
WS-05,ukpga/2010/25,,act-level,markup,SI,uksi/2010/1278,http://www.legislation.gov.uk/id/uksi/2010/1278,article-2,true,http://www.legislation.gov.uk/id/ukpga/2010/25,"IdURI=""http://www.legislation.gov.uk/id/uksi/2010/1278/note""> EXPLANATORY NOTE (This note is not part of the Order) This Order brings into force on 7th May 2010 section 7 of the Parliamentary Standards Act 2009 which, as amended by the Constitutional Reform and Governance Act 2010 (c.25)","0/1278/note"">
<Title>EXPLANATORY NOTE</Title>
<Comment>
<Para><Text>(This note is not part of the Order)</Text></Para>
</Comment>
<P><Text>This Order brings into force on 7th May 2010 section 7 of the Parliamentary Standards Act 2009 which, as amended by the Constitutional Reform and Governance Act <Citation URI=""http://www.legislation.gov.uk/id/ukpga/2010/25"" id=""c00001"" Class=""UnitedKingdomPublicGeneralAct"" Year=""2010"" Number=""0025"">2010 (c.25)</Citation>, makes provision about the general duties of the Independent Parliamentary Standards Authority.</Text></P>
<P><Text>A regulatory impact as"
WS-05,ukpga/2010/25,,act-level,text,SI,uksi/2010/1278,http://www.legislation.gov.uk/id/uksi/2010/1278,,true,http://www.legislation.gov.uk/id/ukpga/2010/25,"2010Regulatory impact assessmentenKing's Printer of Acts of Parliament2014-07-11PARLIAMENT This Order brings into force on 7th May 2010 section 7 of the Parliamentary Standards Act 2009 which, as amended by the Constitutional Reform and Governance Act 2010","e><dc:publisher>King's Printer of Acts of Parliament</dc:publisher><dc:modified>2014-07-11</dc:modified><dc:subject scheme=""SIheading"">PARLIAMENT</dc:subject>
					<dc:description>This Order brings into force on 7th May 2010 section 7 of the Parliamentary Standards Act 2009 which, as amended by the Constitutional Reform and Governance Act 2010 (c.25), makes provision about the general duties of the Independent Parliamentary Standards Authority.</dc:description>
					<atom:link rel=""self"" href=""http://www.legislation.gov.uk/uksi/2010/1278/made/data.xml"" type=""application/xml""/><atom:link rel=""h"
WS-05,ukpga/2010/25,,act-level,text,SI,uksi/2010/1931,http://www.legislation.gov.uk/id/uksi/2010/1931,article-1,true,http://www.legislation.gov.uk/id/ukpga/2010/25,"IdURI=""http://www.legislation.gov.uk/id/uksi/2010/1931/body"" NumberOfProvisions=""5""> Citation 1 This Order may be cited as the Constitutional Reform and Governance Act 2010","010/1931/body"" NumberOfProvisions=""5"">
<P1group>
<Title>Citation</Title>
<P1 DocumentURI=""http://www.legislation.gov.uk/uksi/2010/1931/article/1/made"" IdURI=""http://www.legislation.gov.uk/id/uksi/2010/1931/article/1"" id=""article-1"">
<Pnumber>1</Pnumber>
<P1para>
<Text>This Order may be cited as the Constitutional Reform and Governance Act 2010 (Commencement No. 2 and Transitional Provisions) Order 2010.</Text>
</P1para>
</P1>
</P1group>
<P1group>
<Title>Interpretation</Title>
<P1 DocumentURI=""http://www.legislation.gov.uk/uksi/2010/1931/article/2/made"" IdURI=""http://www.legislation.gov.uk/id/u"
WS-05,ukpga/2010/25,,act-level,text,SI,uksi/2010/1931,http://www.legislation.gov.uk/id/uksi/2010/1931,article-2,true,http://www.legislation.gov.uk/id/ukpga/2010/25,Standards Act 2009; b “the 2010 Act” means the Constitutional Reform and Governance Act 2010,"p://www.legislation.gov.uk/uksi/2010/1931/article/2/b/made"" IdURI=""http://www.legislation.gov.uk/id/uksi/2010/1931/article/2/b"" id=""article-2-b"">
<Pnumber>b</Pnumber>
<P3para>
<Text>“the <Abbreviation Expansion=""Constitutional Reform and Governance Act 2010 c. 25"">2010 Act</Abbreviation>” means the Constitutional Reform and Governance Act 2010;</Text>
</P3para></P3>
<P3 DocumentURI=""http://www.legislation.gov.uk/uksi/2010/1931/article/2/c/made"" IdURI=""http://www.legislation.gov.uk/id/uksi/2010/1931/article/2/c"" id=""article-2-c"">
<Pnumber>c</Pnumber>
<P3para>
<Text>“new section 6(10)” means the"
WS-05,ukpga/2010/25,,act-level,text,SI,uksi/2010/1931,http://www.legislation.gov.uk/id/uksi/2010/1931,article-5,true,http://www.legislation.gov.uk/id/ukpga/2010/25,2010 EXPLANATORY NOTE (This note is not part of the Order) This Order brings into force provisions of the Constitutional Reform and Governance Act 2010,"umentURI=""http://www.legislation.gov.uk/uksi/2010/1931/note/made"" IdURI=""http://www.legislation.gov.uk/id/uksi/2010/1931/note"">
<Title>EXPLANATORY NOTE</Title>
<Comment>
<Para><Text>(This note is not part of the Order)</Text></Para>
</Comment>
<P><Text>This Order brings into force provisions of the Constitutional Reform and Governance Act 2010 which make amendments to provisions of the Parliamentary Standards Act 2009 about the Independent Parliamentary Standards Authority (“the IPSA”) and its functions. All the provisions brought into force by this Order come into force on 27th July 2010.</Te"
WS-05,ukpga/2010/25,,act-level,text,SI,uksi/2010/1931,http://www.legislation.gov.uk/id/uksi/2010/1931,article-5,true,http://www.legislation.gov.uk/id/ukpga/2010/25,sectors is foreseen. NOTE AS TO EARLIER COMMENCEMENT ORDERS (This note is not part of the Order) The following provisions of the Constitutional Reform and Governance Act 2010,"ation.gov.uk/uksi/2010/1931/earlier-orders/made"" IdURI=""http://www.legislation.gov.uk/id/uksi/2010/1931/earlier-orders"">
<Title>NOTE AS TO EARLIER COMMENCEMENT ORDERS</Title>
<Comment>
<Para><Text>(This note is not part of the Order)</Text></Para>
</Comment>
<P><Text>The following provisions of the Constitutional Reform and Governance Act 2010 have been brought into force by a commencement order made before the date of this order.</Text><Tabular Orientation=""portrait"">
<table xmlns=""http://www.w3.org/1999/xhtml"" cols=""3"">
<colgroup span=""1""><col width=""204.15pt"" span=""1""/><col width=""116.25pt"""
WS-05,ukpga/2010/25,,act-level,text,SI,uksi/2010/1931,http://www.legislation.gov.uk/id/uksi/2010/1931,,true,http://www.legislation.gov.uk/id/ukpga/2010/25,"Value=""0""/> 2010 No. 1931 (C. 101) Parliament The Constitutional Reform and Governance Act 2010","								</ukm:Statistics>
				</ukm:Metadata><Secondary>
<SecondaryPrelims DocumentURI=""http://www.legislation.gov.uk/uksi/2010/1931/introduction/made"" IdURI=""http://www.legislation.gov.uk/id/uksi/2010/1931/introduction"">
<Number>2010 No. 1931 (C. 101)</Number>
<SubjectInformation>
<Subject>
<Title>Parliament</Title>
</Subject>
</SubjectInformation>
<Title>The Constitutional Reform and Governance Act 2010 (Commencement <Abbreviation Expansion=""Number"">No.</Abbreviation> 2 and Transitional Provisions) Order 2010</Title>
<MadeDate>
<Text>Made</Text>
<DateText>26th July 2010</DateText>
</MadeDate"
WS-05,ukpga/2010/25,,act-level,text,SI,uksi/2010/1931,http://www.legislation.gov.uk/id/uksi/2010/1931,,true,http://www.legislation.gov.uk/id/ukpga/2010/25,Reform and Governance Act 2010 (Commencement No. 2 and Transitional Provisions) Order 2010Office equipmentenKing's Printer of Acts of Parliament2015-07-02PARLIAMENT This Order brings into force provisions of the Constitutional Reform and Governance Act 2010,"itle><dc:subject>Office equipment</dc:subject><dc:language>en</dc:language><dc:publisher>King's Printer of Acts of Parliament</dc:publisher><dc:modified>2015-07-02</dc:modified><dc:subject scheme=""SIheading"">PARLIAMENT</dc:subject>
					<dc:description>This Order brings into force provisions of the Constitutional Reform and Governance Act 2010 which make amendments to provisions of the Parliamentary Standards Act 2009 about the Independent Parliamentary Standards Authority (“the IPSA”) and its functions. All the provisions brought into force by this Order come into force on 27th July 2010.</dc"
WS-05,ukpga/2010/25,,act-level,enabling,SI,uksi/2010/1931,http://www.legislation.gov.uk/id/uksi/2010/1931,,true,http://www.legislation.gov.uk/id/ukpga/2010/25,Parliamentary Secretary (Minister for Political and Constitutional Reform) makes the following Order in exercise of the powers conferred by section 52(2) and (4) of the Constitutional Reform and Governance Act 2010,"<EnactingText>
<Para>
<Text>The Parliamentary Secretary (Minister for Political and Constitutional Reform) makes the following Order in exercise of the powers conferred by section 52(2) and (4) of the Constitutional Reform and Governance Act 2010<FootnoteRef Ref=""f00001""/>:</Text></Para>
</EnactingText>"
WS-05,ukpga/2010/25,,act-level,text,SI,uksi/2010/1931,http://www.legislation.gov.uk/id/uksi/2010/1931,,true,http://www.legislation.gov.uk/id/ukpga/2010/25,"http://www.legislation.gov.uk/schema/legislation.xsd"" SchemaVersion=""1.0""> http://www.legislation.gov.uk/uksi/2010/1931/made The Constitutional Reform and Governance Act 2010","1.0""><ukm:Metadata xmlns:dc=""http://purl.org/dc/elements/1.1/"" xmlns:dct=""http://purl.org/dc/terms/"" xmlns:atom=""http://www.w3.org/2005/Atom"" xmlns:ukm=""http://www.legislation.gov.uk/namespaces/metadata"">
					<dc:identifier>http://www.legislation.gov.uk/uksi/2010/1931/made</dc:identifier><dc:title>The Constitutional Reform and Governance Act 2010 (Commencement No. 2 and Transitional Provisions) Order 2010</dc:title><dc:subject>Office equipment</dc:subject><dc:language>en</dc:language><dc:publisher>King's Printer of Acts of Parliament</dc:publisher><dc:modified>2015-07-02</dc:modified><dc:subj"
WS-05,ukpga/2010/25,,act-level,text,SI,uksi/2010/2703,http://www.legislation.gov.uk/id/uksi/2010/2703,article-1,true,http://www.legislation.gov.uk/id/ukpga/2010/25,"IdURI=""http://www.legislation.gov.uk/id/uksi/2010/2703/body"" NumberOfProvisions=""2""> Citation 1 This Order may be cited as the Constitutional Reform and Governance Act 2010","010/2703/body"" NumberOfProvisions=""2"">
<P1group>
<Title>Citation</Title>
<P1 DocumentURI=""http://www.legislation.gov.uk/uksi/2010/2703/article/1/made"" IdURI=""http://www.legislation.gov.uk/id/uksi/2010/2703/article/1"" id=""article-1"">
<Pnumber>1</Pnumber>
<P1para>
<Text>This Order may be cited as the Constitutional Reform and Governance Act 2010 (Commencement No. 3) Order 2010.</Text>
</P1para>
</P1>
</P1group>
<P1group>
<Title>Commencement</Title>
<P1 DocumentURI=""http://www.legislation.gov.uk/uksi/2010/2703/article/2/made"" IdURI=""http://www.legislation.gov.uk/id/uksi/2010/2703/article/2"" id=""a"
WS-05,ukpga/2010/25,,act-level,text,SI,uksi/2010/2703,http://www.legislation.gov.uk/id/uksi/2010/2703,article-2,true,http://www.legislation.gov.uk/id/ukpga/2010/25,sectors is foreseen. NOTE AS TO EARLIER COMMENCEMENT ORDERS (This note is not part of the Order) The following provisions of the Constitutional Reform and Governance Act 2010,"ation.gov.uk/uksi/2010/2703/earlier-orders/made"" IdURI=""http://www.legislation.gov.uk/id/uksi/2010/2703/earlier-orders"">
<Title>NOTE AS TO EARLIER COMMENCEMENT ORDERS</Title>
<Comment>
<Para><Text>(This note is not part of the Order)</Text></Para>
</Comment>
<P><Text>The following provisions of the Constitutional Reform and Governance Act 2010 have been brought into force by a commencement order made before the date of this order.</Text><Tabular Orientation=""portrait"">
<table xmlns=""http://www.w3.org/1999/xhtml"" cols=""3"">
<colgroup span=""1""><col width=""204.15pt"" span=""1""/><col width=""116.25pt"""
WS-05,ukpga/2010/25,,act-level,text,SI,uksi/2010/2703,http://www.legislation.gov.uk/id/uksi/2010/2703,article-2,true,http://www.legislation.gov.uk/id/ukpga/2010/25,"EXPLANATORY NOTE (This note is not part of the Rules) This Order brings into force Parts 1 (the civil service), 2 (ratification of treaties) and 5 (transparency of government financial reporting to Parliament) of the Constitutional Reform and Governance Act 2010","ov.uk/id/uksi/2010/2703/note"">
<Title>EXPLANATORY NOTE</Title>
<Comment>
<Para><Text>(This note is not part of the Rules)</Text></Para>
</Comment>
<P><Text>This Order brings into force Parts 1 (the civil service), 2 (ratification of treaties) and 5 (transparency of government financial reporting to Parliament) of the Constitutional Reform and Governance Act 2010 (“<Abbreviation Expansion=""Constitutional Reform and Governance Act 2010 c. 25"">the Act</Abbreviation>”) on 11th November 2010.</Text></P>
<P><Text>Part 1 applies to “the civil service of the State” as defined in section 1 and —</Text>"
WS-05,ukpga/2010/25,,act-level,text,SI,uksi/2010/2703,http://www.legislation.gov.uk/id/uksi/2010/2703,article-2,true,http://www.legislation.gov.uk/id/ukpga/2010/25,be cited as the Constitutional Reform and Governance Act 2010 (Commencement No. 3) Order 2010. Commencement 2 The following provisions of the Constitutional Reform and Governance Act 2010,"/Text>
</P1para>
</P1>
</P1group>
<P1group>
<Title>Commencement</Title>
<P1 DocumentURI=""http://www.legislation.gov.uk/uksi/2010/2703/article/2/made"" IdURI=""http://www.legislation.gov.uk/id/uksi/2010/2703/article/2"" id=""article-2"">
<Pnumber>2</Pnumber>
<P1para>
<Text>The following provisions of the Constitutional Reform and Governance Act 2010 come into force on 11th November 2010—</Text>
<P3 DocumentURI=""http://www.legislation.gov.uk/uksi/2010/2703/article/2/a/made"" IdURI=""http://www.legislation.gov.uk/id/uksi/2010/2703/article/2/a"" id=""article-2-a"">
<Pnumber>a</Pnumber>
<P3para>
<Text>Part 1"
WS-05,ukpga/2010/25,,act-level,text,SI,uksi/2010/2703,http://www.legislation.gov.uk/id/uksi/2010/2703,,true,http://www.legislation.gov.uk/id/ukpga/2010/25,"Value=""0""/> 2010 No. 2703 (C. 125) Civil Service Government Resources And Accounts Parliament The Constitutional Reform and Governance Act 2010","								</ukm:Statistics>
				</ukm:Metadata><Secondary>
<SecondaryPrelims DocumentURI=""http://www.legislation.gov.uk/uksi/2010/2703/introduction/made"" IdURI=""http://www.legislation.gov.uk/id/uksi/2010/2703/introduction"">
<Number>2010 No. 2703 (C. 125)</Number>
<SubjectInformation>
<Subject>
<Title>Civil Service</Title>
</Subject>
<Subject>
<Title>Government Resources And Accounts</Title>
</Subject>
<Subject>
<Title>Parliament</Title>
</Subject>
</SubjectInformation>
<Title>The Constitutional Reform and Governance Act 2010 (Commencement <Abbreviation Expansion=""Number"">No.</Abbreviation> 3) Or"
WS-05,ukpga/2010/25,section-52,other-provision,enabling,SI,uksi/2010/2703,http://www.legislation.gov.uk/id/uksi/2010/2703,,true,http://www.legislation.gov.uk/id/ukpga/2010/25,Minister for the Cabinet Office makes the following Order in exercise of the powers conferred by section 52(2) of the Constitutional Reform and Governance Act 2010,"<EnactingText>
<Para>
<Text>The Minister for the Cabinet Office makes the following Order in exercise of the powers conferred by section 52(2) of the Constitutional Reform and Governance Act 2010<FootnoteRef Ref=""f00001""/>:</Text></Para>
</EnactingText>"
WS-05,ukpga/2010/25,,act-level,enabling,SI,uksi/2010/2703,http://www.legislation.gov.uk/id/uksi/2010/2703,,true,http://www.legislation.gov.uk/id/ukpga/2010/25,Minister for the Cabinet Office makes the following Order in exercise of the powers conferred by section 52(2) of the Constitutional Reform and Governance Act 2010,"<EnactingText>
<Para>
<Text>The Minister for the Cabinet Office makes the following Order in exercise of the powers conferred by section 52(2) of the Constitutional Reform and Governance Act 2010<FootnoteRef Ref=""f00001""/>:</Text></Para>
</EnactingText>"
WS-05,ukpga/2010/25,,act-level,text,SI,uksi/2010/2703,http://www.legislation.gov.uk/id/uksi/2010/2703,,true,http://www.legislation.gov.uk/id/ukpga/2010/25,"SERVICEGOVERNMENT RESOURCES AND ACCOUNTSPARLIAMENT This Order brings into force Parts 1 (the civil service), 2 (ratification of treaties) and 5 (transparency of government financial reporting to Parliament) of the Constitutional Reform and Governance Act 2010","ct><dc:subject scheme=""SIheading"">GOVERNMENT RESOURCES AND ACCOUNTS</dc:subject><dc:subject scheme=""SIheading"">PARLIAMENT</dc:subject>
					<dc:description>This Order brings into force Parts 1 (the civil service), 2 (ratification of treaties) and 5 (transparency of government financial reporting to Parliament) of the Constitutional Reform and Governance Act 2010 (“the Act”) on 11th November 2010.</dc:description>
					<atom:link rel=""self"" href=""http://www.legislation.gov.uk/uksi/2010/2703/made/data.xml"" type=""application/xml""/><atom:link rel=""http://www.legislation.gov.uk/def/navigation/resou"
WS-05,ukpga/2010/25,,act-level,text,SI,uksi/2010/2703,http://www.legislation.gov.uk/id/uksi/2010/2703,,true,http://www.legislation.gov.uk/id/ukpga/2010/25,"http://www.legislation.gov.uk/schema/legislation.xsd"" SchemaVersion=""1.0""> http://www.legislation.gov.uk/uksi/2010/2703/made The Constitutional Reform and Governance Act 2010","1.0""><ukm:Metadata xmlns:dc=""http://purl.org/dc/elements/1.1/"" xmlns:dct=""http://purl.org/dc/terms/"" xmlns:atom=""http://www.w3.org/2005/Atom"" xmlns:ukm=""http://www.legislation.gov.uk/namespaces/metadata"">
					<dc:identifier>http://www.legislation.gov.uk/uksi/2010/2703/made</dc:identifier><dc:title>The Constitutional Reform and Governance Act 2010 (Commencement No. 3) Order 2010</dc:title><dc:subject>Civil Service</dc:subject><dc:subject>Central government</dc:subject><dc:subject>Service Level Agreements</dc:subject><dc:language>en</dc:language><dc:publisher>King's Printer of Acts of Parliamen"
WS-05,ukpga/2010/25,,act-level,text,SI,uksi/2011/1274,http://www.legislation.gov.uk/id/uksi/2011/1274,article-1,true,http://www.legislation.gov.uk/id/ukpga/2010/25,"IdURI=""http://www.legislation.gov.uk/id/uksi/2011/1274/body"" NumberOfProvisions=""2""> Citation 1 This Order may be cited as the Constitutional Reform and Governance Act 2010","011/1274/body"" NumberOfProvisions=""2"">
<P1group>
<Title>Citation</Title>
<P1 DocumentURI=""http://www.legislation.gov.uk/uksi/2011/1274/article/1/made"" IdURI=""http://www.legislation.gov.uk/id/uksi/2011/1274/article/1"" id=""article-1"">
<Pnumber>1</Pnumber>
<P1para>
<Text>This Order may be cited as the Constitutional Reform and Governance Act 2010 (Commencement No. 5) Order 2011.</Text>
</P1para>
</P1>
</P1group>
<P1group>
<Title>Commencement</Title>
<P1 DocumentURI=""http://www.legislation.gov.uk/uksi/2011/1274/article/2/made"" IdURI=""http://www.legislation.gov.uk/id/uksi/2011/1274/article/2"" id=""a"
WS-05,ukpga/2010/25,,act-level,text,SI,uksi/2011/1274,http://www.legislation.gov.uk/id/uksi/2011/1274,article-2,true,http://www.legislation.gov.uk/id/ukpga/2010/25,sectors is foreseen. NOTE AS TO EARLIER COMMENCEMENT ORDERS (This note is not part of the Order) The following provisions of the Constitutional Reform and Governance Act 2010,"ation.gov.uk/uksi/2011/1274/earlier-orders/made"" IdURI=""http://www.legislation.gov.uk/id/uksi/2011/1274/earlier-orders"">
<Title>NOTE AS TO EARLIER COMMENCEMENT ORDERS</Title>
<Comment>
<Para><Text>(This note is not part of the Order)</Text></Para>
</Comment>
<P><Text>The following provisions of the Constitutional Reform and Governance Act 2010 have been brought into force by a commencement order made before the date of this order.</Text><Tabular Orientation=""portrait"">
<table xmlns=""http://www.w3.org/1999/xhtml"" cols=""3"">
<colgroup span=""1""><col width=""204.15pt"" span=""1""/><col width=""116.25pt"""
WS-05,ukpga/2010/25,,act-level,text,SI,uksi/2011/1274,http://www.legislation.gov.uk/id/uksi/2011/1274,article-2,true,http://www.legislation.gov.uk/id/ukpga/2010/25,2011 EXPLANATORY NOTE (This note is not part of the Order) This Order brings into force provisions of the Constitutional Reform and Governance Act 2010,"umentURI=""http://www.legislation.gov.uk/uksi/2011/1274/note/made"" IdURI=""http://www.legislation.gov.uk/id/uksi/2011/1274/note"">
<Title>EXPLANATORY NOTE</Title>
<Comment>
<Para><Text>(This note is not part of the Order)</Text></Para>
</Comment>
<P><Text>This Order brings into force provisions of the Constitutional Reform and Governance Act 2010 which make amendments to the Parliamentary Standards Act 2009 (“the <Abbreviation Expansion=""Parliamentary Standards Act 2009 c. 13"">2009 Act</Abbreviation>”) about the Independent Parliamentary Standards Authority (“the <Abbreviation Expansion=""Independ"
WS-05,ukpga/2010/25,,act-level,text,SI,uksi/2011/1274,http://www.legislation.gov.uk/id/uksi/2011/1274,article-2,true,http://www.legislation.gov.uk/id/ukpga/2010/25,be cited as the Constitutional Reform and Governance Act 2010 (Commencement No. 5) Order 2011. Commencement 2 The following provisions of the Constitutional Reform and Governance Act 2010,"/Text>
</P1para>
</P1>
</P1group>
<P1group>
<Title>Commencement</Title>
<P1 DocumentURI=""http://www.legislation.gov.uk/uksi/2011/1274/article/2/made"" IdURI=""http://www.legislation.gov.uk/id/uksi/2011/1274/article/2"" id=""article-2"">
<Pnumber>2</Pnumber>
<P1para>
<Text>The following provisions of the Constitutional Reform and Governance Act 2010 come into force on 24th May 2011—</Text>
<P3 DocumentURI=""http://www.legislation.gov.uk/uksi/2011/1274/article/2/a/made"" IdURI=""http://www.legislation.gov.uk/id/uksi/2011/1274/article/2/a"" id=""article-2-a"">
<Pnumber>a</Pnumber>
<P3para>
<Text>section 29 "
WS-05,ukpga/2010/25,,act-level,text,SI,uksi/2011/1274,http://www.legislation.gov.uk/id/uksi/2011/1274,,true,http://www.legislation.gov.uk/id/ukpga/2010/25,"http://www.legislation.gov.uk/schema/legislation.xsd"" SchemaVersion=""1.0""> http://www.legislation.gov.uk/uksi/2011/1274/made The Constitutional Reform and Governance Act 2010","1.0""><ukm:Metadata xmlns:dc=""http://purl.org/dc/elements/1.1/"" xmlns:dct=""http://purl.org/dc/terms/"" xmlns:atom=""http://www.w3.org/2005/Atom"" xmlns:ukm=""http://www.legislation.gov.uk/namespaces/metadata"">
					<dc:identifier>http://www.legislation.gov.uk/uksi/2011/1274/made</dc:identifier><dc:title>The Constitutional Reform and Governance Act 2010 (Commencement No. 5) Order 2011</dc:title><dc:subject>UK Parliament</dc:subject><dc:language>en</dc:language><dc:publisher>King's Printer of Acts of Parliament</dc:publisher><dc:modified>2014-08-07</dc:modified><dc:subject scheme=""SIheading"">PARLIAME"
WS-05,ukpga/2010/25,,act-level,enabling,SI,uksi/2011/1274,http://www.legislation.gov.uk/id/uksi/2011/1274,,true,http://www.legislation.gov.uk/id/ukpga/2010/25,Leader of the House of Commons makes the following Order in exercise of the powers conferred by section 52(2) of the Constitutional Reform and Governance Act 2010,"<EnactingText>
<Para>
<Text>The Leader of the House of Commons<FootnoteRef Ref=""f00001""/> makes the following Order in exercise of the powers conferred by section 52(2) of the Constitutional Reform and Governance Act 2010<FootnoteRef Ref=""f00002""/>:</Text></Para>
</EnactingText>"
WS-05,ukpga/2010/25,section-52,other-provision,enabling,SI,uksi/2011/1274,http://www.legislation.gov.uk/id/uksi/2011/1274,,true,http://www.legislation.gov.uk/id/ukpga/2010/25,Leader of the House of Commons makes the following Order in exercise of the powers conferred by section 52(2) of the Constitutional Reform and Governance Act 2010,"<EnactingText>
<Para>
<Text>The Leader of the House of Commons<FootnoteRef Ref=""f00001""/> makes the following Order in exercise of the powers conferred by section 52(2) of the Constitutional Reform and Governance Act 2010<FootnoteRef Ref=""f00002""/>:</Text></Para>
</EnactingText>"
WS-05,ukpga/2010/25,,act-level,text,SI,uksi/2011/1274,http://www.legislation.gov.uk/id/uksi/2011/1274,,true,http://www.legislation.gov.uk/id/ukpga/2010/25,"Value=""0""/> 2011 No. 1274 (C. 52) Parliament The Constitutional Reform and Governance Act 2010","
								</ukm:Statistics>
				</ukm:Metadata><Secondary>
<SecondaryPrelims DocumentURI=""http://www.legislation.gov.uk/uksi/2011/1274/introduction/made"" IdURI=""http://www.legislation.gov.uk/id/uksi/2011/1274/introduction"">
<Number>2011 No. 1274 (C. 52)</Number>
<SubjectInformation>
<Subject>
<Title>Parliament</Title>
</Subject>
</SubjectInformation>
<Title>The Constitutional Reform and Governance Act 2010 (Commencement <Abbreviation Expansion=""Number"">No.</Abbreviation> 5) Order 2011</Title>
<MadeDate>
<Text>Made</Text>
<DateText>17th May 2011</DateText>
</MadeDate>
<SecondaryPreamble>
<Enacti"
WS-05,ukpga/2010/25,,act-level,text,SI,uksi/2011/1274,http://www.legislation.gov.uk/id/uksi/2011/1274,,true,http://www.legislation.gov.uk/id/ukpga/2010/25,Constitutional Reform and Governance Act 2010 (Commencement No. 5) Order 2011UK ParliamentenKing's Printer of Acts of Parliament2014-08-07PARLIAMENT This Order brings into force provisions of the Constitutional Reform and Governance Act 2010,"c:title><dc:subject>UK Parliament</dc:subject><dc:language>en</dc:language><dc:publisher>King's Printer of Acts of Parliament</dc:publisher><dc:modified>2014-08-07</dc:modified><dc:subject scheme=""SIheading"">PARLIAMENT</dc:subject>
					<dc:description>This Order brings into force provisions of the Constitutional Reform and Governance Act 2010 which make amendments to the Parliamentary Standards Act 2009 (“the 2009 Act”) about the Independent Parliamentary Standards Authority (“the IPSA”) and its functions. All the provisions brought into force by this Order come into force on 24th May 2011.</"
WS-05,ukpga/2010/25,,act-level,text,SI,uksi/2011/2485,http://www.legislation.gov.uk/id/uksi/2011/2485,article-1,true,http://www.legislation.gov.uk/id/ukpga/2010/25,and Transitional Provision) Order 2011. 2 In this Order “the 2010 Act” means the Constitutional Reform and Governance Act 2010,"ation.gov.uk/uksi/2011/2485/article/1/2/made"" IdURI=""http://www.legislation.gov.uk/id/uksi/2011/2485/article/1/2"" id=""article-1-2"">
<Pnumber>2</Pnumber>
<P2para>
<Text>In this Order “the <Abbreviation Expansion=""Constitutional Reform and Governance Act 2010 c. 25"">2010 Act</Abbreviation>” means the Constitutional Reform and Governance Act 2010.</Text>
</P2para>
</P2>
</P1para>
</P1>
</P1group>
<P1group>
<Title>Commencement</Title>
<P1 DocumentURI=""http://www.legislation.gov.uk/uksi/2011/2485/article/2/made"" IdURI=""http://www.legislation.gov.uk/id/uksi/2011/2485/article/2"" id=""article-2"">
<Pnum"
WS-05,ukpga/2010/25,,act-level,text,SI,uksi/2011/2485,http://www.legislation.gov.uk/id/uksi/2011/2485,article-1,true,http://www.legislation.gov.uk/id/ukpga/2010/25,"IdURI=""http://www.legislation.gov.uk/id/uksi/2011/2485/article/1"" id=""article-1""> 1 1 This Order may be cited as the Constitutional Reform and Governance Act 2010","/2011/2485/article/1"" id=""article-1"">
<Pnumber>1</Pnumber>
<P1para>
<P2 DocumentURI=""http://www.legislation.gov.uk/uksi/2011/2485/article/1/1/made"" IdURI=""http://www.legislation.gov.uk/id/uksi/2011/2485/article/1/1"" id=""article-1-1"">
<Pnumber>1</Pnumber>
<P2para><Text>This Order may be cited as the Constitutional Reform and Governance Act 2010 (Commencement No.6, Specified Day and Transitional Provision) Order 2011.</Text>
</P2para>
</P2>
<P2 DocumentURI=""http://www.legislation.gov.uk/uksi/2011/2485/article/1/2/made"" IdURI=""http://www.legislation.gov.uk/id/uksi/2011/2485/article/1/2"" id=""artic"
WS-05,ukpga/2010/25,,act-level,text,SI,uksi/2011/2485,http://www.legislation.gov.uk/id/uksi/2011/2485,article-4,true,http://www.legislation.gov.uk/id/ukpga/2010/25,2011 EXPLANATORY NOTE (This note is not part of the Order) This Order brings into force provisions of the Constitutional Reform and Governance Act 2010,"umentURI=""http://www.legislation.gov.uk/uksi/2011/2485/note/made"" IdURI=""http://www.legislation.gov.uk/id/uksi/2011/2485/note"">
<Title>EXPLANATORY NOTE</Title>
<Comment>
<Para><Text>(This note is not part of the Order)</Text></Para>
</Comment>
<P><Text>This Order brings into force provisions of the Constitutional Reform and Governance Act 2010 (“the 2010 Act”) which make provision for the Independent Parliamentary Standards Authority (“the <Abbreviation Expansion=""Independent Parliamentary Standards Authority"">IPSA</Abbreviation>”) and the Minister for the Civil Service to make Parliamentary p"
WS-05,ukpga/2010/25,,act-level,text,SI,uksi/2011/2485,http://www.legislation.gov.uk/id/uksi/2011/2485,article-4,true,http://www.legislation.gov.uk/id/ukpga/2010/25,sectors is foreseen. NOTE AS TO EARLIER COMMENCEMENT ORDERS (This note is not part of the Order) The following provisions of the Constitutional Reform and Governance Act 2010,"ation.gov.uk/uksi/2011/2485/earlier-orders/made"" IdURI=""http://www.legislation.gov.uk/id/uksi/2011/2485/earlier-orders"">
<Title>NOTE AS TO EARLIER COMMENCEMENT ORDERS</Title>
<Comment>
<Para><Text>(This note is not part of the Order)</Text></Para>
</Comment>
<P><Text>The following provisions of the Constitutional Reform and Governance Act 2010 have been brought into force by a commencement order made before the date of this order.</Text><Tabular Orientation=""portrait"">
<table xmlns=""http://www.w3.org/1999/xhtml"" cols=""3"">
<colgroup span=""1""><col width=""204.15pt"" span=""1""/><col width=""116.25pt"""
WS-05,ukpga/2010/25,,act-level,text,SI,uksi/2011/2485,http://www.legislation.gov.uk/id/uksi/2011/2485,,true,http://www.legislation.gov.uk/id/ukpga/2010/25,"Value=""0""/> 2011 No. 2485 (C. 90) Parliament The Constitutional Reform and Governance Act 2010","
								</ukm:Statistics>
				</ukm:Metadata><Secondary>
<SecondaryPrelims DocumentURI=""http://www.legislation.gov.uk/uksi/2011/2485/introduction/made"" IdURI=""http://www.legislation.gov.uk/id/uksi/2011/2485/introduction"">
<Number>2011 No. 2485 (C. 90)</Number>
<SubjectInformation>
<Subject>
<Title>Parliament</Title>
</Subject>
</SubjectInformation>
<Title>The Constitutional Reform and Governance Act 2010 (Commencement <Abbreviation Expansion=""Number"">No.</Abbreviation> 6, Specified Day and Transitional Provision) Order 2011</Title>
<MadeDate>
<Text>Made</Text>
<DateText>17th October 2011</Dat"
WS-05,ukpga/2010/25,,act-level,text,SI,uksi/2011/2485,http://www.legislation.gov.uk/id/uksi/2011/2485,,true,http://www.legislation.gov.uk/id/ukpga/2010/25,"http://www.legislation.gov.uk/schema/legislation.xsd"" SchemaVersion=""1.0""> http://www.legislation.gov.uk/uksi/2011/2485/made The Constitutional Reform and Governance Act 2010","1.0""><ukm:Metadata xmlns:dc=""http://purl.org/dc/elements/1.1/"" xmlns:dct=""http://purl.org/dc/terms/"" xmlns:atom=""http://www.w3.org/2005/Atom"" xmlns:ukm=""http://www.legislation.gov.uk/namespaces/metadata"">
					<dc:identifier>http://www.legislation.gov.uk/uksi/2011/2485/made</dc:identifier><dc:title>The Constitutional Reform and Governance Act 2010 (Commencement No. 6, Specified Day and Transitional Provision) Order 2011</dc:title><dc:subject>Civil Service</dc:subject><dc:language>en</dc:language><dc:publisher>King's Printer of Acts of Parliament</dc:publisher><dc:modified>2014-08-11</dc:modifi"
WS-05,ukpga/2010/25,,act-level,enabling,SI,uksi/2011/2485,http://www.legislation.gov.uk/id/uksi/2011/2485,,true,http://www.legislation.gov.uk/id/ukpga/2010/25,"Leader of the House of Commons makes the following Order in exercise of the powers conferred by section 52(2) and (4) of, and paragraph 44(4) and (8) of Schedule 6 to, the Constitutional Reform and Governance Act 2010","<EnactingText>
<Para>
<Text>The Leader of the House of Commons<FootnoteRef Ref=""f00001""/> makes the following Order in exercise of the powers conferred by section 52(2) and (4) of, and paragraph 44(4) and (8) of Schedule 6 to, the Constitutional Reform and Governance Act 2010<FootnoteRef Ref=""f00002""/>:</Text></Para>
</EnactingText>"
WS-05,ukpga/2010/25,,act-level,text,SI,uksi/2011/2485,http://www.legislation.gov.uk/id/uksi/2011/2485,,true,http://www.legislation.gov.uk/id/ukpga/2010/25,"Governance Act 2010 (Commencement No. 6, Specified Day and Transitional Provision) Order 2011Civil ServiceenKing's Printer of Acts of Parliament2014-08-11PARLIAMENT This Order brings into force provisions of the Constitutional Reform and Governance Act 2010","c:title><dc:subject>Civil Service</dc:subject><dc:language>en</dc:language><dc:publisher>King's Printer of Acts of Parliament</dc:publisher><dc:modified>2014-08-11</dc:modified><dc:subject scheme=""SIheading"">PARLIAMENT</dc:subject>
					<dc:description>This Order brings into force provisions of the Constitutional Reform and Governance Act 2010 (“the 2010 Act”) which make provision for the Independent Parliamentary Standards Authority (“the IPSA”) and the Minister for the Civil Service to make Parliamentary pension schemes. All provisions brought into force by this Order come into force on 24th"
WS-05,ukpga/2010/25,,act-level,text,SI,uksi/2011/46,http://www.legislation.gov.uk/id/uksi/2011/46,article-1,true,http://www.legislation.gov.uk/id/ukpga/2010/25,"IdURI=""http://www.legislation.gov.uk/id/uksi/2011/46/body"" NumberOfProvisions=""4""> Citation 1 This Order may be cited as the Constitutional Reform and Governance Act 2010","uksi/2011/46/body"" NumberOfProvisions=""4"">
<P1group>
<Title>Citation</Title>
<P1 DocumentURI=""http://www.legislation.gov.uk/uksi/2011/46/article/1/made"" IdURI=""http://www.legislation.gov.uk/id/uksi/2011/46/article/1"" id=""article-1"">
<Pnumber>1</Pnumber>
<P1para>
<Text>This Order may be cited as the Constitutional Reform and Governance Act 2010 (Commencement No. 4 and Saving Provision) Order 2011.</Text>
</P1para>
</P1>
</P1group>
<P1group>
<Title>Interpretation</Title>
<P1 DocumentURI=""http://www.legislation.gov.uk/uksi/2011/46/article/2/made"" IdURI=""http://www.legislation.gov.uk/id/uksi/2011/"
WS-05,ukpga/2010/25,,act-level,text,SI,uksi/2011/46,http://www.legislation.gov.uk/id/uksi/2011/46,article-3,true,http://www.legislation.gov.uk/id/ukpga/2010/25,“request for information” has the meaning given in section 8 of the 2000 Act. Commencement 3 The following provisions of the Constitutional Reform and Governance Act 2010,"para></P3>
</P1para>
</P1>
</P1group>
<P1group>
<Title>Commencement</Title>
<P1 DocumentURI=""http://www.legislation.gov.uk/uksi/2011/46/article/3/made"" IdURI=""http://www.legislation.gov.uk/id/uksi/2011/46/article/3"" id=""article-3"">
<Pnumber>3</Pnumber>
<P1para>
<Text>The following provisions of the Constitutional Reform and Governance Act 2010 come into force on 19th January 2011—</Text>
<P3 DocumentURI=""http://www.legislation.gov.uk/uksi/2011/46/article/3/a/made"" IdURI=""http://www.legislation.gov.uk/id/uksi/2011/46/article/3/a"" id=""article-3-a"">
<Pnumber>a</Pnumber>
<P3para>
<Text>section 46("
WS-05,ukpga/2010/25,,act-level,text,SI,uksi/2011/46,http://www.legislation.gov.uk/id/uksi/2011/46,article-4,true,http://www.legislation.gov.uk/id/ukpga/2010/25,sectors is foreseen. NOTE AS TO EARLIER COMMENCEMENT ORDERS (This note is not part of the Order) The following provisions of the Constitutional Reform and Governance Act 2010,"gislation.gov.uk/uksi/2011/46/earlier-orders/made"" IdURI=""http://www.legislation.gov.uk/id/uksi/2011/46/earlier-orders"">
<Title>NOTE AS TO EARLIER COMMENCEMENT ORDERS</Title>
<Comment>
<Para><Text>(This note is not part of the Order)</Text></Para>
</Comment>
<P><Text>The following provisions of the Constitutional Reform and Governance Act 2010 have been brought into force by a commencement order made before the date of this order.</Text><Tabular Orientation=""portrait"">
<table xmlns=""http://www.w3.org/1999/xhtml"" cols=""3"">
<colgroup><col width=""204.15pt""/><col width=""116.25pt""/><col width=""90pt"
WS-05,ukpga/2010/25,,act-level,text,SI,uksi/2011/46,http://www.legislation.gov.uk/id/uksi/2011/46,article-4,true,http://www.legislation.gov.uk/id/ukpga/2010/25,2011 EXPLANATORY NOTE (This note is not part of the Order) This Order brings into force provisions of the Constitutional Reform and Governance Act 2010," DocumentURI=""http://www.legislation.gov.uk/uksi/2011/46/note/made"" IdURI=""http://www.legislation.gov.uk/id/uksi/2011/46/note"">
<Title>EXPLANATORY NOTE</Title>
<Comment>
<Para><Text>(This note is not part of the Order)</Text></Para>
</Comment>
<P><Text>This Order brings into force provisions of the Constitutional Reform and Governance Act 2010 which amend provisions of the Freedom of Information Act 2000 (“the 2000 Act”) concerning information which relates to communications with the Sovereign, the Royal Family and the Royal Household. All the provisions brought into force by this Order come i"
WS-05,ukpga/2010/25,,act-level,enabling,SI,uksi/2011/46,http://www.legislation.gov.uk/id/uksi/2011/46,,true,http://www.legislation.gov.uk/id/ukpga/2010/25,Secretary of State makes the following Order in exercise of the powers conferred by section 52(2) and (4) of the Constitutional Reform and Governance Act 2010,"<EnactingText>
<Para>
<Text>The Secretary of State makes the following Order in exercise of the powers conferred by section 52(2) and (4) of the Constitutional Reform and Governance Act 2010<FootnoteRef Ref=""f00001""/>:</Text></Para>
</EnactingText>"
WS-05,ukpga/2010/25,,act-level,text,SI,uksi/2011/46,http://www.legislation.gov.uk/id/uksi/2011/46,,true,http://www.legislation.gov.uk/id/ukpga/2010/25,"Value=""0""/> 2011 No. 46 (C. 3) Freedom Of Information The Constitutional Reform and Governance Act 2010","e=""0""/>
								</ukm:Statistics>
				</ukm:Metadata><Secondary>
<SecondaryPrelims DocumentURI=""http://www.legislation.gov.uk/uksi/2011/46/introduction/made"" IdURI=""http://www.legislation.gov.uk/id/uksi/2011/46/introduction"">
<Number>2011 No. 46 (C. 3)</Number>
<SubjectInformation>
<Subject>
<Title>Freedom Of Information</Title>
</Subject>
</SubjectInformation>
<Title>The Constitutional Reform and Governance Act 2010 (Commencement No. 4 and Saving Provision) Order 2011</Title>
<MadeDate>
<Text>Made</Text>
<DateText>16th January 2011</DateText>
</MadeDate>
<SecondaryPreamble>
<EnactingText>
<Pa"
WS-05,ukpga/2010/25,,act-level,text,SI,uksi/2011/46,http://www.legislation.gov.uk/id/uksi/2011/46,,true,http://www.legislation.gov.uk/id/ukpga/2010/25,Governance Act 2010 (Commencement No. 4 and Saving Provision) Order 2011Freedom of informationenKing's Printer of Acts of Parliament2020-02-26FREEDOM OF INFORMATION This Order brings into force provisions of the Constitutional Reform and Governance Act 2010,"reedom of information</dc:subject><dc:language>en</dc:language><dc:publisher>King's Printer of Acts of Parliament</dc:publisher><dc:modified>2020-02-26</dc:modified><dc:subject scheme=""SIheading"">FREEDOM OF INFORMATION</dc:subject>
					<dc:description>This Order brings into force provisions of the Constitutional Reform and Governance Act 2010 which amend provisions of the Freedom of Information Act 2000 (“the 2000 Act”) concerning information which relates to communications with the Sovereign, the Royal Family and the Royal Household. All the provisions brought into force by this Order come i"
WS-05,ukpga/2010/25,,act-level,text,SI,uksi/2011/46,http://www.legislation.gov.uk/id/uksi/2011/46,,true,http://www.legislation.gov.uk/id/ukpga/2010/25,"http://www.legislation.gov.uk/schema/legislation.xsd"" SchemaVersion=""1.0""> http://www.legislation.gov.uk/uksi/2011/46/made The Constitutional Reform and Governance Act 2010","=""1.0""><ukm:Metadata xmlns:dc=""http://purl.org/dc/elements/1.1/"" xmlns:dct=""http://purl.org/dc/terms/"" xmlns:atom=""http://www.w3.org/2005/Atom"" xmlns:ukm=""http://www.legislation.gov.uk/namespaces/metadata"">
					<dc:identifier>http://www.legislation.gov.uk/uksi/2011/46/made</dc:identifier><dc:title>The Constitutional Reform and Governance Act 2010 (Commencement No. 4 and Saving Provision) Order 2011</dc:title><dc:subject>Freedom of information</dc:subject><dc:language>en</dc:language><dc:publisher>King's Printer of Acts of Parliament</dc:publisher><dc:modified>2020-02-26</dc:modified><dc:subje"
WS-05,ukpga/2010/25,schedule-7-paragraph-6,other-provision,text,SI,uksi/2012/1205,http://www.legislation.gov.uk/id/uksi/2012/1205,article-3,true,http://www.legislation.gov.uk/id/ukpga/2010/25,cc Part 7 of Schedule 10 (repeals and revocations) insofar as it repeals section 80A of the Freedom of Information Act 2000 and paragraph 6 of Schedule 7 to the Constitutional Reform and Governance Act 2010,"ticle/3/cc/made"" IdURI=""http://www.legislation.gov.uk/id/uksi/2012/1205/article/3/cc"" id=""article-3-cc"">
<Pnumber>cc</Pnumber>
<P3para>
<Text>Part 7 of Schedule 10 (repeals and revocations) insofar as it repeals section 80A of the Freedom of Information Act 2000 and paragraph 6 of Schedule 7 to the Constitutional Reform and Governance Act 2010<FootnoteRef Ref=""f00003""/>.</Text>
</P3para></P3>
</P1para>
</P1>
</P1group>
<P1group>
<Title>Provisions coming into force on 10th July 2012</Title>
<P1 DocumentURI=""http://www.legislation.gov.uk/uksi/2012/1205/article/4/made"" IdURI=""http://www.legislati"
WS-05,ukpga/2010/25,,act-level,text,SI,uksi/2012/2595,http://www.legislation.gov.uk/id/uksi/2012/2595,article-19,true,http://www.legislation.gov.uk/id/ukpga/2010/25,"could be made by an Act of the Northern Ireland Assembly without the consent of the Secretary of State (see sections 6 to 8 of the Northern Ireland Act 1998), the Department of Justice in Northern Ireland, and . Constitutional Reform and Governance Act 2010","tate (see sections 6 to 8 of the Northern Ireland Act 1998<FootnoteRef Ref=""f00039""/>), the Department of Justice in Northern Ireland, and</Text>
</P3para>
</P3>
</BlockAmendment>
<AppendText>.</AppendText>
</P3para></P3>
</P2para>
</P2>
</P1para>
</P1>
</P1group>
<P1group>
<Title><Strong><Emphasis>Constitutional Reform and Governance Act 2010</Emphasis></Strong></Title>
<P1 DocumentURI=""http://www.legislation.gov.uk/uksi/2012/2595/article/20/made"" IdURI=""http://www.legislation.gov.uk/id/uksi/2012/2595/article/20"" id=""article-20"">
<Pnumber>20</Pnumber>
<P1para>
<Text>In section 1 of the Consti"
WS-05,ukpga/2010/25,section-1,part-1,text,SI,uksi/2012/2595,http://www.legislation.gov.uk/id/uksi/2012/2595,article-20,true,http://www.legislation.gov.uk/id/ukpga/2010/25,Constitutional Reform and Governance Act 2010 20 In section 1 of the Constitutional Reform and Governance Act 2010,"hasis>Constitutional Reform and Governance Act 2010</Emphasis></Strong></Title>
<P1 DocumentURI=""http://www.legislation.gov.uk/uksi/2012/2595/article/20/made"" IdURI=""http://www.legislation.gov.uk/id/uksi/2012/2595/article/20"" id=""article-20"">
<Pnumber>20</Pnumber>
<P1para>
<Text>In section 1 of the Constitutional Reform and Governance Act 2010<FootnoteRef Ref=""f00040""/> (application of Chapter) omit subsection (2)(e).</Text>
</P1para>
</P1>
</P1group>
<P1group>
<Title><Strong><Emphasis>Corporation Tax Act 2010</Emphasis></Strong></Title>
<P1 DocumentURI=""http://www.legislation.gov.uk/uksi/2012"
WS-05,ukpga/2010/25,,act-level,text,SI,uksi/2012/2595,http://www.legislation.gov.uk/id/uksi/2012/2595,article-29,true,http://www.legislation.gov.uk/id/ukpga/2010/25,Limited Liability Partnership and Business Names (Sensitive Words and Expressions) Regulations 2009. Article 18 transfers functions under the Policing and Crime Act 2009. Article 19 transfers functions under the Bribery Act 2010. Article 20 amends the Constitutional Reform and Governance Act 2010,"ility Partnership and Business Names (Sensitive Words and Expressions) Regulations 2009.</Text></P>
<P><Text>Article 18 transfers functions under the Policing and Crime Act 2009.</Text></P>
<P><Text>Article 19 transfers functions under the Bribery Act 2010.</Text></P>
<P><Text>Article 20 amends the Constitutional Reform and Governance Act 2010.</Text></P>
<P><Text>Article 21 transfers functions under the Corporation Tax Act 2010.</Text></P>
<P><Text>Article 22 transfers functions under the Crime and Security Act 2010.</Text></P>
<P><Text>Article 23 transfers functions under subordinate legisla"
WS-05,ukpga/2010/25,,act-level,text,SI,uksi/2012/3001,http://www.legislation.gov.uk/id/uksi/2012/3001,article-1,true,http://www.legislation.gov.uk/id/ukpga/2010/25,"2010 (Commencement No. 7) Order 2012. 2 In this Order, “the 2010 Act” means the Constitutional Reform and Governance Act 2010","tion.gov.uk/uksi/2012/3001/article/1/2/made"" IdURI=""http://www.legislation.gov.uk/id/uksi/2012/3001/article/1/2"" id=""article-1-2"">
<Pnumber>2</Pnumber>
<P2para>
<Text>In this Order, “the <Abbreviation Expansion=""Constitutional Reform and Governance Act 2010 c. 25"">2010 Act</Abbreviation>” means the Constitutional Reform and Governance Act 2010.</Text>
</P2para>
</P2>
</P1para>
</P1>
</P1group>
<P1group>
<Title>Provisions of the 2010 Act coming into force on the day after the day on which this Order is made</Title>
<P1 DocumentURI=""http://www.legislation.gov.uk/uksi/2012/3001/article/2/made"" Id"
WS-05,ukpga/2010/25,,act-level,text,SI,uksi/2012/3001,http://www.legislation.gov.uk/id/uksi/2012/3001,article-1,true,http://www.legislation.gov.uk/id/ukpga/2010/25,"IdURI=""http://www.legislation.gov.uk/id/uksi/2012/3001/article/1"" id=""article-1""> 1 1 This Order may be cited as the Constitutional Reform and Governance Act 2010","/2012/3001/article/1"" id=""article-1"">
<Pnumber>1</Pnumber>
<P1para>
<P2 DocumentURI=""http://www.legislation.gov.uk/uksi/2012/3001/article/1/1/made"" IdURI=""http://www.legislation.gov.uk/id/uksi/2012/3001/article/1/1"" id=""article-1-1"">
<Pnumber>1</Pnumber>
<P2para><Text>This Order may be cited as the Constitutional Reform and Governance Act 2010 (Commencement No. 7) Order 2012.</Text>
</P2para>
</P2>
<P2 DocumentURI=""http://www.legislation.gov.uk/uksi/2012/3001/article/1/2/made"" IdURI=""http://www.legislation.gov.uk/id/uksi/2012/3001/article/1/2"" id=""article-1-2"">
<Pnumber>2</Pnumber>
<P2para>
<T"
WS-05,ukpga/2010/25,schedule-7,other-provision,markup,SI,uksi/2012/3001,http://www.legislation.gov.uk/id/uksi/2012/3001,article-3,true,http://www.legislation.gov.uk/id/ukpga/2010/25,"EXPLANATORY NOTE (This note is not part of the Order) This Order brings into force sections 45 (for specified purposes) and (so far as not already in force) 46 of, and Schedule 7 to, the Constitutional Reform and Governance Act 2010 (c. 25)","
<Title>EXPLANATORY NOTE</Title>
<Comment>
<Para><Text>(This note is not part of the Order)</Text></Para>
</Comment>
<P><Text>This Order brings into force sections 45 (for specified purposes) and (so far as not already in force) 46 of, and Schedule 7 to, the Constitutional Reform and Governance Act <Citation URI=""http://www.legislation.gov.uk/id/ukpga/2010/25"" id=""c00001"" Class=""UnitedKingdomPublicGeneralAct"" Year=""2010"" Number=""0025"">2010 (c. 25)</Citation> (“the 2010 Act”).</Text></P>
<P><Text>Section 45(1)(a) of the 2010 Act reduces the period by the end of which public records are required"
WS-05,ukpga/2010/25,schedule-7,other-provision,text,SI,uksi/2012/3001,http://www.legislation.gov.uk/id/uksi/2012/3001,article-3,true,http://www.legislation.gov.uk/id/ukpga/2010/25,"into force sections 45 (for specified purposes) and (so far as not already in force) 46 of, and Schedule 7 to, the Constitutional Reform and Governance Act 2010","gislation.gov.uk/id/uksi/2012/3001/note"">
<Title>EXPLANATORY NOTE</Title>
<Comment>
<Para><Text>(This note is not part of the Order)</Text></Para>
</Comment>
<P><Text>This Order brings into force sections 45 (for specified purposes) and (so far as not already in force) 46 of, and Schedule 7 to, the Constitutional Reform and Governance Act <Citation URI=""http://www.legislation.gov.uk/id/ukpga/2010/25"" id=""c00001"" Class=""UnitedKingdomPublicGeneralAct"" Year=""2010"" Number=""0025"">2010 (c. 25)</Citation> (“the 2010 Act”).</Text></P>
<P><Text>Section 45(1)(a) of the 2010 Act reduces the period by the"
WS-05,ukpga/2010/25,,act-level,text,SI,uksi/2012/3001,http://www.legislation.gov.uk/id/uksi/2012/3001,article-3,true,http://www.legislation.gov.uk/id/ukpga/2010/25,NOTE AS TO EARLIER COMMENCEMENT ORDERS (This note is not part of the Order) The following provisions of the Constitutional Reform and Governance Act 2010," IdURI=""http://www.legislation.gov.uk/id/uksi/2012/3001/earlier-orders"">
<Title>NOTE AS TO EARLIER COMMENCEMENT ORDERS</Title>
<Comment>
<Para><Text>(This note is not part of the Order)</Text></Para>
</Comment>
<Tabular Orientation=""portrait"">
<TableText>
<Para><Text>The following provisions of the Constitutional Reform and Governance Act 2010 have been brought into force by commencement order made before the date of this order.</Text></Para>
</TableText>

<table xmlns=""http://www.w3.org/1999/xhtml"" cols=""3"">
<colgroup><col width=""142.15pt""/><col width=""142.15pt""/><col width=""142.15pt""/></colg"
WS-05,ukpga/2010/25,,act-level,text,SI,uksi/2012/3001,http://www.legislation.gov.uk/id/uksi/2012/3001,,true,http://www.legislation.gov.uk/id/ukpga/2010/25,"http://www.legislation.gov.uk/schema/legislation.xsd"" SchemaVersion=""1.0""> http://www.legislation.gov.uk/uksi/2012/3001/made The Constitutional Reform and Governance Act 2010","1.0""><ukm:Metadata xmlns:dc=""http://purl.org/dc/elements/1.1/"" xmlns:dct=""http://purl.org/dc/terms/"" xmlns:atom=""http://www.w3.org/2005/Atom"" xmlns:ukm=""http://www.legislation.gov.uk/namespaces/metadata"">
					<dc:identifier>http://www.legislation.gov.uk/uksi/2012/3001/made</dc:identifier><dc:title>The Constitutional Reform and Governance Act 2010 (Commencement No. 7) Order 2012</dc:title><dc:subject>National Health Service (NHS)</dc:subject><dc:subject>Records offices</dc:subject><dc:subject>NHS management</dc:subject><dc:subject>Records</dc:subject><dc:subject>Freedom of information</dc:subj"
WS-05,ukpga/2010/25,section-52,other-provision,enabling,SI,uksi/2012/3001,http://www.legislation.gov.uk/id/uksi/2012/3001,,true,http://www.legislation.gov.uk/id/ukpga/2010/25,Secretary of State makes the following Order in exercise of the powers conferred by section 52(2) of the Constitutional Reform and Governance Act 2010,"<EnactingText>
<Para>
<Text>The Secretary of State makes the following Order in exercise of the powers conferred by section 52(2) of the Constitutional Reform and Governance Act 2010<FootnoteRef Ref=""f00001""/>:</Text></Para>
</EnactingText>"
WS-05,ukpga/2010/25,,act-level,enabling,SI,uksi/2012/3001,http://www.legislation.gov.uk/id/uksi/2012/3001,,true,http://www.legislation.gov.uk/id/ukpga/2010/25,Secretary of State makes the following Order in exercise of the powers conferred by section 52(2) of the Constitutional Reform and Governance Act 2010,"<EnactingText>
<Para>
<Text>The Secretary of State makes the following Order in exercise of the powers conferred by section 52(2) of the Constitutional Reform and Governance Act 2010<FootnoteRef Ref=""f00001""/>:</Text></Para>
</EnactingText>"
WS-05,ukpga/2010/25,,act-level,text,SI,uksi/2012/3001,http://www.legislation.gov.uk/id/uksi/2012/3001,,true,http://www.legislation.gov.uk/id/ukpga/2010/25,"Value=""1""/> 2012 No. 3001 (C. 119) Public Records Freedom Of Information The Constitutional Reform and Governance Act 2010","								</ukm:Statistics>
				</ukm:Metadata><Secondary>
<SecondaryPrelims DocumentURI=""http://www.legislation.gov.uk/uksi/2012/3001/introduction/made"" IdURI=""http://www.legislation.gov.uk/id/uksi/2012/3001/introduction"">
<Number>2012 No. 3001 (C. 119)</Number>
<SubjectInformation>
<Subject>
<Title>Public Records</Title>
</Subject>
<Subject>
<Title>Freedom Of Information</Title>
</Subject>
</SubjectInformation>
<Title>The Constitutional Reform and Governance Act 2010 (Commencement <Abbreviation Expansion=""Number"">No.</Abbreviation> 7) Order 2012</Title>
<MadeDate>
<Text>Made</Text>
<DateText>2"
WS-05,ukpga/2010/25,schedule-7,other-provision,text,SI,uksi/2012/3001,http://www.legislation.gov.uk/id/uksi/2012/3001,,true,http://www.legislation.gov.uk/id/ukpga/2010/25,"Printer of Acts of Parliament2017-07-19PUBLIC RECORDSFREEDOM OF INFORMATION This Order brings into force sections 45 (for specified purposes) and (so far as not already in force) 46 of, and Schedule 7 to, the Constitutional Reform and Governance Act 2010","7-07-19</dc:modified><dc:subject scheme=""SIheading"">PUBLIC RECORDS</dc:subject><dc:subject scheme=""SIheading"">FREEDOM OF INFORMATION</dc:subject>
					<dc:description>This Order brings into force sections 45 (for specified purposes) and (so far as not already in force) 46 of, and Schedule 7 to, the Constitutional Reform and Governance Act 2010 (c. 25) (“the 2010 Act”).</dc:description>
					<atom:link rel=""self"" href=""http://www.legislation.gov.uk/uksi/2012/3001/made/data.xml"" type=""application/xml""/><atom:link rel=""http://www.legislation.gov.uk/def/navigation/resources"" href=""http://www.legis"
WS-05,ukpga/2010/25,,act-level,text,SI,uksi/2012/3028,http://www.legislation.gov.uk/id/uksi/2012/3028,article-1,true,http://www.legislation.gov.uk/id/ukpga/2010/25,"“the 1958 Act” means the Public Records Act 1958; “relevant records” means records which, by virtue of the coming into force for some purposes on 1st January 2013 of section 45(1)(a) (transfer of records to Public Record Office) of the Constitutional Reform and Governance Act 2010",". 51"">1958 Act</Abbreviation>” means the Public Records Act 1958<FootnoteRef Ref=""f00002""/>;</Text>
</Para>
</ListItem>
<ListItem>
<Para><Text>“relevant records” means records which, by virtue of the coming into force for some purposes on 1st January 2013 of section 45(1)(a) (transfer of records to Public Record Office) of the Constitutional Reform and Governance Act 2010<FootnoteRef Ref=""f00003""/> and but for this Order, must be transferred in accordance with section 3(4) (selection and preservation of public records) of the 1958 Act not later than 20 years after their creation.</Text>
</Para"
WS-05,ukpga/2010/25,section-45-1,other-provision,text,SI,uksi/2012/3028,http://www.legislation.gov.uk/id/uksi/2012/3028,article-2,true,http://www.legislation.gov.uk/id/ukpga/2010/25,"IdURI=""http://www.legislation.gov.uk/id/uksi/2012/3028/article/2"" id=""article-2""> 2 1 Notwithstanding the coming into force on 1st January 2013 of section 45(1) (a) of the Constitutional Reform and Governance Act 2010","ber>2</Pnumber>
<P1para>
<P2 DocumentURI=""http://www.legislation.gov.uk/uksi/2012/3028/article/2/1/made"" IdURI=""http://www.legislation.gov.uk/id/uksi/2012/3028/article/2/1"" id=""article-2-1"">
<Pnumber>1</Pnumber>
<P2para><Text>Notwithstanding the coming into force on 1st January 2013 of section 45(1)(a) of the Constitutional Reform and Governance Act 2010, for the period of 10 years beginning on that day the time within which relevant records must be transferred in accordance with section 3(4) of the 1958 Act is that provided for by paragraph (2).</Text>
</P2para>
</P2>
<P2 DocumentURI=""http://"
WS-05,ukpga/2010/25,section-45-1,other-provision,text,SI,uksi/2012/3028,http://www.legislation.gov.uk/id/uksi/2012/3028,article-3,true,http://www.legislation.gov.uk/id/ukpga/2010/25,EXPLANATORY NOTE (This note is not part of the Order) This Order sets out the transitional arrangements that are to apply following the commencement for certain purposes of section 45(1) (a) of the Constitutional Reform and Governance Act 2010,"egislation.gov.uk/id/uksi/2012/3028/note"">
<Title>EXPLANATORY NOTE</Title>
<Comment>
<Para><Text>(This note is not part of the Order)</Text></Para>
</Comment>
<P><Text>This Order sets out the transitional arrangements that are to apply following the commencement for certain purposes of section 45(1)(a) of the Constitutional Reform and Governance Act 2010.</Text></P>
<P><Text>The commencement of that provision takes effect from 1st January 2013, by virtue of the Constitutional Reform and Governance Act 2010 (Commencement <Abbreviation Expansion=""Number"">No.</Abbreviation> 7) Order 2012, for the"
WS-05,ukpga/2010/25,,act-level,text,SI,uksi/2012/3028,http://www.legislation.gov.uk/id/uksi/2012/3028,article-3,true,http://www.legislation.gov.uk/id/ukpga/2010/25,"transitional arrangements that are to apply following the commencement for certain purposes of section 45(1)(a) of the Constitutional Reform and Governance Act 2010. The commencement of that provision takes effect from 1st January 2013, by virtue of the Constitutional Reform and Governance Act 2010","t>This Order sets out the transitional arrangements that are to apply following the commencement for certain purposes of section 45(1)(a) of the Constitutional Reform and Governance Act 2010.</Text></P>
<P><Text>The commencement of that provision takes effect from 1st January 2013, by virtue of the Constitutional Reform and Governance Act 2010 (Commencement <Abbreviation Expansion=""Number"">No.</Abbreviation> 7) Order 2012, for the purposes of all records except those specified in the Schedule to that Order. The result is that records not specified in the Schedule will be required to be transfe"
WS-05,ukpga/2010/25,,act-level,enabling,SI,uksi/2012/3028,http://www.legislation.gov.uk/id/uksi/2012/3028,,true,http://www.legislation.gov.uk/id/ukpga/2010/25,Lord Chancellor makes the following Order in exercise of the powers conferred by section 45(2) and (3) of the Constitutional Reform and Governance Act 2010,"<EnactingText>
<Para>
<Text>The Lord Chancellor makes the following Order in exercise of the powers conferred by section 45(2) and (3) of the Constitutional Reform and Governance Act 2010<FootnoteRef Ref=""f00001""/>:</Text></Para>
</EnactingText>"
WS-05,ukpga/2010/25,section-45-1,other-provision,text,SI,uksi/2012/3028,http://www.legislation.gov.uk/id/uksi/2012/3028,,true,http://www.legislation.gov.uk/id/ukpga/2010/25,officesRecordsenKing's Printer of Acts of Parliament2015-07-09PUBLIC RECORDS This Order sets out the transitional arrangements that are to apply following the commencement for certain purposes of section 45(1) (a) of the Constitutional Reform and Governance Act 2010,"King's Printer of Acts of Parliament</dc:publisher><dc:modified>2015-07-09</dc:modified><dc:subject scheme=""SIheading"">PUBLIC RECORDS</dc:subject>
					<dc:description>This Order sets out the transitional arrangements that are to apply following the commencement for certain purposes of section 45(1)(a) of the Constitutional Reform and Governance Act 2010.</dc:description>
					<atom:link rel=""self"" href=""http://www.legislation.gov.uk/uksi/2012/3028/made/data.xml"" type=""application/xml""/><atom:link rel=""http://www.legislation.gov.uk/def/navigation/resources"" href=""http://www.legislation.gov.uk/"
WS-05,ukpga/2010/25,,act-level,text,SI,uksi/2012/3029,http://www.legislation.gov.uk/id/uksi/2012/3029,article-1,true,http://www.legislation.gov.uk/id/ukpga/2010/25,"means the Freedom of Information Act 2000; “relevant record” means a record which, by virtue of the coming into force on 1st January 2013 of paragraph 4 of Schedule 7 (amendments of Freedom of Information Act 2000: meaning of historical record) to the Constitutional Reform and Governance Act 2010","ion Act 2000<FootnoteRef Ref=""f00002""/>;</Text>
</Para>
</ListItem>
<ListItem>
<Para><Text>“relevant record” means a record which, by virtue of the coming into force on 1st January 2013 of paragraph 4 of Schedule 7 (amendments of Freedom of Information Act 2000: meaning of historical record) to the Constitutional Reform and Governance Act 2010<FootnoteRef Ref=""f00003""/> and but for this Order, becomes a historical record for the purposes of Part 6 (historical records and records in Public Record Office or Public Record Office of Northern Ireland) of the 2000 Act at the end of the period of twe"
WS-05,ukpga/2010/25,schedule-7-paragraph-4,other-provision,text,SI,uksi/2012/3029,http://www.legislation.gov.uk/id/uksi/2012/3029,article-2,true,http://www.legislation.gov.uk/id/ukpga/2010/25,"id=""article-2""> 2 1 Notwithstanding the coming into force on 1st January 2013 of paragraph 4 of Schedule 7 to the Constitutional Reform and Governance Act 2010","ara>
<P2 DocumentURI=""http://www.legislation.gov.uk/uksi/2012/3029/article/2/1/made"" IdURI=""http://www.legislation.gov.uk/id/uksi/2012/3029/article/2/1"" id=""article-2-1"">
<Pnumber>1</Pnumber>
<P2para><Text>Notwithstanding the coming into force on 1st January 2013 of paragraph 4 of Schedule 7 to the Constitutional Reform and Governance Act 2010, for the period of 10 years beginning on that day the time when a relevant record becomes a historical record for the purposes of Part 6 of the 2000 Act is that provided for by paragraph (2).</Text>
</P2para>
</P2>
<P2 DocumentURI=""http://www.legislation"
WS-05,ukpga/2010/25,,act-level,text,SI,uksi/2012/3029,http://www.legislation.gov.uk/id/uksi/2012/3029,article-3,true,http://www.legislation.gov.uk/id/ukpga/2010/25,"out the transitional arrangements that are to apply following the commencement of paragraph 4 of Schedule 7 to the Constitutional Reform and Governance Act 2010. The commencement of that provision takes effect from 1st January 2013, by virtue of the Constitutional Reform and Governance Act 2010","ent>
<P><Text>This Order sets out the transitional arrangements that are to apply following the commencement of paragraph 4 of Schedule 7 to the Constitutional Reform and Governance Act 2010.</Text></P>
<P><Text>The commencement of that provision takes effect from 1st January 2013, by virtue of the Constitutional Reform and Governance Act 2010 (Commencement <Abbreviation Expansion=""Number"">No.</Abbreviation> 7) Order 2012, subject to any transitional or saving provision made by Order. The result is that section 62(1) of the Freedom of Information Act 2000 is amended so that a record will becom"
WS-05,ukpga/2010/25,schedule-7-paragraph-4,other-provision,text,SI,uksi/2012/3029,http://www.legislation.gov.uk/id/uksi/2012/3029,article-3,true,http://www.legislation.gov.uk/id/ukpga/2010/25,"IdURI=""http://www.legislation.gov.uk/id/uksi/2012/3029/note""> EXPLANATORY NOTE (This note is not part of the Order) This Order sets out the transitional arrangements that are to apply following the commencement of paragraph 4 of Schedule 7 to the Constitutional Reform and Governance Act 2010","legislation.gov.uk/id/uksi/2012/3029/note"">
<Title>EXPLANATORY NOTE</Title>
<Comment>
<Para><Text>(This note is not part of the Order)</Text></Para>
</Comment>
<P><Text>This Order sets out the transitional arrangements that are to apply following the commencement of paragraph 4 of Schedule 7 to the Constitutional Reform and Governance Act 2010.</Text></P>
<P><Text>The commencement of that provision takes effect from 1st January 2013, by virtue of the Constitutional Reform and Governance Act 2010 (Commencement <Abbreviation Expansion=""Number"">No.</Abbreviation> 7) Order 2012, subject to any tra"
WS-05,ukpga/2010/25,schedule-7-paragraph-4,other-provision,text,SI,uksi/2012/3029,http://www.legislation.gov.uk/id/uksi/2012/3029,,true,http://www.legislation.gov.uk/id/ukpga/2010/25,Printer of Acts of Parliament2015-07-09FREEDOM OF INFORMATION This Order sets out the transitional arrangements that are to apply following the commencement of paragraph 4 of Schedule 7 to the Constitutional Reform and Governance Act 2010,"Printer of Acts of Parliament</dc:publisher><dc:modified>2015-07-09</dc:modified><dc:subject scheme=""SIheading"">FREEDOM OF INFORMATION</dc:subject>
					<dc:description>This Order sets out the transitional arrangements that are to apply following the commencement of paragraph 4 of Schedule 7 to the Constitutional Reform and Governance Act 2010.</dc:description>
					<atom:link rel=""self"" href=""http://www.legislation.gov.uk/uksi/2012/3029/made/data.xml"" type=""application/xml""/><atom:link rel=""http://www.legislation.gov.uk/def/navigation/resources"" href=""http://www.legislation.gov.uk/uksi/2012/3"
WS-05,ukpga/2010/25,,act-level,enabling,SI,uksi/2012/3029,http://www.legislation.gov.uk/id/uksi/2012/3029,,true,http://www.legislation.gov.uk/id/ukpga/2010/25,Secretary of State makes the following Order in exercise of the powers conferred by section 46(2) and (3) of the Constitutional Reform and Governance Act 2010,"<EnactingText>
<Para>
<Text>The Secretary of State makes the following Order in exercise of the powers conferred by section 46(2) and (3) of the Constitutional Reform and Governance Act 2010<FootnoteRef Ref=""f00001""/>:</Text></Para>
</EnactingText>"
WS-05,ukpga/2010/25,schedule-6,other-provision,text,SI,uksi/2013/2734,http://www.legislation.gov.uk/id/uksi/2013/2734,regulation-4,true,http://www.legislation.gov.uk/id/ukpga/2010/25,"id=""regulation-4-2-c"">cit is provided for by section 40 of, and Schedule 6 to, the Constitutional Reform and Governance Act 2010","49-1433511670754"" CommentaryRef=""key-REDACTED-CLML-COMMENTARY-HANDLE"">c</Substitution></Pnumber><P3para><Text><Substitution ChangeId=""key-REDACTED-CLML-COMMENTARY-HANDLE-1433511670754"" CommentaryRef=""key-REDACTED-CLML-COMMENTARY-HANDLE"">it is provided for by section 40 of, and Schedule 6 to, the Constitutional Reform and Governance Act 2010 (Parliamentary and other pensions).</Substitution></Text></P3para></P3></P2para></P2><P2 DocumentURI=""http://www.legislation.gov.uk/uksi/2013/2734/regulation/4/3"" IdURI=""http://www.legislation.gov.uk/id/uksi/2013/2734/regulation/4/3"" id=""regulation-4-3"">"
WS-05,ukpga/2010/25,,act-level,text,SI,uksi/2013/2826,http://www.legislation.gov.uk/id/uksi/2013/2826,article-1,true,http://www.legislation.gov.uk/id/ukpga/2010/25,"id=""article-1-2""> 2 In this Order— a “the Act” means the Constitutional Reform and Governance Act 2010","://www.legislation.gov.uk/uksi/2013/2826/article/1/2/a/made"" IdURI=""http://www.legislation.gov.uk/id/uksi/2013/2826/article/1/2/a"" id=""article-1-2-a"">
<Pnumber>a</Pnumber>
<P3para>
<Text>“<Abbreviation Expansion=""Constitutional Reform and Governance Act 2010 c. 25"">the Act</Abbreviation>” means the Constitutional Reform and Governance Act 2010; and</Text>
</P3para></P3>
<P3 DocumentURI=""http://www.legislation.gov.uk/uksi/2013/2826/article/1/2/b/made"" IdURI=""http://www.legislation.gov.uk/id/uksi/2013/2826/article/1/2/b"" id=""article-1-2-b"">
<Pnumber>b</Pnumber>
<P3para>
<Text>“the <Abbreviation "
WS-05,ukpga/2010/25,,act-level,text,SI,uksi/2013/2826,http://www.legislation.gov.uk/id/uksi/2013/2826,article-1,true,http://www.legislation.gov.uk/id/ukpga/2010/25,"IdURI=""http://www.legislation.gov.uk/id/uksi/2013/2826/article/1"" id=""article-1""> 1 1 This Order may be cited as the Constitutional Reform and Governance Act 2010","/2013/2826/article/1"" id=""article-1"">
<Pnumber>1</Pnumber>
<P1para>
<P2 DocumentURI=""http://www.legislation.gov.uk/uksi/2013/2826/article/1/1/made"" IdURI=""http://www.legislation.gov.uk/id/uksi/2013/2826/article/1/1"" id=""article-1-1"">
<Pnumber>1</Pnumber>
<P2para><Text>This Order may be cited as the Constitutional Reform and Governance Act 2010 (Commencement No. 8 and Saving Provision) Order 2013.</Text>
</P2para>
</P2>
<P2 DocumentURI=""http://www.legislation.gov.uk/uksi/2013/2826/article/1/2/made"" IdURI=""http://www.legislation.gov.uk/id/uksi/2013/2826/article/1/2"" id=""article-1-2"">
<Pnumber>2<"
WS-05,ukpga/2010/25,schedule-6,other-provision,text,SI,uksi/2013/2826,http://www.legislation.gov.uk/id/uksi/2013/2826,article-3,true,http://www.legislation.gov.uk/id/ukpga/2010/25,EXPLANATORY NOTE (This note is not part of the Order) This Order brings into force provisions of Schedule 6 to the Constitutional Reform and Governance Act 2010,"://www.legislation.gov.uk/uksi/2013/2826/note/made"" IdURI=""http://www.legislation.gov.uk/id/uksi/2013/2826/note"">
<Title>EXPLANATORY NOTE</Title>
<Comment>
<Para><Text>(This note is not part of the Order)</Text></Para>
</Comment>
<P><Text>This Order brings into force provisions of Schedule 6 to the Constitutional Reform and Governance Act 2010 (“the <Abbreviation Expansion=""Constitutional Reform and Governance Act 2010 c. 25"">2010 Act</Abbreviation>”) which make provision for the Independent Parliamentary Standards Authority (“the IPSA”) to make a scheme, under section 4 of the European Parlia"
WS-05,ukpga/2010/25,,act-level,text,SI,uksi/2013/2826,http://www.legislation.gov.uk/id/uksi/2013/2826,article-3,true,http://www.legislation.gov.uk/id/ukpga/2010/25,has been produced. NOTE AS TO EARLIER COMMENCEMENT ORDERS (This note is not part of the Order) The following provisions of the Constitutional Reform and Governance Act 2010,"ation.gov.uk/uksi/2013/2826/earlier-orders/made"" IdURI=""http://www.legislation.gov.uk/id/uksi/2013/2826/earlier-orders"">
<Title>NOTE AS TO EARLIER COMMENCEMENT ORDERS</Title>
<Comment>
<Para><Text>(This note is not part of the Order)</Text></Para>
</Comment>
<P><Text>The following provisions of the Constitutional Reform and Governance Act 2010 have been brought into force by commencement orders made before the date of this Order.</Text><Tabular Orientation=""portrait"">
<table xmlns=""http://www.w3.org/1999/xhtml"" cols=""3"">
<colgroup><col width=""204.15pt""/><col width=""116.25pt""/><col width=""90pt"""
WS-05,ukpga/2010/25,,act-level,enabling,SI,uksi/2013/2826,http://www.legislation.gov.uk/id/uksi/2013/2826,,true,http://www.legislation.gov.uk/id/ukpga/2010/25,Minister for the Civil Service makes the following Order in exercise of the powers conferred by section 52(2) and (4) of the Constitutional Reform and Governance Act 2010,"<EnactingText>
<Para>
<Text>The Minister for the Civil Service makes the following Order in exercise of the powers conferred by section 52(2) and (4) of the Constitutional Reform and Governance Act 2010<FootnoteRef Ref=""f00001""/>:</Text></Para>
</EnactingText>"
WS-05,ukpga/2010/25,,act-level,text,SI,uksi/2013/2826,http://www.legislation.gov.uk/id/uksi/2013/2826,,true,http://www.legislation.gov.uk/id/ukpga/2010/25,"http://www.legislation.gov.uk/schema/legislation.xsd"" xml:lang=""en"" SchemaVersion=""1.0""> http://www.legislation.gov.uk/uksi/2013/2826/made The Constitutional Reform and Governance Act 2010","1.0""><ukm:Metadata xmlns:dc=""http://purl.org/dc/elements/1.1/"" xmlns:dct=""http://purl.org/dc/terms/"" xmlns:atom=""http://www.w3.org/2005/Atom"" xmlns:ukm=""http://www.legislation.gov.uk/namespaces/metadata"">
					<dc:identifier>http://www.legislation.gov.uk/uksi/2013/2826/made</dc:identifier><dc:title>The Constitutional Reform and Governance Act 2010 (Commencement No. 8 and Saving Provision) Order 2013</dc:title><dc:language>en</dc:language><dc:publisher>King's Printer of Acts of Parliament</dc:publisher><dc:modified>2017-07-24</dc:modified><dc:subject scheme=""SIheading"">PUBLIC SERVICE PENSIONS</"
WS-05,ukpga/2010/25,schedule-6,other-provision,text,SI,uksi/2013/2826,http://www.legislation.gov.uk/id/uksi/2013/2826,,true,http://www.legislation.gov.uk/id/ukpga/2010/25,Constitutional Reform and Governance Act 2010 (Commencement No. 8 and Saving Provision) Order 2013enKing's Printer of Acts of Parliament2017-07-24PUBLIC SERVICE PENSIONS This Order brings into force provisions of Schedule 6 to the Constitutional Reform and Governance Act 2010,"der 2013</dc:title><dc:language>en</dc:language><dc:publisher>King's Printer of Acts of Parliament</dc:publisher><dc:modified>2017-07-24</dc:modified><dc:subject scheme=""SIheading"">PUBLIC SERVICE PENSIONS</dc:subject>
					<dc:description>This Order brings into force provisions of Schedule 6 to the Constitutional Reform and Governance Act 2010 (“the 2010 Act”) which make provision for the Independent Parliamentary Standards Authority (“the IPSA”) to make a scheme, under section 4 of the European Parliament (Pay and Pensions) Act 1979, with respect to pensions for certain Representatives to the"
WS-05,ukpga/2010/25,,act-level,text,SI,uksi/2013/2826,http://www.legislation.gov.uk/id/uksi/2013/2826,,true,http://www.legislation.gov.uk/id/ukpga/2010/25,"Value=""0""/> 2013 No. 2826 (C. 113) Public Service Pensions The Constitutional Reform and Governance Act 2010","								</ukm:Statistics>
				</ukm:Metadata><Secondary>
<SecondaryPrelims DocumentURI=""http://www.legislation.gov.uk/uksi/2013/2826/introduction/made"" IdURI=""http://www.legislation.gov.uk/id/uksi/2013/2826/introduction"">
<Number>2013 No. 2826 (C. 113)</Number>
<SubjectInformation>
<Subject>
<Title>Public Service Pensions</Title>
</Subject>
</SubjectInformation>
<Title>The Constitutional Reform and Governance Act 2010 (Commencement <Abbreviation Expansion=""Number"">No.</Abbreviation> 8 and Saving Provision) Order 2013</Title>
<MadeDate>
<Text>Made</Text>
<DateText>31st October 2013</DateText>
<"
WS-05,ukpga/2010/25,part-1,part-1,text,SI,uksi/2014/1964,http://www.legislation.gov.uk/id/uksi/2014/1964,schedule-2-paragraph-36,true,http://www.legislation.gov.uk/id/ukpga/2010/25,"id=""schedule-2-paragraph-36-3"">3In this paragraph—“all relevant appeal rights” includes the member’s appeal rights under section 11.10 of the Civil Service Management Code issued under Part 1 of the Constitutional Reform and Governance Act 2010","2-paragraph-36-3""><Pnumber>3</Pnumber><P2para><Text>In this paragraph—</Text><UnorderedList Decoration=""none"" Class=""Definition""><ListItem><Para><Text>“all relevant appeal rights” includes the member’s appeal rights under section 11.10 of the Civil Service Management Code issued under Part 1 of the Constitutional Reform and Governance Act<Character Name=""NonBreakingSpace""/>2010<FootnoteRef Ref=""f00100""/>; and</Text></Para></ListItem><ListItem><Para><Text>“ill-health retirement certificate” means a certificate given by the scheme medical adviser under the PCSPS stating that, in the opinion of t"
WS-05,ukpga/2010/25,,act-level,text,SI,uksi/2014/3245,http://www.legislation.gov.uk/id/uksi/2014/3245,article-1,true,http://www.legislation.gov.uk/id/ukpga/2010/25,"IdURI=""http://www.legislation.gov.uk/id/uksi/2014/3245/body"" NumberOfProvisions=""2""> Citation 1 This Order may be cited as the Constitutional Reform and Governance Act 2010","014/3245/body"" NumberOfProvisions=""2"">
<P1group>
<Title>Citation</Title>
<P1 DocumentURI=""http://www.legislation.gov.uk/uksi/2014/3245/article/1/made"" IdURI=""http://www.legislation.gov.uk/id/uksi/2014/3245/article/1"" id=""article-1"">
<Pnumber>1</Pnumber>
<P1para>
<Text>This Order may be cited as the Constitutional Reform and Governance Act 2010 (Commencement No. 9) Order 2014.</Text>
</P1para>
</P1>
</P1group>
<P1group>
<Title>Section 45(1) of the 2010 Act coming into force on 1st January 2015</Title>
<P1 DocumentURI=""http://www.legislation.gov.uk/uksi/2014/3245/article/2/made"" IdURI=""http://ww"
WS-05,ukpga/2010/25,section-45-1,other-provision,markup,SI,uksi/2014/3245,http://www.legislation.gov.uk/id/uksi/2014/3245,article-2,true,http://www.legislation.gov.uk/id/ukpga/2010/25,EXPLANATORY NOTE (This note is not part of the Order) This Order brings into force (so far as not already in force) section 45(1) of the Constitutional Reform and Governance Act 2010 (c. 25),"://www.legislation.gov.uk/id/uksi/2014/3245/note"">
<Title>EXPLANATORY NOTE</Title>
<Comment>
<Para><Text>(This note is not part of the Order)</Text></Para>
</Comment>
<P><Text>This Order brings into force (so far as not already in force) section 45(1) of the Constitutional Reform and Governance Act <Citation URI=""http://www.legislation.gov.uk/id/ukpga/2010/25"" id=""c00001"" Class=""UnitedKingdomPublicGeneralAct"" Year=""2010"" Number=""0025"">2010 (c. 25)</Citation>.</Text></P>
<P><Text>Section 45(1)(a) of that Act reduces the period by the end of which public records are required by section 3(4) of t"
WS-05,ukpga/2010/25,section-45-1,other-provision,text,SI,uksi/2014/3245,http://www.legislation.gov.uk/id/uksi/2014/3245,article-2,true,http://www.legislation.gov.uk/id/ukpga/2010/25,Governance Act 2010 (Commencement No. 9) Order 2014. Section 45(1) of the 2010 Act coming into force on 1st January 2015 2 Section 45(1) of the Constitutional Reform and Governance Act 2010,"<Title>Section 45(1) of the 2010 Act coming into force on 1st January 2015</Title>
<P1 DocumentURI=""http://www.legislation.gov.uk/uksi/2014/3245/article/2/made"" IdURI=""http://www.legislation.gov.uk/id/uksi/2014/3245/article/2"" id=""article-2"">
<Pnumber>2</Pnumber>
<P1para>
<Text>Section 45(1) of the Constitutional Reform and Governance Act 2010 shall come into force on 1st January 2015 for all remaining purposes.</Text>
</P1para>
</P1>
</P1group>
<SignedSection DocumentURI=""http://www.legislation.gov.uk/uksi/2014/3245/signature/made"" IdURI=""http://www.legislation.gov.uk/id/uksi/2014/3245/signat"
WS-05,ukpga/2010/25,section-45-1,other-provision,text,SI,uksi/2014/3245,http://www.legislation.gov.uk/id/uksi/2014/3245,article-2,true,http://www.legislation.gov.uk/id/ukpga/2010/25,note is not part of the Order) This Order brings into force (so far as not already in force) section 45(1) of the Constitutional Reform and Governance Act 2010,".uk/uksi/2014/3245/note/made"" IdURI=""http://www.legislation.gov.uk/id/uksi/2014/3245/note"">
<Title>EXPLANATORY NOTE</Title>
<Comment>
<Para><Text>(This note is not part of the Order)</Text></Para>
</Comment>
<P><Text>This Order brings into force (so far as not already in force) section 45(1) of the Constitutional Reform and Governance Act <Citation URI=""http://www.legislation.gov.uk/id/ukpga/2010/25"" id=""c00001"" Class=""UnitedKingdomPublicGeneralAct"" Year=""2010"" Number=""0025"">2010 (c. 25)</Citation>.</Text></P>
<P><Text>Section 45(1)(a) of that Act reduces the period by the end of which public "
WS-05,ukpga/2010/25,,act-level,text,SI,uksi/2014/3245,http://www.legislation.gov.uk/id/uksi/2014/3245,article-2,true,http://www.legislation.gov.uk/id/ukpga/2010/25,NOTE AS TO EARLIER COMMENCEMENT ORDERS (This note is not part of the Order) The following provisions of the Constitutional Reform and Governance Act 2010,"ation.gov.uk/uksi/2014/3245/earlier-orders/made"" IdURI=""http://www.legislation.gov.uk/id/uksi/2014/3245/earlier-orders"">
<Title>NOTE AS TO EARLIER COMMENCEMENT ORDERS</Title>
<Comment>
<Para><Text>(This note is not part of the Order)</Text></Para>
</Comment>
<P><Text>The following provisions of the Constitutional Reform and Governance Act 2010 have been brought into force by commencement orders made before the date of this order.</Text><Tabular Orientation=""portrait"">
<table xmlns=""http://www.w3.org/1999/xhtml"" cols=""3"">
<colgroup><col width=""142.15pt""/><col width=""142.15pt""/><col width=""142.1"
WS-05,ukpga/2010/25,section-45-1,other-provision,text,SI,uksi/2014/3245,http://www.legislation.gov.uk/id/uksi/2014/3245,,true,http://www.legislation.gov.uk/id/ukpga/2010/25,Constitutional Reform and Governance Act 2010 (Commencement No. 9) Order 2014enKing's Printer of Acts of Parliament2017-07-31PUBLIC RECORDS This Order brings into force (so far as not already in force) section 45(1) of the Constitutional Reform and Governance Act 2010,"title><dc:language>en</dc:language><dc:publisher>King's Printer of Acts of Parliament</dc:publisher><dc:modified>2017-07-31</dc:modified><dc:subject scheme=""SIheading"">PUBLIC RECORDS</dc:subject>
					<dc:description>This Order brings into force (so far as not already in force) section 45(1) of the Constitutional Reform and Governance Act 2010 (c. 25).</dc:description>
					<atom:link rel=""self"" href=""http://www.legislation.gov.uk/uksi/2014/3245/made/data.xml"" type=""application/xml""/><atom:link rel=""http://www.legislation.gov.uk/def/navigation/resources"" href=""http://www.legislation.gov.uk/uks"
WS-05,ukpga/2010/25,,act-level,text,SI,uksi/2014/3245,http://www.legislation.gov.uk/id/uksi/2014/3245,,true,http://www.legislation.gov.uk/id/ukpga/2010/25,"http://www.legislation.gov.uk/schema/legislation.xsd"" xml:lang=""en"" SchemaVersion=""1.0""> http://www.legislation.gov.uk/uksi/2014/3245/made The Constitutional Reform and Governance Act 2010","1.0""><ukm:Metadata xmlns:dc=""http://purl.org/dc/elements/1.1/"" xmlns:dct=""http://purl.org/dc/terms/"" xmlns:atom=""http://www.w3.org/2005/Atom"" xmlns:ukm=""http://www.legislation.gov.uk/namespaces/metadata"">
					<dc:identifier>http://www.legislation.gov.uk/uksi/2014/3245/made</dc:identifier><dc:title>The Constitutional Reform and Governance Act 2010 (Commencement No. 9) Order 2014</dc:title><dc:language>en</dc:language><dc:publisher>King's Printer of Acts of Parliament</dc:publisher><dc:modified>2017-07-31</dc:modified><dc:subject scheme=""SIheading"">PUBLIC RECORDS</dc:subject>
					<dc:descripti"
WS-05,ukpga/2010/25,,act-level,text,SI,uksi/2014/3245,http://www.legislation.gov.uk/id/uksi/2014/3245,,true,http://www.legislation.gov.uk/id/ukpga/2010/25,"Value=""0""/> 2014 No. 3245 (C. 146) Public Records The Constitutional Reform and Governance Act 2010","								</ukm:Statistics>
				</ukm:Metadata><Secondary>
<SecondaryPrelims DocumentURI=""http://www.legislation.gov.uk/uksi/2014/3245/introduction/made"" IdURI=""http://www.legislation.gov.uk/id/uksi/2014/3245/introduction"">
<Number>2014 No. 3245 (C. 146)</Number>
<SubjectInformation>
<Subject>
<Title>Public Records</Title>
</Subject>
</SubjectInformation>
<Title>The Constitutional Reform and Governance Act 2010 (Commencement <Abbreviation Expansion=""Number"">No.</Abbreviation> 9) Order 2014</Title>
<MadeDate>
<Text>Made</Text>
<DateText>8th December 2014</DateText>
</MadeDate>
<SecondaryPreamble>"
WS-05,ukpga/2010/25,section-52,other-provision,enabling,SI,uksi/2014/3245,http://www.legislation.gov.uk/id/uksi/2014/3245,,true,http://www.legislation.gov.uk/id/ukpga/2010/25,Lord Chancellor makes the following Order in exercise of the powers conferred by section 52(2) of the Constitutional Reform and Governance Act 2010,"<EnactingText>
<Para>
<Text>The Lord Chancellor makes the following Order in exercise of the powers conferred by section 52(2) of the Constitutional Reform and Governance Act 2010<FootnoteRef Ref=""f00001""/>:</Text></Para>
</EnactingText>"
WS-05,ukpga/2010/25,,act-level,enabling,SI,uksi/2014/3245,http://www.legislation.gov.uk/id/uksi/2014/3245,,true,http://www.legislation.gov.uk/id/ukpga/2010/25,Lord Chancellor makes the following Order in exercise of the powers conferred by section 52(2) of the Constitutional Reform and Governance Act 2010,"<EnactingText>
<Para>
<Text>The Lord Chancellor makes the following Order in exercise of the powers conferred by section 52(2) of the Constitutional Reform and Governance Act 2010<FootnoteRef Ref=""f00001""/>:</Text></Para>
</EnactingText>"
WS-05,ukpga/2010/25,,act-level,text,SI,uksi/2014/3249,http://www.legislation.gov.uk/id/uksi/2014/3249,article-2,true,http://www.legislation.gov.uk/id/ukpga/2010/25,for by paragraph (3). 2 Paragraph (1) applies notwithstanding the coming into force on that date for all remaining purposes of section 45(1)(a) (transfer of records to Public Records Office) of the Constitutional Reform and Governance Act 2010,"/uksi/2014/3249/article/2/2/made"" IdURI=""http://www.legislation.gov.uk/id/uksi/2014/3249/article/2/2"" id=""article-2-2"">
<Pnumber>2</Pnumber>
<P2para>
<Text>Paragraph (1) applies notwithstanding the coming into force on that date for all remaining purposes of section 45(1)(a) (transfer of records to Public Records Office) of the Constitutional Reform and Governance Act 2010<FootnoteRef Ref=""f00004""/>.</Text>
</P2para>
</P2>
<P2 DocumentURI=""http://www.legislation.gov.uk/uksi/2014/3249/article/2/3/made"" IdURI=""http://www.legislation.gov.uk/id/uksi/2014/3249/article/2/3"" id=""article-2-3"">
<Pnumbe"
WS-05,ukpga/2010/25,,act-level,text,SI,uksi/2014/3249,http://www.legislation.gov.uk/id/uksi/2014/3249,article-3,true,http://www.legislation.gov.uk/id/ukpga/2010/25,"and Saving Provisions) Order 2012 (SI 2012/3028) sets out the transitional arrangements that apply, for a period of 10 years starting on 1st January 2013, to those records in respect of which section 45(1) was commenced. The Constitutional Reform and Governance Act 2010","28"" id=""c00003"" Class=""UnitedKingdomStatutoryInstrument"" Year=""2012"" Number=""3028"">SI 2012/3028</Citation>) sets out the transitional arrangements that apply, for a period of 10 years starting on 1st January 2013, to those records in respect of which section 45(1) was commenced.</Text></P>
<P><Text>The Constitutional Reform and Governance Act 2010 (Commencement No. 9) Order 2014 brings into force section 45(1) for all remaining purposes on 1st January 2015, subject to the transitional arrangements set out in this Order.</Text></P>
<P><Text>Article 2(1) provides that for a period of 10 years be"
WS-05,ukpga/2010/25,section-45-1,other-provision,text,SI,uksi/2014/3249,http://www.legislation.gov.uk/id/uksi/2014/3249,article-3,true,http://www.legislation.gov.uk/id/ukpga/2010/25,EXPLANATORY NOTE (This note is not part of the Order) This Order sets out the transitional arrangements that are to apply following the commencement for all remaining purposes of section 45(1) of the Constitutional Reform and Governance Act 2010,".uk/id/uksi/2014/3249/note"">
<Title>EXPLANATORY NOTE</Title>
<Comment>
<Para><Text>(This note is not part of the Order)</Text></Para>
</Comment>
<P><Text>This Order sets out the transitional arrangements that are to apply following the commencement for all remaining purposes of section 45(1) of the Constitutional Reform and Governance Act 2010.</Text></P>
<P><Text>Section 45(1)(a) of the 2010 Act reduces the period by the end of which public records are required by section 3(4) of the Public Records Act <Citation URI=""http://www.legislation.gov.uk/id/ukpga/1958/51"" id=""c00001"" Class=""UnitedKin"
WS-05,ukpga/2010/25,,act-level,text,SI,uksi/2014/3249,http://www.legislation.gov.uk/id/uksi/2014/3249,article-3,true,http://www.legislation.gov.uk/id/ukpga/2010/25,"commencement, this reduction takes effect subject to any transitional, transitory or saving provision made by order by the Lord Chancellor under section 45(2) to (5). The commencement of section 45(1) took effect from 1st January 2013, by virtue of the Constitutional Reform and Governance Act 2010","years from the date of its commencement, this reduction takes effect subject to any transitional, transitory or saving provision made by order by the Lord Chancellor under section 45(2) to (5).</Text></P>
<P><Text>The commencement of section 45(1) took effect from 1st January 2013, by virtue of the Constitutional Reform and Governance Act 2010 (Commencement <Abbreviation Expansion=""Number"">No.</Abbreviation> 7) Order 2012 (<Citation URI=""http://www.legislation.gov.uk/id/uksi/2012/3001"" id=""c00002"" Class=""UnitedKingdomStatutoryInstrument"" Year=""2012"" Number=""3001"">SI 2012/3001</Citation>), for "
WS-05,ukpga/2010/25,section-45-1,other-provision,text,SI,uksi/2014/3249,http://www.legislation.gov.uk/id/uksi/2014/3249,,true,http://www.legislation.gov.uk/id/ukpga/2010/25,Saving Provisions) Order 2014enKing's Printer of Acts of Parliament2015-09-21PUBLIC RECORDS This Order sets out the transitional arrangements that are to apply following the commencement for all remaining purposes of section 45(1) of the Constitutional Reform and Governance Act 2010," of Acts of Parliament</dc:publisher><dc:modified>2015-09-21</dc:modified><dc:subject scheme=""SIheading"">PUBLIC RECORDS</dc:subject>
					<dc:description>This Order sets out the transitional arrangements that are to apply following the commencement for all remaining purposes of section 45(1) of the Constitutional Reform and Governance Act 2010.</dc:description>
					<atom:link rel=""self"" href=""http://www.legislation.gov.uk/uksi/2014/3249/made/data.xml"" type=""application/xml""/><atom:link rel=""http://www.legislation.gov.uk/def/navigation/resources"" href=""http://www.legislation.gov.uk/uksi/2014/3"
WS-05,ukpga/2010/25,,act-level,enabling,SI,uksi/2014/3249,http://www.legislation.gov.uk/id/uksi/2014/3249,,true,http://www.legislation.gov.uk/id/ukpga/2010/25,Lord Chancellor makes the following Order in exercise of the powers conferred by section 45(2) and (3) of the Constitutional Reform and Governance Act 2010,"<EnactingText>
<Para>
<Text>The Lord Chancellor makes the following Order in exercise of the powers conferred by section 45(2) and (3) of the Constitutional Reform and Governance Act 2010<FootnoteRef Ref=""f00001""/>:</Text></Para>
</EnactingText>"
WS-05,ukpga/2010/25,schedule-6,other-provision,text,SI,uksi/2015/482,http://www.legislation.gov.uk/id/uksi/2015/482,regulation-4,true,http://www.legislation.gov.uk/id/ukpga/2010/25,"IdURI=""http://www.legislation.gov.uk/id/uksi/2015/482/regulation/4/2/b"" id=""regulation-4-2-b""> b for sub-paragraph (c) substitute— c it is provided for by section 40 of, and Schedule 6 to, the Constitutional Reform and Governance Act 2010",""" id=""regulation-4-2-b"">
<Pnumber>b</Pnumber>
<P3para>
<Text>for sub-paragraph (c) substitute—</Text>
<BlockAmendment Context=""unknown"" TargetClass=""unknown"" TargetSubClass=""unknown"" Format=""double"">
<P3>
<Pnumber>c</Pnumber>
<P3para><Text>it is provided for by section 40 of, and Schedule 6 to, the Constitutional Reform and Governance Act 2010 (Parliamentary and other pensions)<FootnoteRef Ref=""f00013""/>.</Text>
</P3para>
</P3>
</BlockAmendment>
<AppendText>.</AppendText>
</P3para></P3>
</P2para>
</P2>
<P2 DocumentURI=""http://www.legislation.gov.uk/uksi/2015/482/regulation/4/3/made"" IdURI=""htt"
WS-05,ukpga/2010/25,,act-level,text,SI,uksi/2015/892,http://www.legislation.gov.uk/id/uksi/2015/892,regulation-1,true,http://www.legislation.gov.uk/id/ukpga/2010/25,103 (actuarial reports) of Schedule 1 (Scottish Parliamentary Pension Scheme) to the Scottish Parliamentary Pensions Act 2009 applies; to which paragraph 10 (exchequer contribution to fund) of Schedule 6 (Parliamentary and other pensions) to the Constitutional Reform and Governance Act 2010,") of Schedule 1 (Scottish Parliamentary Pension Scheme) to the Scottish Parliamentary Pensions Act 2009<FootnoteRef Ref=""f00010""/> applies;</Text></Para>
</ListItem>
<ListItem>
<Para><Text>to which paragraph 10 (exchequer contribution to fund) of Schedule 6 (Parliamentary and other pensions) to the Constitutional Reform and Governance Act 2010<FootnoteRef Ref=""f00011""/> applies;</Text></Para>
</ListItem>
<ListItem>
<Para><Text>to which Treasury directions made under section 11 (valuations) of the Public Service Pensions Act 2013<FootnoteRef Ref=""f00012""/> apply; or</Text></Para>
</ListItem>
<L"
WS-05,ukpga/2010/25,,act-level,text,SI,uksi/2015/892,http://www.legislation.gov.uk/id/uksi/2015/892,schedule-paragraph-5,true,http://www.legislation.gov.uk/id/ukpga/2010/25,"id=""schedule-paragraph-5-3-c""> c a scheme established by virtue of paragraph 12 (MPs’ pension scheme) or paragraph 16 (Ministers’ etc pension scheme) of Schedule 6 (Parliamentary and other pensions) to the Constitutional Reform and Governance Act 2010","gislation.gov.uk/id/uksi/2015/892/schedule/paragraph/5/3/c"" id=""schedule-paragraph-5-3-c"">
<Pnumber>c</Pnumber>
<P3para>
<Text>a scheme established by virtue of paragraph 12 (MPs’ pension scheme) or paragraph 16 (Ministers’ etc pension scheme) of Schedule 6 (Parliamentary and other pensions) to the Constitutional Reform and Governance Act 2010.<FootnoteRef Ref=""f00022""/></Text>
</P3para></P3>
</P2para>
</P2>
<P2 DocumentURI=""http://www.legislation.gov.uk/uksi/2015/892/schedule/paragraph/5/4/made"" IdURI=""http://www.legislation.gov.uk/id/uksi/2015/892/schedule/paragraph/5/4"" id=""schedule-paragra"
WS-05,ukpga/2010/25,section-20,other-provision,text,SI,uksi/2018/1242,http://www.legislation.gov.uk/id/uksi/2018/1242,regulation-3,true,http://www.legislation.gov.uk/id/ukpga/2010/25,"fo:border-bottom-color=""black""/> PART 2Transitional Provisions Disapplication of section 20 of the Constitutional Reform and Governance Act 2010","//www.legislation.gov.uk/uksi/2018/1242/schedule/1/part/2/made"" IdURI=""http://www.legislation.gov.uk/id/uksi/2018/1242/schedule/1/part/2"" NumberOfProvisions=""2"" id=""schedule-1-part-2"">
<Number>PART 2</Number><Title>Transitional Provisions</Title>
<P1group>
<Title>Disapplication of section 20 of the Constitutional Reform and Governance Act 2010 to treaties already approved</Title>
<P1 DocumentURI=""http://www.legislation.gov.uk/uksi/2018/1242/schedule/1/paragraph/1/made"" IdURI=""http://www.legislation.gov.uk/id/uksi/2018/1242/schedule/1/paragraph/1"" id=""schedule-1-paragraph-1"">
<Pnumber>1</Pnumbe"
WS-05,ukpga/2010/25,,act-level,text,SI,uksi/2018/1242,http://www.legislation.gov.uk/id/uksi/2018/1242,regulation-3,true,http://www.legislation.gov.uk/id/ukpga/2010/25,Repeals Table Short Title Extent of Repeal The Constitutional Reform and Governance Act 2010,"Provisions</Title>
</TitleBlock>
<Reference>Regulation 2</Reference>
<ScheduleBody>
<Part DocumentURI=""http://www.legislation.gov.uk/uksi/2018/1242/schedule/1/part/1/made"" IdURI=""http://www.legislation.gov.uk/id/uksi/2018/1242/schedule/1/part/1"" id=""schedule-1-part-1"">
<Number>PART 1</Number><Title>Repeals</Title>
<Tabular Orientation=""portrait"">
<Number>Table</Number>
<table xmlns=""http://www.w3.org/1999/xhtml"" cols=""2"">
<colgroup><col width=""213.2pt""/><col width=""213.2pt""/></colgroup>
<thead><tr><th xmlns:fo=""http://www.w3.org/1999/XSL/Format"" rowspan=""1"" colspan=""1"" fo:border-top-style=""sol"
WS-05,ukpga/2010/25,section-20,other-provision,text,SI,uksi/2018/1242,http://www.legislation.gov.uk/id/uksi/2018/1242,schedule-1-paragraph-1,true,http://www.legislation.gov.uk/id/ukpga/2010/25,"IdURI=""http://www.legislation.gov.uk/id/uksi/2018/1242/schedule/1/paragraph/1/b"" id=""schedule-1-paragraph-1-b""> b Part 1 of the European Union Act 2011, then that treaty will continue to be exempt from the requirements in section 20 of the Constitutional Reform and Governance Act 2010",".gov.uk/id/uksi/2018/1242/schedule/1/paragraph/1/b"" id=""schedule-1-paragraph-1-b"">
<Pnumber>b</Pnumber>
<P3para>
<Text>Part 1 of the European Union Act 2011<FootnoteRef Ref=""f00006""/>,</Text>
</P3para></P3>
<Text>then that treaty will continue to be exempt from the requirements in section 20 of the Constitutional Reform and Governance Act 2010 (treaties to be laid before Parliament before ratification) notwithstanding the repeal of section 23(1) of that Act.</Text>
</P1para>
</P1>
</P1group>
<P1group>
<Title>Approvals under the European Union Act 2011</Title>
<P1 DocumentURI=""http://www.legisl"
WS-05,ukpga/2010/25,,act-level,text,SI,uksi/2018/1242,http://www.legislation.gov.uk/id/uksi/2018/1242,schedule-2-paragraph-3,true,http://www.legislation.gov.uk/id/ukpga/2010/25,contained Parliamentary approvals of treaties which were required by the 2011 Act. The Constitutional Reform and Governance Act 2010,"ct <Citation URI=""http://www.legislation.gov.uk/id/ukpga/2017/35"" id=""c00005"" Class=""UnitedKingdomPublicGeneralAct"" Year=""2017"" Number=""0035"">2017 (c. 35)</Citation> (“the 2017 Act”) which is repealed by these Regulations contained Parliamentary approvals of treaties which were required by the 2011 Act.</Text></P>
<P><Text>The Constitutional Reform and Governance Act <Citation URI=""http://www.legislation.gov.uk/id/ukpga/2010/25"" id=""c00006"" Class=""UnitedKingdomPublicGeneralAct"" Year=""2010"" Number=""0025"">2010 (c. 25)</Citation> (the “CRAG Act”) contained an exemption from the normal CRAG Act pr"
WS-05,ukpga/2010/25,,act-level,markup,SI,uksi/2018/1242,http://www.legislation.gov.uk/id/uksi/2018/1242,schedule-2-paragraph-3,true,http://www.legislation.gov.uk/id/ukpga/2010/25,European Union (Approvals) Act 2017 (c. 35) (“the 2017 Act”) which is repealed by these Regulations contained Parliamentary approvals of treaties which were required by the 2011 Act. The Constitutional Reform and Governance Act 2010 (c. 25),"c00005"" Class=""UnitedKingdomPublicGeneralAct"" Year=""2017"" Number=""0035"">2017 (c. 35)</Citation> (“the 2017 Act”) which is repealed by these Regulations contained Parliamentary approvals of treaties which were required by the 2011 Act.</Text></P>
<P><Text>The Constitutional Reform and Governance Act <Citation URI=""http://www.legislation.gov.uk/id/ukpga/2010/25"" id=""c00006"" Class=""UnitedKingdomPublicGeneralAct"" Year=""2010"" Number=""0025"">2010 (c. 25)</Citation> (the “CRAG Act”) contained an exemption from the normal CRAG Act procedures for approval of treaties prior to ratification where the trea"
WS-05,ukpga/2010/25,section-20-1,other-provision,text,SI,uksi/2020/38,http://www.legislation.gov.uk/id/uksi/2020/38,regulation-2,true,http://www.legislation.gov.uk/id/ukpga/2010/25,United Kingdom of Great Britain and Northern Ireland and the Government of the United States of America on Access to Electronic Data for the Purpose of Countering Serious Crime (“the Agreement”) was laid before Parliament under section 20(1) (a) of the Constitutional Reform and Governance Act 2010,"7 October 2019 the Agreement between the Government of the United Kingdom of Great Britain and Northern Ireland and the Government of the United States of America on Access to Electronic Data for the Purpose of Countering Serious Crime (“the Agreement”) was laid before Parliament under section 20(1)(a) of the Constitutional Reform and Governance Act 2010. The Agreement permits the Government of the United Kingdom of Great Britain and Northern Ireland to acquire, or obtain access to, electronic communications held or transmitted by US companies and permits the Government of the United States of"
WS-05,ukpga/2010/25,section-20-1,other-provision,text,SI,uksi/2020/38,http://www.legislation.gov.uk/id/uksi/2020/38,,true,http://www.legislation.gov.uk/id/ukpga/2010/25,United Kingdom of Great Britain and Northern Ireland and the Government of the United States of America on Access to Electronic Data for the Purpose of Countering Serious Crime (“the Agreement”) was laid before Parliament under section 20(1) (a) of the Constitutional Reform and Governance Act 2010,"7 October 2019 the Agreement between the Government of the United Kingdom of Great Britain and Northern Ireland and the Government of the United States of America on Access to Electronic Data for the Purpose of Countering Serious Crime (“the Agreement”) was laid before Parliament under section 20(1)(a) of the Constitutional Reform and Governance Act 2010. The Agreement permits the Government of the United Kingdom of Great Britain and Northern Ireland to acquire, or obtain access to, electronic communications held or transmitted by US companies and permits the Government of the United States of"
WS-05,ukpga/2010/25,section-20,other-provision,enabling,SI,uksi/2020/38,http://www.legislation.gov.uk/id/uksi/2020/38,,true,http://www.legislation.gov.uk/id/ukpga/2010/25,of Great Britain and Northern Ireland and the Government of the United States of America on Access to Electronic Data for the Purpose of Countering Serious Crime under section 20(1)(a) of the Constitutional Reform and Governance Act 2010,"he Government of the United Kingdom of Great Britain and Northern Ireland and the Government of the United States of America on Access to Electronic Data for the Purpose of Countering Serious Crime<FootnoteRef Ref=""f00003""/> under section 20(1)(a) of the Constitutional Reform and Governance Act 2010<FootnoteRef Ref=""f00004""/>.</Text>
</Para>
</EnactingText>"
WS-05,ukpga/2010/25,,act-level,enabling,SI,uksi/2020/38,http://www.legislation.gov.uk/id/uksi/2020/38,,true,http://www.legislation.gov.uk/id/ukpga/2010/25,of Great Britain and Northern Ireland and the Government of the United States of America on Access to Electronic Data for the Purpose of Countering Serious Crime under section 20(1)(a) of the Constitutional Reform and Governance Act 2010,"he Government of the United Kingdom of Great Britain and Northern Ireland and the Government of the United States of America on Access to Electronic Data for the Purpose of Countering Serious Crime<FootnoteRef Ref=""f00003""/> under section 20(1)(a) of the Constitutional Reform and Governance Act 2010<FootnoteRef Ref=""f00004""/>.</Text>
</Para>
</EnactingText>"
WS-05,ukpga/2010/25,schedule-6-part-1,other-provision,text,SI,uksi/2022/1220,http://www.legislation.gov.uk/id/uksi/2022/1220,regulation-36,true,http://www.legislation.gov.uk/id/ukpga/2010/25,to the Money and Pensions Service);“parliamentary pension schemes” refers to the following pension schemes—a scheme for Members of the House of Commons established under paragraph 12 of Part 1 of Schedule 6 to the Constitutional Reform and Governance Act 2010,"id=""term-parliamentary-pension-schemes"">parliamentary pension schemes</Term>” refers to the following pension schemes—</Text><OrderedList Type=""alpha"" Decoration=""parens""><ListItem><Para><Text>a scheme for Members of the House of Commons established under paragraph 12 of Part 1 of Schedule 6 to the Constitutional Reform and Governance Act 2010<FootnoteRef Ref=""f00030""/>;</Text></Para></ListItem><ListItem><Para><Text>a scheme for Members of Senedd Cymru, established under section 20(3) of the Government of Wales Act 2006<FootnoteRef Ref=""f00031""/>;</Text></Para></ListItem></OrderedList></Para><"
WS-05,ukpga/2010/25,,act-level,text,SI,uksi/2022/77,http://www.legislation.gov.uk/id/uksi/2022/77,regulation-2,true,http://www.legislation.gov.uk/id/ukpga/2010/25,depositary. Parliamentary scrutiny of these Conventions prior to accession and ratification took place under the Constitutional Reform and Governance Act 2010," join the two Conventions as an independent party as part of its preparation for leaving the EU. This included depositing the necessary instruments of accession and ratification with the depositary. Parliamentary scrutiny of these Conventions prior to accession and ratification took place under the Constitutional Reform and Governance Act <Citation URI=""http://www.legislation.gov.uk/id/ukpga/2010/25"" id=""c00001"" Class=""UnitedKingdomPublicGeneralAct"" Year=""2010"" Number=""0025"">2010 (c. 25)</Citation> during November and December 2018, which included the text of the declarations and reservation t"
WS-05,ukpga/2010/25,,act-level,markup,SI,uksi/2022/77,http://www.legislation.gov.uk/id/uksi/2022/77,regulation-2,true,http://www.legislation.gov.uk/id/ukpga/2010/25,of its preparation for leaving the EU. This included depositing the necessary instruments of accession and ratification with the depositary. Parliamentary scrutiny of these Conventions prior to accession and ratification took place under the Constitutional Reform and Governance Act 2010 (c. 25),"nt party as part of its preparation for leaving the EU. This included depositing the necessary instruments of accession and ratification with the depositary. Parliamentary scrutiny of these Conventions prior to accession and ratification took place under the Constitutional Reform and Governance Act <Citation URI=""http://www.legislation.gov.uk/id/ukpga/2010/25"" id=""c00001"" Class=""UnitedKingdomPublicGeneralAct"" Year=""2010"" Number=""0025"">2010 (c. 25)</Citation> during November and December 2018, which included the text of the declarations and reservation the United Kingdom intended to make. The P"
WS-05,ukpga/2010/25,,act-level,text,SI,uksi/2022/77,http://www.legislation.gov.uk/id/uksi/2022/77,,true,http://www.legislation.gov.uk/id/ukpga/2010/25,as part of its preparation for leaving the EU. This included depositing the necessary instruments of accession and ratification with the depositary. Parliamentary scrutiny of these Conventions prior to accession and ratification took place under the Constitutional Reform and Governance Act 2010," join the two Conventions as an independent party as part of its preparation for leaving the EU. This included depositing the necessary instruments of accession and ratification with the depositary. Parliamentary scrutiny of these Conventions prior to accession and ratification took place under the Constitutional Reform and Governance Act 2010 (c. 25) during November and December 2018, which included the text of the declarations and reservation the United Kingdom intended to make. The Private International Law (Implementation of Agreements) Act 2020 (c. 24) implemented the Conventions in the U"
WS-05,ukpga/2010/25,section-25-3,other-provision,text,SI,uksi/2024/164,http://www.legislation.gov.uk/id/uksi/2024/164,regulation-2,true,http://www.legislation.gov.uk/id/ukpga/2010/25,"technical regulations, assessments, registrations, certificates, approvals and authorisations, and VAT and excise; “ratify” has the meaning given in s 25(3) of the Constitutional Reform and Governance Act 2010",", certificates, approvals and authorisations, and</Text>
</Para>
</ListItem>
<ListItem>
<Para>
<Text>VAT and excise;</Text>
</Para>
</ListItem>
</OrderedList>
</Para>
</ListItem>
</OrderedList>
</Para>
</ListItem>
<ListItem>
<Para>
<Text>“<Term>ratify</Term>” has the meaning given in s 25(3) of the Constitutional Reform and Governance Act 2010<FootnoteRef Ref=""f00009""/>;</Text>
</Para>
</ListItem>
<ListItem>
<Para>
<Text>“<Term>Trade and Cooperation Agreement</Term>” has the meaning given in section 37(1) of the European Union (Future Relationship) Act 2020<FootnoteRef Ref=""f00010""/>.</Text>
<"
WS-05,ukpga/2010/25,,act-level,enabling,SI,uksi/2024/512,http://www.legislation.gov.uk/id/uksi/2024/512,,true,http://www.legislation.gov.uk/id/ukpga/2010/25,"by section 203A(2) of the Representation of the People Act 1983 . In accordance with section 203A(2)(c) of the Representation of the People Act 1983, the requirements of section 20 of the Constitutional Reform and Governance Act 2010","rs conferred by section 203A(2) of the Representation of the People Act 1983<FootnoteRef Ref=""f00001""/>.</Text>
</Para>
<Para>
<Text>In accordance with section 203A(2)(c) of the Representation of the People Act 1983, the requirements of section 20 of the Constitutional Reform and Governance Act 2010<FootnoteRef Ref=""f00002""/> have been met in respect of the Agreement between the United Kingdom of Great Britain and Northern Ireland and the Kingdom of Denmark on the Participation in Certain Elections of Nationals of each Country resident in the Territory of the Other, signed in Copenhagen, Denma"
WS-05,ukpga/2010/25,section-20,other-provision,enabling,SI,uksi/2024/512,http://www.legislation.gov.uk/id/uksi/2024/512,,true,http://www.legislation.gov.uk/id/ukpga/2010/25,"by section 203A(2) of the Representation of the People Act 1983 . In accordance with section 203A(2)(c) of the Representation of the People Act 1983, the requirements of section 20 of the Constitutional Reform and Governance Act 2010","rs conferred by section 203A(2) of the Representation of the People Act 1983<FootnoteRef Ref=""f00001""/>.</Text>
</Para>
<Para>
<Text>In accordance with section 203A(2)(c) of the Representation of the People Act 1983, the requirements of section 20 of the Constitutional Reform and Governance Act 2010<FootnoteRef Ref=""f00002""/> have been met in respect of the Agreement between the United Kingdom of Great Britain and Northern Ireland and the Kingdom of Denmark on the Participation in Certain Elections of Nationals of each Country resident in the Territory of the Other, signed in Copenhagen, Denma"
WS-05,ukpga/2010/25,,act-level,enabling,SI,uksi/2026/216,http://www.legislation.gov.uk/id/uksi/2026/216,,true,http://www.legislation.gov.uk/id/ukpga/2010/25,Treasury make this Order in exercise of the powers conferred by section 4A (3) and (4) of the Government Resources and Accounts Act 2000 . In accordance with section 4A (8) of,"5"" Class=""UnitedKingdomPublicGeneralAct"" Year=""2010"" Number=""25"" SectionRef=""section-4A"">section 4A</Citation>
<Citation URI=""https://www.legislation.gov.uk/ukpga/2010/25/section/4A"" id=""c00006"" Class=""UnitedKingdomPublicGeneralAct"" Year=""2010"" Number=""25"" SectionRef=""section-4A"">(8)</Citation> of 
<Citation URI=""https://www.legislation.gov.uk/ukpga/2010/25/contents"" id=""c00007"" Class=""UnitedKingdomPublicGeneralAct"" Year=""2010"" Number=""25"" SectionRef=""contents"">that Act</Citation> the Treasury have consulted, where they think it appropriate, the Scottish Ministers, the Department of Finance an"
WS-05,ukpga/2010/25,,act-level,enabling,SI,uksi/2026/216,http://www.legislation.gov.uk/id/uksi/2026/216,,true,http://www.legislation.gov.uk/id/ukpga/2010/25,Treasury make this Order in exercise of the powers conferred by section 4A (3) and (4) of the Government Resources and Accounts Act 2000 . In accordance with section 4A,"nd Accounts Act 2000</Citation><FootnoteRef Ref=""f00001""/>.</Text>
</Para>
<Para>
<Text>In accordance with 
<Citation URI=""https://www.legislation.gov.uk/ukpga/2010/25/section/4A"" id=""c00005"" Class=""UnitedKingdomPublicGeneralAct"" Year=""2010"" Number=""25"" SectionRef=""section-4A"">section 4A</Citation>
<Citation URI=""https://www.legislation.gov.uk/ukpga/2010/25/section/4A"" id=""c00006"" Class=""UnitedKingdomPublicGeneralAct"" Year=""2010"" Number=""25"" SectionRef=""section-4A"">(8)</Citation> of 
<Citation URI=""https://www.legislation.gov.uk/ukpga/2010/25/contents"" id=""c00007"" Class=""UnitedKingdomPublicGen"
WS-05,ukpga/2010/25,,act-level,enabling,SI,uksi/2026/216,http://www.legislation.gov.uk/id/uksi/2026/216,,true,http://www.legislation.gov.uk/id/ukpga/2010/25,Treasury make this Order in exercise of the powers conferred by section 4A (3) and (4) of the Government Resources and Accounts Act 2000 . In accordance with,"he 
<Citation URI=""https://www.legislation.gov.uk/ukpga/2000/20/contents"" id=""c00004"" Class=""UnitedKingdomPublicGeneralAct"" Year=""2000"" Number=""20"" SectionRef=""contents"">Government Resources and Accounts Act 2000</Citation><FootnoteRef Ref=""f00001""/>.</Text>
</Para>
<Para>
<Text>In accordance with 
<Citation URI=""https://www.legislation.gov.uk/ukpga/2010/25/section/4A"" id=""c00005"" Class=""UnitedKingdomPublicGeneralAct"" Year=""2010"" Number=""25"" SectionRef=""section-4A"">section 4A</Citation>
<Citation URI=""https://www.legislation.gov.uk/ukpga/2010/25/section/4A"" id=""c00006"" Class=""UnitedKingdomPubl"
WS-05,ukpga/2010/25,part-1,part-1,markup,primary,anaw/2013/4,http://www.legislation.gov.uk/id/anaw/2013/4,section-72,true,http://www.legislation.gov.uk/id/ukpga/2010/25,adviser‍” means a special adviser within the meaning of—Chapter 1 of Part 1 of the Constitutional Reform and Governance Act 2010 (c. 25),"eaning of—</Addition></Text><OrderedList Type=""alpha"" Decoration=""parens""><ListItem><Para><Text><Addition ChangeId=""key-REDACTED-CLML-COMMENTARY-HANDLE-1719824035701"" CommentaryRef=""key-REDACTED-CLML-COMMENTARY-HANDLE"">Chapter 1 of Part 1 of the Constitutional Reform and Governance Act </Addition><Citation URI=""http://www.legislation.gov.uk/id/ukpga/2010/25"" id=""c00019"" Year=""2010"" Number=""25"" Class=""UnitedKingdomPublicGeneralAct""><Addition ChangeId=""key-REDACTED-CLML-COMMENTARY-HANDLE-1719824035701"" CommentaryRef=""key-REDACTED-CLML-COMMENTARY-HANDLE"">2010 (c. 25)</Addition></Citation><Add"
WS-05,ukpga/2010/25,part-1,part-1,text,primary,anaw/2013/4,http://www.legislation.gov.uk/id/anaw/2013/4,section-72,true,http://www.legislation.gov.uk/id/ukpga/2010/25,"CommentaryRef=""key-REDACTED-CLML-COMMENTARY-HANDLE"">“special adviser‍” means a special adviser within the meaning of—Chapter 1 of Part 1 of the Constitutional Reform and Governance Act 2010","ecial adviser‍” means a special adviser within the meaning of—</Addition></Text><OrderedList Type=""alpha"" Decoration=""parens""><ListItem><Para><Text><Addition ChangeId=""key-REDACTED-CLML-COMMENTARY-HANDLE-1719824035701"" CommentaryRef=""key-REDACTED-CLML-COMMENTARY-HANDLE"">Chapter 1 of Part 1 of the Constitutional Reform and Governance Act </Addition><Citation URI=""http://www.legislation.gov.uk/id/ukpga/2010/25"" id=""c00019"" Year=""2010"" Number=""25"" Class=""UnitedKingdomPublicGeneralAct""><Addition ChangeId=""key-REDACTED-CLML-COMMENTARY-HANDLE-1719824035701"" CommentaryRef=""key-430ce8587e7b9a04fb14"
WS-05,ukpga/2010/25,part-1,part-1,text,primary,asc/2024/4,http://www.legislation.gov.uk/id/asc/2024/4,section-14,true,http://www.legislation.gov.uk/id/ukpga/2010/25,; “special adviser‍” means a special adviser within the meaning of— Chapter 1 of Part 1 of the Constitutional Reform and Governance Act 2010,"lt"" TargetClass=""primary"" TargetSubClass=""unknown"">
<UnorderedList Class=""Definition"" Decoration=""none"">
<ListItem>
<Para>
<Text>“special adviser‍” means a special adviser within the meaning of—</Text>
<OrderedList Type=""alpha"" Decoration=""parens"">
<ListItem>
<Para>
<Text>Chapter 1 of Part 1 of the Constitutional Reform and Governance Act <Citation URI=""http://www.legislation.gov.uk/id/ukpga/2010/25"" id=""c00019"" Year=""2010"" Number=""25"" Class=""UnitedKingdomPublicGeneralAct"">2010 (c. 25)</Citation>, or</Text>
</Para>
</ListItem>
<ListItem>
<Para>
<Text>section 1 of the Civil Service (Special Adv"
WS-05,ukpga/2010/25,part-1,part-1,markup,primary,asc/2024/4,http://www.legislation.gov.uk/id/asc/2024/4,section-14,true,http://www.legislation.gov.uk/id/ukpga/2010/25,“special adviser‍” means a special adviser within the meaning of— Chapter 1 of Part 1 of the Constitutional Reform and Governance Act 2010 (c. 25),"""unknown"">
<UnorderedList Class=""Definition"" Decoration=""none"">
<ListItem>
<Para>
<Text>“special adviser‍” means a special adviser within the meaning of—</Text>
<OrderedList Type=""alpha"" Decoration=""parens"">
<ListItem>
<Para>
<Text>Chapter 1 of Part 1 of the Constitutional Reform and Governance Act <Citation URI=""http://www.legislation.gov.uk/id/ukpga/2010/25"" id=""c00019"" Year=""2010"" Number=""25"" Class=""UnitedKingdomPublicGeneralAct"">2010 (c. 25)</Citation>, or</Text>
</Para>
</ListItem>
<ListItem>
<Para>
<Text>section 1 of the Civil Service (Special Advisers) Act (Northern Ireland) <Citation U"
WS-05,ukpga/2010/25,section-8-11,part-1,text,primary,asp/2016/16,http://www.legislation.gov.uk/id/asp/2016/16,section-47,true,http://www.legislation.gov.uk/id/ukpga/2010/25,"or more of the ministers mentioned in section 44(1)(a) or (b) of the Scotland Act 1998 after being selected for the appointment by the First Minister personally,has terms and conditions of appointment (apart from those by virtue of section 8(11) of the Constitutional Reform and Governance Act 2010","sters mentioned in section 44(1)(a) or (b) of the Scotland Act 1998 after being selected for the appointment by the First Minister personally,</Text></Para></ListItem><ListItem NumberOverride=""c""><Para><Text>has terms and conditions of appointment (apart from those by virtue of section 8(11) of the Constitutional Reform and Governance Act 2010) which are approved by the Minister for the Civil Service, and</Text></Para></ListItem><ListItem NumberOverride=""d""><Para><Text>those terms and conditions provide for the appointment to end—</Text></Para><OrderedList Type=""roman"" Decoration=""parens""><Lis"
WS-05,ukpga/2010/25,schedule-6-paragraph-12,other-provision,text,primary,ukpga/1971/56,http://www.legislation.gov.uk/id/ukpga/1971/56,schedule-2-paragraph-3A,true,http://www.legislation.gov.uk/id/ukpga/2010/25,"pension which, under a scheme under paragraph 12 or 16 of Schedule 6 to the Constitutional Reform and Governance Act 2010","ommentaryRef=""key-REDACTED-CLML-COMMENTARY-HANDLE"">3A</Substitution></Pnumber><P1para><Text><Substitution ChangeId=""key-REDACTED-CLML-COMMENTARY-HANDLE-1453909630154"" CommentaryRef=""key-REDACTED-CLML-COMMENTARY-HANDLE"">A pension which, under a scheme under paragraph 12 or 16 of Schedule 6 to the Constitutional Reform and Governance Act 2010, is payable out of the Parliamentary Contributory Pension Fund.</Substitution></Text></P1para></P1></Pblock><Pblock DocumentURI=""http://www.legislation.gov.uk/ukpga/1971/56/schedule/2/part/I/crossheading/european-assembly"" IdURI=""http://www.legislation.g"
WS-05,ukpga/2010/25,part-1,part-1,text,primary,ukpga/1978/36,http://www.legislation.gov.uk/id/ukpga/1978/36,section-2,true,http://www.legislation.gov.uk/id/ukpga/2010/25,"CommentaryRef=""key-REDACTED-CLML-COMMENTARY-HANDLE"">5The statutory home civil service” means the civil service (excluding Her Majesty's diplomatic service) within the meaning of Chapter 1 of Part 1 of the Constitutional Reform and Governance Act 2010","</Addition></Pnumber><P2para><Text><Addition ChangeId=""key-REDACTED-CLML-COMMENTARY-HANDLE-1"" CommentaryRef=""key-REDACTED-CLML-COMMENTARY-HANDLE"">The statutory home civil service” means the civil service (excluding Her Majesty's diplomatic service) within the meaning of Chapter 1 of Part 1 of the Constitutional Reform and Governance Act 2010 (see section 1(4) of that Act).</Addition></Text></P2para></P2></P1para></P1></P1group><P1group RestrictExtent=""E+W+S+N.I."" RestrictStartDate=""2000-12-22""><Title><Addition ChangeId=""d30p153"" CommentaryRef=""c910131""> Financial provisions.</Addition></Titl"
WS-05,ukpga/2010/25,,act-level,text,primary,ukpga/1983/2,http://www.legislation.gov.uk/id/ukpga/1983/2,section-203A,true,http://www.legislation.gov.uk/id/ukpga/2010/25,"id=""section-203A-2-c"">csection 20 of the Constitutional Reform and Governance Act 2010","611c527378fb7c4c-1706622234618"" CommentaryRef=""key-REDACTED-CLML-COMMENTARY-HANDLE"" Extent=""E+W+N.I."">c</Addition></Pnumber><P3para><Text><Addition ChangeId=""key-REDACTED-CLML-COMMENTARY-HANDLE-1706622234618"" CommentaryRef=""key-REDACTED-CLML-COMMENTARY-HANDLE"" Extent=""E+W+N.I."">section 20 of the Constitutional Reform and Governance Act 2010 (treaties to be laid before Parliament before ratification) applies in relation to the relevant treaty and the requirements of that section have been met such that the relevant treaty may be ratified.</Addition></Text></P3para></P3></P2para></P2><P2 Docu"
WS-05,ukpga/2010/25,section-25-3,other-provision,text,primary,ukpga/1983/2,http://www.legislation.gov.uk/id/ukpga/1983/2,section-203A,true,http://www.legislation.gov.uk/id/ukpga/2010/25,"ChangeId=""key-REDACTED-CLML-COMMENTARY-HANDLE-1706622234618"" CommentaryRef=""key-REDACTED-CLML-COMMENTARY-HANDLE"" Extent=""E+W+N.I."">ratification”, in relation to a treaty, is to be construed in accordance with section 25(3) of the Constitutional Reform and Governance Act 2010","1024611c527378fb7c4c"" Extent=""E+W+N.I."">ratification</Addition></Term><Addition ChangeId=""key-REDACTED-CLML-COMMENTARY-HANDLE-1706622234618"" CommentaryRef=""key-REDACTED-CLML-COMMENTARY-HANDLE"" Extent=""E+W+N.I."">”, in relation to a treaty, is to be construed in accordance with section 25(3) of the Constitutional Reform and Governance Act 2010;</Addition></Text></Para></ListItem><ListItem><Para><Text><Addition ChangeId=""key-REDACTED-CLML-COMMENTARY-HANDLE-1706622234618"" CommentaryRef=""key-REDACTED-CLML-COMMENTARY-HANDLE"" Extent=""E+W+N.I."">“</Addition><Term><Addition ChangeId=""key-b858ed12a30"
WS-05,ukpga/2010/25,part-2,other-provision,text,primary,ukpga/1983/2,http://www.legislation.gov.uk/id/ukpga/1983/2,section-203A,true,http://www.legislation.gov.uk/id/ukpga/2010/25,"Extent=""E+W+N.I."">“treaty” has the same meaning as in Part 2 of the Constitutional Reform and Governance Act 2010","c4c-1706622234618"" CommentaryRef=""key-REDACTED-CLML-COMMENTARY-HANDLE"" Extent=""E+W+N.I."">treaty</Addition></Term><Addition ChangeId=""key-REDACTED-CLML-COMMENTARY-HANDLE-1706622234618"" CommentaryRef=""key-REDACTED-CLML-COMMENTARY-HANDLE"" Extent=""E+W+N.I."">” has the same meaning as in Part 2 of the Constitutional Reform and Governance Act 2010 (see section 25 of that Act).</Addition></Text></Para></ListItem></UnorderedList></P2para></P2></P1para></P1></P1group><P1group id=""p00393"" RestrictExtent=""E+W+N.I."" RestrictStartDate=""2024-05-07""><Title><Addition ChangeId=""key-b858ed12a30d1024611c527378"
WS-05,ukpga/2010/25,section-3,part-1,text,primary,ukpga/1992/61,http://www.legislation.gov.uk/id/ukpga/1992/61,section-1,true,http://www.legislation.gov.uk/id/ukpga/2010/25,"ChangeId=""key-REDACTED-CLML-COMMENTARY-HANDLE-1435743602986"" CommentaryRef=""key-REDACTED-CLML-COMMENTARY-HANDLE"">1This section applies to the functions conferred on the Minister for the Civil Service by section 3 of the Constitutional Reform and Governance Act 2010","0968527322b2d06439a9bd1"">1</Substitution></Pnumber><P2para><Text><Substitution ChangeId=""key-REDACTED-CLML-COMMENTARY-HANDLE-1435743602986"" CommentaryRef=""key-REDACTED-CLML-COMMENTARY-HANDLE"">This section applies to the functions conferred on the Minister for the Civil Service by section 3 of the Constitutional Reform and Governance Act 2010 (management of the civil service, excluding the diplomatic service).</Substitution></Text></P2para></P2><P2 DocumentURI=""http://www.legislation.gov.uk/ukpga/1992/61/section/1/2"" IdURI=""http://www.legislation.gov.uk/id/ukpga/1992/61/section/1/2"" id=""secti"
WS-05,ukpga/2010/25,part-1,part-1,text,primary,ukpga/1992/61,http://www.legislation.gov.uk/id/ukpga/1992/61,section-2,true,http://www.legislation.gov.uk/id/ukpga/2010/25,"id=""section-2-1-a"">arelates to the appointment or management of members of the civil service (excluding the diplomatic service) within the meaning of Chapter 1 of Part 1 of the Constitutional Reform and Governance Act 2010","<P3para><Text>relates to the appointment or management of members of <Substitution ChangeId=""key-REDACTED-CLML-COMMENTARY-HANDLE-1435743898163"" CommentaryRef=""key-REDACTED-CLML-COMMENTARY-HANDLE"">the civil service (excluding the diplomatic service) within the meaning of Chapter 1 of Part 1 of the Constitutional Reform and Governance Act 2010</Substitution>, and</Text></P3para></P3><P3 DocumentURI=""http://www.legislation.gov.uk/ukpga/1992/61/section/2/1/b"" IdURI=""http://www.legislation.gov.uk/id/ukpga/1992/61/section/2/1/b"" id=""section-2-1-b""><Pnumber>b</Pnumber><P3para><Text>requires for its"
WS-05,ukpga/2010/25,schedule-6-paragraph-16,other-provision,text,primary,ukpga/1993/48,http://www.legislation.gov.uk/id/ukpga/1993/48,section-97A,true,http://www.legislation.gov.uk/id/ukpga/2010/25,Independent Parliamentary Standards Authority and the trustees of the Parliamentary Contributory Pension Fund;in relation to a scheme established by virtue of paragraph 16 of Schedule 6 to the Constitutional Reform and Governance Act 2010,"y Pension Fund;</Addition></Text></Para></ListItem><ListItem NumberOverride=""b""><Para><Text><Addition ChangeId=""key-REDACTED-CLML-COMMENTARY-HANDLE-1666966061513"" CommentaryRef=""key-REDACTED-CLML-COMMENTARY-HANDLE"">in relation to a scheme established by virtue of paragraph 16 of Schedule 6 to the Constitutional Reform and Governance Act 2010 (or treated as so established), the trustees of the Parliamentary Contributory Pension Fund;</Addition></Text></Para></ListItem><ListItem NumberOverride=""c""><Para><Text><Addition ChangeId=""key-REDACTED-CLML-COMMENTARY-HANDLE-1666966061513"" CommentaryRef"
WS-05,ukpga/2010/25,schedule-6-paragraph-12,other-provision,text,primary,ukpga/1993/48,http://www.legislation.gov.uk/id/ukpga/1993/48,section-97A,true,http://www.legislation.gov.uk/id/ukpga/2010/25,"CommentaryRef=""key-REDACTED-CLML-COMMENTARY-HANDLE"">” means—in relation to a scheme established by virtue of paragraph 12 of Schedule 6 to the Constitutional Reform and Governance Act 2010","Para><OrderedList Type=""alpha"" Decoration=""parens""><ListItem NumberOverride=""a""><Para><Text><Addition ChangeId=""key-REDACTED-CLML-COMMENTARY-HANDLE-1666966061513"" CommentaryRef=""key-REDACTED-CLML-COMMENTARY-HANDLE"">in relation to a scheme established by virtue of paragraph 12 of Schedule 6 to the Constitutional Reform and Governance Act 2010 (or treated as so established), the Independent Parliamentary Standards Authority and the trustees of the Parliamentary Contributory Pension Fund;</Addition></Text></Para></ListItem><ListItem NumberOverride=""b""><Para><Text><Addition ChangeId=""key-e53bec4"
WS-05,ukpga/2010/25,part-1,part-1,text,primary,ukpga/1997/50,http://www.legislation.gov.uk/id/ukpga/1997/50,section-94,true,http://www.legislation.gov.uk/id/ukpga/2010/25,i who is a member of the civil service (within the meaning of Chapter 1 of Part 1 of the Constitutional Reform and Governance Act 2010,"mentaryRef=""key-REDACTED-CLML-COMMENTARY-HANDLE"">i</Addition></Pnumber>
<P4para>
<Text><Addition ChangeId=""key-REDACTED-CLML-COMMENTARY-HANDLE-1628857653726"" CommentaryRef=""key-REDACTED-CLML-COMMENTARY-HANDLE"">who is a member of the civil service (within the meaning of Chapter 1 of Part 1 of the Constitutional Reform and Governance Act 2010 — see section 1(4) of that Act),</Addition></Text>
</P4para>
</P4>
<P4 DocumentURI=""http://www.legislation.gov.uk/ukpga/1997/50/section/94/2/fb/ii"" IdURI=""http://www.legislation.gov.uk/id/ukpga/1997/50/section/94/2/fb/ii"" id=""section-94-2-fb-ii"">
<Pnumbe"
WS-05,ukpga/2010/25,part-1,part-1,text,primary,ukpga/1998/46,http://www.legislation.gov.uk/id/ukpga/1998/46,section-51,true,http://www.legislation.gov.uk/id/ukpga/2010/25,of the State.3See Part 1 of the Constitutional Reform and Governance Act 2010,"kpga/1998/46/section/51/3"" IdURI=""http://www.legislation.gov.uk/id/ukpga/1998/46/section/51/3"" id=""section-51-3""><Pnumber><Substitution ChangeId=""d29p3181"" CommentaryRef=""c21238431"">3</Substitution></Pnumber><P2para><Text><Substitution ChangeId=""d29p3181"" CommentaryRef=""c21238431"">See Part 1 of the Constitutional Reform and Governance Act 2010 (in particular, sections 3 and 4) for provision affecting—</Substitution></Text><P3 DocumentURI=""http://www.legislation.gov.uk/ukpga/1998/46/section/51/3/a"" IdURI=""http://www.legislation.gov.uk/id/ukpga/1998/46/section/51/3/a"" id=""section-51-3-a""><Pnumbe"
WS-05,ukpga/2010/25,section-3,part-1,text,primary,ukpga/1998/46,http://www.legislation.gov.uk/id/ukpga/1998/46,section-51,true,http://www.legislation.gov.uk/id/ukpga/2010/25,"id=""section-51-4"">4 See also section 1 of the Civil Service (Management Functions) Act 1992 under which functions conferred on the Minister for the Civil Service by section 3 of the Constitutional Reform and Governance Act 2010","""d29p3201"" CommentaryRef=""c21238451"">4</Substitution></Pnumber><P2para><Text><Substitution ChangeId=""d29p3201"" CommentaryRef=""c21238451"">
See also section 1 of the Civil Service (Management Functions) Act 1992 under which functions conferred on the Minister for the Civil Service by section 3 of the Constitutional Reform and Governance Act 2010 may be delegated to the Scottish Ministers 
</Substitution><Substitution ChangeId=""d29p3201"" CommentaryRef=""c21238451"">etc.</Substitution>
</Text></P2para></P2><P2 DocumentURI=""http://www.legislation.gov.uk/ukpga/1998/46/section/51/5"" IdURI=""http://www.l"
WS-05,ukpga/2010/25,part-1,part-1,text,primary,ukpga/1999/2,http://www.legislation.gov.uk/id/ukpga/1999/2,section-24,true,http://www.legislation.gov.uk/id/ukpga/2010/25,"CommentaryRef=""c21653131"">In this section “the statutory home civil service” means the civil service (excluding Her Majesty's diplomatic service) within the meaning of Chapter 1 of Part 1 of the Constitutional Reform and Governance Act 2010","me-civil-service""><Addition ChangeId=""d29p1730"" CommentaryRef=""c21653131"">the statutory home civil service</Addition></Term><Addition ChangeId=""d29p1730"" CommentaryRef=""c21653131"">” means the civil service (excluding Her Majesty's diplomatic service) within the meaning of Chapter 1 of Part 1 of the Constitutional Reform and Governance Act 2010 (see section 1(4) of that Act).</Addition></Text></P2para></P2></P1para></P1></P1group><P1group RestrictStartDate=""1999-02-25"" ConfersPower=""true""><Title> Orders and regulations.</Title><P1 DocumentURI=""http://www.legislation.gov.uk/ukpga/1999/2/section/"
WS-05,ukpga/2010/25,part-1,part-1,text,primary,ukpga/2000/23,http://www.legislation.gov.uk/id/ukpga/2000/23,section-81,true,http://www.legislation.gov.uk/id/ukpga/2010/25,civil service within the meaning of Chapter 1 of Part 1 of the Constitutional Reform and Governance Act 2010,"w.legislation.gov.uk/id/ukpga/2000/23/section/81/8/a"" id=""section-81-8-a""><Pnumber><Addition ChangeId=""d29p13204"" CommentaryRef=""c21297131"">a</Addition></Pnumber><P3para><Text><Addition ChangeId=""d29p13204"" CommentaryRef=""c21297131"">the civil service within the meaning of Chapter 1 of Part 1 of the Constitutional Reform and Governance Act 2010 (see section 1(4) of that Act), but</Addition></Text></P3para></P3><P3 DocumentURI=""http://www.legislation.gov.uk/ukpga/2000/23/section/81/8/b"" IdURI=""http://www.legislation.gov.uk/id/ukpga/2000/23/section/81/8/b"" id=""section-81-8-b""><Pnumber><Addition C"
WS-05,ukpga/2010/25,schedule-7-paragraph-4,other-provision,text,primary,ukpga/2000/36,http://www.legislation.gov.uk/id/ukpga/2000/36,section-62,true,http://www.legislation.gov.uk/id/ukpga/2010/25,the end of the period of 10 years beginning with the commencement of paragraph 4 of Schedule 7 to the Constitutional Reform and Governance Act 2010,"580476f972c359f73d36a50edda7"">2A</Addition></Pnumber><P2para><Text><Addition ChangeId=""key-REDACTED-CLML-COMMENTARY-HANDLE-1484559082725"" CommentaryRef=""key-REDACTED-CLML-COMMENTARY-HANDLE"">Until the end of the period of 10 years beginning with the commencement of paragraph 4 of Schedule 7 to the Constitutional Reform and Governance Act 2010, subsection (1) has effect subject to any order made under section 46(2) of that Act.</Addition></Text></P2para></P2><P2 DocumentURI=""http://www.legislation.gov.uk/ukpga/2000/36/section/62/3"" IdURI=""http://www.legislation.gov.uk/id/ukpga/2000/36/section/"
WS-05,ukpga/2010/25,part-1,part-1,text,primary,ukpga/2002/21,http://www.legislation.gov.uk/id/ukpga/2002/21,section-52,true,http://www.legislation.gov.uk/id/ukpga/2010/25,"CommentaryRef=""key-REDACTED-CLML-COMMENTARY-HANDLE"">the statutory home civil service” means the civil service (excluding Her Majesty's diplomatic service) within the meaning of Chapter 1 of Part 1 of the Constitutional Reform and Governance Act 2010","34d"">the statutory home civil service</Addition></Term><Addition ChangeId=""key-REDACTED-CLML-COMMENTARY-HANDLE-1472612015612"" CommentaryRef=""key-REDACTED-CLML-COMMENTARY-HANDLE"">” means the civil service (excluding Her Majesty's diplomatic service) within the meaning of Chapter 1 of Part 1 of the Constitutional Reform and Governance Act 2010 (see section 1(4) of that Act).</Addition></Text></P2para></P2></P1para></P1></P1group><P1group RestrictExtent=""E+W+S+N.I."" RestrictStartDate=""2005-04-18""><Title><Substitution ChangeId=""key-REDACTED-CLML-COMMENTARY-HANDLE-1472527002147"" CommentaryRef=""k"
WS-05,ukpga/2010/25,part-1,part-1,text,primary,ukpga/2003/41,http://www.legislation.gov.uk/id/ukpga/2003/41,section-101,true,http://www.legislation.gov.uk/id/ukpga/2010/25,subsection (5) “the statutory civil service” means the civil service within the meaning of Chapter 1 of Part 1 of the Constitutional Reform and Governance Act 2010,"ion (5)
					 “</Addition><Term id=""term-the-statutory-civil-service""><Addition ChangeId=""d30p8970"" CommentaryRef=""c2088359"">the statutory civil service</Addition></Term><Addition ChangeId=""d30p8970"" CommentaryRef=""c2088359"">” means the civil service within the meaning of Chapter 1 of Part 1 of the Constitutional Reform and Governance Act 2010 (see section 1(4) of that Act).</Addition><CommentaryRef Ref=""c2088359""/></Text></P2para></P2></P1para></P1></P1group><P1group RestrictExtent=""E+W+S+N.I."" RestrictStartDate=""2016-11-10""><Title><CommentaryRef Ref=""c2087151""/>The appropriate day</Title><P1"
WS-05,ukpga/2010/25,schedule-6-paragraph-8,other-provision,text,primary,ukpga/2004/35,http://www.legislation.gov.uk/id/ukpga/2004/35,section-249A,true,http://www.legislation.gov.uk/id/ukpga/2010/25,"CommentaryRef=""key-REDACTED-CLML-COMMENTARY-HANDLE"">a scheme which is made under paragraph 8, 12 or 16 of Schedule 6 to the Constitutional Reform and Governance Act 2010","on><Addition ChangeId=""key-REDACTED-CLML-COMMENTARY-HANDLE-1561474632392"" CommentaryRef=""key-REDACTED-CLML-COMMENTARY-HANDLE""><Substitution ChangeId=""key-REDACTED-CLML-COMMENTARY-HANDLE-1593623157009"" CommentaryRef=""key-REDACTED-CLML-COMMENTARY-HANDLE"">paragraph 8, 12 or 16 of Schedule 6 to the Constitutional Reform and Governance Act 2010</Substitution></Addition><Addition ChangeId=""key-REDACTED-CLML-COMMENTARY-HANDLE-1561474632392"" CommentaryRef=""key-REDACTED-CLML-COMMENTARY-HANDLE"">  (power to provide for pensions for Members of the House of Commons </Addition><Addition ChangeId=""key-"
WS-05,ukpga/2010/25,section-41,other-provision,text,primary,ukpga/2005/5,http://www.legislation.gov.uk/id/ukpga/2005/5,section-845B,true,http://www.legislation.gov.uk/id/ukpga/2010/25,"individual is disqualified for a tax year if the individual would, for the purposes of section 41 of the Constitutional Reform and Governance Act 2010","e1a8f7071272a8f9d117519835e5b"">4</Addition></Pnumber><P2para><Text><Addition ChangeId=""key-REDACTED-CLML-COMMENTARY-HANDLE-1746709137868"" CommentaryRef=""key-REDACTED-CLML-COMMENTARY-HANDLE"">An individual is disqualified for a tax year if the individual would, for the purposes of section 41 of the Constitutional Reform and Governance Act 2010, be regarded as—</Addition></Text><P3 DocumentURI=""http://www.legislation.gov.uk/ukpga/2005/5/section/845B/4/a"" IdURI=""http://www.legislation.gov.uk/id/ukpga/2005/5/section/845B/4/a"" id=""section-845B-4-a""><Pnumber><Addition ChangeId=""key-fa6e1a8f7071272a"
WS-05,ukpga/2010/25,part-1,part-1,text,primary,ukpga/2006/32,http://www.legislation.gov.uk/id/ukpga/2006/32,section-52,true,http://www.legislation.gov.uk/id/ukpga/2010/25,of the State.3See Part 1 of the Constitutional Reform and Governance Act 2010,"kpga/2006/32/section/52/3"" IdURI=""http://www.legislation.gov.uk/id/ukpga/2006/32/section/52/3"" id=""section-52-3""><Pnumber><Substitution ChangeId=""d29p4197"" CommentaryRef=""c20932401"">3</Substitution></Pnumber><P2para><Text><Substitution ChangeId=""d29p4197"" CommentaryRef=""c20932401"">See Part 1 of the Constitutional Reform and Governance Act 2010 (in particular, sections 3 and 4) for provision affecting—</Substitution></Text><P3 DocumentURI=""http://www.legislation.gov.uk/ukpga/2006/32/section/52/3/a"" IdURI=""http://www.legislation.gov.uk/id/ukpga/2006/32/section/52/3/a"" id=""section-52-3-a""><Pnumbe"
WS-05,ukpga/2010/25,section-3,part-1,text,primary,ukpga/2006/32,http://www.legislation.gov.uk/id/ukpga/2006/32,section-52,true,http://www.legislation.gov.uk/id/ukpga/2010/25,"id=""section-52-4"">4 See also section 1 of the Civil Service (Management Functions) Act 1992 under which functions conferred on the Minister for the Civil Service by section 3 of the Constitutional Reform and Governance Act 2010","""d29p4217"" CommentaryRef=""c20932351"">4</Substitution></Pnumber><P2para><Text><Substitution ChangeId=""d29p4217"" CommentaryRef=""c20932351"">
See also section 1 of the Civil Service (Management Functions) Act 1992 under which functions conferred on the Minister for the Civil Service by section 3 of the Constitutional Reform and Governance Act 2010 may be delegated to the Welsh Ministers 
</Substitution><Substitution ChangeId=""d29p4217"" CommentaryRef=""c20932351"">etc.</Substitution>
</Text></P2para></P2><P2 DocumentURI=""http://www.legislation.gov.uk/ukpga/2006/32/section/52/5"" IdURI=""http://www.legi"
WS-05,ukpga/2010/25,part-1,part-1,text,primary,ukpga/2007/16,http://www.legislation.gov.uk/id/ukpga/2007/16,section-3,true,http://www.legislation.gov.uk/id/ukpga/2010/25,"CommentaryRef=""key-REDACTED-CLML-COMMENTARY-HANDLE"">4The statutory home civil service” means the civil service (excluding Her Majesty's diplomatic service) within the meaning of Chapter 1 of Part 1 of the Constitutional Reform and Governance Act 2010","</Addition></Pnumber><P2para><Text><Addition ChangeId=""key-REDACTED-CLML-COMMENTARY-HANDLE-1"" CommentaryRef=""key-REDACTED-CLML-COMMENTARY-HANDLE"">The statutory home civil service” means the civil service (excluding Her Majesty's diplomatic service) within the meaning of Chapter 1 of Part 1 of the Constitutional Reform and Governance Act 2010 (see section 1(4) of that Act).</Addition></Text></P2para></P2></P1para></P1></P1group><P1group RestrictStartDate=""2007-07-19""><Title>Staff transfers</Title><P1 DocumentURI=""http://www.legislation.gov.uk/ukpga/2007/16/section/4"" IdURI=""http://www.legisla"
WS-05,ukpga/2010/25,part-1,part-1,text,primary,ukpga/2008/18,http://www.legislation.gov.uk/id/ukpga/2008/18,schedule-12-paragraph-20,true,http://www.legislation.gov.uk/id/ukpga/2010/25,"CommentaryRef=""key-REDACTED-CLML-COMMENTARY-HANDLE"">the statutory home civil service” means the civil service (excluding Her Majesty's diplomatic service) within the meaning of Chapter 1 of Part 1 of the Constitutional Reform and Governance Act 2010","5d6"">the statutory home civil service</Addition></Term><Addition ChangeId=""key-REDACTED-CLML-COMMENTARY-HANDLE-1452090435273"" CommentaryRef=""key-REDACTED-CLML-COMMENTARY-HANDLE"">” means the civil service (excluding Her Majesty's diplomatic service) within the meaning of Chapter 1 of Part 1 of the Constitutional Reform and Governance Act 2010 (see section 1(4) of that Act);
</Addition>
</Text></Para></ListItem><ListItem><Para><Text>“subsidiary” and  “wholly-owned subsidiary” have the meaning given by section 736 of the Companies Act 1985 (c. 6);</Text></Para></ListItem><ListItem><Para><Text>“"
WS-05,ukpga/2010/25,schedule-6,other-provision,text,primary,ukpga/2009/13,http://www.legislation.gov.uk/id/ukpga/2009/13,schedule-1-paragraph-18,true,http://www.legislation.gov.uk/id/ukpga/2010/25,"id=""schedule-1-paragraph-18-3-b"">bparagraphs 2 to 5, 8, 9, 11, 12 and 15 of Schedule 6 to the Constitutional Reform and Governance Act 2010","580303e955-1525018415552"" CommentaryRef=""key-REDACTED-CLML-COMMENTARY-HANDLE"">b</Addition></Pnumber><P3para><Text><Addition ChangeId=""key-REDACTED-CLML-COMMENTARY-HANDLE-1525018415552"" CommentaryRef=""key-REDACTED-CLML-COMMENTARY-HANDLE"">paragraphs 2 to 5, 8, 9, 11, 12 and 15 of Schedule 6 to the Constitutional Reform and Governance Act 2010 (but not any function relating to the administration of a scheme under paragraph 8 or 12).</Addition></Text></P3para></P3></P2para></P2></P1para></P1></Pblock><Pblock DocumentURI=""http://www.legislation.gov.uk/ukpga/2009/13/schedule/1/part/2/crossheading"
WS-05,ukpga/2010/25,schedule-6,other-provision,text,primary,ukpga/2009/13,http://www.legislation.gov.uk/id/ukpga/2009/13,section-5,true,http://www.legislation.gov.uk/id/ukpga/2010/25,"id=""section-5-9"">9This section does not affect the provision of pensions for or in respect of persons with service as a member of the House of Commons (see Schedule 6 to the Constitutional Reform and Governance Act 2010","<P2para><Text>This section does not affect the provision of pensions for or in respect of persons with service as a member of the House of Commons (see  <Substitution ChangeId=""key-REDACTED-CLML-COMMENTARY-HANDLE-1525018265233"" CommentaryRef=""key-REDACTED-CLML-COMMENTARY-HANDLE"">Schedule 6 to the Constitutional Reform and Governance Act 2010</Substitution> ).</Text></P2para></P2><P2 DocumentURI=""http://www.legislation.gov.uk/ukpga/2009/13/section/5/10"" IdURI=""http://www.legislation.gov.uk/id/ukpga/2009/13/section/5/10"" id=""section-5-10""><Pnumber>10</Pnumber><P2para><Text>In section 3A(1) of "
WS-05,ukpga/2010/25,,act-level,text,primary,ukpga/2011/11,http://www.legislation.gov.uk/id/ukpga/2011/11,schedule-19-paragraph-68,true,http://www.legislation.gov.uk/id/ukpga/2010/25,"NumberOfProvisions=""1"" id=""schedule-19-part-7-crossheading-consequential-amendment-to-the-constitutional-reform-and-governance-act-2010"" RestrictExtent=""E+W+S+N.I."" RestrictStartDate=""2013-07-17"">Consequential amendment to the Constitutional Reform and Governance Act 2010","t-to-the-constitutional-reform-and-governance-act-2010"" NumberOfProvisions=""1"" id=""schedule-19-part-7-crossheading-consequential-amendment-to-the-constitutional-reform-and-governance-act-2010"" RestrictExtent=""E+W+S+N.I."" RestrictStartDate=""2013-07-17""><Title><Emphasis>Consequential amendment to the Constitutional Reform and Governance Act 2010</Emphasis></Title><P1 DocumentURI=""http://www.legislation.gov.uk/ukpga/2011/11/schedule/19/paragraph/69"" IdURI=""http://www.legislation.gov.uk/id/ukpga/2011/11/schedule/19/paragraph/69"" RestrictStartDate=""2011-07-19"" id=""schedule-19-paragraph-69""><Pnumber"
WS-05,ukpga/2010/25,section-23,other-provision,text,primary,ukpga/2011/11,http://www.legislation.gov.uk/id/ukpga/2011/11,schedule-19-paragraph-69,true,http://www.legislation.gov.uk/id/ukpga/2010/25,amendment to the Constitutional Reform and Governance Act 201069In section 23 of the Constitutional Reform and Governance Act 2010,"le><P1 DocumentURI=""http://www.legislation.gov.uk/ukpga/2011/11/schedule/19/paragraph/69"" IdURI=""http://www.legislation.gov.uk/id/ukpga/2011/11/schedule/19/paragraph/69"" RestrictStartDate=""2011-07-19"" id=""schedule-19-paragraph-69""><Pnumber PuncAfter="""">69</Pnumber><P1para><Text>In section 23 of the Constitutional Reform and Governance Act 2010 (which excepts certain treaties from the requirements imposed by section 20 of that Act as to the laying of treaties before Parliament), after subsection (2) insert—</Text><BlockAmendment TargetClass=""primary"" TargetSubClass=""unknown"" Context=""main"" Form"
WS-05,ukpga/2010/25,section-23,other-provision,text,primary,ukpga/2012/14,http://www.legislation.gov.uk/id/ukpga/2012/14,section-218,true,http://www.legislation.gov.uk/id/ukpga/2010/25,"id=""section-218-2"">2Schedule 36 comes into force on the day on which the agreement of 6 October 2011 enters into force.3In section 23 of the Constitutional Reform and Governance Act 2010"," on which the agreement of 6 October 2011 enters into force.</Text></P2para></P2><P2 DocumentURI=""http://www.legislation.gov.uk/ukpga/2012/14/section/218/3"" IdURI=""http://www.legislation.gov.uk/id/ukpga/2012/14/section/218/3"" id=""section-218-3""><Pnumber>3</Pnumber><P2para><Text>In section 23 of the Constitutional Reform and Governance Act 2010, after subsection (2A) insert—</Text><BlockAmendment TargetClass=""primary"" TargetSubClass=""unknown"" Context=""main"" Format=""default""><P2><Pnumber>2B</Pnumber><P2para><Text>Section 20 does not apply to any treaty referred to in section 218(1) of the Financ"
WS-05,ukpga/2010/25,,act-level,text,primary,ukpga/2012/9,http://www.legislation.gov.uk/id/ukpga/2012/9,schedule-9-paragraph-148,true,http://www.legislation.gov.uk/id/ukpga/2010/25,"title Extent of repealFreedom of Information Act 2000In section 6(1), at the end of paragraph (a), the word “or”.Section 80 A. Constitutional Reform and Governance Act 2010","://www.legislation.gov.uk/namespaces/legislation"">Extent of repeal</leg:Emphasis></th></tr><tr><td rowspan=""2"" colspan=""1"">Freedom of Information Act 2000</td><td rowspan=""1"" colspan=""1"">In section 6(1), at the end of paragraph (a), the word  “or”.</td></tr><tr><td rowspan=""1"" colspan=""1"">Section 80A.</td></tr><tr><td rowspan=""1"" colspan=""1"">Constitutional Reform and Governance Act 2010</td><td rowspan=""1"" colspan=""1"">In Schedule 7, paragraph 6.</td></tr></tbody></table></Tabular></Part><Part DocumentURI=""http://www.legislation.gov.uk/ukpga/2012/9/schedule/10/part/8"" IdURI=""http://www.legislat"
WS-05,ukpga/2010/25,schedule-7,other-provision,text,primary,ukpga/2012/9,http://www.legislation.gov.uk/id/ukpga/2012/9,section-104,true,http://www.legislation.gov.uk/id/ukpga/2010/25,"modifies, in relation to information held by Northern Ireland bodies, certain provisions of the Act relating to historical records etc.), andbparagraph 6 of Schedule 7 to the Constitutional Reform and Governance Act 2010","ct relating to historical records etc.), and</Text></P3para></P3><P3 DocumentURI=""http://www.legislation.gov.uk/ukpga/2012/9/section/104/1/b"" IdURI=""http://www.legislation.gov.uk/id/ukpga/2012/9/section/104/1/b"" id=""section-104-1-b""><Pnumber>b</Pnumber><P3para><Text>paragraph 6 of Schedule 7 to the Constitutional Reform and Governance Act 2010 (which inserts section 80A into the Act of 2000).</Text></P3para></P3></P2para></P2><P2 DocumentURI=""http://www.legislation.gov.uk/ukpga/2012/9/section/104/2"" IdURI=""http://www.legislation.gov.uk/id/ukpga/2012/9/section/104/2"" id=""section-104-2""><Pnumber"
WS-05,ukpga/2010/25,,act-level,text,primary,ukpga/2013/22,http://www.legislation.gov.uk/id/ukpga/2013/22,schedule-1-paragraph-7,true,http://www.legislation.gov.uk/id/ukpga/2010/25,"and a person who has previously been, or currently is, Director General may be appointed again as Director General.7Sections 10 to 14 of the Constitutional Reform and Governance Act 2010","in as Director General.</Text></P2para></P2><P2 DocumentURI=""http://www.legislation.gov.uk/ukpga/2013/22/schedule/1/paragraph/7/7"" IdURI=""http://www.legislation.gov.uk/id/ukpga/2013/22/schedule/1/paragraph/7/7"" id=""schedule-1-paragraph-7-7""><Pnumber>7</Pnumber><P2para><Text>Sections 10 to 14 of the Constitutional Reform and Governance Act 2010 (appointments of civil servants) do not apply to the appointment of the Director General.</Text></P2para></P2></P1para></P1></Pblock><Pblock DocumentURI=""http://www.legislation.gov.uk/ukpga/2013/22/schedule/1/part/2/crossheading/resignation-or-retirement"
WS-05,ukpga/2010/25,,act-level,text,primary,ukpga/2013/25,http://www.legislation.gov.uk/id/ukpga/2013/25,schedule-11-paragraph-1,true,http://www.legislation.gov.uk/id/ukpga/2010/25,"RestrictStartDate=""2013-04-25"" id=""schedule-11-paragraph-1"">11Schedule 6 to the Constitutional Reform and Governance Act 2010","aph-1""><Pnumber PuncAfter="""">1</Pnumber><P1para><P2 DocumentURI=""http://www.legislation.gov.uk/ukpga/2013/25/schedule/11/paragraph/1/1"" IdURI=""http://www.legislation.gov.uk/id/ukpga/2013/25/schedule/11/paragraph/1/1"" id=""schedule-11-paragraph-1-1""><Pnumber>1</Pnumber><P2para><Text>Schedule 6 to the Constitutional Reform and Governance Act 2010 (parliamentary and other pensions) is amended as follows.</Text></P2para></P2><P2 DocumentURI=""http://www.legislation.gov.uk/ukpga/2013/25/schedule/11/paragraph/1/2"" IdURI=""http://www.legislation.gov.uk/id/ukpga/2013/25/schedule/11/paragraph/1/2"" id=""sch"
WS-05,ukpga/2010/25,,act-level,text,primary,ukpga/2013/25,http://www.legislation.gov.uk/id/ukpga/2013/25,schedule-11-paragraph-7,true,http://www.legislation.gov.uk/id/ukpga/2010/25,"and other Pensions Act 1987 (c. 45)In Schedule 3, paragraph 4.Pensions Act 1995 (c. 26)Section 170.Civil Partnership Act 2004 (c. 33)In Schedule 25, paragraph 3. Constitutional Reform and Governance Act 2010","agraph 4.</td></tr><tr><td rowspan=""1"" colspan=""1"">Pensions Act 1995 (c. 26)</td><td rowspan=""1"" colspan=""1"">Section 170.</td></tr><tr><td rowspan=""1"" colspan=""1"">Civil Partnership Act 2004 (c. 33)</td><td rowspan=""1"" colspan=""1"">In Schedule 25, paragraph 3.</td></tr><tr><td rowspan=""1"" colspan=""1"">Constitutional Reform and Governance Act 2010 (c. 25)</td><td rowspan=""1"" colspan=""1"">In Schedule 6, paragraphs 36 and 37.</td></tr></tbody></table></Tabular></P1></Pblock><Pblock DocumentURI=""http://www.legislation.gov.uk/ukpga/2013/25/schedule/11/crossheading/saving-and-transitional"" IdURI=""http:/"
WS-05,ukpga/2010/25,schedule-6,other-provision,text,primary,ukpga/2013/25,http://www.legislation.gov.uk/id/ukpga/2013/25,section-34,true,http://www.legislation.gov.uk/id/ukpga/2010/25,and other pension schemes: pension age34In Schedule 6 to the Constitutional Reform and Governance Act 2010,"nsion age</Title><P1 DocumentURI=""http://www.legislation.gov.uk/ukpga/2013/25/section/34"" IdURI=""http://www.legislation.gov.uk/id/ukpga/2013/25/section/34"" id=""section-34""><Pnumber PuncAfter=""""><CommentaryRef Ref=""key-REDACTED-CLML-COMMENTARY-HANDLE""/>34</Pnumber><P1para><Text>In Schedule 6 to the Constitutional Reform and Governance Act 2010 (Parliamentary and other pensions), after paragraph 29 there is inserted—</Text><BlockAmendment TargetClass=""unknown"" TargetSubClass=""unknown"" Context=""schedule"" Format=""default""><P1group><Title><Emphasis>Pension age</Emphasis></Title><P1><Pnumber PuncAf"
WS-05,ukpga/2010/25,,act-level,text,primary,ukpga/2013/29,http://www.legislation.gov.uk/id/ukpga/2013/29,schedule-46-paragraph-146,true,http://www.legislation.gov.uk/id/ukpga/2010/25,"NumberOfProvisions=""1"" id=""schedule-46-part-4-crossheading-constitutional-reform-and-governance-act-2010"" RestrictStartDate=""2013-07-17""> Constitutional Reform and Governance Act 2010","ce-act-2010"" IdURI=""http://www.legislation.gov.uk/id/ukpga/2013/29/schedule/46/part/4/crossheading/constitutional-reform-and-governance-act-2010"" NumberOfProvisions=""1"" id=""schedule-46-part-4-crossheading-constitutional-reform-and-governance-act-2010"" RestrictStartDate=""2013-07-17""><Title><Emphasis>Constitutional Reform and Governance Act 2010</Emphasis></Title><P1 DocumentURI=""http://www.legislation.gov.uk/ukpga/2013/29/schedule/46/paragraph/147"" IdURI=""http://www.legislation.gov.uk/id/ukpga/2013/29/schedule/46/paragraph/147"" RestrictStartDate=""2013-07-17"" id=""schedule-46-paragraph-147""><Pnum"
WS-05,ukpga/2010/25,section-41,other-provision,text,primary,ukpga/2013/29,http://www.legislation.gov.uk/id/ukpga/2013/29,schedule-46-paragraph-147,true,http://www.legislation.gov.uk/id/ukpga/2010/25,"RestrictStartDate=""2013-07-17"" id=""schedule-46-paragraph-147"">1471In section 41 of the Constitutional Reform and Governance Act 2010","mber PuncAfter="""">147</Pnumber><P1para><P2 DocumentURI=""http://www.legislation.gov.uk/ukpga/2013/29/schedule/46/paragraph/147/1"" IdURI=""http://www.legislation.gov.uk/id/ukpga/2013/29/schedule/46/paragraph/147/1"" id=""schedule-46-paragraph-147-1""><Pnumber>1</Pnumber><P2para><Text>In section 41 of the Constitutional Reform and Governance Act 2010 (tax status of MPs and members of the House of Lords), in subsection (2), omit  “, ordinarily resident”.</Text></P2para></P2><P2 DocumentURI=""http://www.legislation.gov.uk/ukpga/2013/29/schedule/46/paragraph/147/2"" IdURI=""http://www.legislation.gov.uk/id"
WS-05,ukpga/2010/25,section-15-1,part-1,text,primary,ukpga/2014/4,http://www.legislation.gov.uk/id/ukpga/2014/4,section-2,true,http://www.legislation.gov.uk/id/ukpga/2010/25,in paragraph (a));“special adviser” means a person who serves the government in a position in the civil service of the State and whose appointment to that position meets the requirements applicable to that position set out in section 15(1) of the Constitutional Reform and Governance Act 2010,"/ListItem><ListItem><Para><Text>“<Term id=""term-special-adviser"">special adviser</Term>” means a person who serves the government in a position in the civil service of the State and whose appointment to that position meets the requirements applicable to that position set out in section 15(1) of the Constitutional Reform and Governance Act 2010.</Text></Para></ListItem></UnorderedList></P2para></P2></P1para></P1></P1group></Pblock><Pblock DocumentURI=""http://www.legislation.gov.uk/ukpga/2014/4/part/1/crossheading/keeping-the-register"" IdURI=""http://www.legislation.gov.uk/id/ukpga/2014/4/part/1/"
WS-05,ukpga/2010/25,schedule-6-paragraph-16,other-provision,text,primary,ukpga/2015/8,http://www.legislation.gov.uk/id/ukpga/2015/8,section-69,true,http://www.legislation.gov.uk/id/ukpga/2010/25,"and Governance Act 2010 (or treated as so established), the Independent Parliamentary Standards Authority and the trustees of the Parliamentary Contributory Pension Fund;in relation to a scheme established by virtue of paragraph 16 of Schedule 6 to the Constitutional Reform and Governance Act 2010","2010 (or treated as so established), the Independent Parliamentary Standards Authority and the trustees of the Parliamentary Contributory Pension Fund;</Text></Para></ListItem><ListItem NumberOverride=""b""><Para><Text>in relation to a scheme established by virtue of paragraph 16 of Schedule 6 to the Constitutional Reform and Governance Act 2010 (or treated as so established), the trustees of the Parliamentary Contributory Pension Fund;</Text></Para></ListItem><ListItem NumberOverride=""c""><Para><Text>in any other case, either of the following—</Text></Para><OrderedList Type=""roman"" Decoration=""p"
WS-05,ukpga/2010/25,schedule-6-paragraph-12,other-provision,text,primary,ukpga/2015/8,http://www.legislation.gov.uk/id/ukpga/2015/8,section-69,true,http://www.legislation.gov.uk/id/ukpga/2010/25,a local authority;“the relevant person” means—in relation to a scheme established by virtue of paragraph 12 of Schedule 6 to the Constitutional Reform and Governance Act 2010,"ty;</Text></Para></ListItem></OrderedList></ListItem><ListItem><Para><Text>“<Term>the relevant person</Term>” means—</Text></Para><OrderedList Type=""alpha"" Decoration=""parens""><ListItem NumberOverride=""a""><Para><Text>in relation to a scheme established by virtue of paragraph 12 of Schedule 6 to the Constitutional Reform and Governance Act 2010 (or treated as so established), the Independent Parliamentary Standards Authority and the trustees of the Parliamentary Contributory Pension Fund;</Text></Para></ListItem><ListItem NumberOverride=""b""><Para><Text>in relation to a scheme established by vir"
WS-05,ukpga/2010/25,part-2,other-provision,text,primary,ukpga/2018/12,http://www.legislation.gov.uk/id/ukpga/2018/12,section-9A,true,http://www.legislation.gov.uk/id/ukpga/2010/25,"CommentaryRef=""key-REDACTED-CLML-COMMENTARY-HANDLE"">” and “ratified” have the same meaning as in Part 2 of the Constitutional Reform and Governance Act 2010","key-REDACTED-CLML-COMMENTARY-HANDLE-1750944447258"" CommentaryRef=""key-REDACTED-CLML-COMMENTARY-HANDLE"">ratified</Addition></Term><Addition ChangeId=""key-REDACTED-CLML-COMMENTARY-HANDLE-1750944447258"" CommentaryRef=""key-REDACTED-CLML-COMMENTARY-HANDLE"">” have the same meaning as in Part 2 of the Constitutional Reform and Governance Act 2010 (see section 25 of that Act).</Addition></Text></P2para></P2></P1para></P1></P1group></Pblock><Pblock DocumentURI=""http://www.legislation.gov.uk/ukpga/2018/12/part/2/chapter/2/crossheading/special-categories-of-personal-data"" IdURI=""http://www.legislatio"
WS-05,ukpga/2010/25,part-2,other-provision,text,primary,ukpga/2018/16,http://www.legislation.gov.uk/id/ukpga/2018/16,section-20,true,http://www.legislation.gov.uk/id/ukpga/2010/25,"means a public authority within the meaning of section 6 of the Human Rights Act 1998; “ratify”, whether in relation to the withdrawal agreement or otherwise, has the same meaning as it does for the purposes of Part 2 of the Constitutional Reform and Governance Act 2010","ra></ListItem><ListItem><Para><Text> <Addition ChangeId=""key-REDACTED-CLML-COMMENTARY-HANDLE-1579860637275"" CommentaryRef=""key-REDACTED-CLML-COMMENTARY-HANDLE"">“ratify”, whether in relation to the withdrawal agreement or otherwise, has the same meaning as it does for the purposes of Part 2 of the Constitutional Reform and Governance Act 2010 in relation to a treaty (see section 25 of that Act);</Addition> </Text></Para></ListItem><ListItem><Para><Text>“<Term id=""term-relevant-criminal-offence"">relevant criminal offence</Term>” means an offence for which an individual who has reached the age "
WS-05,ukpga/2010/25,section-20-1,other-provision,text,primary,ukpga/2019/5,http://www.legislation.gov.uk/id/ukpga/2019/5,section-1,true,http://www.legislation.gov.uk/id/ukpga/2010/25,"id=""section-1-6"" RestrictStartDate=""2019-10-09"">6For the purposes of subsection (5) a treaty is a relevant treaty if a Minister of the Crown has laid before Parliament a copy of the treaty under section 20(1) (a) of the Constitutional Reform and Governance Act 2010","id=""section-1-6"" RestrictStartDate=""2019-10-09""><Pnumber><CommentaryRef Ref=""key-REDACTED-CLML-COMMENTARY-HANDLE""/>6</Pnumber><P2para><Text>For the purposes of subsection (5) a treaty is a relevant treaty if a Minister of the Crown has laid before Parliament a copy of the treaty under section 20(1)(a) of the Constitutional Reform and Governance Act 2010.</Text></P2para><P2para><Text>(“<Term id=""term-treaty"">Treaty</Term>” and  “<Term id=""term-minister-of-the-crown"">Minister of the Crown</Term>” have the same meaning for the purposes of this section as they have for the purposes of Part 2 of t"
WS-05,ukpga/2010/25,part-2,other-provision,text,primary,ukpga/2020/1,http://www.legislation.gov.uk/id/ukpga/2020/1,schedule-5-paragraph-44,true,http://www.legislation.gov.uk/id/ukpga/2010/25,"id=""schedule-5-paragraph-44-2-e"">eafter the definition of “public authority” insert—“ratify”, whether in relation to the withdrawal agreement or otherwise, has the same meaning as it does for the purposes of Part 2 of the Constitutional Reform and Governance Act 2010","e definition of  “public authority” insert—</Text><BlockAmendment TargetClass=""unknown"" TargetSubClass=""unknown"" Context=""unknown"" Format=""default""><P2para><Text>“ratify”, whether in relation to the withdrawal agreement or otherwise, has the same meaning as it does for the purposes of Part 2 of the Constitutional Reform and Governance Act 2010 in relation to a treaty (see section 25 of that Act);</Text></P2para></BlockAmendment><AppendText>,</AppendText></P3para></P3><P3 DocumentURI=""http://www.legislation.gov.uk/ukpga/2020/1/schedule/5/paragraph/44/2/f"" IdURI=""http://www.legislation.gov.uk/id"
WS-05,ukpga/2010/25,,act-level,text,primary,ukpga/2020/1,http://www.legislation.gov.uk/id/ukpga/2020/1,section-32,true,http://www.legislation.gov.uk/id/ukpga/2010/25,to the ratification of the withdrawal agreement.Requirements in Part 2 of CRAGA32Section 20 of the Constitutional Reform and Governance Act 2010,"oup RestrictStartDate=""2020-01-23""><Title>Requirements in Part 2 of CRAGA</Title><P1 DocumentURI=""http://www.legislation.gov.uk/ukpga/2020/1/section/32"" IdURI=""http://www.legislation.gov.uk/id/ukpga/2020/1/section/32"" id=""section-32""><Pnumber PuncAfter="""">32</Pnumber><P1para><Text>Section 20 of the Constitutional Reform and Governance Act 2010 (treaties to be laid before Parliament before ratification) does not apply in relation to the withdrawal agreement (but this does not affect whether that section applies in relation to any modification of the agreement).</Text></P1para></P1></P1group></P"
WS-05,ukpga/2010/25,section-25-3,other-provision,text,primary,ukpga/2020/1,http://www.legislation.gov.uk/id/ukpga/2020/1,section-38A,true,http://www.legislation.gov.uk/id/ukpga/2010/25,"CommentaryRef=""key-REDACTED-CLML-COMMENTARY-HANDLE"">“ratify” has the meaning given in s 25(3) of the Constitutional Reform and Governance Act 2010","Id=""key-REDACTED-CLML-COMMENTARY-HANDLE-1708596920767"" CommentaryRef=""key-REDACTED-CLML-COMMENTARY-HANDLE"">ratify</Addition></Term><Addition ChangeId=""key-REDACTED-CLML-COMMENTARY-HANDLE-1708596920767"" CommentaryRef=""key-REDACTED-CLML-COMMENTARY-HANDLE"">” has the meaning given in s 25(3) of the Constitutional Reform and Governance Act 2010</Addition><Addition ChangeId=""key-REDACTED-CLML-COMMENTARY-HANDLE-1708596920767"" CommentaryRef=""key-REDACTED-CLML-COMMENTARY-HANDLE"">;</Addition></Text></Para></ListItem><ListItem><Para><Text><Addition ChangeId=""key-REDACTED-CLML-COMMENTARY-HANDLE-170"
WS-05,ukpga/2010/25,part-2,other-provision,text,primary,ukpga/2020/21,http://www.legislation.gov.uk/id/ukpga/2020/21,section-42,true,http://www.legislation.gov.uk/id/ukpga/2010/25,free trade agreement that includes measures applicable to trade in agricultural products may not be laid before Parliament under Part 2 of the Constitutional Reform and Governance Act 2010,"gov.uk/ukpga/2020/21/section/42/1"" IdURI=""http://www.legislation.gov.uk/id/ukpga/2020/21/section/42/1"" id=""section-42-1""><Pnumber>1</Pnumber><P2para><Text>A free trade agreement that includes measures applicable to trade in agricultural products may not be laid before Parliament under Part 2 of the Constitutional Reform and Governance Act 2010 unless the Secretary of State has first laid a report complying with subsection (2) before Parliament.</Text></P2para></P2><P2 DocumentURI=""http://www.legislation.gov.uk/ukpga/2020/21/section/42/2"" IdURI=""http://www.legislation.gov.uk/id/ukpga/2020/21/se"
WS-05,ukpga/2010/25,,act-level,text,primary,ukpga/2020/29,http://www.legislation.gov.uk/id/ukpga/2020/29,section-36,true,http://www.legislation.gov.uk/id/ukpga/2010/25,"RestrictStartDate=""2020-12-31"">Parliamentary scrutinyRequirements in Part 2 of CRAGA36Section 20 of the Constitutional Reform and Governance Act 2010","p RestrictStartDate=""2020-12-31""><Title>Requirements in Part 2 of CRAGA</Title><P1 DocumentURI=""http://www.legislation.gov.uk/ukpga/2020/29/section/36"" IdURI=""http://www.legislation.gov.uk/id/ukpga/2020/29/section/36"" id=""section-36""><Pnumber PuncAfter="""">36</Pnumber><P1para><Text>Section 20 of the Constitutional Reform and Governance Act 2010 (treaties to be laid before Parliament before ratification) does not apply in relation to the Trade and Cooperation Agreement, the Nuclear Cooperation Agreement or the Security of Classified Information Agreement (but this does not affect whether that se"
WS-05,ukpga/2010/25,section-20,other-provision,text,primary,ukpga/2020/29,http://www.legislation.gov.uk/id/ukpga/2020/29,section-37,true,http://www.legislation.gov.uk/id/ukpga/2010/25,"Trade and Cooperation Agreement,the Nuclear Cooperation Agreement,the Security of Classified Information Agreement, orany of the following so far as it is not a treaty to which section 20 of the Constitutional Reform and Governance Act 2010","Text>the Nuclear Cooperation Agreement,</Text></Para></ListItem><ListItem NumberOverride=""c""><Para><Text>the Security of Classified Information Agreement, or</Text></Para></ListItem><ListItem NumberOverride=""d""><Para><Text>any of the following so far as it is not a treaty to which section 20 of the Constitutional Reform and Governance Act 2010 applies (ignoring section 22 of that Act) (treaties to be laid before Parliament before ratification)—</Text></Para><OrderedList Type=""roman"" Decoration=""parens""><ListItem NumberOverride=""i""><Para><Text>a supplementing agreement, or</Text></Para></ListIt"
WS-05,ukpga/2010/25,part-2,other-provision,text,primary,ukpga/2020/29,http://www.legislation.gov.uk/id/ukpga/2020/29,section-37,true,http://www.legislation.gov.uk/id/ukpga/2010/25,"Britain and Northern Ireland, of the other part (as that agreement is modified or supplemented from time to time in accordance with any provision of it or of any other future relationship agreement);“treaty” has the same meaning as in Part 2 of the Constitutional Reform and Governance Act 2010","nd, of the other part (as that agreement is modified or supplemented from time to time in accordance with any provision of it or of any other future relationship agreement);</Text></Para></ListItem><ListItem><Para><Text>“<Term id=""term-treaty"">treaty</Term>” has the same meaning as in Part 2 of the Constitutional Reform and Governance Act 2010 (see section 25 of that Act);</Text></Para></ListItem><ListItem><Para><Text>“<Term id=""term-tribunal"">tribunal</Term>” means any tribunal in which legal proceedings may be brought.</Text></Para></ListItem></UnorderedList></P2para></P2><P2 DocumentURI=""ht"
WS-05,ukpga/2010/25,part-1,part-1,text,primary,ukpga/2021/12,http://www.legislation.gov.uk/id/ukpga/2021/12,schedule-8-paragraph-12,true,http://www.legislation.gov.uk/id/ukpga/2010/25,"subsection (2), after paragraph (fa) insert—fbin the case of an England and Wales prison authorisation, by a person—iwho is a member of the civil service (within the meaning of Chapter 1 of Part 1 of the Constitutional Reform and Governance Act 2010",""" TargetSubClass=""unknown"" Context=""main"" Format=""default""><P3><Pnumber>fb</Pnumber><P3para><Text>in the case of an England and Wales prison authorisation, by a person—</Text><P4><Pnumber>i</Pnumber><P4para><Text>who is a member of the civil service (within the meaning of Chapter 1 of Part 1 of the Constitutional Reform and Governance Act 2010 — see section 1(4) of that Act),</Text></P4para></P4><P4><Pnumber>ii</Pnumber><P4para><Text>whose duties are exercisable in relation to the relevant England and Wales institution, and</Text></P4para></P4><P4><Pnumber>iii</Pnumber><P4para><Text>who is des"
WS-05,ukpga/2010/25,schedule-6-paragraph-16-2-b,other-provision,text,primary,ukpga/2021/5,http://www.legislation.gov.uk/id/ukpga/2021/5,section-6,true,http://www.legislation.gov.uk/id/ukpga/2010/25,4(1) of this Act as if they were the holder of the opposition office in respect of which the appointment was made.2The reference in paragraph 16(2)(b) of Schedule 6 to the Constitutional Reform and Governance Act 2010,"ointment was made.</Text></P3para></P3></P2para></P2><P2 DocumentURI=""http://www.legislation.gov.uk/ukpga/2021/5/section/6/2"" IdURI=""http://www.legislation.gov.uk/id/ukpga/2021/5/section/6/2"" id=""section-6-2""><Pnumber>2</Pnumber><P2para><Text>The reference in paragraph 16(2)(b) of Schedule 6 to the Constitutional Reform and Governance Act 2010 to service as the holder of an office specified in Part 1 of Schedule 2 to the Ministerial and other Salaries Act 1975 (Opposition leaders and whips) includes a reference to service as a person appointed under section 4(1).</Text></P2para></P2></P1para><"
WS-05,ukpga/2010/25,,act-level,text,primary,ukpga/2022/37,http://www.legislation.gov.uk/id/ukpga/2022/37,schedule-7-paragraph-7,true,http://www.legislation.gov.uk/id/ukpga/2010/25,"section 835B of the Income Tax Act 2007 (domicile for income tax purposes of overseas electors), in subsection (3)(a), for “section 1(1)(a)” substitute “section 1(2)(a)”. Constitutional Reform and Governance Act 2010","B of the Income Tax Act 2007 (domicile for income tax purposes of overseas electors), in subsection (3)(a), for “section 1(1)(a)” substitute <InlineAmendment>“section 1(2)(a)”</InlineAmendment>.</Text></P1para></P1></P1group><P1group RestrictExtent=""E+W+S+N.I."" RestrictStartDate=""2024-01-16""><Title>Constitutional Reform and Governance Act 2010</Title><P1 DocumentURI=""http://www.legislation.gov.uk/ukpga/2022/37/schedule/7/paragraph/8"" IdURI=""http://www.legislation.gov.uk/id/ukpga/2022/37/schedule/7/paragraph/8"" id=""schedule-7-paragraph-8""><Pnumber><CommentaryRef Ref=""key-5999eb35d3afdc74404edf5"
WS-05,ukpga/2010/25,section-42,other-provision,text,primary,ukpga/2022/37,http://www.legislation.gov.uk/id/ukpga/2022/37,schedule-7-paragraph-8,true,http://www.legislation.gov.uk/id/ukpga/2010/25,and Governance Act 20108In section 42 of the Constitutional Reform and Governance Act 2010,"edule/7/paragraph/8"" IdURI=""http://www.legislation.gov.uk/id/ukpga/2022/37/schedule/7/paragraph/8"" id=""schedule-7-paragraph-8""><Pnumber><CommentaryRef Ref=""key-REDACTED-CLML-COMMENTARY-HANDLE""/><CommentaryRef Ref=""key-REDACTED-CLML-COMMENTARY-HANDLE""/>8</Pnumber><P1para><Text>In section 42 of the Constitutional Reform and Governance Act 2010 (tax status of members of the House of Lords: transitional provision), omit subsection (7).</Text></P1para></P1></P1group><P1group RestrictExtent=""E+W+S+N.I."" RestrictStartDate=""2024-01-16""><Title>Police Reform and Social Responsibility Act 2011</Title><"
WS-05,ukpga/2010/25,part-2,other-provision,text,primary,ukpga/2022/37,http://www.legislation.gov.uk/id/ukpga/2022/37,schedule-8-paragraph-1,true,http://www.legislation.gov.uk/id/ukpga/2010/25,with section 25(3) of the Constitutional Reform and Governance Act 2010;“relevant treaty” means a treaty containing provision relating to eligibility to vote and to stand as a candidate at elections;“treaty” has the same meaning as in Part 2 of the Constitutional Reform and Governance Act 2010,"10;</Text></Para></ListItem><ListItem><Para><Text>“<Term>relevant treaty</Term>” means a treaty containing provision relating to eligibility to vote and to stand as a candidate at elections;</Text></Para></ListItem><ListItem><Para><Text>“<Term>treaty</Term>” has the same meaning as in Part 2 of the Constitutional Reform and Governance Act 2010 (see section 25 of that Act).</Text></Para></ListItem></UnorderedList></P2para></P2></P1para></P1></P1group><P1group id=""p00393""><Title>Meaning of “EU citizen with retained rights”</Title><P1><Pnumber>203B</Pnumber><P1para><P2><Pnumber>1</Pnumber><P2para"
WS-05,ukpga/2010/25,,act-level,text,primary,ukpga/2022/37,http://www.legislation.gov.uk/id/ukpga/2022/37,schedule-8-paragraph-1,true,http://www.legislation.gov.uk/id/ukpga/2010/25,"add a country to the list in Schedule 6A where—athe country is a qualifying country,bthe United Kingdom and the country intend to become parties to a relevant treaty, andcsection 20 of the Constitutional Reform and Governance Act 2010","Text><P3><Pnumber>a</Pnumber><P3para><Text>the country is a qualifying country,</Text></P3para></P3><P3><Pnumber>b</Pnumber><P3para><Text>the United Kingdom and the country intend to become parties to a relevant treaty, and</Text></P3para></P3><P3><Pnumber>c</Pnumber><P3para><Text>section 20 of the Constitutional Reform and Governance Act 2010 (treaties to be laid before Parliament before ratification) applies in relation to the relevant treaty and the requirements of that section have been met such that the relevant treaty may be ratified.</Text></P3para></P3></P2para></P2><P2 id=""p00392""><Pn"
WS-05,ukpga/2010/25,section-25-3,other-provision,text,primary,ukpga/2022/37,http://www.legislation.gov.uk/id/ukpga/2022/37,schedule-8-paragraph-1,true,http://www.legislation.gov.uk/id/ukpga/2010/25,"of two or more former countries, both or all of which were member States immediately before IP completion day, other than the Republic of Ireland;“ratification”, in relation to a treaty, is to be construed in accordance with section 25(3) of the Constitutional Reform and Governance Act 2010","or all of which were member States immediately before IP completion day, other than the Republic of Ireland;</Text></Para></ListItem></OrderedList></Para></ListItem><ListItem><Para><Text>“<Term>ratification</Term>”, in relation to a treaty, is to be construed in accordance with section 25(3) of the Constitutional Reform and Governance Act 2010;</Text></Para></ListItem><ListItem><Para><Text>“<Term>relevant treaty</Term>” means a treaty containing provision relating to eligibility to vote and to stand as a candidate at elections;</Text></Para></ListItem><ListItem><Para><Text>“<Term>treaty</Term>"
WS-05,ukpga/2010/25,section-15-1,part-1,text,primary,ukpga/2023/32,http://www.legislation.gov.uk/id/ukpga/2023/32,schedule-14-paragraph-16,true,http://www.legislation.gov.uk/id/ukpga/2010/25,"id=""schedule-14-paragraph-16-2""> 2 A person who serves the government in a position in the civil service of the State and whose appointment to that position meets the requirements applicable to that position set out in section 15(1) of the Constitutional Reform and Governance Act 2010","  <Pnumber>2</Pnumber>
                           <P2para>
                              <Text>A person who serves the government in a position in the civil service of the State and whose appointment to that position meets the requirements applicable to that position set out in section 15(1) of the Constitutional Reform and Governance Act 2010 (special advisers).</Text>
                           </P2para>
                        </P2>
                        <P2 DocumentURI=""http://www.legislation.gov.uk/ukpga/2023/32/schedule/14/paragraph/16/3"" IdURI=""http://www.legislation.gov.uk/id/ukpga/2"
WS-05,ukpga/2010/25,schedule-6-paragraph-12-1,other-provision,text,primary,ukpga/2024/3,http://www.legislation.gov.uk/id/ukpga/2024/3,section-15,true,http://www.legislation.gov.uk/id/ukpga/2010/25,"tax under section 214 of FA 2004, as it had effect before its repeal by this Act; “modify” includes disapply or supplement; “an MPs’ pension scheme” means a pension scheme made under paragraph 12(1) of Schedule 6 to the Constitutional Reform and Governance Act 2010","</ListItem>
<ListItem>
<Para>
<Text>“<Term id=""term-modify"">modify</Term>” includes disapply or supplement;</Text>
</Para>
</ListItem>
<ListItem>
<Para>
<Text>“<Term id=""term-an-mps-pension-scheme"">an MPs’ pension scheme</Term>” means a pension scheme made under paragraph 12(1) of Schedule 6 to the Constitutional Reform and Governance Act 2010;</Text>
</Para>
</ListItem>
<ListItem>
<Para>
<Text>“<Term id=""term-remediable-service"">remediable service</Term>” means service that is pensionable service under a relevant pension scheme and—</Text>
<OrderedList Type=""alpha"" Decoration=""parens"">
<ListI"
WS-05,ukpga/2010/25,part-2,other-provision,text,primary,ukpga/2025/18,http://www.legislation.gov.uk/id/ukpga/2025/18,p08160,true,http://www.legislation.gov.uk/id/ukpga/2010/25,"a condition relating entirely or partly to a treaty ratified by the United Kingdom.5Regulations under this section are subject to the affirmative resolution procedure.6In this section, “treaty” and “ratified” have the same meaning as in Part 2 of the Constitutional Reform and Governance Act 2010","2para></P2><P2><Pnumber>5</Pnumber><P2para><Text>Regulations under this section are subject to the affirmative resolution procedure.</Text></P2para></P2><P2><Pnumber>6</Pnumber><P2para><Text>In this section, “<Term>treaty</Term>” and “<Term>ratified</Term>” have the same meaning as in Part 2 of the Constitutional Reform and Governance Act 2010 (see section 25 of that Act).</Text></P2para></P2></P1para></P1></P1group></Pblock></BlockAmendment></P2para></P2><P2 DocumentURI=""http://www.legislation.gov.uk/ukpga/2025/18/section/72/8"" IdURI=""http://www.legislation.gov.uk/id/ukpga/2025/18/section/72/"
WS-05,ukpga/2010/25,section-41,other-provision,text,primary,ukpga/2025/8,http://www.legislation.gov.uk/id/ukpga/2025/8,p03131,true,http://www.legislation.gov.uk/id/ukpga/2010/25,"(a) or (b) would have applied in relation to the individual had this section had effect for that tax year. 4 An individual is disqualified for a tax year if the individual would, for the purposes of section 41 of the Constitutional Reform and Governance Act 2010","would have applied in relation to the individual had this section had effect for that tax year.</Text>
</P4para>
</P4>
</P3para>
</P3>
</P2para>
</P2>
<P2>
<Pnumber>4</Pnumber>
<P2para>
<Text>An individual is disqualified for a tax year if the individual would, for the purposes of section 41 of the Constitutional Reform and Governance Act 2010, be regarded as—</Text>
<P3>
<Pnumber>a</Pnumber>
<P3para>
<Text>a member of the House of Commons for any part of that tax year, or</Text>
</P3para>
</P3>
<P3>
<Pnumber>b</Pnumber>
<P3para>
<Text>a member of the House of Lords for any part of that tax ye"
WS-05,ukpga/2010/25,,act-level,text,primary,ukpga/2025/8,http://www.legislation.gov.uk/id/ukpga/2025/8,schedule-13-paragraph-35,true,http://www.legislation.gov.uk/id/ukpga/2010/25,"4 In this paragraph, “long-term UK resident” has the same meaning as in IHTA 1984. Constitutional Reform and Governance Act 2010","wn"">
<P2>
<Pnumber>4</Pnumber>
<P2para>
<Text>In this paragraph, “<Term>long-term UK resident</Term>” has the same meaning as in IHTA 1984.</Text>
</P2para>
</P2>
</BlockAmendment>
</P2para>
</P2>
</P1para>
</P1>
</P1group>
<P1group RestrictStartDate=""2025-03-20"" RestrictExtent=""E+W+S+N.I."">
<Title>Constitutional Reform and Governance Act 2010</Title>
<P1 DocumentURI=""http://www.legislation.gov.uk/ukpga/2025/8/schedule/13/paragraph/36"" IdURI=""http://www.legislation.gov.uk/id/ukpga/2025/8/schedule/13/paragraph/36"" id=""schedule-13-paragraph-36"">
<Pnumber>36</Pnumber>
<P1para>
<Text>In section 41"
WS-05,ukpga/2010/25,section-41,other-provision,text,primary,ukpga/2025/8,http://www.legislation.gov.uk/id/ukpga/2025/8,schedule-13-paragraph-36,true,http://www.legislation.gov.uk/id/ukpga/2010/25,Constitutional Reform and Governance Act 2010 36 In section 41 of the Constitutional Reform and Governance Act 2010,"tional Reform and Governance Act 2010</Title>
<P1 DocumentURI=""http://www.legislation.gov.uk/ukpga/2025/8/schedule/13/paragraph/36"" IdURI=""http://www.legislation.gov.uk/id/ukpga/2025/8/schedule/13/paragraph/36"" id=""schedule-13-paragraph-36"">
<Pnumber>36</Pnumber>
<P1para>
<Text>In section 41 of the Constitutional Reform and Governance Act 2010 (tax status of MPs and members of the House of Lords), for subsections (2) and (3) substitute—</Text>
<BlockAmendment Context=""main"" Format=""double"" TargetClass=""primary"" TargetSubClass=""unknown"">
<P2>
<Pnumber>2</Pnumber>
<P2para>
<Text>The person is to"
WS-05,ukpga/2010/25,,act-level,text,primary,ukpga/2026/12,http://www.legislation.gov.uk/id/ukpga/2026/12,section-4,true,http://www.legislation.gov.uk/id/ukpga/2010/25,b omit paragraph 1 of Schedule 1 (amendment of Peerage Act 1963). 3 In the Constitutional Reform and Governance Act 2010,"aragraph 1 of Schedule 1 (amendment of Peerage Act 1963).</Text>
</P3para>
</P3>
</P2para>
</P2>
<P2 DocumentURI=""http://www.legislation.gov.uk/ukpga/2026/12/section/4/3/enacted"" IdURI=""http://www.legislation.gov.uk/id/ukpga/2026/12/section/4/3"" id=""section-4-3"">
<Pnumber>3</Pnumber>
<P2para>
<Text>In the <Citation URI=""https://www.legislation.gov.uk/ukpga/2010/25/contents"" id=""c00010"" Class=""UnitedKingdomPublicGeneralAct"" Year=""2010"" Number=""25"" SectionRef=""contents"">Constitutional Reform and Governance Act 2010</Citation>, in <Citation URI=""https://www.legislation.gov.uk/ukpga/2010/25/sectio"
WS-05,ukpga/2010/25,section-42,other-provision,markup,primary,ukpga/2026/12,http://www.legislation.gov.uk/id/ukpga/2026/12,section-4,true,https://www.legislation.gov.uk/ukpga/2010/25/section/42,"id=""c00012"" Class=""UnitedKingdomPublicGeneralAct"" Year=""2010"" Number=""25"" SectionRef=""section-42"">subsection (5), omit “If M is not such a person,”; c in subsection (8)","2"">subsection (5)</Citation>, omit “If M is not such a person,”;</Text>
</P3para>
</P3>
<P3 DocumentURI=""http://www.legislation.gov.uk/ukpga/2026/12/section/4/3/c/enacted"" IdURI=""http://www.legislation.gov.uk/id/ukpga/2026/12/section/4/3/c"" id=""section-4-3-c"">
<Pnumber>c</Pnumber>
<P3para>
<Text>in <Citation URI=""https://www.legislation.gov.uk/ukpga/2010/25/section/42"" id=""c00013"" Class=""UnitedKingdomPublicGeneralAct"" Year=""2010"" Number=""25"" SectionRef=""section-42"">subsection (8)</Citation>—</Text>
<P4 DocumentURI=""http://www.legislation.gov.uk/ukpga/2026/12/section/4/3/c/i/enacted"" IdURI=""htt"
WS-05,ukpga/2010/25,contents,other-provision,markup,primary,ukpga/2026/12,http://www.legislation.gov.uk/id/ukpga/2026/12,section-4,true,https://www.legislation.gov.uk/ukpga/2010/25/contents,"id=""section-4-2-b""> b omit paragraph 1 of Schedule 1 (amendment of Peerage Act 1963). 3 In the Constitutional Reform and Governance Act 2010","h 1 of Schedule 1 (amendment of Peerage Act 1963).</Text>
</P3para>
</P3>
</P2para>
</P2>
<P2 DocumentURI=""http://www.legislation.gov.uk/ukpga/2026/12/section/4/3/enacted"" IdURI=""http://www.legislation.gov.uk/id/ukpga/2026/12/section/4/3"" id=""section-4-3"">
<Pnumber>3</Pnumber>
<P2para>
<Text>In the <Citation URI=""https://www.legislation.gov.uk/ukpga/2010/25/contents"" id=""c00010"" Class=""UnitedKingdomPublicGeneralAct"" Year=""2010"" Number=""25"" SectionRef=""contents"">Constitutional Reform and Governance Act 2010</Citation>, in <Citation URI=""https://www.legislation.gov.uk/ukpga/2010/25/section/42"" i"
WS-05,ukpga/2010/25,section-42,other-provision,markup,primary,ukpga/2026/12,http://www.legislation.gov.uk/id/ukpga/2026/12,section-4,true,https://www.legislation.gov.uk/ukpga/2010/25/section/42,"IdURI=""http://www.legislation.gov.uk/id/ukpga/2026/12/section/4/3"" id=""section-4-3""> 3 In the Constitutional Reform and Governance Act 2010, in section 42","ection/4/3"" id=""section-4-3"">
<Pnumber>3</Pnumber>
<P2para>
<Text>In the <Citation URI=""https://www.legislation.gov.uk/ukpga/2010/25/contents"" id=""c00010"" Class=""UnitedKingdomPublicGeneralAct"" Year=""2010"" Number=""25"" SectionRef=""contents"">Constitutional Reform and Governance Act 2010</Citation>, in <Citation URI=""https://www.legislation.gov.uk/ukpga/2010/25/section/42"" id=""c00011"" Class=""UnitedKingdomPublicGeneralAct"" Year=""2010"" Number=""25"" SectionRef=""section-42"">section 42</Citation> (tax status of members of House of Lords: transitional provision)—</Text>
<P3 DocumentURI=""http://www.legisl"
WS-05,ukpga/2010/25,section-42,other-provision,markup,primary,ukpga/2026/12,http://www.legislation.gov.uk/id/ukpga/2026/12,section-4,true,https://www.legislation.gov.uk/ukpga/2010/25/section/42,"IdURI=""http://www.legislation.gov.uk/id/ukpga/2026/12/section/4/3/a"" id=""section-4-3-a""> a omit subsections (3) and (4); b in subsection (5)","Pnumber>a</Pnumber>
<P3para>
<Text>omit subsections (3) and (4);</Text>
</P3para>
</P3>
<P3 DocumentURI=""http://www.legislation.gov.uk/ukpga/2026/12/section/4/3/b/enacted"" IdURI=""http://www.legislation.gov.uk/id/ukpga/2026/12/section/4/3/b"" id=""section-4-3-b"">
<Pnumber>b</Pnumber>
<P3para>
<Text>in <Citation URI=""https://www.legislation.gov.uk/ukpga/2010/25/section/42"" id=""c00012"" Class=""UnitedKingdomPublicGeneralAct"" Year=""2010"" Number=""25"" SectionRef=""section-42"">subsection (5)</Citation>, omit “If M is not such a person,”;</Text>
</P3para>
</P3>
<P3 DocumentURI=""http://www.legislation.gov.u"
WS-05,ukpga/2010/25,section-45,other-provision,text,primary,ukpga/Eliz2/6/7/51,http://www.legislation.gov.uk/id/ukpga/Eliz2/6/7/51,section-3,true,http://www.legislation.gov.uk/id/ukpga/2010/25,the end of the period of 10 years beginning with the commencement of section 45 of the Constitutional Reform and Governance Act 2010,"ryRef=""key-REDACTED-CLML-COMMENTARY-HANDLE"">4A</Addition></Pnumber><P2para><Text><Addition ChangeId=""key-REDACTED-CLML-COMMENTARY-HANDLE-1484348889916"" CommentaryRef=""key-REDACTED-CLML-COMMENTARY-HANDLE"">Until the end of the period of 10 years beginning with the commencement of section 45 of the Constitutional Reform and Governance Act 2010, subsection (4) has effect subject to any order made under subsection (2) of that section.</Addition></Text></P2para></P2><P2 DocumentURI=""http://www.legislation.gov.uk/ukpga/Eliz2/6-7/51/section/3/5"" IdURI=""http://www.legislation.gov.uk/id/ukpga/Eliz2/6"
